station_id,timestamp,temperature,humidity,wind_speed
ST_02,2024-01-01 01:00,,39.9,16.6
ST_03,2024-01-01 02:00,,80.7,25.2
ST_04,2024-01-01 03:00,,44.1,23.4
ST_05,2024-01-01 04:00,,75.7,17.6
ST_06,2024-01-01 05:00,,55.3,18.7
ST_07,2024-01-01 06:00,,34.0,19.2
ST_08,2024-01-01 07:00,,44.4,17.8
ST_09,2024-01-01 08:00,,54.5,6.9
ST_10,2024-01-01 09:00,,42.1,14.4
ST_11,2024-01-01 10:00,,89.5,4.2
ST_12,2024-01-01 11:00,,71.0,21.6
ST_13,2024-01-01 12:00,,64.0,9.2
ST_14,2024-01-01 13:00,,88.5,1.5
ST_15,2024-01-01 14:00,,45.7,29.7
ST_16,2024-01-01 15:00,,47.5,23.8
ST_17,2024-01-01 16:00,,77.9,16.3
ST_18,2024-01-01 17:00,,36.5,7.9
ST_19,2024-01-01 18:00,,52.7,21.0
ST_20,2024-01-01 19:00,,39.2,1.3
ST_01,2024-01-01 20:00,,65.8,7.4
ST_02,2024-01-01 21:00,,89.3,16.9
ST_03,2024-01-01 22:00,,66.6,11.9
ST_04,2024-01-01 23:00,,88.9,20.4
ST_05,2024-01-02 00:00,,72.6,23.7
ST_06,2024-01-02 01:00,,72.1,19.7
ST_07,2024-01-02 02:00,,76.8,19.5
ST_08,2024-01-02 03:00,,76.5,21.8
ST_09,2024-01-02 04:00,,79.9,15.7
ST_10,2024-01-02 05:00,,80.9,29.5
ST_11,2024-01-02 06:00,,39.3,4.2
ST_12,2024-01-02 07:00,,40.3,23.8
ST_13,2024-01-02 08:00,,52.5,8.1
ST_14,2024-01-02 09:00,,50.6,19.0
ST_15,2024-01-02 10:00,,52.8,27.2
ST_16,2024-01-02 11:00,,66.3,18.2
ST_17,2024-01-02 12:00,,36.0,14.3
ST_18,2024-01-02 13:00,,70.0,24.1
ST_19,2024-01-02 14:00,,73.9,10.4
ST_20,2024-01-02 15:00,,80.4,1.4
ST_01,2024-01-02 16:00,,77.7,16.3
ST_02,2024-01-02 17:00,,49.4,16.4
ST_03,2024-01-02 18:00,,45.3,22.4
ST_04,2024-01-02 19:00,,72.8,27.0
ST_05,2024-01-02 20:00,,40.4,29.0
ST_06,2024-01-02 21:00,,57.9,15.0
ST_07,2024-01-02 22:00,,36.1,2.9
ST_08,2024-01-02 23:00,,56.6,24.2
ST_09,2024-01-03 00:00,,50.9,28.2
ST_10,2024-01-03 01:00,,67.0,6.0
ST_11,2024-01-03 02:00,,69.0,10.8
ST_12,2024-01-03 03:00,,50.3,19.7
ST_13,2024-01-03 04:00,,35.5,29.0
ST_14,2024-01-03 05:00,,60.0,23.9
ST_15,2024-01-03 06:00,,78.2,6.7
ST_16,2024-01-03 07:00,,60.9,22.4
ST_17,2024-01-03 08:00,,81.8,12.7
ST_18,2024-01-03 09:00,,54.5,25.8
ST_19,2024-01-03 10:00,,77.8,23.7
ST_20,2024-01-03 11:00,,70.2,13.4
ST_01,2024-01-03 12:00,,71.6,15.3
ST_02,2024-01-03 13:00,,34.5,23.6
ST_03,2024-01-03 14:00,,63.2,4.6
ST_04,2024-01-03 15:00,,53.5,20.8
ST_05,2024-01-03 16:00,,80.0,12.3
ST_06,2024-01-03 17:00,,75.4,7.1
ST_07,2024-01-03 18:00,,51.4,4.6
ST_08,2024-01-03 19:00,,76.2,8.7
ST_09,2024-01-03 20:00,,60.4,20.7
ST_10,2024-01-03 21:00,,37.8,9.0
ST_11,2024-01-03 22:00,,58.0,20.9
ST_12,2024-01-03 23:00,,65.6,15.1
ST_13,2024-01-04 00:00,,30.4,18.4
ST_14,2024-01-04 01:00,,84.0,23.5
ST_15,2024-01-04 02:00,,85.2,9.2
ST_16,2024-01-04 03:00,,79.4,23.9
ST_17,2024-01-04 04:00,,63.7,25.7
ST_18,2024-01-04 05:00,,53.4,17.6
ST_19,2024-01-04 06:00,,65.6,4.8
ST_20,2024-01-04 07:00,,36.8,6.2
ST_01,2024-01-04 08:00,,67.8,9.2
ST_02,2024-01-04 09:00,,71.2,17.3
ST_03,2024-01-04 10:00,,63.4,16.3
ST_04,2024-01-04 11:00,,87.6,6.6
ST_05,2024-01-04 12:00,,37.2,24.6
ST_06,2024-01-04 13:00,,44.4,20.1
ST_07,2024-01-04 14:00,,61.8,28.2
ST_08,2024-01-04 15:00,,57.4,6.7
ST_09,2024-01-04 16:00,,36.7,22.8
ST_10,2024-01-04 17:00,,41.3,0.6
ST_11,2024-01-04 18:00,,49.6,20.5
ST_12,2024-01-04 19:00,,70.8,8.3
ST_13,2024-01-04 20:00,,32.3,25.7
ST_14,2024-01-04 21:00,,84.6,7.1
ST_15,2024-01-04 22:00,,56.3,20.3
ST_16,2024-01-04 23:00,,47.8,4.1
ST_17,2024-01-05 00:00,,80.3,9.0
ST_18,2024-01-05 01:00,,87.9,3.2
ST_19,2024-01-05 02:00,,62.7,28.3
ST_20,2024-01-05 03:00,,38.0,26.9
ST_01,2024-01-05 04:00,,80.8,14.8
ST_02,2024-01-05 05:00,,58.5,8.3
ST_03,2024-01-05 06:00,,52.4,6.6
ST_04,2024-01-05 07:00,,56.0,1.4
ST_05,2024-01-05 08:00,,52.8,13.9
ST_06,2024-01-05 09:00,,50.1,18.5
ST_07,2024-01-05 10:00,,85.7,2.7
ST_08,2024-01-05 11:00,,62.6,20.0
ST_09,2024-01-05 12:00,,55.8,4.2
ST_10,2024-01-05 13:00,,31.8,20.4
ST_11,2024-01-05 14:00,,59.5,18.9
ST_12,2024-01-05 15:00,,45.0,28.8
ST_13,2024-01-05 16:00,,43.0,11.8
ST_14,2024-01-05 17:00,,30.3,12.4
ST_15,2024-01-05 18:00,,41.3,18.3
ST_16,2024-01-05 19:00,,74.9,14.3
ST_17,2024-01-05 20:00,,87.4,27.3
ST_18,2024-01-05 21:00,,76.7,3.1
ST_19,2024-01-05 22:00,,68.1,9.4
ST_20,2024-01-05 23:00,,63.6,16.7
ST_01,2024-01-06 00:00,,58.0,16.8
ST_02,2024-01-06 01:00,,34.8,16.2
ST_03,2024-01-06 02:00,,47.7,0.7
ST_04,2024-01-06 03:00,,37.1,28.3
ST_05,2024-01-06 04:00,,38.2,13.7
ST_06,2024-01-06 05:00,,54.3,17.9
ST_07,2024-01-06 06:00,,79.6,17.6
ST_08,2024-01-06 07:00,,34.9,11.5
ST_09,2024-01-06 08:00,,33.4,1.4
ST_10,2024-01-06 09:00,,76.5,27.5
ST_11,2024-01-06 10:00,,69.0,29.2
ST_12,2024-01-06 11:00,,54.3,17.8
ST_13,2024-01-06 12:00,,39.8,12.3
ST_14,2024-01-06 13:00,,40.2,2.9
ST_15,2024-01-06 14:00,,80.4,19.2
ST_16,2024-01-06 15:00,,30.1,5.2
ST_17,2024-01-06 16:00,,33.1,1.5
ST_18,2024-01-06 17:00,,73.8,13.1
ST_19,2024-01-06 18:00,,45.6,7.3
ST_20,2024-01-06 19:00,,42.0,1.8
ST_01,2024-01-06 20:00,,32.7,10.3
ST_02,2024-01-06 21:00,,70.5,23.9
ST_03,2024-01-06 22:00,,67.9,1.8
ST_04,2024-01-06 23:00,,64.6,20.4
ST_05,2024-01-07 00:00,,86.6,7.6
ST_06,2024-01-07 01:00,,52.2,26.1
ST_07,2024-01-07 02:00,,63.3,21.2
ST_08,2024-01-07 03:00,,40.3,22.1
ST_09,2024-01-07 04:00,,38.5,18.3
ST_10,2024-01-07 05:00,,37.7,17.1
ST_11,2024-01-07 06:00,,52.9,15.6
ST_12,2024-01-07 07:00,,43.0,21.7
ST_13,2024-01-07 08:00,,53.1,9.7
ST_14,2024-01-07 09:00,,75.5,3.7
ST_15,2024-01-07 10:00,,50.3,12.8
ST_16,2024-01-07 11:00,,79.5,12.3
ST_17,2024-01-07 12:00,,85.5,11.9
ST_18,2024-01-07 13:00,,75.4,23.8
ST_19,2024-01-07 14:00,,74.2,29.6
ST_20,2024-01-07 15:00,,72.4,2.9
ST_01,2024-01-07 16:00,,49.8,0.4
ST_02,2024-01-07 17:00,,58.2,22.5
ST_03,2024-01-07 18:00,,62.2,8.5
ST_04,2024-01-07 19:00,,31.4,22.8
ST_05,2024-01-07 20:00,,59.4,13.8
ST_06,2024-01-07 21:00,,38.7,8.6
ST_07,2024-01-07 22:00,,76.6,12.6
ST_08,2024-01-07 23:00,,65.6,7.6
ST_09,2024-01-08 00:00,,85.3,20.5
ST_10,2024-01-08 01:00,,38.4,3.2
ST_11,2024-01-08 02:00,,66.8,27.3
ST_12,2024-01-08 03:00,,75.5,16.8
ST_13,2024-01-08 04:00,,32.0,7.0
ST_14,2024-01-08 05:00,,73.7,3.9
ST_15,2024-01-08 06:00,,86.7,25.4
ST_16,2024-01-08 07:00,,37.0,18.8
ST_17,2024-01-08 08:00,,45.3,21.2
ST_18,2024-01-08 09:00,,54.2,3.7
ST_19,2024-01-08 10:00,,66.3,25.2
ST_20,2024-01-08 11:00,,70.9,4.6
ST_01,2024-01-08 12:00,,76.7,14.4
ST_02,2024-01-08 13:00,,67.0,3.6
ST_03,2024-01-08 14:00,,33.3,2.3
ST_04,2024-01-08 15:00,,48.3,29.0
ST_05,2024-01-08 16:00,,40.3,12.2
ST_06,2024-01-08 17:00,,35.7,26.8
ST_07,2024-01-08 18:00,,44.2,5.4
ST_08,2024-01-08 19:00,,52.7,27.8
ST_09,2024-01-08 20:00,,44.7,21.3
ST_10,2024-01-08 21:00,,47.2,27.5
ST_11,2024-01-08 22:00,,49.6,1.5
ST_12,2024-01-08 23:00,,62.7,28.2
ST_13,2024-01-09 00:00,,79.5,8.5
ST_14,2024-01-09 01:00,,53.5,21.9
ST_15,2024-01-09 02:00,,58.7,9.2
ST_16,2024-01-09 03:00,,69.8,4.2
ST_17,2024-01-09 04:00,,83.5,29.5
ST_18,2024-01-09 05:00,,38.5,2.2
ST_19,2024-01-09 06:00,,65.0,1.2
ST_20,2024-01-09 07:00,,41.7,7.5
ST_01,2024-01-09 08:00,,79.0,4.4
ST_02,2024-01-09 09:00,0.0,39.1,21.4
ST_03,2024-01-09 10:00,0.0,69.1,27.1
ST_04,2024-01-09 11:00,0.0,65.1,14.6
ST_05,2024-01-09 12:00,0.0,47.3,29.7
ST_06,2024-01-09 13:00,0.0,44.3,4.0
ST_07,2024-01-09 14:00,0.0,82.6,25.3
ST_08,2024-01-09 15:00,0.0,44.5,6.5
ST_09,2024-01-09 16:00,0.0,39.0,4.2
ST_10,2024-01-09 17:00,0.0,55.5,9.9
ST_11,2024-01-09 18:00,0.0,87.6,5.0
ST_12,2024-01-09 19:00,0.0,56.2,5.6
ST_13,2024-01-09 20:00,0.0,88.3,12.5
ST_14,2024-01-09 21:00,0.0,83.6,24.2
ST_15,2024-01-09 22:00,0.0,37.1,6.0
ST_16,2024-01-09 23:00,0.0,80.7,20.7
ST_17,2024-01-10 00:00,0.0,72.9,27.0
ST_18,2024-01-10 01:00,0.0,52.7,16.4
ST_19,2024-01-10 02:00,0.0,42.8,26.6
ST_20,2024-01-10 03:00,0.0,41.5,23.6
ST_01,2024-01-10 04:00,0.0,55.8,13.3
ST_02,2024-01-10 05:00,0.0,65.2,12.3
ST_03,2024-01-10 06:00,0.0,73.5,1.8
ST_04,2024-01-10 07:00,0.0,62.6,8.5
ST_05,2024-01-10 08:00,0.0,81.6,15.6
ST_06,2024-01-10 09:00,0.0,89.6,24.6
ST_07,2024-01-10 10:00,0.0,65.5,7.3
ST_08,2024-01-10 11:00,0.0,30.9,23.3
ST_09,2024-01-10 12:00,0.0,81.4,28.3
ST_10,2024-01-10 13:00,0.0,43.2,9.3
ST_11,2024-01-10 14:00,0.0,43.8,29.0
ST_12,2024-01-10 15:00,0.0,37.0,23.4
ST_13,2024-01-10 16:00,0.0,55.6,19.8
ST_14,2024-01-10 17:00,0.0,59.5,2.3
ST_15,2024-01-10 18:00,0.0,79.0,7.9
ST_16,2024-01-10 19:00,0.0,48.7,23.2
ST_17,2024-01-10 20:00,0.0,73.9,23.5
ST_18,2024-01-10 21:00,0.0,60.6,26.3
ST_19,2024-01-10 22:00,0.0,89.2,29.7
ST_20,2024-01-10 23:00,0.0,64.4,1.2
ST_01,2024-01-11 00:00,0.0,65.8,8.7
ST_02,2024-01-11 01:00,0.0,53.6,22.2
ST_03,2024-01-11 02:00,0.0,44.8,6.8
ST_04,2024-01-11 03:00,0.0,54.7,3.7
ST_05,2024-01-11 04:00,0.0,74.4,1.4
ST_06,2024-01-11 05:00,0.0,88.4,6.5
ST_07,2024-01-11 06:00,0.0,68.0,10.9
ST_08,2024-01-11 07:00,0.0,39.4,28.7
ST_09,2024-01-11 08:00,0.0,75.5,9.8
ST_10,2024-01-11 09:00,0.0,58.5,15.8
ST_11,2024-01-11 10:00,0.0,79.6,22.3
ST_12,2024-01-11 11:00,16.5,87.2,23.2
ST_13,2024-01-11 12:00,11.9,77.5,8.2
ST_14,2024-01-11 13:00,24.7,82.6,28.7
ST_15,2024-01-11 14:00,9.8,50.1,2.9
ST_16,2024-01-11 15:00,-6.1,50.7,19.4
ST_17,2024-01-11 16:00,9.8,82.8,13.0
ST_18,2024-01-11 17:00,15.8,75.7,24.0
ST_19,2024-01-11 18:00,24.2,43.8,8.1
ST_20,2024-01-11 19:00,13.8,58.5,20.9
ST_01,2024-01-11 20:00,2.3,49.1,7.8
ST_02,2024-01-11 21:00,21.9,76.8,12.4
ST_03,2024-01-11 22:00,13.4,50.2,18.9
ST_04,2024-01-11 23:00,-8.1,40.6,9.3
ST_05,2024-01-12 00:00,-3.9,84.6,24.0
ST_06,2024-01-12 01:00,13.2,62.6,16.4
ST_07,2024-01-12 02:00,23.2,77.0,16.1
ST_08,2024-01-12 03:00,16.6,83.9,16.9
ST_09,2024-01-12 04:00,13.2,69.9,21.1
ST_10,2024-01-12 05:00,17.8,39.1,28.0
ST_11,2024-01-12 06:00,4.6,80.8,10.2
ST_12,2024-01-12 07:00,23.1,82.4,26.8
ST_13,2024-01-12 08:00,12.2,44.1,23.6
ST_14,2024-01-12 09:00,12.3,76.2,8.8
ST_15,2024-01-12 10:00,16.0,61.9,22.0
ST_16,2024-01-12 11:00,14.1,63.3,20.3
ST_17,2024-01-12 12:00,19.1,66.3,14.4
ST_18,2024-01-12 13:00,5.9,56.9,16.2
ST_19,2024-01-12 14:00,10.2,56.8,22.3
ST_20,2024-01-12 15:00,9.9,30.9,15.6
ST_01,2024-01-12 16:00,7.8,78.3,12.0
ST_02,2024-01-12 17:00,19.5,59.1,1.2
ST_03,2024-01-12 18:00,39.2,73.2,0.7
ST_04,2024-01-12 19:00,-3.8,34.5,2.7
ST_05,2024-01-12 20:00,9.8,49.5,7.7
ST_06,2024-01-12 21:00,14.6,82.7,8.6
ST_07,2024-01-12 22:00,32.4,70.0,20.4
ST_08,2024-01-12 23:00,5.4,90.0,9.4
ST_09,2024-01-13 00:00,17.2,71.0,23.8
ST_10,2024-01-13 01:00,4.4,71.5,20.2
ST_11,2024-01-13 02:00,27.6,64.6,13.7
ST_12,2024-01-13 03:00,6.3,68.3,10.3
ST_13,2024-01-13 04:00,22.7,76.9,15.8
ST_14,2024-01-13 05:00,12.3,30.8,8.6
ST_15,2024-01-13 06:00,7.6,31.3,17.4
ST_16,2024-01-13 07:00,5.0,70.1,10.6
ST_17,2024-01-13 08:00,20.5,76.9,13.6
ST_18,2024-01-13 09:00,19.3,34.1,11.9
ST_19,2024-01-13 10:00,11.6,75.0,27.3
ST_20,2024-01-13 11:00,5.2,53.0,12.7
ST_01,2024-01-13 12:00,29.6,74.2,1.6
ST_02,2024-01-13 13:00,15.4,74.0,17.5
ST_03,2024-01-13 14:00,39.0,36.4,25.9
ST_04,2024-01-13 15:00,13.2,87.8,16.2
ST_05,2024-01-13 16:00,28.0,63.0,8.5
ST_06,2024-01-13 17:00,9.9,57.8,0.7
ST_07,2024-01-13 18:00,24.6,85.9,10.4
ST_08,2024-01-13 19:00,-0.2,77.8,12.2
ST_09,2024-01-13 20:00,11.4,60.0,28.2
ST_10,2024-01-13 21:00,15.2,61.9,23.4
ST_11,2024-01-13 22:00,-6.4,63.7,29.2
ST_12,2024-01-13 23:00,17.7,53.1,21.3
ST_13,2024-01-14 00:00,10.7,84.0,29.6
ST_14,2024-01-14 01:00,24.6,84.5,14.0
ST_15,2024-01-14 02:00,13.1,86.7,27.0
ST_16,2024-01-14 03:00,22.4,36.6,6.1
ST_17,2024-01-14 04:00,23.6,56.4,27.2
ST_18,2024-01-14 05:00,2.9,49.0,24.1
ST_19,2024-01-14 06:00,28.9,69.5,6.7
ST_20,2024-01-14 07:00,18.5,62.1,6.0
ST_01,2024-01-14 08:00,14.2,31.4,22.4
ST_02,2024-01-14 09:00,19.0,43.6,3.7
ST_03,2024-01-14 10:00,27.7,65.0,18.6
ST_04,2024-01-14 11:00,23.9,32.7,3.3
ST_05,2024-01-14 12:00,17.2,49.6,7.4
ST_06,2024-01-14 13:00,32.6,89.5,20.9
ST_07,2024-01-14 14:00,16.3,80.3,13.5
ST_08,2024-01-14 15:00,21.1,71.0,19.0
ST_09,2024-01-14 16:00,11.0,37.2,14.6
ST_10,2024-01-14 17:00,25.3,57.3,25.3
ST_11,2024-01-14 18:00,-7.4,46.1,10.3
ST_12,2024-01-14 19:00,13.6,38.6,19.4
ST_13,2024-01-14 20:00,16.1,79.1,27.2
ST_14,2024-01-14 21:00,16.2,31.9,27.6
ST_15,2024-01-14 22:00,16.2,54.9,23.3
ST_16,2024-01-14 23:00,2.7,57.8,18.8
ST_17,2024-01-15 00:00,17.4,71.5,10.3
ST_18,2024-01-15 01:00,-2.1,32.1,24.8
ST_19,2024-01-15 02:00,11.6,37.0,7.1
ST_20,2024-01-15 03:00,9.6,84.5,12.6
ST_01,2024-01-15 04:00,25.9,39.1,7.7
ST_02,2024-01-15 05:00,6.4,72.7,9.6
ST_03,2024-01-15 06:00,18.1,70.3,17.4
ST_04,2024-01-15 07:00,10.9,36.9,11.7
ST_05,2024-01-15 08:00,20.8,48.3,0.1
ST_06,2024-01-15 09:00,-2.6,50.3,23.5
ST_07,2024-01-15 10:00,4.2,40.6,1.4
ST_08,2024-01-15 11:00,19.2,60.3,14.5
ST_09,2024-01-15 12:00,28.6,89.5,20.9
ST_10,2024-01-15 13:00,24.6,68.8,11.5
ST_11,2024-01-15 14:00,17.3,80.8,1.9
ST_12,2024-01-15 15:00,21.4,48.2,16.9
ST_13,2024-01-15 16:00,18.4,80.8,28.7
ST_14,2024-01-15 17:00,9.9,60.6,25.1
ST_15,2024-01-15 18:00,15.2,31.4,6.3
ST_16,2024-01-15 19:00,26.1,60.4,18.9
ST_17,2024-01-15 20:00,20.3,46.7,10.3
ST_18,2024-01-15 21:00,6.7,72.8,15.1
ST_19,2024-01-15 22:00,16.5,44.2,15.0
ST_20,2024-01-15 23:00,17.5,70.3,12.0
ST_01,2024-01-16 00:00,6.2,62.7,25.4
ST_02,2024-01-16 01:00,14.1,80.8,4.5
ST_03,2024-01-16 02:00,4.7,88.7,6.0
ST_04,2024-01-16 03:00,16.3,37.5,18.2
ST_05,2024-01-16 04:00,16.1,38.0,3.8
ST_06,2024-01-16 05:00,9.1,41.5,12.5
ST_07,2024-01-16 06:00,22.2,74.4,25.9
ST_08,2024-01-16 07:00,17.4,33.4,20.0
ST_09,2024-01-16 08:00,13.4,45.0,22.4
ST_10,2024-01-16 09:00,-8.6,67.6,12.9
ST_11,2024-01-16 10:00,19.5,79.3,22.0
ST_12,2024-01-16 11:00,23.8,35.2,25.8
ST_13,2024-01-16 12:00,18.8,47.9,26.5
ST_14,2024-01-16 13:00,9.9,61.4,13.9
ST_15,2024-01-16 14:00,17.7,57.0,24.6
ST_16,2024-01-16 15:00,8.0,78.2,17.1
ST_17,2024-01-16 16:00,20.8,89.5,17.4
ST_18,2024-01-16 17:00,-10.2,78.7,16.2
ST_19,2024-01-16 18:00,9.8,60.4,7.0
ST_20,2024-01-16 19:00,9.7,83.1,19.7
ST_01,2024-01-16 20:00,17.1,79.7,17.7
ST_02,2024-01-16 21:00,18.9,52.4,3.4
ST_03,2024-01-16 22:00,17.7,40.6,9.5
ST_04,2024-01-16 23:00,18.5,50.0,8.7
ST_05,2024-01-17 00:00,20.4,70.1,12.7
ST_06,2024-01-17 01:00,9.6,57.1,26.5
ST_07,2024-01-17 02:00,6.0,42.2,11.3
ST_08,2024-01-17 03:00,22.0,50.9,13.1
ST_09,2024-01-17 04:00,21.2,54.2,13.7
ST_10,2024-01-17 05:00,22.4,89.5,25.7
ST_11,2024-01-17 06:00,13.9,80.4,3.9
ST_12,2024-01-17 07:00,18.7,71.4,27.3
ST_13,2024-01-17 08:00,11.8,70.6,10.0
ST_14,2024-01-17 09:00,11.3,82.4,14.1
ST_15,2024-01-17 10:00,9.3,53.3,8.2
ST_16,2024-01-17 11:00,7.3,79.2,3.0
ST_17,2024-01-17 12:00,11.9,34.2,13.3
ST_18,2024-01-17 13:00,14.5,69.7,16.3
ST_19,2024-01-17 14:00,5.4,49.8,24.9
ST_20,2024-01-17 15:00,24.6,72.7,24.3
ST_01,2024-01-17 16:00,9.2,44.3,24.6
ST_02,2024-01-17 17:00,16.3,56.2,20.1
ST_03,2024-01-17 18:00,17.7,63.3,21.4
ST_04,2024-01-17 19:00,3.9,79.3,1.4
ST_05,2024-01-17 20:00,19.1,72.4,3.0
ST_06,2024-01-17 21:00,19.7,52.7,16.2
ST_07,2024-01-17 22:00,4.6,45.0,23.9
ST_08,2024-01-17 23:00,41.5,37.5,18.2
ST_09,2024-01-18 00:00,20.2,66.0,8.1
ST_10,2024-01-18 01:00,24.5,69.4,10.2
ST_11,2024-01-18 02:00,18.9,59.3,22.0
ST_12,2024-01-18 03:00,32.9,58.1,12.9
ST_13,2024-01-18 04:00,12.5,41.7,29.9
ST_14,2024-01-18 05:00,6.3,77.1,12.9
ST_15,2024-01-18 06:00,6.2,88.4,2.8
ST_16,2024-01-18 07:00,22.6,59.1,27.7
ST_17,2024-01-18 08:00,24.7,82.9,11.2
ST_18,2024-01-18 09:00,18.8,79.8,17.9
ST_19,2024-01-18 10:00,19.6,81.8,26.2
ST_20,2024-01-18 11:00,19.5,85.7,28.1
ST_01,2024-01-18 12:00,17.5,55.1,18.2
ST_02,2024-01-18 13:00,15.5,49.9,28.0
ST_03,2024-01-18 14:00,23.5,33.1,9.3
ST_04,2024-01-18 15:00,13.8,78.4,12.0
ST_05,2024-01-18 16:00,6.7,80.5,12.1
ST_06,2024-01-18 17:00,6.6,50.8,24.2
ST_07,2024-01-18 18:00,11.3,89.7,7.9
ST_08,2024-01-18 19:00,25.3,81.0,18.6
ST_09,2024-01-18 20:00,14.7,41.0,11.2
ST_10,2024-01-18 21:00,8.0,40.5,0.6
ST_11,2024-01-18 22:00,21.1,81.0,27.1
ST_12,2024-01-18 23:00,7.3,37.6,23.8
ST_13,2024-01-19 00:00,9.7,72.0,25.4
ST_14,2024-01-19 01:00,18.4,42.5,20.7
ST_15,2024-01-19 02:00,23.0,62.5,22.3
ST_16,2024-01-19 03:00,21.6,74.6,18.5
ST_17,2024-01-19 04:00,14.5,74.5,17.6
ST_18,2024-01-19 05:00,23.1,58.8,12.3
ST_19,2024-01-19 06:00,23.3,44.8,10.9
ST_20,2024-01-19 07:00,0.8,56.7,21.4
ST_01,2024-01-19 08:00,-0.1,64.0,26.2
ST_02,2024-01-19 09:00,18.6,68.8,5.3
ST_03,2024-01-19 10:00,12.3,88.2,30.0
ST_04,2024-01-19 11:00,9.2,38.8,23.5
ST_05,2024-01-19 12:00,-1.3,85.8,28.5
ST_06,2024-01-19 13:00,8.8,88.7,28.5
ST_07,2024-01-19 14:00,-3.3,40.8,24.0
ST_08,2024-01-19 15:00,11.3,89.6,1.9
ST_09,2024-01-19 16:00,8.6,80.0,13.0
ST_10,2024-01-19 17:00,12.3,74.4,16.1
ST_11,2024-01-19 18:00,18.4,86.5,2.5
ST_12,2024-01-19 19:00,6.7,87.5,15.9
ST_13,2024-01-19 20:00,-1.5,72.1,22.1
ST_14,2024-01-19 21:00,14.2,41.4,21.2
ST_15,2024-01-19 22:00,-4.4,41.9,21.6
ST_16,2024-01-19 23:00,14.9,57.8,18.4
ST_17,2024-01-20 00:00,5.5,68.0,17.7
ST_18,2024-01-20 01:00,36.4,69.8,0.3
ST_19,2024-01-20 02:00,0.6,66.3,26.1
ST_20,2024-01-20 03:00,17.8,75.9,2.8
ST_01,2024-01-20 04:00,12.8,88.7,7.9
ST_02,2024-01-20 05:00,7.7,84.8,8.2
ST_03,2024-01-20 06:00,15.3,87.9,6.7
ST_04,2024-01-20 07:00,7.2,56.8,9.7
ST_05,2024-01-20 08:00,0.4,80.0,17.6
ST_06,2024-01-20 09:00,24.3,79.4,25.4
ST_07,2024-01-20 10:00,-11.0,45.8,17.2
ST_08,2024-01-20 11:00,8.5,50.4,0.0
ST_09,2024-01-20 12:00,24.3,45.2,13.7
ST_10,2024-01-20 13:00,34.4,35.2,20.7
ST_11,2024-01-20 14:00,14.0,39.5,7.8
ST_12,2024-01-20 15:00,28.9,38.4,16.7
ST_13,2024-01-20 16:00,25.9,34.0,5.0
ST_14,2024-01-20 17:00,6.8,70.5,27.6
ST_15,2024-01-20 18:00,5.1,49.4,1.5
ST_16,2024-01-20 19:00,-6.3,72.3,5.1
ST_17,2024-01-20 20:00,33.1,62.9,16.6
ST_18,2024-01-20 21:00,1.1,56.2,25.9
ST_19,2024-01-20 22:00,30.4,74.7,8.8
ST_20,2024-01-20 23:00,0.8,51.8,17.3
ST_01,2024-01-21 00:00,12.6,35.8,28.6
ST_02,2024-01-21 01:00,2.3,62.1,27.6
ST_03,2024-01-21 02:00,26.3,75.1,15.4
ST_04,2024-01-21 03:00,14.3,31.3,21.6
ST_05,2024-01-21 04:00,19.0,79.5,28.2
ST_06,2024-01-21 05:00,6.3,88.5,21.4
ST_07,2024-01-21 06:00,31.1,78.3,5.1
ST_08,2024-01-21 07:00,15.9,87.9,23.2
ST_09,2024-01-21 08:00,14.8,62.7,13.0
ST_10,2024-01-21 09:00,26.0,54.0,22.6
ST_11,2024-01-21 10:00,22.9,39.8,16.9
ST_12,2024-01-21 11:00,17.6,79.1,10.3
ST_13,2024-01-21 12:00,25.0,83.6,22.6
ST_14,2024-01-21 13:00,5.7,42.8,17.3
ST_15,2024-01-21 14:00,23.0,40.6,27.0
ST_16,2024-01-21 15:00,17.2,74.8,5.3
ST_17,2024-01-21 16:00,-4.1,46.5,23.3
ST_18,2024-01-21 17:00,23.8,79.2,4.7
ST_19,2024-01-21 18:00,17.7,67.3,16.3
ST_20,2024-01-21 19:00,35.4,88.6,6.8
ST_01,2024-01-21 20:00,5.2,80.1,13.7
ST_02,2024-01-21 21:00,15.7,59.3,14.1
ST_03,2024-01-21 22:00,18.6,68.2,10.7
ST_04,2024-01-21 23:00,0.5,44.7,3.7
ST_05,2024-01-22 00:00,2.7,63.1,21.6
ST_06,2024-01-22 01:00,8.8,65.1,1.0
ST_07,2024-01-22 02:00,36.8,36.5,20.2
ST_08,2024-01-22 03:00,8.4,53.6,16.2
ST_09,2024-01-22 04:00,17.0,46.5,23.0
ST_10,2024-01-22 05:00,-5.6,56.8,21.0
ST_11,2024-01-22 06:00,12.7,43.3,1.9
ST_12,2024-01-22 07:00,4.9,53.3,16.8
ST_13,2024-01-22 08:00,15.6,39.3,11.5
ST_14,2024-01-22 09:00,16.9,50.4,29.1
ST_15,2024-01-22 10:00,25.3,32.5,0.3
ST_16,2024-01-22 11:00,14.3,45.6,6.6
ST_17,2024-01-22 12:00,8.2,39.4,23.0
ST_18,2024-01-22 13:00,19.9,54.3,11.4
ST_19,2024-01-22 14:00,17.7,51.9,13.0
ST_20,2024-01-22 15:00,14.5,61.4,19.9
ST_01,2024-01-22 16:00,6.3,78.5,5.5
ST_02,2024-01-22 17:00,28.7,45.7,9.1
ST_03,2024-01-22 18:00,11.6,62.9,13.6
ST_04,2024-01-22 19:00,23.8,39.7,27.2
ST_05,2024-01-22 20:00,12.6,35.4,17.8
ST_06,2024-01-22 21:00,10.0,42.3,10.4
ST_07,2024-01-22 22:00,14.7,56.2,25.1
ST_08,2024-01-22 23:00,19.5,81.8,1.6
ST_09,2024-01-23 00:00,23.4,57.5,29.4
ST_10,2024-01-23 01:00,16.4,67.0,9.9
ST_11,2024-01-23 02:00,4.1,60.7,3.5
ST_12,2024-01-23 03:00,17.7,66.2,7.3
ST_13,2024-01-23 04:00,13.9,43.6,8.9
ST_14,2024-01-23 05:00,16.2,65.4,28.9
ST_15,2024-01-23 06:00,8.4,41.7,4.6
ST_16,2024-01-23 07:00,7.8,64.9,19.5
ST_17,2024-01-23 08:00,22.3,89.9,26.4
ST_18,2024-01-23 09:00,10.6,63.6,24.1
ST_19,2024-01-23 10:00,11.9,41.5,17.1
ST_20,2024-01-23 11:00,33.8,41.9,18.9
ST_01,2024-01-23 12:00,24.9,46.8,21.5
ST_02,2024-01-23 13:00,15.7,83.1,8.4
ST_03,2024-01-23 14:00,5.2,61.4,15.4
ST_04,2024-01-23 15:00,12.9,44.3,13.5
ST_05,2024-01-23 16:00,5.5,44.7,20.6
ST_06,2024-01-23 17:00,6.5,86.3,24.3
ST_07,2024-01-23 18:00,17.4,66.4,0.8
ST_08,2024-01-23 19:00,14.0,53.9,1.4
ST_09,2024-01-23 20:00,16.4,77.9,12.6
ST_10,2024-01-23 21:00,21.3,43.4,26.0
ST_11,2024-01-23 22:00,25.5,79.9,17.3
ST_12,2024-01-23 23:00,4.1,82.4,27.6
ST_13,2024-01-24 00:00,14.6,46.0,24.0
ST_14,2024-01-24 01:00,2.2,54.8,6.4
ST_15,2024-01-24 02:00,20.2,37.9,1.2
ST_16,2024-01-24 03:00,21.1,43.8,21.6
ST_17,2024-01-24 04:00,8.1,46.2,29.4
ST_18,2024-01-24 05:00,2.3,82.9,16.7
ST_19,2024-01-24 06:00,17.8,43.5,25.6
ST_20,2024-01-24 07:00,43.3,44.4,12.7
ST_01,2024-01-24 08:00,19.5,54.7,10.1
ST_02,2024-01-24 09:00,30.3,78.7,8.9
ST_03,2024-01-24 10:00,32.9,51.8,14.9
ST_04,2024-01-24 11:00,14.5,34.5,26.4
ST_05,2024-01-24 12:00,34.3,66.3,22.9
ST_06,2024-01-24 13:00,14.6,52.0,14.9
ST_07,2024-01-24 14:00,9.2,48.8,19.0
ST_08,2024-01-24 15:00,7.7,57.5,6.7
ST_09,2024-01-24 16:00,-3.2,59.7,15.8
ST_10,2024-01-24 17:00,11.6,61.9,3.3
ST_11,2024-01-24 18:00,29.8,66.5,26.6
ST_12,2024-01-24 19:00,14.4,86.3,13.3
ST_13,2024-01-24 20:00,11.7,46.4,14.7
ST_14,2024-01-24 21:00,-3.7,40.3,17.9
ST_15,2024-01-24 22:00,25.8,35.1,3.5
ST_16,2024-01-24 23:00,10.1,42.8,2.5
ST_17,2024-01-25 00:00,24.0,44.5,14.4
ST_18,2024-01-25 01:00,-4.5,63.7,21.2
ST_19,2024-01-25 02:00,18.4,67.0,28.0
ST_20,2024-01-25 03:00,12.9,83.8,21.2
ST_01,2024-01-25 04:00,12.6,67.2,7.6
ST_02,2024-01-25 05:00,13.3,30.3,15.9
ST_03,2024-01-25 06:00,29.0,80.5,22.8
ST_04,2024-01-25 07:00,-1.2,48.8,16.1
ST_05,2024-01-25 08:00,24.4,47.6,3.2
ST_06,2024-01-25 09:00,36.7,60.6,1.2
ST_07,2024-01-25 10:00,6.9,31.4,14.9
ST_08,2024-01-25 11:00,-3.0,56.3,4.3
ST_09,2024-01-25 12:00,27.3,40.9,27.6
ST_10,2024-01-25 13:00,33.7,78.2,27.7
ST_11,2024-01-25 14:00,13.9,55.3,24.1
ST_12,2024-01-25 15:00,17.0,68.7,4.2
ST_13,2024-01-25 16:00,10.0,53.8,6.0
ST_14,2024-01-25 17:00,9.1,74.4,15.8
ST_15,2024-01-25 18:00,11.1,37.3,10.4
ST_16,2024-01-25 19:00,-4.7,64.5,14.3
ST_17,2024-01-25 20:00,16.9,85.8,22.3
ST_18,2024-01-25 21:00,27.1,66.7,8.4
ST_19,2024-01-25 22:00,18.6,37.2,19.0
ST_20,2024-01-25 23:00,16.8,61.2,9.2
ST_01,2024-01-26 00:00,16.4,70.8,12.6
ST_02,2024-01-26 01:00,20.2,47.2,5.7
ST_03,2024-01-26 02:00,25.4,89.5,22.3
ST_04,2024-01-26 03:00,-2.9,42.4,11.5
ST_05,2024-01-26 04:00,12.7,89.4,2.2
ST_06,2024-01-26 05:00,18.1,57.0,8.5
ST_07,2024-01-26 06:00,12.0,77.8,12.8
ST_08,2024-01-26 07:00,5.1,83.9,14.1
ST_09,2024-01-26 08:00,20.2,73.4,7.0
ST_10,2024-01-26 09:00,3.9,32.6,1.3
ST_11,2024-01-26 10:00,15.9,79.5,7.5
ST_12,2024-01-26 11:00,11.3,83.8,8.1
ST_13,2024-01-26 12:00,4.8,48.2,11.9
ST_14,2024-01-26 13:00,5.3,84.8,12.9
ST_15,2024-01-26 14:00,4.3,30.0,20.6
ST_16,2024-01-26 15:00,14.8,38.8,16.0
ST_17,2024-01-26 16:00,16.3,31.9,15.5
ST_18,2024-01-26 17:00,22.0,54.2,9.2
ST_19,2024-01-26 18:00,23.1,50.0,1.8
ST_20,2024-01-26 19:00,14.8,72.7,16.3
ST_01,2024-01-26 20:00,20.5,84.7,29.9
ST_02,2024-01-26 21:00,16.7,52.0,0.5
ST_03,2024-01-26 22:00,35.1,49.0,13.2
ST_04,2024-01-26 23:00,5.0,85.9,25.7
ST_05,2024-01-27 00:00,4.8,69.8,25.8
ST_06,2024-01-27 01:00,17.2,71.7,8.2
ST_07,2024-01-27 02:00,25.5,74.0,20.2
ST_08,2024-01-27 03:00,6.4,39.4,6.4
ST_09,2024-01-27 04:00,22.8,89.4,24.9
ST_10,2024-01-27 05:00,13.5,30.1,11.8
ST_11,2024-01-27 06:00,17.9,33.3,18.8
ST_12,2024-01-27 07:00,26.7,52.5,6.2
ST_13,2024-01-27 08:00,20.7,50.5,5.1
ST_14,2024-01-27 09:00,5.3,64.1,9.0
ST_15,2024-01-27 10:00,15.5,31.6,2.7
ST_16,2024-01-27 11:00,31.3,78.8,0.5
ST_17,2024-01-27 12:00,11.9,56.6,23.3
ST_18,2024-01-27 13:00,26.2,38.8,3.3
ST_19,2024-01-27 14:00,3.1,82.9,23.1
ST_20,2024-01-27 15:00,10.4,35.8,27.5
ST_01,2024-01-27 16:00,-5.7,35.7,22.1
ST_02,2024-01-27 17:00,25.5,37.6,29.4
ST_03,2024-01-27 18:00,24.2,33.9,12.0
ST_04,2024-01-27 19:00,14.8,83.2,10.5
ST_05,2024-01-27 20:00,8.6,45.3,16.9
ST_06,2024-01-27 21:00,17.8,73.3,25.5
ST_07,2024-01-27 22:00,13.5,67.5,28.0
ST_08,2024-01-27 23:00,1.2,76.3,23.7
ST_09,2024-01-28 00:00,13.0,53.1,1.5
ST_10,2024-01-28 01:00,3.3,80.4,19.6
ST_11,2024-01-28 02:00,15.8,34.3,14.5
ST_12,2024-01-28 03:00,2.2,44.5,8.7
ST_13,2024-01-28 04:00,0.5,42.5,26.7
ST_14,2024-01-28 05:00,-3.4,46.3,5.6
ST_15,2024-01-28 06:00,21.8,36.4,6.8
ST_16,2024-01-28 07:00,20.0,44.4,25.0
ST_17,2024-01-28 08:00,16.4,39.2,0.3
ST_18,2024-01-28 09:00,16.9,72.2,10.3
ST_19,2024-01-28 10:00,9.2,79.6,12.1
ST_20,2024-01-28 11:00,15.0,80.4,8.8
ST_01,2024-01-28 12:00,18.6,55.7,9.2
ST_02,2024-01-28 13:00,23.9,60.6,27.2
ST_03,2024-01-28 14:00,26.5,59.6,23.1
ST_04,2024-01-28 15:00,17.7,41.6,10.1
ST_05,2024-01-28 16:00,22.2,57.0,14.5
ST_06,2024-01-28 17:00,6.0,44.0,18.2
ST_07,2024-01-28 18:00,27.7,68.5,20.0
ST_08,2024-01-28 19:00,11.5,51.1,21.3
ST_09,2024-01-28 20:00,14.3,51.3,4.4
ST_10,2024-01-28 21:00,22.3,67.5,9.4
ST_11,2024-01-28 22:00,9.1,58.6,9.3
ST_12,2024-01-28 23:00,16.3,79.0,16.8
ST_13,2024-01-29 00:00,33.1,68.3,17.0
ST_14,2024-01-29 01:00,2.1,61.0,6.4
ST_15,2024-01-29 02:00,32.2,71.3,2.9
ST_16,2024-01-29 03:00,20.4,52.5,9.1
ST_17,2024-01-29 04:00,11.2,88.1,4.3
ST_18,2024-01-29 05:00,16.1,79.1,25.3
ST_19,2024-01-29 06:00,0.1,66.3,29.3
ST_20,2024-01-29 07:00,26.8,69.0,15.8
ST_01,2024-01-29 08:00,24.6,70.9,0.3
ST_02,2024-01-29 09:00,3.3,45.6,8.8
ST_03,2024-01-29 10:00,11.2,83.0,12.9
ST_04,2024-01-29 11:00,16.8,84.1,15.3
ST_05,2024-01-29 12:00,7.9,71.1,18.8
ST_06,2024-01-29 13:00,-2.9,45.1,18.2
ST_07,2024-01-29 14:00,9.1,65.4,13.7
ST_08,2024-01-29 15:00,5.5,46.7,25.6
ST_09,2024-01-29 16:00,39.0,66.2,28.5
ST_10,2024-01-29 17:00,21.3,46.0,12.0
ST_11,2024-01-29 18:00,9.8,75.6,20.0
ST_12,2024-01-29 19:00,7.0,46.7,13.2
ST_13,2024-01-29 20:00,9.0,54.4,16.5
ST_14,2024-01-29 21:00,8.2,65.0,23.3
ST_15,2024-01-29 22:00,21.0,77.2,27.1
ST_16,2024-01-29 23:00,31.6,84.1,4.8
ST_17,2024-01-30 00:00,14.5,61.4,0.3
ST_18,2024-01-30 01:00,34.3,64.7,1.1
ST_19,2024-01-30 02:00,5.8,63.3,11.4
ST_20,2024-01-30 03:00,8.2,45.5,9.3
ST_01,2024-01-30 04:00,2.2,68.3,14.7
ST_02,2024-01-30 05:00,7.4,54.2,29.6
ST_03,2024-01-30 06:00,23.2,72.4,26.4
ST_04,2024-01-30 07:00,28.3,62.7,11.4
ST_05,2024-01-30 08:00,30.5,85.9,28.9
ST_06,2024-01-30 09:00,18.1,70.0,29.6
ST_07,2024-01-30 10:00,5.6,33.6,14.9
ST_08,2024-01-30 11:00,26.3,68.2,20.2
ST_09,2024-01-30 12:00,27.1,82.2,16.5
ST_10,2024-01-30 13:00,8.8,37.2,7.7
ST_11,2024-01-30 14:00,23.3,80.4,26.6
ST_12,2024-01-30 15:00,8.3,53.7,22.3
ST_13,2024-01-30 16:00,20.4,78.8,9.7
ST_14,2024-01-30 17:00,5.3,43.4,3.0
ST_15,2024-01-30 18:00,22.3,85.4,26.5
ST_16,2024-01-30 19:00,8.4,31.1,22.8
ST_17,2024-01-30 20:00,24.3,50.1,22.5
ST_18,2024-01-30 21:00,19.7,74.3,6.9
ST_19,2024-01-30 22:00,2.9,88.0,1.8
ST_20,2024-01-30 23:00,21.6,73.3,7.5
ST_01,2024-01-31 00:00,10.4,46.6,26.5
ST_02,2024-01-31 01:00,18.3,82.8,13.1
ST_03,2024-01-31 02:00,8.1,30.3,6.7
ST_04,2024-01-31 03:00,-8.5,49.3,18.2
ST_05,2024-01-31 04:00,29.5,44.9,21.8
ST_06,2024-01-31 05:00,27.1,44.3,13.6
ST_07,2024-01-31 06:00,22.0,69.9,0.6
ST_08,2024-01-31 07:00,14.8,85.5,17.8
ST_09,2024-01-31 08:00,11.0,70.4,16.0
ST_10,2024-01-31 09:00,9.0,64.2,4.4
ST_11,2024-01-31 10:00,18.4,56.5,26.9
ST_12,2024-01-31 11:00,1.3,58.1,6.9
ST_13,2024-01-31 12:00,29.8,36.7,22.5
ST_14,2024-01-31 13:00,9.7,69.3,20.6
ST_15,2024-01-31 14:00,29.9,79.1,24.7
ST_16,2024-01-31 15:00,21.2,76.4,21.5
ST_17,2024-01-31 16:00,10.9,81.0,1.1
ST_18,2024-01-31 17:00,7.5,58.4,3.5
ST_19,2024-01-31 18:00,9.1,84.9,15.2
ST_20,2024-01-31 19:00,6.8,88.0,0.7
ST_01,2024-01-31 20:00,14.1,68.2,15.5
ST_02,2024-01-31 21:00,11.5,63.8,13.8
ST_03,2024-01-31 22:00,28.9,38.4,28.1
ST_04,2024-01-31 23:00,21.4,42.1,24.5
ST_05,2024-02-01 00:00,11.1,64.7,25.6
ST_06,2024-02-01 01:00,27.1,48.3,17.7
ST_07,2024-02-01 02:00,5.6,72.9,9.1
ST_08,2024-02-01 03:00,10.8,68.1,5.2
ST_09,2024-02-01 04:00,6.2,41.7,5.1
ST_10,2024-02-01 05:00,13.3,59.5,7.9
ST_11,2024-02-01 06:00,12.6,75.0,8.2
ST_12,2024-02-01 07:00,8.1,38.1,2.2
ST_13,2024-02-01 08:00,18.2,55.8,29.4
ST_14,2024-02-01 09:00,-8.7,40.7,6.7
ST_15,2024-02-01 10:00,12.6,58.4,1.7
ST_16,2024-02-01 11:00,-14.4,36.8,16.0
ST_17,2024-02-01 12:00,26.7,52.3,23.8
ST_18,2024-02-01 13:00,30.0,35.3,11.7
ST_19,2024-02-01 14:00,11.0,57.3,23.1
ST_20,2024-02-01 15:00,15.8,41.7,21.5
ST_01,2024-02-01 16:00,20.7,37.9,23.6
ST_02,2024-02-01 17:00,18.0,75.1,5.1
ST_03,2024-02-01 18:00,0.4,63.5,18.7
ST_04,2024-02-01 19:00,28.5,80.9,11.1
ST_05,2024-02-01 20:00,-4.5,66.6,19.1
ST_06,2024-02-01 21:00,16.1,66.6,17.6
ST_07,2024-02-01 22:00,19.1,76.1,25.5
ST_08,2024-02-01 23:00,11.0,33.4,17.1
ST_09,2024-02-02 00:00,29.1,81.8,9.8
ST_10,2024-02-02 01:00,-5.9,47.5,19.8
ST_11,2024-02-02 02:00,9.7,76.2,25.7
ST_12,2024-02-02 03:00,-5.7,31.0,12.4
ST_13,2024-02-02 04:00,21.9,44.4,13.6
ST_14,2024-02-02 05:00,16.7,83.1,27.7
ST_15,2024-02-02 06:00,19.6,32.2,28.4
ST_16,2024-02-02 07:00,16.1,61.0,19.4
ST_17,2024-02-02 08:00,8.8,59.6,29.6
ST_18,2024-02-02 09:00,17.0,32.8,11.6
ST_19,2024-02-02 10:00,-9.4,81.3,7.2
ST_20,2024-02-02 11:00,29.2,60.8,3.9
ST_01,2024-02-02 12:00,15.1,82.7,11.1
ST_02,2024-02-02 13:00,18.8,66.0,15.0
ST_03,2024-02-02 14:00,28.8,78.4,15.7
ST_04,2024-02-02 15:00,9.1,42.6,6.8
ST_05,2024-02-02 16:00,38.7,58.1,14.2
ST_06,2024-02-02 17:00,12.5,68.9,29.6
ST_07,2024-02-02 18:00,18.5,55.1,12.8
ST_08,2024-02-02 19:00,8.3,45.5,3.4
ST_09,2024-02-02 20:00,16.4,89.9,5.9
ST_10,2024-02-02 21:00,24.3,69.4,0.9
ST_11,2024-02-02 22:00,10.8,87.8,17.2
ST_12,2024-02-02 23:00,33.0,79.0,4.3
ST_13,2024-02-03 00:00,24.9,68.2,4.2
ST_14,2024-02-03 01:00,29.1,79.9,19.0
ST_15,2024-02-03 02:00,25.9,54.3,11.6
ST_16,2024-02-03 03:00,20.5,49.9,18.5
ST_17,2024-02-03 04:00,13.2,37.1,24.9
ST_18,2024-02-03 05:00,-4.3,47.0,1.6
ST_19,2024-02-03 06:00,19.4,56.6,3.6
ST_20,2024-02-03 07:00,19.1,63.8,28.8
ST_01,2024-02-03 08:00,21.3,76.8,0.3
ST_02,2024-02-03 09:00,28.7,84.3,21.7
ST_03,2024-02-03 10:00,17.4,84.3,26.4
ST_04,2024-02-03 11:00,21.5,42.4,2.8
ST_05,2024-02-03 12:00,16.8,85.5,15.7
ST_06,2024-02-03 13:00,-3.3,43.0,23.2
ST_07,2024-02-03 14:00,33.9,75.0,16.8
ST_08,2024-02-03 15:00,29.3,46.1,30.0
ST_09,2024-02-03 16:00,20.6,50.0,6.0
ST_10,2024-02-03 17:00,7.4,43.1,11.2
ST_11,2024-02-03 18:00,9.3,36.3,16.4
ST_12,2024-02-03 19:00,24.9,68.9,24.4
ST_13,2024-02-03 20:00,3.3,87.7,15.6
ST_14,2024-02-03 21:00,17.1,67.9,18.1
ST_15,2024-02-03 22:00,11.8,42.1,3.2
ST_16,2024-02-03 23:00,4.6,37.4,9.0
ST_17,2024-02-04 00:00,17.1,80.9,13.9
ST_18,2024-02-04 01:00,13.7,67.5,6.6
ST_19,2024-02-04 02:00,17.0,64.5,22.1
ST_20,2024-02-04 03:00,0.4,86.5,21.2
ST_01,2024-02-04 04:00,6.5,49.3,2.6
ST_02,2024-02-04 05:00,22.7,85.7,13.5
ST_03,2024-02-04 06:00,2.3,49.5,25.1
ST_04,2024-02-04 07:00,7.4,78.3,28.9
ST_05,2024-02-04 08:00,16.7,36.2,9.7
ST_06,2024-02-04 09:00,7.0,58.2,3.9
ST_07,2024-02-04 10:00,23.4,73.7,10.9
ST_08,2024-02-04 11:00,21.7,44.5,28.6
ST_09,2024-02-04 12:00,21.5,76.5,24.7
ST_10,2024-02-04 13:00,-1.9,50.8,24.9
ST_11,2024-02-04 14:00,31.5,86.8,11.5
ST_12,2024-02-04 15:00,16.4,68.9,4.9
ST_13,2024-02-04 16:00,6.6,49.1,20.9
ST_14,2024-02-04 17:00,3.4,37.1,3.4
ST_15,2024-02-04 18:00,10.8,30.7,22.2
ST_16,2024-02-04 19:00,23.3,35.8,17.4
ST_17,2024-02-04 20:00,9.3,81.7,1.3
ST_18,2024-02-04 21:00,21.3,40.9,1.1
ST_19,2024-02-04 22:00,13.9,33.7,24.5
ST_20,2024-02-04 23:00,5.3,60.7,18.8
ST_01,2024-02-05 00:00,5.6,39.7,17.5
ST_02,2024-02-05 01:00,-1.8,77.4,25.4
ST_03,2024-02-05 02:00,17.9,48.2,4.3
ST_04,2024-02-05 03:00,20.8,62.2,26.4
ST_05,2024-02-05 04:00,8.6,37.9,7.4
ST_06,2024-02-05 05:00,7.8,66.5,10.0
ST_07,2024-02-05 06:00,11.3,63.7,8.2
ST_08,2024-02-05 07:00,19.8,69.3,10.2
ST_09,2024-02-05 08:00,18.3,37.9,25.3
ST_10,2024-02-05 09:00,23.5,65.4,11.7
ST_11,2024-02-05 10:00,2.1,32.8,20.1
ST_12,2024-02-05 11:00,5.6,67.1,16.8
ST_13,2024-02-05 12:00,-4.0,73.7,10.1
ST_14,2024-02-05 13:00,-1.8,72.6,7.3
ST_15,2024-02-05 14:00,9.3,81.9,12.1
ST_16,2024-02-05 15:00,19.9,54.3,7.6
ST_17,2024-02-05 16:00,29.6,79.9,17.5
ST_18,2024-02-05 17:00,16.7,50.4,16.8
ST_19,2024-02-05 18:00,6.0,89.2,12.8
ST_20,2024-02-05 19:00,19.1,57.9,26.2
ST_01,2024-02-05 20:00,4.7,58.6,5.1
ST_02,2024-02-05 21:00,18.2,51.6,29.2
ST_03,2024-02-05 22:00,19.5,53.6,18.8
ST_04,2024-02-05 23:00,30.7,41.8,8.8
ST_05,2024-02-06 00:00,10.5,69.5,0.0
ST_06,2024-02-06 01:00,20.1,63.7,19.3
ST_07,2024-02-06 02:00,26.7,52.8,9.5
ST_08,2024-02-06 03:00,10.8,41.4,2.6
ST_09,2024-02-06 04:00,29.7,34.3,17.8
ST_10,2024-02-06 05:00,17.3,50.8,26.3
ST_11,2024-02-06 06:00,-1.4,49.8,29.3
ST_12,2024-02-06 07:00,2.7,34.8,15.6
ST_13,2024-02-06 08:00,23.8,73.8,27.2
ST_14,2024-02-06 09:00,21.4,48.6,16.5
ST_15,2024-02-06 10:00,19.6,75.6,18.6
ST_16,2024-02-06 11:00,24.5,85.5,8.4
ST_17,2024-02-06 12:00,19.5,73.6,0.3
ST_18,2024-02-06 13:00,6.7,74.8,6.1
ST_19,2024-02-06 14:00,30.7,81.6,13.2
ST_20,2024-02-06 15:00,32.6,67.8,12.7
ST_01,2024-02-06 16:00,34.8,36.5,5.2
ST_02,2024-02-06 17:00,24.2,88.8,9.8
ST_03,2024-02-06 18:00,33.4,81.9,6.5
ST_04,2024-02-06 19:00,9.8,32.4,3.8
ST_05,2024-02-06 20:00,-1.3,72.2,18.7
ST_06,2024-02-06 21:00,11.4,39.9,13.9
ST_07,2024-02-06 22:00,5.4,81.6,6.1
ST_08,2024-02-06 23:00,17.8,88.9,23.9
ST_09,2024-02-07 00:00,2.7,65.8,13.2
ST_10,2024-02-07 01:00,3.9,89.1,13.2
ST_11,2024-02-07 02:00,34.4,71.6,29.9
ST_12,2024-02-07 03:00,1.6,72.2,24.3
ST_13,2024-02-07 04:00,15.8,38.4,6.0
ST_14,2024-02-07 05:00,43.8,86.7,6.9
ST_15,2024-02-07 06:00,12.5,48.0,17.4
ST_16,2024-02-07 07:00,11.2,68.2,13.3
ST_17,2024-02-07 08:00,26.5,76.5,20.6
ST_18,2024-02-07 09:00,6.9,74.2,28.2
ST_19,2024-02-07 10:00,-6.5,38.3,29.1
ST_20,2024-02-07 11:00,6.5,58.5,24.4
ST_01,2024-02-07 12:00,-3.3,50.2,7.9
ST_02,2024-02-07 13:00,-8.0,30.9,5.0
ST_03,2024-02-07 14:00,16.4,68.6,5.7
ST_04,2024-02-07 15:00,6.9,51.7,0.5
ST_05,2024-02-07 16:00,3.6,31.0,12.2
ST_06,2024-02-07 17:00,29.5,42.4,4.7
ST_07,2024-02-07 18:00,11.9,43.3,1.8
ST_08,2024-02-07 19:00,13.0,46.5,17.3
ST_09,2024-02-07 20:00,14.5,87.9,1.6
ST_10,2024-02-07 21:00,19.8,80.7,17.9
ST_11,2024-02-07 22:00,9.0,64.9,20.3
ST_12,2024-02-07 23:00,17.7,78.5,3.0
ST_13,2024-02-08 00:00,29.5,77.0,26.8
ST_14,2024-02-08 01:00,22.0,71.6,21.7
ST_15,2024-02-08 02:00,2.1,38.3,29.9
ST_16,2024-02-08 03:00,0.9,77.4,16.3
ST_17,2024-02-08 04:00,8.8,36.1,0.3
ST_18,2024-02-08 05:00,10.2,85.6,16.4
ST_19,2024-02-08 06:00,14.1,77.6,22.7
ST_20,2024-02-08 07:00,12.1,82.9,25.2
ST_01,2024-02-08 08:00,11.9,68.3,5.0
ST_02,2024-02-08 09:00,2.9,72.0,20.6
ST_03,2024-02-08 10:00,21.8,68.4,15.1
ST_04,2024-02-08 11:00,5.5,58.2,11.7
ST_05,2024-02-08 12:00,10.5,77.6,13.2
ST_06,2024-02-08 13:00,8.4,53.4,11.5
ST_07,2024-02-08 14:00,10.4,58.8,13.1
ST_08,2024-02-08 15:00,14.4,58.8,19.3
ST_09,2024-02-08 16:00,28.8,46.8,1.2
ST_10,2024-02-08 17:00,17.9,68.3,5.3
ST_11,2024-02-08 18:00,15.0,59.7,15.9
ST_12,2024-02-08 19:00,19.7,41.0,7.1
ST_13,2024-02-08 20:00,14.1,68.7,6.8
ST_14,2024-02-08 21:00,-2.2,87.6,1.7
ST_15,2024-02-08 22:00,12.2,34.8,24.4
ST_16,2024-02-08 23:00,17.0,52.6,18.6
ST_17,2024-02-09 00:00,5.4,72.6,27.1
ST_18,2024-02-09 01:00,-1.5,33.8,13.9
ST_19,2024-02-09 02:00,4.0,79.4,14.8
ST_20,2024-02-09 03:00,8.0,60.4,13.4
ST_01,2024-02-09 04:00,22.3,67.2,6.7
ST_02,2024-02-09 05:00,21.1,36.6,19.7
ST_03,2024-02-09 06:00,20.1,34.6,5.3
ST_04,2024-02-09 07:00,8.9,80.3,28.8
ST_05,2024-02-09 08:00,3.9,76.7,12.1
ST_06,2024-02-09 09:00,2.3,32.7,6.2
ST_07,2024-02-09 10:00,19.1,77.1,12.4
ST_08,2024-02-09 11:00,21.8,47.0,12.6
ST_09,2024-02-09 12:00,10.0,37.4,24.4
ST_10,2024-02-09 13:00,10.2,72.8,26.8
ST_11,2024-02-09 14:00,17.0,86.9,23.7
ST_12,2024-02-09 15:00,3.5,30.6,17.0
ST_13,2024-02-09 16:00,36.3,43.8,22.9
ST_14,2024-02-09 17:00,-0.2,34.3,23.0
ST_15,2024-02-09 18:00,17.3,48.5,29.6
ST_16,2024-02-09 19:00,23.0,55.2,28.3
ST_17,2024-02-09 20:00,20.3,85.1,7.7
ST_18,2024-02-09 21:00,-0.5,83.6,15.9
ST_19,2024-02-09 22:00,1.2,39.9,13.8
ST_20,2024-02-09 23:00,10.0,52.8,6.8
ST_01,2024-02-10 00:00,29.7,52.2,8.6
ST_02,2024-02-10 01:00,0.5,55.0,5.1
ST_03,2024-02-10 02:00,9.4,82.7,27.8
ST_04,2024-02-10 03:00,12.8,37.0,28.4
ST_05,2024-02-10 04:00,16.6,35.8,20.9
ST_06,2024-02-10 05:00,7.3,47.0,29.1
ST_07,2024-02-10 06:00,6.2,60.7,24.9
ST_08,2024-02-10 07:00,2.1,34.4,21.0
ST_09,2024-02-10 08:00,21.3,80.2,12.2
ST_10,2024-02-10 09:00,4.3,33.9,19.6
ST_11,2024-02-10 10:00,15.4,81.1,10.3
ST_12,2024-02-10 11:00,12.7,41.8,11.0
ST_13,2024-02-10 12:00,17.0,31.3,19.2
ST_14,2024-02-10 13:00,3.1,87.5,3.1
ST_15,2024-02-10 14:00,10.3,86.5,26.3
ST_16,2024-02-10 15:00,5.5,86.9,12.2
ST_17,2024-02-10 16:00,8.8,84.9,13.3
ST_18,2024-02-10 17:00,21.2,64.7,2.1
ST_19,2024-02-10 18:00,20.1,58.9,19.2
ST_20,2024-02-10 19:00,11.2,74.3,8.8
ST_01,2024-02-10 20:00,20.0,44.2,28.8
ST_02,2024-02-10 21:00,11.7,51.9,14.5
ST_03,2024-02-10 22:00,-1.0,70.0,7.8
ST_04,2024-02-10 23:00,23.8,79.6,3.6
ST_05,2024-02-11 00:00,6.9,38.4,7.7
ST_06,2024-02-11 01:00,28.2,68.9,19.6
ST_07,2024-02-11 02:00,19.4,52.5,0.5
ST_08,2024-02-11 03:00,0.9,47.1,22.7
ST_09,2024-02-11 04:00,14.2,51.4,28.6
ST_10,2024-02-11 05:00,29.3,73.9,24.1
ST_11,2024-02-11 06:00,21.5,77.3,3.3
ST_12,2024-02-11 07:00,20.4,70.6,22.3
ST_13,2024-02-11 08:00,20.0,72.6,3.4
ST_14,2024-02-11 09:00,4.0,36.1,2.5
ST_15,2024-02-11 10:00,4.1,31.2,27.2
ST_16,2024-02-11 11:00,31.9,89.0,12.1
ST_17,2024-02-11 12:00,18.9,40.6,11.7
ST_18,2024-02-11 13:00,29.1,85.7,30.0
ST_19,2024-02-11 14:00,27.8,69.1,2.9
ST_20,2024-02-11 15:00,29.6,49.6,9.5
ST_01,2024-02-11 16:00,23.1,38.9,15.7
ST_02,2024-02-11 17:00,22.4,41.8,14.2
ST_03,2024-02-11 18:00,6.3,38.6,12.4
ST_04,2024-02-11 19:00,15.8,86.8,9.0
ST_05,2024-02-11 20:00,27.9,70.1,11.7
ST_06,2024-02-11 21:00,6.2,70.1,16.7
ST_07,2024-02-11 22:00,39.7,65.9,12.8
ST_08,2024-02-11 23:00,27.8,78.7,17.5
ST_09,2024-02-12 00:00,11.8,70.5,3.3
ST_10,2024-02-12 01:00,24.9,53.3,6.0
ST_11,2024-02-12 02:00,13.0,73.9,1.4
ST_12,2024-02-12 03:00,22.9,63.9,0.0
ST_13,2024-02-12 04:00,22.5,39.9,5.8
ST_14,2024-02-12 05:00,23.5,80.9,12.4
ST_15,2024-02-12 06:00,7.0,76.4,15.7
ST_16,2024-02-12 07:00,27.9,65.0,9.6
ST_17,2024-02-12 08:00,14.7,62.6,18.6
ST_18,2024-02-12 09:00,-1.9,55.3,4.8
ST_19,2024-02-12 10:00,16.7,45.4,6.1
ST_20,2024-02-12 11:00,-0.3,88.6,5.5
ST_01,2024-02-12 12:00,21.1,72.0,18.1
ST_02,2024-02-12 13:00,22.5,31.9,24.4
ST_03,2024-02-12 14:00,7.6,75.4,18.5
ST_04,2024-02-12 15:00,26.9,32.1,27.6
ST_05,2024-02-12 16:00,0.9,68.2,15.6
ST_06,2024-02-12 17:00,6.5,38.7,21.4
ST_07,2024-02-12 18:00,26.5,35.3,8.4
ST_08,2024-02-12 19:00,18.4,84.3,16.1
ST_09,2024-02-12 20:00,18.2,43.6,1.5
ST_10,2024-02-12 21:00,45,72.3,23.2
ST_11,2024-02-12 22:00,10.2,74.2,27.9
ST_12,2024-02-12 23:00,15.2,30.3,0.1
ST_13,2024-02-13 00:00,25.2,39.4,9.5
ST_14,2024-02-13 01:00,25.8,59.7,16.5
ST_15,2024-02-13 02:00,-8.9,42.5,29.0
ST_16,2024-02-13 03:00,5.5,44.5,13.5
ST_17,2024-02-13 04:00,23.3,49.1,15.4
ST_18,2024-02-13 05:00,14.6,45.2,6.3
ST_19,2024-02-13 06:00,22.9,37.3,1.2
ST_20,2024-02-13 07:00,7.4,65.6,13.6
ST_01,2024-02-13 08:00,17.9,68.0,1.9
ST_02,2024-02-13 09:00,5.4,82.0,13.9
ST_03,2024-02-13 10:00,16.3,88.4,3.5
ST_04,2024-02-13 11:00,26.7,88.5,6.2
ST_05,2024-02-13 12:00,2.2,30.8,16.5
ST_06,2024-02-13 13:00,24.5,79.9,12.9
ST_07,2024-02-13 14:00,21.9,64.5,9.9
ST_08,2024-02-13 15:00,7.9,68.8,1.2
ST_09,2024-02-13 16:00,10.1,52.6,3.7
ST_10,2024-02-13 17:00,7.8,78.4,7.3
ST_11,2024-02-13 18:00,-1.5,65.3,14.1
ST_12,2024-02-13 19:00,23.5,86.9,26.0
ST_13,2024-02-13 20:00,16.5,79.9,7.8
ST_14,2024-02-13 21:00,28.9,53.2,8.0
ST_15,2024-02-13 22:00,33.2,51.0,13.4
ST_16,2024-02-13 23:00,33.3,82.8,29.9
ST_17,2024-02-14 00:00,16.0,68.4,27.9
ST_18,2024-02-14 01:00,14.9,43.9,12.2
ST_19,2024-02-14 02:00,14.0,42.0,8.6
ST_20,2024-02-14 03:00,22.7,49.2,25.8
ST_01,2024-02-14 04:00,0.5,35.1,0.9
ST_02,2024-02-14 05:00,28.0,63.7,9.1
ST_03,2024-02-14 06:00,13.8,87.3,18.4
ST_04,2024-02-14 07:00,19.2,36.1,7.2
ST_05,2024-02-14 08:00,12.4,41.1,29.7
ST_06,2024-02-14 09:00,25.4,77.2,5.2
ST_07,2024-02-14 10:00,23.7,62.1,18.5
ST_08,2024-02-14 11:00,7.3,46.5,25.1
ST_09,2024-02-14 12:00,28.5,81.9,12.2
ST_10,2024-02-14 13:00,31.6,53.4,19.3
ST_11,2024-02-14 14:00,23.9,32.3,2.1
ST_12,2024-02-14 15:00,15.4,77.0,10.9
ST_13,2024-02-14 16:00,21.6,81.3,2.3
ST_14,2024-02-14 17:00,20.8,47.8,29.7
ST_15,2024-02-14 18:00,15.6,51.1,28.7
ST_16,2024-02-14 19:00,19.1,70.7,3.1
ST_17,2024-02-14 20:00,7.4,75.2,7.0
ST_18,2024-02-14 21:00,9.3,39.7,28.8
ST_19,2024-02-14 22:00,12.7,89.0,0.1
ST_20,2024-02-14 23:00,12.6,62.5,29.2
ST_01,2024-02-15 00:00,18.0,61.0,15.3
ST_02,2024-02-15 01:00,36.7,54.3,17.5
ST_03,2024-02-15 02:00,18.2,87.1,18.3
ST_04,2024-02-15 03:00,19.0,32.1,9.9
ST_05,2024-02-15 04:00,15.0,55.6,24.1
ST_06,2024-02-15 05:00,-6.5,43.7,14.3
ST_07,2024-02-15 06:00,-0.8,60.6,19.3
ST_08,2024-02-15 07:00,18.0,85.1,8.3
ST_09,2024-02-15 08:00,18.8,51.2,9.1
ST_10,2024-02-15 09:00,20.5,74.2,16.8
ST_11,2024-02-15 10:00,3.0,49.2,12.2
ST_12,2024-02-15 11:00,20.4,89.7,15.2
ST_13,2024-02-15 12:00,8.4,85.8,17.4
ST_14,2024-02-15 13:00,24.7,61.8,10.8
ST_15,2024-02-15 14:00,13.7,42.5,1.2
ST_16,2024-02-15 15:00,26.7,37.1,19.8
ST_17,2024-02-15 16:00,26.7,35.6,7.0
ST_18,2024-02-15 17:00,-1.6,43.2,29.1
ST_19,2024-02-15 18:00,-13.4,79.5,15.0
ST_20,2024-02-15 19:00,-1.5,31.2,29.2
ST_01,2024-02-15 20:00,19.4,38.0,25.2
ST_02,2024-02-15 21:00,8.4,60.8,0.0
ST_03,2024-02-15 22:00,23.2,66.3,14.1
ST_04,2024-02-15 23:00,21.2,77.7,19.0
ST_05,2024-02-16 00:00,14.3,87.3,28.1
ST_06,2024-02-16 01:00,25.6,63.0,11.3
ST_07,2024-02-16 02:00,15.4,69.4,26.3
ST_08,2024-02-16 03:00,21.6,45.8,19.2
ST_09,2024-02-16 04:00,22.8,73.8,10.9
ST_10,2024-02-16 05:00,33.1,44.2,23.6
ST_11,2024-02-16 06:00,34.0,56.2,23.8
ST_12,2024-02-16 07:00,9.5,84.7,14.2
ST_13,2024-02-16 08:00,10.4,71.2,22.9
ST_14,2024-02-16 09:00,18.7,39.6,14.4
ST_15,2024-02-16 10:00,20.4,37.1,15.4
ST_16,2024-02-16 11:00,12.1,80.2,10.0
ST_17,2024-02-16 12:00,31.6,62.0,20.5
ST_18,2024-02-16 13:00,17.3,40.9,11.9
ST_19,2024-02-16 14:00,7.5,31.6,19.8
ST_20,2024-02-16 15:00,25.7,71.0,8.6
ST_01,2024-02-16 16:00,16.3,46.0,8.1
ST_02,2024-02-16 17:00,12.2,55.8,9.1
ST_03,2024-02-16 18:00,2.1,76.6,12.5
ST_04,2024-02-16 19:00,22.0,58.3,17.1
ST_05,2024-02-16 20:00,16.6,75.7,18.9
ST_06,2024-02-16 21:00,25.8,69.4,25.0
ST_07,2024-02-16 22:00,9.3,42.7,29.1
ST_08,2024-02-16 23:00,4.1,35.3,13.6
ST_09,2024-02-17 00:00,-4.5,43.5,17.3
ST_10,2024-02-17 01:00,24.9,77.4,24.5
ST_11,2024-02-17 02:00,26.6,41.0,10.1
ST_12,2024-02-17 03:00,15.6,87.9,16.2
ST_13,2024-02-17 04:00,11.2,71.6,6.1
ST_14,2024-02-17 05:00,28.9,34.7,20.6
ST_15,2024-02-17 06:00,17.7,31.9,24.8
ST_16,2024-02-17 07:00,11.2,36.0,28.1
ST_17,2024-02-17 08:00,21.5,62.1,16.7
ST_18,2024-02-17 09:00,21.8,51.6,4.2
ST_19,2024-02-17 10:00,5.7,50.1,6.7
ST_20,2024-02-17 11:00,5.6,35.3,0.5
ST_01,2024-02-17 12:00,23.5,42.2,16.7
ST_02,2024-02-17 13:00,22.5,49.0,22.5
ST_03,2024-02-17 14:00,17.5,74.6,15.1
ST_04,2024-02-17 15:00,14.2,66.9,5.0
ST_05,2024-02-17 16:00,30.0,32.8,29.1
ST_06,2024-02-17 17:00,12.9,63.1,9.2
ST_07,2024-02-17 18:00,14.1,31.9,1.8
ST_08,2024-02-17 19:00,14.1,30.5,15.2
ST_09,2024-02-17 20:00,1.9,64.9,3.4
ST_10,2024-02-17 21:00,3.5,72.6,0.6
ST_11,2024-02-17 22:00,5.4,52.3,6.6
ST_12,2024-02-17 23:00,18.8,84.3,29.7
ST_13,2024-02-18 00:00,21.7,56.6,28.4
ST_14,2024-02-18 01:00,1.8,64.1,6.5
ST_15,2024-02-18 02:00,-3.1,80.5,15.3
ST_16,2024-02-18 03:00,13.5,82.8,9.4
ST_17,2024-02-18 04:00,6.3,84.8,16.2
ST_18,2024-02-18 05:00,10.3,46.0,13.4
ST_19,2024-02-18 06:00,8.2,68.0,0.1
ST_20,2024-02-18 07:00,33.5,73.8,8.6
ST_01,2024-02-18 08:00,22.5,42.8,18.9
ST_02,2024-02-18 09:00,-3.3,88.0,12.9
ST_03,2024-02-18 10:00,15.4,59.0,23.1
ST_04,2024-02-18 11:00,13.9,40.3,26.1
ST_05,2024-02-18 12:00,-1.0,52.9,22.1
ST_06,2024-02-18 13:00,2.7,84.8,14.7
ST_07,2024-02-18 14:00,-8.9,59.3,19.9
ST_08,2024-02-18 15:00,11.6,64.0,26.3
ST_09,2024-02-18 16:00,23.3,78.6,5.7
ST_10,2024-02-18 17:00,7.9,86.8,25.3
ST_11,2024-02-18 18:00,1.4,58.9,20.4
ST_12,2024-02-18 19:00,19.8,86.6,3.4
ST_13,2024-02-18 20:00,-6.1,57.8,8.9
ST_14,2024-02-18 21:00,16.2,47.9,7.8
ST_15,2024-02-18 22:00,11.4,77.4,17.3
ST_16,2024-02-18 23:00,13.4,41.8,8.8
ST_17,2024-02-19 00:00,20.2,65.2,10.8
ST_18,2024-02-19 01:00,25.6,53.1,3.1
ST_19,2024-02-19 02:00,20.1,51.1,27.9
ST_20,2024-02-19 03:00,29.5,66.4,9.1
ST_01,2024-02-19 04:00,21.2,55.4,11.7
ST_02,2024-02-19 05:00,13.8,68.4,8.1
ST_03,2024-02-19 06:00,38.1,63.6,5.0
ST_04,2024-02-19 07:00,21.6,30.5,23.5
ST_05,2024-02-19 08:00,13.0,62.0,12.0
ST_06,2024-02-19 09:00,22.2,81.7,29.9
ST_07,2024-02-19 10:00,30.9,46.1,22.2
ST_08,2024-02-19 11:00,5.6,37.7,8.2
ST_09,2024-02-19 12:00,15.7,46.6,17.9
ST_10,2024-02-19 13:00,6.2,62.3,18.3
ST_11,2024-02-19 14:00,6.9,57.6,7.4
ST_12,2024-02-19 15:00,26.6,63.5,6.3
ST_13,2024-02-19 16:00,23.6,50.6,8.4
ST_14,2024-02-19 17:00,22.8,33.0,4.0
ST_15,2024-02-19 18:00,28.6,51.4,22.2
ST_16,2024-02-19 19:00,19.7,88.4,2.4
ST_17,2024-02-19 20:00,12.7,37.5,22.0
ST_18,2024-02-19 21:00,27.5,49.7,10.7
ST_19,2024-02-19 22:00,6.6,81.2,16.4
ST_20,2024-02-19 23:00,1.6,52.6,24.3
ST_01,2024-02-20 00:00,9.3,45.3,5.9
ST_02,2024-02-20 01:00,32.0,59.6,16.4
ST_03,2024-02-20 02:00,40.1,82.9,21.4
ST_04,2024-02-20 03:00,24.4,43.9,25.2
ST_05,2024-02-20 04:00,-3.2,84.1,6.7
ST_06,2024-02-20 05:00,6.4,55.9,29.6
ST_07,2024-02-20 06:00,0.8,45.7,19.8
ST_08,2024-02-20 07:00,4.5,71.2,1.7
ST_09,2024-02-20 08:00,14.0,79.1,9.4
ST_10,2024-02-20 09:00,1.0,34.1,19.2
ST_11,2024-02-20 10:00,17.7,42.4,20.2
ST_12,2024-02-20 11:00,4.1,64.3,2.2
ST_13,2024-02-20 12:00,11.1,46.3,18.5
ST_14,2024-02-20 13:00,19.9,54.7,12.8
ST_15,2024-02-20 14:00,17.5,80.5,22.7
ST_16,2024-02-20 15:00,26.8,66.1,20.2
ST_17,2024-02-20 16:00,28.0,84.1,23.3
ST_18,2024-02-20 17:00,8.7,39.1,8.2
ST_19,2024-02-20 18:00,21.2,87.0,18.2
ST_20,2024-02-20 19:00,4.1,45.8,16.4
ST_01,2024-02-20 20:00,39.1,34.9,19.3
ST_02,2024-02-20 21:00,-0.3,30.7,29.0
ST_03,2024-02-20 22:00,12.5,78.5,25.3
ST_04,2024-02-20 23:00,10.8,49.9,28.8
ST_05,2024-02-21 00:00,13.2,42.4,1.4
ST_06,2024-02-21 01:00,15.0,54.1,16.8
ST_07,2024-02-21 02:00,6.0,87.8,0.3
ST_08,2024-02-21 03:00,21.2,78.3,14.5
ST_09,2024-02-21 04:00,29.6,74.5,17.0
ST_10,2024-02-21 05:00,-5.6,64.8,21.0
ST_11,2024-02-21 06:00,3.2,50.8,19.3
ST_12,2024-02-21 07:00,19.0,64.5,25.4
ST_13,2024-02-21 08:00,16.3,45.9,7.5
ST_14,2024-02-21 09:00,21.4,62.3,26.2
ST_15,2024-02-21 10:00,2.0,60.9,16.8
ST_16,2024-02-21 11:00,25.1,73.0,27.3
ST_17,2024-02-21 12:00,14.4,51.4,10.5
ST_18,2024-02-21 13:00,30.1,70.4,18.7
ST_19,2024-02-21 14:00,29.8,55.9,12.9
ST_20,2024-02-21 15:00,9.3,75.3,13.3
ST_01,2024-02-21 16:00,9.3,43.0,23.8
ST_02,2024-02-21 17:00,2.9,82.7,14.1
ST_03,2024-02-21 18:00,15.5,35.7,17.9
ST_04,2024-02-21 19:00,33.4,88.1,18.2
ST_05,2024-02-21 20:00,4.6,59.9,21.1
ST_06,2024-02-21 21:00,-14.8,82.9,2.6
ST_07,2024-02-21 22:00,14.8,61.2,8.8
ST_08,2024-02-21 23:00,9.5,79.2,26.6
ST_09,2024-02-22 00:00,17.9,34.4,20.4
ST_10,2024-02-22 01:00,14.0,52.8,29.4
ST_11,2024-02-22 02:00,14.6,87.5,22.3
ST_12,2024-02-22 03:00,32.3,49.9,26.2
ST_13,2024-02-22 04:00,27.4,50.7,24.1
ST_14,2024-02-22 05:00,14.0,49.1,1.8
ST_15,2024-02-22 06:00,13.5,51.8,16.9
ST_16,2024-02-22 07:00,26.7,57.0,16.8
ST_17,2024-02-22 08:00,10.8,36.4,3.8
ST_18,2024-02-22 09:00,9.5,50.4,22.2
ST_19,2024-02-22 10:00,7.4,54.1,5.8
ST_20,2024-02-22 11:00,16.1,69.0,3.9
ST_01,2024-02-22 12:00,34.4,34.8,1.6
ST_02,2024-02-22 13:00,9.0,88.1,15.0
ST_03,2024-02-22 14:00,5.7,32.2,26.1
ST_04,2024-02-22 15:00,16.1,39.5,5.7
ST_05,2024-02-22 16:00,0.7,63.1,18.4
ST_06,2024-02-22 17:00,22.8,66.4,8.3
ST_07,2024-02-22 18:00,7.9,74.5,27.0
ST_08,2024-02-22 19:00,14.5,84.6,4.5
ST_09,2024-02-22 20:00,-6.8,59.4,24.3
ST_10,2024-02-22 21:00,25.4,87.8,11.8
ST_11,2024-02-22 22:00,14.2,59.5,27.8
ST_12,2024-02-22 23:00,13.1,73.3,0.3
ST_13,2024-02-23 00:00,-3.6,59.4,24.1
ST_14,2024-02-23 01:00,7.0,47.7,25.5
ST_15,2024-02-23 02:00,6.4,53.1,20.1
ST_16,2024-02-23 03:00,16.2,86.4,11.4
ST_17,2024-02-23 04:00,-1.3,77.6,23.7
ST_18,2024-02-23 05:00,14.9,65.2,15.9
ST_19,2024-02-23 06:00,38.4,43.2,3.7
ST_20,2024-02-23 07:00,14.6,71.8,25.1
ST_01,2024-02-23 08:00,11.6,56.2,8.8
ST_02,2024-02-23 09:00,16.8,71.5,22.0
ST_03,2024-02-23 10:00,20.4,70.4,13.4
ST_04,2024-02-23 11:00,10.9,39.1,7.0
ST_05,2024-02-23 12:00,12.9,71.9,27.9
ST_06,2024-02-23 13:00,14.3,59.7,20.2
ST_07,2024-02-23 14:00,24.6,65.7,13.0
ST_08,2024-02-23 15:00,26.9,81.8,6.9
ST_09,2024-02-23 16:00,12.7,65.8,13.2
ST_10,2024-02-23 17:00,12.4,69.4,5.8
ST_11,2024-02-23 18:00,13.8,31.8,26.9
ST_12,2024-02-23 19:00,23.1,49.5,5.0
ST_13,2024-02-23 20:00,11.9,37.3,9.4
ST_14,2024-02-23 21:00,9.5,40.0,15.5
ST_15,2024-02-23 22:00,4.6,78.7,27.2
ST_16,2024-02-23 23:00,11.4,85.1,6.5
ST_17,2024-02-24 00:00,21.0,56.1,4.5
ST_18,2024-02-24 01:00,-5.6,63.8,26.4
ST_19,2024-02-24 02:00,18.7,88.3,26.6
ST_20,2024-02-24 03:00,19.0,31.3,6.9
ST_01,2024-02-24 04:00,24.6,48.3,23.6
ST_02,2024-02-24 05:00,5.1,83.2,16.2
ST_03,2024-02-24 06:00,35.3,65.3,17.5
ST_04,2024-02-24 07:00,-8.6,42.5,15.8
ST_05,2024-02-24 08:00,10.8,44.1,25.7
ST_06,2024-02-24 09:00,26.8,82.3,16.4
ST_07,2024-02-24 10:00,12.9,61.9,5.7
ST_08,2024-02-24 11:00,-2.7,40.9,11.5
ST_09,2024-02-24 12:00,8.7,84.6,0.8
ST_10,2024-02-24 13:00,8.9,55.0,29.7
ST_11,2024-02-24 14:00,19.0,38.1,16.6
ST_12,2024-02-24 15:00,19.9,54.1,10.5
ST_13,2024-02-24 16:00,42.8,85.9,14.0
ST_14,2024-02-24 17:00,25.2,44.7,14.6
ST_15,2024-02-24 18:00,21.2,42.3,15.6
ST_16,2024-02-24 19:00,-1.2,82.8,17.8
ST_17,2024-02-24 20:00,8.1,45.5,0.5
ST_18,2024-02-24 21:00,24.8,79.7,18.2
ST_19,2024-02-24 22:00,25.0,68.1,9.1
ST_20,2024-02-24 23:00,20.2,51.1,13.4
ST_01,2024-02-25 00:00,14.1,74.4,6.2
ST_02,2024-02-25 01:00,12.9,65.3,13.7
ST_03,2024-02-25 02:00,22.9,60.5,21.3
ST_04,2024-02-25 03:00,7.6,35.9,9.5
ST_05,2024-02-25 04:00,20.6,67.2,0.9
ST_06,2024-02-25 05:00,1.7,40.4,9.6
ST_07,2024-02-25 06:00,0.0,79.7,27.8
ST_08,2024-02-25 07:00,-3.9,73.3,9.3
ST_09,2024-02-25 08:00,13.9,57.7,4.6
ST_10,2024-02-25 09:00,21.1,89.0,11.3
ST_11,2024-02-25 10:00,8.7,35.1,8.6
ST_12,2024-02-25 11:00,11.2,68.3,13.9
ST_13,2024-02-25 12:00,5.5,46.0,27.3
ST_14,2024-02-25 13:00,-3.4,53.2,25.8
ST_15,2024-02-25 14:00,-3.7,72.5,12.9
ST_16,2024-02-25 15:00,5.0,69.3,24.6
ST_17,2024-02-25 16:00,30.0,53.6,15.0
ST_18,2024-02-25 17:00,21.4,31.0,29.0
ST_19,2024-02-25 18:00,9.0,60.5,11.9
ST_20,2024-02-25 19:00,16.6,45.0,3.4
ST_01,2024-02-25 20:00,3.1,63.0,20.6
ST_02,2024-02-25 21:00,4.0,38.8,22.8
ST_03,2024-02-25 22:00,-5.8,76.9,3.8
ST_04,2024-02-25 23:00,25.3,32.9,23.2
ST_05,2024-02-26 00:00,8.5,44.7,1.8
ST_06,2024-02-26 01:00,31.3,35.4,9.3
ST_07,2024-02-26 02:00,16.9,80.1,2.8
ST_08,2024-02-26 03:00,15.2,65.4,10.1
ST_09,2024-02-26 04:00,23.8,55.6,25.3
ST_10,2024-02-26 05:00,16.9,71.8,25.5
ST_11,2024-02-26 06:00,0.7,74.6,16.5
ST_12,2024-02-26 07:00,9.3,48.4,5.7
ST_13,2024-02-26 08:00,31.7,56.9,0.2
ST_14,2024-02-26 09:00,17.8,42.0,24.9
ST_15,2024-02-26 10:00,23.4,70.9,1.4
ST_16,2024-02-26 11:00,18.3,78.0,6.8
ST_17,2024-02-26 12:00,18.5,36.1,0.4
ST_18,2024-02-26 13:00,9.4,68.1,26.2
ST_19,2024-02-26 14:00,19.0,36.7,27.8
ST_20,2024-02-26 15:00,20.8,73.3,3.7
ST_01,2024-02-26 16:00,0.6,83.1,0.3
ST_02,2024-02-26 17:00,11.7,73.4,22.2
ST_03,2024-02-26 18:00,23.3,54.6,8.9
ST_04,2024-02-26 19:00,3.7,66.3,8.2
ST_05,2024-02-26 20:00,12.6,51.7,29.6
ST_06,2024-02-26 21:00,14.4,80.4,10.3
ST_07,2024-02-26 22:00,15.2,77.5,7.1
ST_08,2024-02-26 23:00,21.3,52.3,28.9
ST_09,2024-02-27 00:00,13.5,84.1,15.9
ST_10,2024-02-27 01:00,31.0,32.0,12.3
ST_11,2024-02-27 02:00,13.5,32.1,22.6
ST_12,2024-02-27 03:00,-5.1,88.2,18.7
ST_13,2024-02-27 04:00,17.8,31.3,0.4
ST_14,2024-02-27 05:00,29.6,77.3,21.8
ST_15,2024-02-27 06:00,5.6,64.0,13.4
ST_16,2024-02-27 07:00,11.5,32.2,6.6
ST_17,2024-02-27 08:00,-8.7,64.7,13.1
ST_18,2024-02-27 09:00,4.8,38.0,19.8
ST_19,2024-02-27 10:00,-0.9,67.2,14.5
ST_20,2024-02-27 11:00,-0.1,78.0,9.0
ST_01,2024-02-27 12:00,26.1,82.8,26.8
ST_02,2024-02-27 13:00,32.9,35.8,15.8
ST_03,2024-02-27 14:00,23.1,87.3,7.2
ST_04,2024-02-27 15:00,25.0,66.3,7.7
ST_05,2024-02-27 16:00,0.8,37.3,1.6
ST_06,2024-02-27 17:00,12.9,54.3,29.3
ST_07,2024-02-27 18:00,7.1,83.2,3.3
ST_08,2024-02-27 19:00,13.0,53.0,1.0
ST_09,2024-02-27 20:00,20.6,89.6,19.4
ST_10,2024-02-27 21:00,5.7,51.6,12.7
ST_11,2024-02-27 22:00,4.0,87.7,9.3
ST_12,2024-02-27 23:00,9.2,81.0,13.0
ST_13,2024-02-28 00:00,2.8,83.7,14.8
ST_14,2024-02-28 01:00,14.6,44.6,26.9
ST_15,2024-02-28 02:00,18.5,51.9,19.5
ST_16,2024-02-28 03:00,28.7,45.2,16.2
ST_17,2024-02-28 04:00,15.1,76.1,27.3
ST_18,2024-02-28 05:00,4.2,66.4,7.2
ST_19,2024-02-28 06:00,7.2,56.9,24.7
ST_20,2024-02-28 07:00,4.9,57.1,18.9
ST_01,2024-02-28 08:00,20.6,34.1,12.0
ST_02,2024-02-28 09:00,20.0,63.7,19.2
ST_03,2024-02-28 10:00,5.4,81.4,0.1
ST_04,2024-02-28 11:00,12.5,81.4,28.9
ST_05,2024-02-28 12:00,20.9,42.2,27.9
ST_06,2024-02-28 13:00,34.0,54.5,20.0
ST_07,2024-02-28 14:00,7.4,72.8,29.6
ST_08,2024-02-28 15:00,13.2,59.7,7.7
ST_09,2024-02-28 16:00,16.5,66.6,1.7
ST_10,2024-02-28 17:00,32.5,87.8,6.5
ST_11,2024-02-28 18:00,14.9,46.6,19.2
ST_12,2024-02-28 19:00,9.5,74.4,17.2
ST_13,2024-02-28 20:00,20.3,85.1,29.7
ST_14,2024-02-28 21:00,24.2,68.6,11.1
ST_15,2024-02-28 22:00,11.3,70.5,13.9
ST_16,2024-02-28 23:00,8.5,37.4,3.8
ST_17,2024-02-29 00:00,12.1,81.9,8.3
ST_18,2024-02-29 01:00,7.5,68.1,23.0
ST_19,2024-02-29 02:00,3.4,41.2,18.5
ST_20,2024-02-29 03:00,5.7,68.0,23.4
ST_01,2024-02-29 04:00,22.6,72.8,15.0
ST_02,2024-02-29 05:00,4.8,41.6,0.8
ST_03,2024-02-29 06:00,23.7,53.7,2.9
ST_04,2024-02-29 07:00,7.2,69.7,25.5
ST_05,2024-02-29 08:00,6.2,88.8,28.9
ST_06,2024-02-29 09:00,12.9,54.4,16.6
ST_07,2024-02-29 10:00,28.8,68.2,9.0
ST_08,2024-02-29 11:00,9.5,45.0,25.2
ST_09,2024-02-29 12:00,7.8,66.9,11.9
ST_10,2024-02-29 13:00,23.6,43.0,21.7
ST_11,2024-02-29 14:00,30.7,69.4,10.0
ST_12,2024-02-29 15:00,9.2,76.3,7.9
ST_13,2024-02-29 16:00,11.3,34.5,21.0
ST_14,2024-02-29 17:00,5.7,79.9,19.3
ST_15,2024-02-29 18:00,5.2,42.3,3.5
ST_16,2024-02-29 19:00,19.2,83.3,13.0
ST_17,2024-02-29 20:00,22.5,78.2,21.1
ST_18,2024-02-29 21:00,10.4,36.6,6.5
ST_19,2024-02-29 22:00,16.1,38.0,17.9
ST_20,2024-02-29 23:00,2.3,60.3,3.4
ST_01,2024-03-01 00:00,14.1,41.3,25.3
ST_02,2024-03-01 01:00,11.1,34.1,15.9
ST_03,2024-03-01 02:00,20.7,47.4,24.3
ST_04,2024-03-01 03:00,5.1,62.6,21.5
ST_05,2024-03-01 04:00,7.8,64.4,26.0
ST_06,2024-03-01 05:00,17.4,67.6,13.3
ST_07,2024-03-01 06:00,22.2,59.7,2.0
ST_08,2024-03-01 07:00,13.9,58.7,7.6
ST_09,2024-03-01 08:00,17.7,51.8,27.8
ST_10,2024-03-01 09:00,14.9,47.5,7.9
ST_11,2024-03-01 10:00,9.8,46.2,10.6
ST_12,2024-03-01 11:00,7.8,56.7,25.8
ST_13,2024-03-01 12:00,9.6,39.6,19.6
ST_14,2024-03-01 13:00,17.2,54.5,13.3
ST_15,2024-03-01 14:00,11.5,60.7,13.6
ST_16,2024-03-01 15:00,24.6,45.8,3.8
ST_17,2024-03-01 16:00,8.2,30.0,25.0
ST_18,2024-03-01 17:00,18.2,69.2,25.3
ST_19,2024-03-01 18:00,29.7,76.9,22.1
ST_20,2024-03-01 19:00,14.4,80.4,20.4
ST_01,2024-03-01 20:00,3.7,30.8,27.3
ST_02,2024-03-01 21:00,25.8,66.5,10.6
ST_03,2024-03-01 22:00,-4.6,89.5,11.0
ST_04,2024-03-01 23:00,4.1,42.7,15.6
ST_05,2024-03-02 00:00,10.8,54.8,15.7
ST_06,2024-03-02 01:00,20.0,73.4,2.2
ST_07,2024-03-02 02:00,11.4,75.2,0.9
ST_08,2024-03-02 03:00,15.4,77.7,16.0
ST_09,2024-03-02 04:00,15.2,67.8,19.9
ST_10,2024-03-02 05:00,16.2,32.5,23.5
ST_11,2024-03-02 06:00,8.9,32.8,1.0
ST_12,2024-03-02 07:00,20.3,40.3,20.3
ST_13,2024-03-02 08:00,23.7,81.1,25.9
ST_14,2024-03-02 09:00,1.7,89.2,1.2
ST_15,2024-03-02 10:00,28.3,46.7,17.1
ST_16,2024-03-02 11:00,13.6,35.0,19.7
ST_17,2024-03-02 12:00,23.0,54.1,29.8
ST_18,2024-03-02 13:00,6.5,39.8,5.9
ST_19,2024-03-02 14:00,34.2,62.2,23.4
ST_20,2024-03-02 15:00,7.9,30.5,18.4
ST_01,2024-03-02 16:00,10.7,40.1,12.0
ST_02,2024-03-02 17:00,15.5,72.5,22.2
ST_03,2024-03-02 18:00,21.5,60.8,8.5
ST_04,2024-03-02 19:00,9.2,64.0,25.9
ST_05,2024-03-02 20:00,11.1,84.6,28.7
ST_06,2024-03-02 21:00,21.3,72.5,16.7
ST_07,2024-03-02 22:00,16.3,40.7,11.1
ST_08,2024-03-02 23:00,20.1,57.3,26.6
ST_09,2024-03-03 00:00,7.8,75.3,27.5
ST_10,2024-03-03 01:00,10.1,78.1,3.3
ST_11,2024-03-03 02:00,11.0,49.2,17.0
ST_12,2024-03-03 03:00,18.7,42.9,3.1
ST_13,2024-03-03 04:00,18.2,44.1,8.2
ST_14,2024-03-03 05:00,4.1,50.1,19.3
ST_15,2024-03-03 06:00,14.9,57.3,0.5
ST_16,2024-03-03 07:00,12.9,60.6,16.2
ST_17,2024-03-03 08:00,2.7,74.7,5.4
ST_18,2024-03-03 09:00,13.4,31.0,15.3
ST_19,2024-03-03 10:00,24.6,40.7,23.4
ST_20,2024-03-03 11:00,18.5,78.3,15.9
ST_01,2024-03-03 12:00,-5.1,58.1,3.5
ST_02,2024-03-03 13:00,29.6,54.0,25.0
ST_03,2024-03-03 14:00,15.8,37.7,7.9
ST_04,2024-03-03 15:00,20.6,75.1,18.2
ST_05,2024-03-03 16:00,2.0,67.8,28.0
ST_06,2024-03-03 17:00,7.9,38.6,27.8
ST_07,2024-03-03 18:00,13.6,66.2,29.1
ST_08,2024-03-03 19:00,14.0,48.4,18.8
ST_09,2024-03-03 20:00,-5.0,34.4,4.9
ST_10,2024-03-03 21:00,9.0,69.0,21.3
ST_11,2024-03-03 22:00,33.0,49.8,13.9
ST_12,2024-03-03 23:00,26.1,72.3,16.2
ST_13,2024-03-04 00:00,8.1,67.4,19.2
ST_14,2024-03-04 01:00,25.3,37.6,12.1
ST_15,2024-03-04 02:00,14.3,73.5,26.9
ST_16,2024-03-04 03:00,13.4,88.8,14.6
ST_17,2024-03-04 04:00,22.7,62.0,8.5
ST_18,2024-03-04 05:00,4.2,41.4,22.7
ST_19,2024-03-04 06:00,-1.4,35.8,12.1
ST_20,2024-03-04 07:00,36.5,61.3,12.1
ST_01,2024-03-04 08:00,10.3,84.6,11.8
ST_02,2024-03-04 09:00,10.1,74.2,16.8
ST_03,2024-03-04 10:00,10.1,36.3,21.3
ST_04,2024-03-04 11:00,27.9,80.3,18.0
ST_05,2024-03-04 12:00,11.2,77.9,19.7
ST_06,2024-03-04 13:00,2.2,54.9,10.3
ST_07,2024-03-04 14:00,22.6,52.9,19.5
ST_08,2024-03-04 15:00,6.6,82.7,25.6
ST_09,2024-03-04 16:00,10.4,56.1,18.1
ST_10,2024-03-04 17:00,22.7,35.2,26.8
ST_11,2024-03-04 18:00,21.5,46.6,22.5
ST_12,2024-03-04 19:00,9.1,56.3,20.2
ST_13,2024-03-04 20:00,26.2,56.4,2.0
ST_14,2024-03-04 21:00,3.1,41.2,21.1
ST_15,2024-03-04 22:00,2.7,40.6,1.4
ST_16,2024-03-04 23:00,1.9,61.7,0.3
ST_17,2024-03-05 00:00,20.4,85.3,15.6
ST_18,2024-03-05 01:00,17.9,31.5,25.5
ST_19,2024-03-05 02:00,16.2,88.3,9.4
ST_20,2024-03-05 03:00,22.7,62.9,15.0
ST_01,2024-03-05 04:00,19.5,78.1,13.9
ST_02,2024-03-05 05:00,12.9,85.8,15.7
ST_03,2024-03-05 06:00,-3.2,39.6,8.5
ST_04,2024-03-05 07:00,10.8,89.4,17.5
ST_05,2024-03-05 08:00,1.8,36.4,8.5
ST_06,2024-03-05 09:00,13.6,83.2,9.4
ST_07,2024-03-05 10:00,17.0,43.1,9.7
ST_08,2024-03-05 11:00,16.9,51.7,28.2
ST_09,2024-03-05 12:00,7.1,87.0,18.6
ST_10,2024-03-05 13:00,4.1,57.7,22.2
ST_11,2024-03-05 14:00,12.8,79.8,24.5
ST_12,2024-03-05 15:00,4.3,64.7,2.4
ST_13,2024-03-05 16:00,11.0,56.5,11.5
ST_14,2024-03-05 17:00,9.2,39.2,11.9
ST_15,2024-03-05 18:00,22.3,46.3,28.7
ST_16,2024-03-05 19:00,30.3,53.6,13.5
ST_17,2024-03-05 20:00,18.2,42.9,8.6
ST_18,2024-03-05 21:00,4.0,56.7,16.8
ST_19,2024-03-05 22:00,24.9,58.4,23.6
ST_20,2024-03-05 23:00,40.8,34.9,3.3
ST_01,2024-03-06 00:00,-2.2,52.1,29.8
ST_02,2024-03-06 01:00,8.4,84.3,26.8
ST_03,2024-03-06 02:00,28.2,65.0,23.7
ST_04,2024-03-06 03:00,11.0,43.3,12.6
ST_05,2024-03-06 04:00,21.3,49.9,20.2
ST_06,2024-03-06 05:00,18.4,80.5,1.6
ST_07,2024-03-06 06:00,29.0,50.2,17.2
ST_08,2024-03-06 07:00,12.3,75.4,11.7
ST_09,2024-03-06 08:00,-2.3,39.3,25.5
ST_10,2024-03-06 09:00,11.3,70.7,13.3
ST_11,2024-03-06 10:00,24.1,74.6,26.8
ST_12,2024-03-06 11:00,21.7,31.1,18.2
ST_13,2024-03-06 12:00,20.6,67.7,21.5
ST_14,2024-03-06 13:00,37.3,78.0,15.3
ST_15,2024-03-06 14:00,7.1,63.1,10.1
ST_16,2024-03-06 15:00,15.0,42.4,1.3
ST_17,2024-03-06 16:00,8.1,60.8,18.6
ST_18,2024-03-06 17:00,0.9,70.6,18.9
ST_19,2024-03-06 18:00,13.4,78.9,22.3
ST_20,2024-03-06 19:00,25.2,31.8,4.6
ST_01,2024-03-06 20:00,14.8,32.9,28.0
ST_02,2024-03-06 21:00,-9.5,65.1,15.8
ST_03,2024-03-06 22:00,32.9,88.3,27.2
ST_04,2024-03-06 23:00,-4.4,69.2,6.5
ST_05,2024-03-07 00:00,14.5,42.8,3.4
ST_06,2024-03-07 01:00,-4.0,88.7,19.4
ST_07,2024-03-07 02:00,16.7,81.1,11.1
ST_08,2024-03-07 03:00,6.0,57.1,17.2
ST_09,2024-03-07 04:00,4.1,55.2,16.9
ST_10,2024-03-07 05:00,8.4,63.1,8.7
ST_11,2024-03-07 06:00,3.0,84.8,14.1
ST_12,2024-03-07 07:00,18.1,87.3,24.7
ST_13,2024-03-07 08:00,6.4,59.7,3.5
ST_14,2024-03-07 09:00,24.9,57.3,5.8
ST_15,2024-03-07 10:00,15.7,32.2,15.9
ST_16,2024-03-07 11:00,26.5,31.1,16.0
ST_17,2024-03-07 12:00,-3.9,38.9,21.8
ST_18,2024-03-07 13:00,16.9,68.0,19.5
ST_19,2024-03-07 14:00,18.3,58.3,4.1
ST_20,2024-03-07 15:00,13.9,75.5,24.4
ST_01,2024-03-07 16:00,2.3,66.9,26.3
ST_02,2024-03-07 17:00,24.5,57.0,5.6
ST_03,2024-03-07 18:00,1.0,78.9,9.8
ST_04,2024-03-07 19:00,12.5,47.1,26.5
ST_05,2024-03-07 20:00,5.5,83.7,18.7
ST_06,2024-03-07 21:00,9.9,66.0,6.3
ST_07,2024-03-07 22:00,23.4,83.4,10.1
ST_08,2024-03-07 23:00,-10.5,55.7,26.4
ST_09,2024-03-08 00:00,29.7,44.8,17.2
ST_10,2024-03-08 01:00,10.8,74.7,28.9
ST_11,2024-03-08 02:00,20.5,56.3,3.7
ST_12,2024-03-08 03:00,26.3,40.9,25.7
ST_13,2024-03-08 04:00,10.6,52.3,10.4
ST_14,2024-03-08 05:00,9.3,30.6,18.4
ST_15,2024-03-08 06:00,3.1,36.0,16.7
ST_16,2024-03-08 07:00,11.7,44.0,28.5
ST_17,2024-03-08 08:00,22.2,45.8,3.0
ST_18,2024-03-08 09:00,15.9,77.4,11.4
ST_19,2024-03-08 10:00,12.5,76.1,21.7
ST_20,2024-03-08 11:00,23.3,32.1,25.4
ST_01,2024-03-08 12:00,19.6,50.6,8.3
ST_02,2024-03-08 13:00,18.5,83.7,17.6
ST_03,2024-03-08 14:00,10.0,58.7,12.0
ST_04,2024-03-08 15:00,12.1,84.0,11.4
ST_05,2024-03-08 16:00,6.1,45.4,27.5
ST_06,2024-03-08 17:00,10.4,61.8,17.2
ST_07,2024-03-08 18:00,15.3,52.4,6.3
ST_08,2024-03-08 19:00,13.4,72.9,15.9
ST_09,2024-03-08 20:00,19.8,51.0,18.7
ST_10,2024-03-08 21:00,17.5,46.1,2.4
ST_11,2024-03-08 22:00,8.0,81.5,20.1
ST_12,2024-03-08 23:00,13.8,86.7,18.4
ST_13,2024-03-09 00:00,15.5,46.8,22.8
ST_14,2024-03-09 01:00,8.1,43.5,0.4
ST_15,2024-03-09 02:00,8.5,64.6,2.9
ST_16,2024-03-09 03:00,-3.5,49.9,27.0
ST_17,2024-03-09 04:00,-6.0,33.1,27.6
ST_18,2024-03-09 05:00,23.0,81.3,14.1
ST_19,2024-03-09 06:00,25.1,34.5,27.3
ST_20,2024-03-09 07:00,8.5,55.4,9.1
ST_01,2024-03-09 08:00,22.9,71.5,13.4
ST_02,2024-03-09 09:00,-6.0,53.9,29.2
ST_03,2024-03-09 10:00,8.8,61.3,19.6
ST_04,2024-03-09 11:00,10.3,37.9,19.3
ST_05,2024-03-09 12:00,9.9,30.3,23.8
ST_06,2024-03-09 13:00,31.4,86.4,13.3
ST_07,2024-03-09 14:00,13.1,55.7,4.8
ST_08,2024-03-09 15:00,-5.3,80.7,20.5
ST_09,2024-03-09 16:00,22.1,49.8,0.8
ST_10,2024-03-09 17:00,18.4,72.2,21.0
ST_11,2024-03-09 18:00,5.7,67.6,17.6
ST_12,2024-03-09 19:00,10.3,33.7,14.9
ST_13,2024-03-09 20:00,7.7,86.9,22.6
ST_14,2024-03-09 21:00,12.7,87.6,3.2
ST_15,2024-03-09 22:00,17.7,79.7,5.1
ST_16,2024-03-09 23:00,22.1,44.5,18.2
ST_17,2024-03-10 00:00,0.9,31.9,8.0
ST_18,2024-03-10 01:00,31.8,64.5,18.9
ST_19,2024-03-10 02:00,7.2,77.3,28.6
ST_20,2024-03-10 03:00,32.4,57.0,6.5
ST_01,2024-03-10 04:00,10.5,61.2,6.9
ST_02,2024-03-10 05:00,9.7,66.1,2.0
ST_03,2024-03-10 06:00,5.5,44.4,29.5
ST_04,2024-03-10 07:00,28.7,39.6,24.7
ST_05,2024-03-10 08:00,9.0,51.1,22.1
ST_06,2024-03-10 09:00,15.8,64.6,7.7
ST_07,2024-03-10 10:00,17.9,69.8,1.6
ST_08,2024-03-10 11:00,15.5,50.5,4.9
ST_09,2024-03-10 12:00,8.2,51.1,22.4
ST_10,2024-03-10 13:00,8.1,48.5,18.7
ST_11,2024-03-10 14:00,12.4,66.7,4.9
ST_12,2024-03-10 15:00,21.5,51.0,29.3
ST_13,2024-03-10 16:00,36.8,34.4,16.5
ST_14,2024-03-10 17:00,6.2,55.0,17.6
ST_15,2024-03-10 18:00,19.2,66.6,21.2
ST_16,2024-03-10 19:00,18.0,70.6,20.7
ST_17,2024-03-10 20:00,6.0,45.6,20.7
ST_18,2024-03-10 21:00,11.1,66.6,4.4
ST_19,2024-03-10 22:00,17.1,35.5,21.6
ST_20,2024-03-10 23:00,5.0,74.4,24.4
ST_01,2024-03-11 00:00,13.6,69.1,27.0
ST_02,2024-03-11 01:00,23.9,75.9,10.7
ST_03,2024-03-11 02:00,12.4,85.6,26.1
ST_04,2024-03-11 03:00,13.6,83.2,17.6
ST_05,2024-03-11 04:00,12.2,63.9,24.8
ST_06,2024-03-11 05:00,19.4,42.0,11.1
ST_07,2024-03-11 06:00,17.9,66.8,17.3
ST_08,2024-03-11 07:00,26.3,76.5,17.9
ST_09,2024-03-11 08:00,9.3,74.9,5.7
ST_10,2024-03-11 09:00,0.7,54.0,27.8
ST_11,2024-03-11 10:00,-4.1,39.0,13.8
ST_12,2024-03-11 11:00,19.6,81.0,17.7
ST_13,2024-03-11 12:00,16.7,39.6,14.1
ST_14,2024-03-11 13:00,26.4,39.9,28.0
ST_15,2024-03-11 14:00,17.4,83.1,13.6
ST_16,2024-03-11 15:00,23.6,63.6,0.9
ST_17,2024-03-11 16:00,26.8,38.6,14.0
ST_18,2024-03-11 17:00,20.6,50.6,12.5
ST_19,2024-03-11 18:00,17.2,65.9,12.5
ST_20,2024-03-11 19:00,34.0,75.1,20.4
ST_01,2024-03-11 20:00,13.3,68.4,22.5
ST_02,2024-03-11 21:00,13.0,41.5,13.0
ST_03,2024-03-11 22:00,17.7,85.0,21.7
ST_04,2024-03-11 23:00,16.2,84.2,17.8
ST_05,2024-03-12 00:00,4.9,78.9,29.9
ST_06,2024-03-12 01:00,4.4,65.9,8.2
ST_07,2024-03-12 02:00,5.9,69.8,11.7
ST_08,2024-03-12 03:00,21.5,59.5,20.5
ST_09,2024-03-12 04:00,18.7,46.2,9.8
ST_10,2024-03-12 05:00,18.1,62.9,3.4
ST_11,2024-03-12 06:00,18.5,72.5,11.2
ST_12,2024-03-12 07:00,12.0,49.8,2.5
ST_13,2024-03-12 08:00,18.6,32.9,15.6
ST_14,2024-03-12 09:00,-8.8,40.2,4.2
ST_15,2024-03-12 10:00,34.4,33.8,29.1
ST_16,2024-03-12 11:00,35.0,57.2,19.2
ST_17,2024-03-12 12:00,4.4,67.8,28.8
ST_18,2024-03-12 13:00,13.2,44.9,2.2
ST_19,2024-03-12 14:00,10.6,60.2,12.4
ST_20,2024-03-12 15:00,25.7,54.8,15.6
ST_01,2024-03-12 16:00,25.2,39.2,2.8
ST_02,2024-03-12 17:00,12.2,37.2,3.9
ST_03,2024-03-12 18:00,7.1,31.1,29.9
ST_04,2024-03-12 19:00,31.3,38.9,23.3
ST_05,2024-03-12 20:00,9.4,51.3,22.0
ST_06,2024-03-12 21:00,19.6,67.6,15.3
ST_07,2024-03-12 22:00,14.6,75.7,28.6
ST_08,2024-03-12 23:00,26.2,86.1,24.6
ST_09,2024-03-13 00:00,10.4,41.6,19.7
ST_10,2024-03-13 01:00,20.5,75.3,24.6
ST_11,2024-03-13 02:00,2.3,79.3,2.3
ST_12,2024-03-13 03:00,4.7,65.4,17.6
ST_13,2024-03-13 04:00,-6.1,45.4,21.6
ST_14,2024-03-13 05:00,5.3,72.4,24.0
ST_15,2024-03-13 06:00,9.3,85.2,15.6
ST_16,2024-03-13 07:00,38.8,42.6,22.6
ST_17,2024-03-13 08:00,4.5,76.4,10.1
ST_18,2024-03-13 09:00,7.7,81.0,27.3
ST_19,2024-03-13 10:00,-1.8,88.1,27.6
ST_20,2024-03-13 11:00,-9.9,37.6,22.2
ST_01,2024-03-13 12:00,14.6,59.5,17.5
ST_02,2024-03-13 13:00,18.2,40.2,27.5
ST_03,2024-03-13 14:00,21.3,47.0,24.9
ST_04,2024-03-13 15:00,22.1,78.0,8.4
ST_05,2024-03-13 16:00,7.6,45.6,8.2
ST_06,2024-03-13 17:00,27.1,46.0,25.3
ST_07,2024-03-13 18:00,11.2,32.9,13.8
ST_08,2024-03-13 19:00,15.6,82.2,0.0
ST_09,2024-03-13 20:00,11.8,52.8,1.8
ST_10,2024-03-13 21:00,11.6,86.9,16.6
ST_11,2024-03-13 22:00,-0.6,54.1,23.7
ST_12,2024-03-13 23:00,10.4,67.8,24.3
ST_13,2024-03-14 00:00,12.6,89.9,6.2
ST_14,2024-03-14 01:00,12.8,80.4,14.8
ST_15,2024-03-14 02:00,7.1,74.0,19.1
ST_16,2024-03-14 03:00,9.5,73.4,8.2
ST_17,2024-03-14 04:00,31.7,68.5,10.5
ST_18,2024-03-14 05:00,7.3,31.6,17.0
ST_19,2024-03-14 06:00,20.0,61.6,10.4
ST_20,2024-03-14 07:00,14.0,45.6,0.1
ST_01,2024-03-14 08:00,21.3,58.0,19.2
ST_02,2024-03-14 09:00,18.4,69.4,28.0
ST_03,2024-03-14 10:00,9.0,77.2,16.0
ST_04,2024-03-14 11:00,7.9,66.5,7.8
ST_05,2024-03-14 12:00,11.4,62.9,15.3
ST_06,2024-03-14 13:00,16.6,90.0,3.8
ST_07,2024-03-14 14:00,9.4,66.0,28.7
ST_08,2024-03-14 15:00,3.5,76.6,18.4
ST_09,2024-03-14 16:00,23.2,79.5,28.5
ST_10,2024-03-14 17:00,20.9,46.8,29.6
ST_11,2024-03-14 18:00,3.4,45.5,5.1
ST_12,2024-03-14 19:00,2.9,46.7,28.0
ST_13,2024-03-14 20:00,18.0,87.7,21.1
ST_14,2024-03-14 21:00,32.7,63.0,3.7
ST_15,2024-03-14 22:00,17.6,80.6,20.2
ST_16,2024-03-14 23:00,13.6,68.1,23.9
ST_17,2024-03-15 00:00,26.5,87.2,25.9
ST_18,2024-03-15 01:00,11.1,51.9,4.4
ST_19,2024-03-15 02:00,10.2,79.7,7.6
ST_20,2024-03-15 03:00,20.3,73.7,3.5
ST_01,2024-03-15 04:00,17.5,79.8,8.6
ST_02,2024-03-15 05:00,-0.6,70.5,14.2
ST_03,2024-03-15 06:00,6.7,89.3,26.6
ST_04,2024-03-15 07:00,18.9,37.6,26.4
ST_05,2024-03-15 08:00,6.0,35.7,24.5
ST_06,2024-03-15 09:00,15.8,79.0,0.8
ST_07,2024-03-15 10:00,18.3,47.9,26.1
ST_08,2024-03-15 11:00,17.4,75.8,12.3
ST_09,2024-03-15 12:00,21.7,69.9,19.6
ST_10,2024-03-15 13:00,12.9,79.2,1.2
ST_11,2024-03-15 14:00,18.0,57.2,11.5
ST_12,2024-03-15 15:00,7.7,66.3,3.0
ST_13,2024-03-15 16:00,10.4,83.5,15.7
ST_14,2024-03-15 17:00,25.7,34.2,25.6
ST_15,2024-03-15 18:00,23.7,42.6,6.2
ST_16,2024-03-15 19:00,9.5,89.7,23.2
ST_17,2024-03-15 20:00,9.9,67.8,9.0
ST_18,2024-03-15 21:00,6.0,43.0,10.4
ST_19,2024-03-15 22:00,16.2,46.7,9.5
ST_20,2024-03-15 23:00,-0.5,82.6,9.3
ST_01,2024-03-16 00:00,22.3,71.5,15.6
ST_02,2024-03-16 01:00,29.1,76.2,6.7
ST_03,2024-03-16 02:00,16.3,37.1,15.5
ST_04,2024-03-16 03:00,6.6,53.5,12.0
ST_05,2024-03-16 04:00,8.7,34.0,29.5
ST_06,2024-03-16 05:00,21.3,38.2,11.9
ST_07,2024-03-16 06:00,9.3,67.1,17.0
ST_08,2024-03-16 07:00,24.6,45.0,17.2
ST_09,2024-03-16 08:00,16.2,32.6,21.2
ST_10,2024-03-16 09:00,4.2,47.8,27.8
ST_11,2024-03-16 10:00,6.8,87.4,8.5
ST_12,2024-03-16 11:00,15.4,85.1,14.3
ST_13,2024-03-16 12:00,9.2,69.1,20.6
ST_14,2024-03-16 13:00,10.2,49.3,23.1
ST_15,2024-03-16 14:00,-3.3,51.8,28.2
ST_16,2024-03-16 15:00,15.6,73.8,19.0
ST_17,2024-03-16 16:00,15.4,69.3,29.4
ST_18,2024-03-16 17:00,16.8,33.2,7.1
ST_19,2024-03-16 18:00,12.7,72.2,28.8
ST_20,2024-03-16 19:00,-0.6,30.9,2.5
ST_01,2024-03-16 20:00,1.8,82.0,0.7
ST_02,2024-03-16 21:00,21.9,83.4,0.6
ST_03,2024-03-16 22:00,43.6,81.8,8.7
ST_04,2024-03-16 23:00,15.6,84.8,17.8
ST_05,2024-03-17 00:00,14.6,62.5,7.0
ST_06,2024-03-17 01:00,9.1,77.5,9.4
ST_07,2024-03-17 02:00,14.1,42.1,0.2
ST_08,2024-03-17 03:00,15.1,34.7,21.7
ST_09,2024-03-17 04:00,32.3,52.6,0.6
ST_10,2024-03-17 05:00,4.9,43.9,14.0
ST_11,2024-03-17 06:00,26.2,76.5,24.3
ST_12,2024-03-17 07:00,18.3,43.3,16.5
ST_13,2024-03-17 08:00,21.4,66.5,29.1
ST_14,2024-03-17 09:00,24.3,56.5,5.7
ST_15,2024-03-17 10:00,27.6,39.6,7.5
ST_16,2024-03-17 11:00,16.2,63.7,19.9
ST_17,2024-03-17 12:00,25.3,49.8,18.1
ST_18,2024-03-17 13:00,13.8,73.2,18.5
ST_19,2024-03-17 14:00,11.6,45.3,1.0
ST_20,2024-03-17 15:00,5.9,45.2,22.4
ST_01,2024-03-17 16:00,24.9,41.4,0.2
ST_02,2024-03-17 17:00,7.0,38.1,22.4
ST_03,2024-03-17 18:00,14.1,63.3,18.7
ST_04,2024-03-17 19:00,0.1,48.3,18.9
ST_05,2024-03-17 20:00,17.2,88.9,16.5
ST_06,2024-03-17 21:00,14.8,31.0,15.8
ST_07,2024-03-17 22:00,24.5,73.6,25.2
ST_08,2024-03-17 23:00,10.4,31.8,16.2
ST_09,2024-03-18 00:00,18.8,88.6,24.7
ST_10,2024-03-18 01:00,10.9,51.1,28.4
ST_11,2024-03-18 02:00,11.1,37.7,26.6
ST_12,2024-03-18 03:00,28.8,48.7,7.4
ST_13,2024-03-18 04:00,4.5,50.8,8.8
ST_14,2024-03-18 05:00,25.3,47.4,14.1
ST_15,2024-03-18 06:00,3.6,66.0,9.1
ST_16,2024-03-18 07:00,23.4,69.3,27.6
ST_17,2024-03-18 08:00,8.8,71.4,24.7
ST_18,2024-03-18 09:00,14.1,88.3,6.6
ST_19,2024-03-18 10:00,35.4,50.0,2.8
ST_20,2024-03-18 11:00,23.7,54.1,16.0
ST_01,2024-03-18 12:00,12.4,40.4,6.1
ST_02,2024-03-18 13:00,20.5,70.8,13.2
ST_03,2024-03-18 14:00,15.1,53.3,3.7
ST_04,2024-03-18 15:00,8.8,87.0,0.7
ST_05,2024-03-18 16:00,20.7,63.7,12.8
ST_06,2024-03-18 17:00,10.2,84.1,19.8
ST_07,2024-03-18 18:00,31.0,85.9,0.9
ST_08,2024-03-18 19:00,8.0,37.1,5.1
ST_09,2024-03-18 20:00,16.5,35.3,12.1
ST_10,2024-03-18 21:00,21.0,30.3,3.4
ST_11,2024-03-18 22:00,17.8,78.4,12.9
ST_12,2024-03-18 23:00,22.1,36.3,9.7
ST_13,2024-03-19 00:00,12.0,68.4,19.6
ST_14,2024-03-19 01:00,13.4,32.3,24.5
ST_15,2024-03-19 02:00,18.2,43.1,1.6
ST_16,2024-03-19 03:00,24.9,42.3,22.5
ST_17,2024-03-19 04:00,16.7,70.7,1.2
ST_18,2024-03-19 05:00,20.6,75.5,4.2
ST_19,2024-03-19 06:00,5.3,85.5,18.0
ST_20,2024-03-19 07:00,21.3,57.5,3.2
ST_01,2024-03-19 08:00,23.6,56.9,24.6
ST_02,2024-03-19 09:00,20.9,80.7,4.1
ST_03,2024-03-19 10:00,1.7,64.1,24.5
ST_04,2024-03-19 11:00,15.2,62.0,18.8
ST_05,2024-03-19 12:00,27.3,59.0,9.5
ST_06,2024-03-19 13:00,16.1,39.1,26.8
ST_07,2024-03-19 14:00,2.2,67.6,27.7
ST_08,2024-03-19 15:00,13.5,61.4,5.6
ST_09,2024-03-19 16:00,19.8,48.6,8.6
ST_10,2024-03-19 17:00,13.4,38.9,2.7
ST_11,2024-03-19 18:00,15.3,89.4,22.4
ST_12,2024-03-19 19:00,9.8,49.2,8.1
ST_13,2024-03-19 20:00,-17.2,72.1,28.1
ST_14,2024-03-19 21:00,29.5,82.2,25.2
ST_15,2024-03-19 22:00,19.8,87.1,18.1
ST_16,2024-03-19 23:00,11.4,56.2,11.3
ST_17,2024-03-20 00:00,10.2,71.9,9.8
ST_18,2024-03-20 01:00,9.3,59.6,26.0
ST_19,2024-03-20 02:00,2.2,73.8,3.7
ST_20,2024-03-20 03:00,25.7,68.0,4.9
ST_01,2024-03-20 04:00,32.6,49.0,18.8
ST_02,2024-03-20 05:00,6.0,85.3,12.4
ST_03,2024-03-20 06:00,42.3,83.9,17.0
ST_04,2024-03-20 07:00,13.0,63.4,1.4
ST_05,2024-03-20 08:00,-0.6,84.0,3.8
ST_06,2024-03-20 09:00,1.0,85.1,15.5
ST_07,2024-03-20 10:00,10.2,46.2,9.1
ST_08,2024-03-20 11:00,8.6,43.5,7.9
ST_09,2024-03-20 12:00,18.5,71.1,3.3
ST_10,2024-03-20 13:00,6.1,49.9,17.7
ST_11,2024-03-20 14:00,-2.9,63.6,28.6
ST_12,2024-03-20 15:00,1.9,60.9,0.2
ST_13,2024-03-20 16:00,29.1,53.4,28.2
ST_14,2024-03-20 17:00,14.6,82.1,24.0
ST_15,2024-03-20 18:00,0.0,51.5,22.8
ST_16,2024-03-20 19:00,0.5,77.5,7.9
ST_17,2024-03-20 20:00,8.8,56.0,16.1
ST_18,2024-03-20 21:00,21.5,63.6,22.6
ST_19,2024-03-20 22:00,25.6,70.0,5.0
ST_20,2024-03-20 23:00,15.2,55.2,15.8
ST_01,2024-03-21 00:00,18.5,85.1,27.3
ST_02,2024-03-21 01:00,22.5,66.8,11.6
ST_03,2024-03-21 02:00,17.0,33.0,18.7
ST_04,2024-03-21 03:00,21.6,50.6,16.7
ST_05,2024-03-21 04:00,10.4,42.7,15.3
ST_06,2024-03-21 05:00,15.6,89.5,12.0
ST_07,2024-03-21 06:00,39.2,57.2,12.9
ST_08,2024-03-21 07:00,33.2,42.5,26.4
ST_09,2024-03-21 08:00,23.4,82.7,8.8
ST_10,2024-03-21 09:00,11.3,71.7,7.3
ST_11,2024-03-21 10:00,13.8,52.2,19.5
ST_12,2024-03-21 11:00,21.4,78.1,28.6
ST_13,2024-03-21 12:00,11.5,61.2,20.5
ST_14,2024-03-21 13:00,0.5,45.9,11.6
ST_15,2024-03-21 14:00,16.6,64.3,8.8
ST_16,2024-03-21 15:00,10.5,59.6,11.7
ST_17,2024-03-21 16:00,0.4,86.5,12.3
ST_18,2024-03-21 17:00,13.9,52.8,29.2
ST_19,2024-03-21 18:00,-6.0,45.2,26.7
ST_20,2024-03-21 19:00,13.6,51.5,2.0
ST_01,2024-03-21 20:00,-7.0,75.9,16.0
ST_02,2024-03-21 21:00,23.9,72.6,27.3
ST_03,2024-03-21 22:00,10.9,68.8,11.7
ST_04,2024-03-21 23:00,-5.2,61.8,26.8
ST_05,2024-03-22 00:00,9.2,64.9,6.5
ST_06,2024-03-22 01:00,30.6,32.4,22.9
ST_07,2024-03-22 02:00,21.3,87.3,8.6
ST_08,2024-03-22 03:00,19.3,63.0,9.5
ST_09,2024-03-22 04:00,18.6,33.3,20.2
ST_10,2024-03-22 05:00,11.1,50.3,21.6
ST_11,2024-03-22 06:00,4.7,31.6,4.0
ST_12,2024-03-22 07:00,38.9,78.3,23.9
ST_13,2024-03-22 08:00,18.4,75.2,21.9
ST_14,2024-03-22 09:00,20.5,46.0,5.3
ST_15,2024-03-22 10:00,20.4,38.5,11.6
ST_16,2024-03-22 11:00,18.3,39.1,15.8
ST_17,2024-03-22 12:00,19.8,35.9,2.0
ST_18,2024-03-22 13:00,-3.5,53.7,0.3
ST_19,2024-03-22 14:00,15.7,68.6,25.4
ST_20,2024-03-22 15:00,21.6,84.3,22.2
ST_01,2024-03-22 16:00,27.2,47.3,24.7
ST_02,2024-03-22 17:00,8.3,42.6,19.9
ST_03,2024-03-22 18:00,24.0,65.3,11.1
ST_04,2024-03-22 19:00,4.9,88.8,23.7
ST_05,2024-03-22 20:00,17.4,49.9,25.3
ST_06,2024-03-22 21:00,15.3,67.5,14.8
ST_07,2024-03-22 22:00,11.8,58.1,28.3
ST_08,2024-03-22 23:00,12.1,66.9,22.2
ST_09,2024-03-23 00:00,16.4,52.1,16.0
ST_10,2024-03-23 01:00,17.5,75.6,19.0
ST_11,2024-03-23 02:00,15.4,50.4,25.5
ST_12,2024-03-23 03:00,10.6,77.9,14.2
ST_13,2024-03-23 04:00,9.6,64.7,6.0
ST_14,2024-03-23 05:00,12.5,32.2,6.4
ST_15,2024-03-23 06:00,6.7,44.9,13.2
ST_16,2024-03-23 07:00,21.2,56.8,10.0
ST_17,2024-03-23 08:00,6.6,33.0,4.8
ST_18,2024-03-23 09:00,15.8,85.5,28.2
ST_19,2024-03-23 10:00,11.8,54.1,17.8
ST_20,2024-03-23 11:00,18.4,75.7,5.9
ST_01,2024-03-23 12:00,2.8,31.9,16.8
ST_02,2024-03-23 13:00,15.3,60.4,25.9
ST_03,2024-03-23 14:00,3.6,35.7,2.1
ST_04,2024-03-23 15:00,10.9,57.2,3.4
ST_05,2024-03-23 16:00,15.0,62.4,4.1
ST_06,2024-03-23 17:00,17.5,44.8,1.6
ST_07,2024-03-23 18:00,14.8,65.7,17.8
ST_08,2024-03-23 19:00,15.4,48.6,17.5
ST_09,2024-03-23 20:00,1.7,56.9,18.4
ST_10,2024-03-23 21:00,18.9,80.1,20.9
ST_11,2024-03-23 22:00,13.0,78.7,3.9
ST_12,2024-03-23 23:00,30.2,45.4,19.0
ST_13,2024-03-24 00:00,9.8,66.7,11.3
ST_14,2024-03-24 01:00,14.1,59.2,3.2
ST_15,2024-03-24 02:00,13.1,56.1,20.6
ST_16,2024-03-24 03:00,9.8,89.1,26.4
ST_17,2024-03-24 04:00,20.8,71.8,27.6
ST_18,2024-03-24 05:00,36.1,49.1,28.9
ST_19,2024-03-24 06:00,4.1,31.6,7.3
ST_20,2024-03-24 07:00,7.5,41.5,7.1
ST_01,2024-03-24 08:00,13.5,46.6,9.1
ST_02,2024-03-24 09:00,26.2,65.7,27.0
ST_03,2024-03-24 10:00,-3.7,60.1,13.0
ST_04,2024-03-24 11:00,11.8,50.2,21.4
ST_05,2024-03-24 12:00,11.5,46.1,15.9
ST_06,2024-03-24 13:00,19.0,43.5,21.8
ST_07,2024-03-24 14:00,-2.4,62.2,6.5
ST_08,2024-03-24 15:00,2.6,77.5,4.5
ST_09,2024-03-24 16:00,27.3,54.6,7.5
ST_10,2024-03-24 17:00,22.7,66.6,0.6
ST_11,2024-03-24 18:00,27.3,70.0,0.8
ST_12,2024-03-24 19:00,28.6,58.8,16.2
ST_13,2024-03-24 20:00,23.5,35.0,7.6
ST_14,2024-03-24 21:00,7.2,50.0,6.2
ST_15,2024-03-24 22:00,19.3,89.3,3.7
ST_16,2024-03-24 23:00,23.6,64.7,13.0
ST_17,2024-03-25 00:00,17.6,73.8,7.3
ST_18,2024-03-25 01:00,22.9,86.6,29.6
ST_19,2024-03-25 02:00,19.3,84.1,1.9
ST_20,2024-03-25 03:00,6.2,46.3,4.8
ST_01,2024-03-25 04:00,22.5,73.1,0.0
ST_02,2024-03-25 05:00,24.4,84.0,27.4
ST_03,2024-03-25 06:00,23.1,72.3,17.0
ST_04,2024-03-25 07:00,13.5,44.2,17.7
ST_05,2024-03-25 08:00,24.8,52.4,14.6
ST_06,2024-03-25 09:00,17.0,75.4,19.5
ST_07,2024-03-25 10:00,22.2,86.3,20.1
ST_08,2024-03-25 11:00,5.4,43.0,22.6
ST_09,2024-03-25 12:00,-0.4,47.0,10.6
ST_10,2024-03-25 13:00,14.0,39.0,12.8
ST_11,2024-03-25 14:00,31.9,40.0,15.0
ST_12,2024-03-25 15:00,7.1,54.2,12.8
ST_13,2024-03-25 16:00,15.0,76.9,24.0
ST_14,2024-03-25 17:00,14.6,81.4,14.3
ST_15,2024-03-25 18:00,19.4,78.2,14.4
ST_16,2024-03-25 19:00,12.0,85.7,28.5
ST_17,2024-03-25 20:00,-1.5,61.3,6.6
ST_18,2024-03-25 21:00,-3.8,62.0,20.4
ST_19,2024-03-25 22:00,13.2,31.1,19.9
ST_20,2024-03-25 23:00,4.1,68.3,5.1
ST_01,2024-03-26 00:00,19.7,53.9,5.4
ST_02,2024-03-26 01:00,22.7,66.9,14.7
ST_03,2024-03-26 02:00,22.0,73.0,4.2
ST_04,2024-03-26 03:00,21.2,70.3,5.4
ST_05,2024-03-26 04:00,29.7,71.4,13.4
ST_06,2024-03-26 05:00,2.7,72.9,9.0
ST_07,2024-03-26 06:00,23.4,53.6,1.2
ST_08,2024-03-26 07:00,20.6,49.0,2.3
ST_09,2024-03-26 08:00,3.3,54.9,13.3
ST_10,2024-03-26 09:00,2.3,82.3,21.5
ST_11,2024-03-26 10:00,9.5,53.1,10.5
ST_12,2024-03-26 11:00,28.1,88.2,25.4
ST_13,2024-03-26 12:00,26.9,62.8,17.1
ST_14,2024-03-26 13:00,21.0,40.7,20.6
ST_15,2024-03-26 14:00,6.3,54.0,9.6
ST_16,2024-03-26 15:00,22.4,66.3,11.2
ST_17,2024-03-26 16:00,3.5,76.5,6.0
ST_18,2024-03-26 17:00,20.3,37.3,22.9
ST_19,2024-03-26 18:00,1.8,67.0,5.9
ST_20,2024-03-26 19:00,14.4,55.7,29.2
ST_01,2024-03-26 20:00,-6.6,79.5,8.6
ST_02,2024-03-26 21:00,14.6,60.0,18.1
ST_03,2024-03-26 22:00,16.8,69.8,21.5
ST_04,2024-03-26 23:00,31.5,48.1,19.2
ST_05,2024-03-27 00:00,-7.9,32.9,26.6
ST_06,2024-03-27 01:00,29.6,36.6,29.9
ST_07,2024-03-27 02:00,16.3,40.5,6.8
ST_08,2024-03-27 03:00,14.5,66.0,26.3
ST_09,2024-03-27 04:00,16.0,31.4,24.4
ST_10,2024-03-27 05:00,18.8,86.7,27.7
ST_11,2024-03-27 06:00,15.1,66.1,11.9
ST_12,2024-03-27 07:00,23.9,80.6,11.5
ST_13,2024-03-27 08:00,8.3,47.7,23.1
ST_14,2024-03-27 09:00,33.3,88.3,20.8
ST_15,2024-03-27 10:00,-0.7,84.1,0.4
ST_16,2024-03-27 11:00,9.6,41.1,3.6
ST_17,2024-03-27 12:00,11.7,89.6,25.0
ST_18,2024-03-27 13:00,16.4,61.9,2.2
ST_19,2024-03-27 14:00,13.0,62.7,19.8
ST_20,2024-03-27 15:00,3.2,50.1,11.2
ST_01,2024-03-27 16:00,32.7,36.6,16.2
ST_02,2024-03-27 17:00,11.5,79.5,16.7
ST_03,2024-03-27 18:00,16.3,63.0,19.0
ST_04,2024-03-27 19:00,7.3,53.1,27.5
ST_05,2024-03-27 20:00,24.2,49.9,12.3
ST_06,2024-03-27 21:00,20.9,69.7,6.6
ST_07,2024-03-27 22:00,7.2,87.8,13.2
ST_08,2024-03-27 23:00,6.7,71.5,18.7
ST_09,2024-03-28 00:00,23.9,61.7,28.0
ST_10,2024-03-28 01:00,8.3,34.7,18.5
ST_11,2024-03-28 02:00,26.4,76.5,13.8
ST_12,2024-03-28 03:00,3.9,47.6,16.7
ST_13,2024-03-28 04:00,21.1,86.7,6.0
ST_14,2024-03-28 05:00,1.8,67.4,8.4
ST_15,2024-03-28 06:00,-0.2,60.5,18.1
ST_16,2024-03-28 07:00,-0.3,54.7,24.8
ST_17,2024-03-28 08:00,7.7,85.6,25.3
ST_18,2024-03-28 09:00,24.6,68.7,12.1
ST_19,2024-03-28 10:00,22.6,85.7,13.5
ST_20,2024-03-28 11:00,37.4,34.1,14.0
ST_01,2024-03-28 12:00,8.1,65.1,9.9
ST_02,2024-03-28 13:00,19.5,82.6,13.3
ST_03,2024-03-28 14:00,14.6,70.5,22.4
ST_04,2024-03-28 15:00,6.1,75.3,5.9
ST_05,2024-03-28 16:00,4.1,82.7,11.9
ST_06,2024-03-28 17:00,19.1,70.2,18.7
ST_07,2024-03-28 18:00,8.5,42.2,26.1
ST_08,2024-03-28 19:00,27.6,72.5,8.6
ST_09,2024-03-28 20:00,18.3,73.3,25.2
ST_10,2024-03-28 21:00,-3.3,75.7,12.4
ST_11,2024-03-28 22:00,16.9,45.0,15.3
ST_12,2024-03-28 23:00,14.5,43.3,21.8
ST_13,2024-03-29 00:00,10.9,60.1,0.3
ST_14,2024-03-29 01:00,8.7,38.3,14.4
ST_15,2024-03-29 02:00,21.9,39.3,24.9
ST_16,2024-03-29 03:00,25.0,54.8,25.7
ST_17,2024-03-29 04:00,12.6,83.2,23.3
ST_18,2024-03-29 05:00,16.8,31.6,13.9
ST_19,2024-03-29 06:00,10.2,44.7,13.6
ST_20,2024-03-29 07:00,22.7,82.3,25.7
ST_01,2024-03-29 08:00,23.0,77.6,5.7
ST_02,2024-03-29 09:00,2.3,61.3,1.2
ST_03,2024-03-29 10:00,20.7,79.1,1.2
ST_04,2024-03-29 11:00,14.2,75.8,14.0
ST_05,2024-03-29 12:00,17.7,53.9,3.3
ST_06,2024-03-29 13:00,21.7,38.3,1.8
ST_07,2024-03-29 14:00,27.7,41.4,11.1
ST_08,2024-03-29 15:00,9.6,73.3,3.7
ST_09,2024-03-29 16:00,19.6,56.5,25.3
ST_10,2024-03-29 17:00,4.6,44.8,28.0
ST_11,2024-03-29 18:00,14.4,42.7,25.0
ST_12,2024-03-29 19:00,13.8,73.7,23.2
ST_13,2024-03-29 20:00,23.4,77.2,14.3
ST_14,2024-03-29 21:00,15.4,30.8,0.2
ST_15,2024-03-29 22:00,16.5,80.9,1.4
ST_16,2024-03-29 23:00,26.6,32.0,0.9
ST_17,2024-03-30 00:00,20.3,34.5,21.5
ST_18,2024-03-30 01:00,23.8,42.9,21.9
ST_19,2024-03-30 02:00,11.6,30.2,1.5
ST_20,2024-03-30 03:00,10.2,85.0,5.3
ST_01,2024-03-30 04:00,22.0,37.4,6.9
ST_02,2024-03-30 05:00,5.2,60.5,24.1
ST_03,2024-03-30 06:00,12.6,78.5,28.2
ST_04,2024-03-30 07:00,11.8,47.4,0.3
ST_05,2024-03-30 08:00,12.3,52.7,7.3
ST_06,2024-03-30 09:00,1.3,58.9,22.6
ST_07,2024-03-30 10:00,18.9,67.6,25.7
ST_08,2024-03-30 11:00,8.3,77.0,3.2
ST_09,2024-03-30 12:00,10.6,82.1,5.1
ST_10,2024-03-30 13:00,3.4,57.4,15.3
ST_11,2024-03-30 14:00,17.0,34.5,21.0
ST_12,2024-03-30 15:00,-4.0,43.8,26.4
ST_13,2024-03-30 16:00,9.7,63.3,8.4
ST_14,2024-03-30 17:00,15.3,61.8,2.7
ST_15,2024-03-30 18:00,9.5,33.6,0.1
ST_16,2024-03-30 19:00,11.0,68.5,22.8
ST_17,2024-03-30 20:00,-2.2,57.3,28.2
ST_18,2024-03-30 21:00,14.9,55.2,27.1
ST_19,2024-03-30 22:00,15.5,59.0,5.7
ST_20,2024-03-30 23:00,19.4,74.4,27.3
ST_01,2024-03-31 00:00,-7.8,57.2,27.5
ST_02,2024-03-31 01:00,4.6,46.0,18.0
ST_03,2024-03-31 02:00,17.4,58.4,12.4
ST_04,2024-03-31 03:00,-5.3,87.0,9.2
ST_05,2024-03-31 04:00,16.3,48.3,0.7
ST_06,2024-03-31 05:00,12.6,87.1,6.5
ST_07,2024-03-31 06:00,14.2,78.0,22.7
ST_08,2024-03-31 07:00,19.5,88.4,12.3
ST_09,2024-03-31 08:00,11.3,80.2,9.1
ST_10,2024-03-31 09:00,27.4,71.5,19.2
ST_11,2024-03-31 10:00,11.1,73.5,8.5
ST_12,2024-03-31 11:00,2.4,55.8,12.7
ST_13,2024-03-31 12:00,17.3,65.2,26.0
ST_14,2024-03-31 13:00,7.4,55.1,8.9
ST_15,2024-03-31 14:00,29.9,45.9,15.9
ST_16,2024-03-31 15:00,16.8,68.0,0.7
ST_17,2024-03-31 16:00,27.8,76.7,13.2
ST_18,2024-03-31 17:00,8.0,79.6,16.0
ST_19,2024-03-31 18:00,5.8,79.8,25.6
ST_20,2024-03-31 19:00,-18.5,66.1,2.4
ST_01,2024-03-31 20:00,36.0,45.6,0.1
ST_02,2024-03-31 21:00,34.9,42.6,21.0
ST_03,2024-03-31 22:00,25.5,81.3,25.0
ST_04,2024-03-31 23:00,25.8,54.5,24.0
ST_05,2024-04-01 00:00,4.5,66.1,5.5
ST_06,2024-04-01 01:00,24.6,33.1,12.8
ST_07,2024-04-01 02:00,12.5,37.4,17.3
ST_08,2024-04-01 03:00,13.0,36.8,12.5
ST_09,2024-04-01 04:00,4.6,32.2,23.8
ST_10,2024-04-01 05:00,16.1,64.7,11.8
ST_11,2024-04-01 06:00,19.2,75.5,1.4
ST_12,2024-04-01 07:00,16.8,43.9,10.3
ST_13,2024-04-01 08:00,15.8,55.5,3.1
ST_14,2024-04-01 09:00,31.7,33.9,12.3
ST_15,2024-04-01 10:00,17.3,43.6,5.5
ST_16,2024-04-01 11:00,8.7,79.7,5.7
ST_17,2024-04-01 12:00,8.4,61.0,19.1
ST_18,2024-04-01 13:00,6.2,50.7,9.1
ST_19,2024-04-01 14:00,22.8,65.8,1.6
ST_20,2024-04-01 15:00,30.8,40.3,28.5
ST_01,2024-04-01 16:00,20.3,74.2,21.1
ST_02,2024-04-01 17:00,17.9,61.3,5.4
ST_03,2024-04-01 18:00,9.9,40.6,5.4
ST_04,2024-04-01 19:00,43.1,39.1,9.3
ST_05,2024-04-01 20:00,-15.7,37.0,21.5
ST_06,2024-04-01 21:00,11.5,37.3,16.8
ST_07,2024-04-01 22:00,24.1,55.7,28.3
ST_08,2024-04-01 23:00,21.9,76.3,11.7
ST_09,2024-04-02 00:00,15.6,38.9,21.6
ST_10,2024-04-02 01:00,6.9,54.2,19.4
ST_11,2024-04-02 02:00,26.2,33.2,2.0
ST_12,2024-04-02 03:00,6.4,43.1,7.7
ST_13,2024-04-02 04:00,17.2,58.8,9.0
ST_14,2024-04-02 05:00,6.9,54.8,3.4
ST_15,2024-04-02 06:00,29.6,37.9,8.2
ST_16,2024-04-02 07:00,17.4,38.7,12.1
ST_17,2024-04-02 08:00,-6.2,54.9,22.4
ST_18,2024-04-02 09:00,44.7,38.6,9.8
ST_19,2024-04-02 10:00,32.2,75.5,4.9
ST_20,2024-04-02 11:00,9.9,59.8,21.3
ST_01,2024-04-02 12:00,14.3,48.8,17.9
ST_02,2024-04-02 13:00,28.4,30.1,19.5
ST_03,2024-04-02 14:00,10.1,70.1,21.1
ST_04,2024-04-02 15:00,19.1,56.8,4.4
ST_05,2024-04-02 16:00,11.1,61.0,12.4
ST_06,2024-04-02 17:00,7.8,50.3,14.7
ST_07,2024-04-02 18:00,16.6,88.6,18.5
ST_08,2024-04-02 19:00,9.9,72.2,2.6
ST_09,2024-04-02 20:00,7.3,77.2,18.1
ST_10,2024-04-02 21:00,34.0,67.7,21.4
ST_11,2024-04-02 22:00,25.5,63.3,4.0
ST_12,2024-04-02 23:00,19.5,39.0,18.0
ST_13,2024-04-03 00:00,4.4,70.1,19.6
ST_14,2024-04-03 01:00,10.9,51.4,9.5
ST_15,2024-04-03 02:00,2.0,62.8,27.6
ST_16,2024-04-03 03:00,9.1,31.3,12.4
ST_17,2024-04-03 04:00,9.7,87.5,13.1
ST_18,2024-04-03 05:00,8.8,59.4,28.7
ST_19,2024-04-03 06:00,9.6,53.1,5.3
ST_20,2024-04-03 07:00,13.9,33.8,0.0
ST_01,2024-04-03 08:00,-7.9,44.9,2.3
ST_02,2024-04-03 09:00,9.9,30.8,25.1
ST_03,2024-04-03 10:00,14.3,55.0,0.0
ST_04,2024-04-03 11:00,23.3,53.5,13.6
ST_05,2024-04-03 12:00,33.8,71.5,17.3
ST_06,2024-04-03 13:00,11.6,47.0,12.5
ST_07,2024-04-03 14:00,26.6,83.1,27.7
ST_08,2024-04-03 15:00,27.5,31.4,29.0
ST_09,2024-04-03 16:00,17.4,49.5,21.6
ST_10,2024-04-03 17:00,31.4,56.7,26.1
ST_11,2024-04-03 18:00,20.2,37.5,26.8
ST_12,2024-04-03 19:00,12.3,50.4,27.1
ST_13,2024-04-03 20:00,23.6,89.0,4.6
ST_14,2024-04-03 21:00,30.9,64.7,5.4
ST_15,2024-04-03 22:00,14.5,59.9,7.3
ST_16,2024-04-03 23:00,9.8,68.8,29.4
ST_17,2024-04-04 00:00,10.3,58.3,3.3
ST_18,2024-04-04 01:00,22.4,49.9,3.1
ST_19,2024-04-04 02:00,-11.1,82.6,12.5
ST_20,2024-04-04 03:00,16.1,46.8,18.4
ST_01,2024-04-04 04:00,31.1,61.8,27.6
ST_02,2024-04-04 05:00,16.3,55.8,17.5
ST_03,2024-04-04 06:00,16.0,49.3,21.6
ST_04,2024-04-04 07:00,15.8,32.8,3.3
ST_05,2024-04-04 08:00,2.5,35.4,6.4
ST_06,2024-04-04 09:00,16.6,79.5,3.8
ST_07,2024-04-04 10:00,15.9,86.0,12.9
ST_08,2024-04-04 11:00,14.8,49.5,21.7
ST_09,2024-04-04 12:00,19.8,42.8,11.1
ST_10,2024-04-04 13:00,7.7,55.4,14.3
ST_11,2024-04-04 14:00,23.8,37.7,24.4
ST_12,2024-04-04 15:00,11.4,45.7,17.4
ST_13,2024-04-04 16:00,20.5,69.1,9.2
ST_14,2024-04-04 17:00,30.4,83.4,15.4
ST_15,2024-04-04 18:00,16.7,55.4,26.3
ST_16,2024-04-04 19:00,19.7,59.3,22.0
ST_17,2024-04-04 20:00,-4.7,79.6,22.9
ST_18,2024-04-04 21:00,6.2,53.3,15.1
ST_19,2024-04-04 22:00,19.5,66.6,7.3
ST_20,2024-04-04 23:00,16.1,84.5,21.3
ST_01,2024-04-05 00:00,12.8,39.2,27.0
ST_02,2024-04-05 01:00,16.8,55.0,9.9
ST_03,2024-04-05 02:00,7.3,57.7,13.7
ST_04,2024-04-05 03:00,9.5,42.2,14.4
ST_05,2024-04-05 04:00,1.1,64.8,2.5
ST_06,2024-04-05 05:00,11.5,69.2,17.7
ST_07,2024-04-05 06:00,16.2,74.2,10.5
ST_08,2024-04-05 07:00,23.2,63.6,7.0
ST_09,2024-04-05 08:00,14.9,35.3,12.0
ST_10,2024-04-05 09:00,18.4,77.5,1.8
ST_11,2024-04-05 10:00,22.6,77.6,13.4
ST_12,2024-04-05 11:00,17.3,63.2,13.7
ST_13,2024-04-05 12:00,11.5,49.0,1.3
ST_14,2024-04-05 13:00,29.3,81.7,23.7
ST_15,2024-04-05 14:00,15.9,73.4,6.9
ST_16,2024-04-05 15:00,3.2,75.8,7.1
ST_17,2024-04-05 16:00,20.8,85.7,28.0
ST_18,2024-04-05 17:00,25.5,62.9,24.2
ST_19,2024-04-05 18:00,13.2,80.5,27.6
ST_20,2024-04-05 19:00,12.4,78.5,10.9
ST_01,2024-04-05 20:00,5.6,45.2,23.7
ST_02,2024-04-05 21:00,18.8,56.9,20.2
ST_03,2024-04-05 22:00,11.0,43.9,2.0
ST_04,2024-04-05 23:00,31.6,56.6,17.9
ST_05,2024-04-06 00:00,5.7,56.2,12.1
ST_06,2024-04-06 01:00,0.8,67.7,8.2
ST_07,2024-04-06 02:00,12.1,41.8,7.5
ST_08,2024-04-06 03:00,23.1,59.8,29.4
ST_09,2024-04-06 04:00,6.8,44.5,19.4
ST_10,2024-04-06 05:00,20.5,57.0,1.6
ST_11,2024-04-06 06:00,28.7,35.9,16.4
ST_12,2024-04-06 07:00,19.1,45.9,12.2
ST_13,2024-04-06 08:00,3.4,85.1,28.2
ST_14,2024-04-06 09:00,28.8,70.6,1.5
ST_15,2024-04-06 10:00,7.8,48.4,23.6
ST_16,2024-04-06 11:00,20.9,85.9,20.6
ST_17,2024-04-06 12:00,9.3,39.7,7.3
ST_18,2024-04-06 13:00,4.0,83.7,17.1
ST_19,2024-04-06 14:00,23.5,68.3,28.4
ST_20,2024-04-06 15:00,14.3,68.1,1.4
ST_01,2024-04-06 16:00,19.2,42.3,26.3
ST_02,2024-04-06 17:00,20.6,50.8,26.0
ST_03,2024-04-06 18:00,14.1,65.0,7.7
ST_04,2024-04-06 19:00,11.1,61.6,4.5
ST_05,2024-04-06 20:00,10.0,42.8,14.6
ST_06,2024-04-06 21:00,2.1,87.6,3.3
ST_07,2024-04-06 22:00,21.6,47.9,11.8
ST_08,2024-04-06 23:00,10.2,30.1,9.3
ST_09,2024-04-07 00:00,21.1,78.5,0.0
ST_10,2024-04-07 01:00,18.1,36.8,5.6
ST_11,2024-04-07 02:00,14.4,71.8,3.4
ST_12,2024-04-07 03:00,3.4,51.4,28.2
ST_13,2024-04-07 04:00,12.0,89.9,6.8
ST_14,2024-04-07 05:00,16.4,89.4,11.0
ST_15,2024-04-07 06:00,22.1,71.8,14.7
ST_16,2024-04-07 07:00,22.9,57.1,20.3
ST_17,2024-04-07 08:00,21.5,69.2,8.5
ST_18,2024-04-07 09:00,14.8,88.7,12.3
ST_19,2024-04-07 10:00,16.3,64.7,15.3
ST_20,2024-04-07 11:00,15.3,49.3,10.1
ST_01,2024-04-07 12:00,8.3,74.7,1.3
ST_02,2024-04-07 13:00,5.2,34.1,23.5
ST_03,2024-04-07 14:00,2.8,48.8,0.3
ST_04,2024-04-07 15:00,21.3,80.2,27.0
ST_05,2024-04-07 16:00,15.6,51.6,16.4
ST_06,2024-04-07 17:00,9.0,84.2,4.6
ST_07,2024-04-07 18:00,15.0,33.6,20.4
ST_08,2024-04-07 19:00,8.5,64.8,19.3
ST_09,2024-04-07 20:00,13.9,40.3,25.8
ST_10,2024-04-07 21:00,15.6,70.1,16.0
ST_11,2024-04-07 22:00,17.5,55.7,18.0
ST_12,2024-04-07 23:00,15.5,64.5,26.3
ST_13,2024-04-08 00:00,13.6,51.5,28.5
ST_14,2024-04-08 01:00,13.3,50.9,1.5
ST_15,2024-04-08 02:00,4.3,42.1,12.2
ST_16,2024-04-08 03:00,20.0,59.4,2.4
ST_17,2024-04-08 04:00,8.3,53.4,15.4
ST_18,2024-04-08 05:00,23.2,65.8,24.1
ST_19,2024-04-08 06:00,8.1,71.7,9.0
ST_20,2024-04-08 07:00,23.3,64.4,26.1
ST_01,2024-04-08 08:00,20.0,68.5,21.1
ST_02,2024-04-08 09:00,26.9,41.1,28.3
ST_03,2024-04-08 10:00,16.3,63.1,28.7
ST_04,2024-04-08 11:00,32.5,38.9,19.4
ST_05,2024-04-08 12:00,28.8,53.7,10.6
ST_06,2024-04-08 13:00,15.9,84.5,21.7
ST_07,2024-04-08 14:00,14.6,43.5,22.3
ST_08,2024-04-08 15:00,6.9,63.0,22.4
ST_09,2024-04-08 16:00,27.2,77.7,13.3
ST_10,2024-04-08 17:00,13.2,53.0,12.8
ST_11,2024-04-08 18:00,17.8,31.1,26.3
ST_12,2024-04-08 19:00,17.8,38.0,9.1
ST_13,2024-04-08 20:00,-1.4,66.9,25.6
ST_14,2024-04-08 21:00,20.3,85.6,0.5
ST_15,2024-04-08 22:00,15.8,57.6,25.2
ST_16,2024-04-08 23:00,10.7,61.3,7.3
ST_17,2024-04-09 00:00,27.4,34.0,26.0
ST_18,2024-04-09 01:00,4.4,53.2,4.2
ST_19,2024-04-09 02:00,23.4,44.8,25.5
ST_20,2024-04-09 03:00,14.6,44.9,9.1
ST_01,2024-04-09 04:00,17.9,87.9,24.6
ST_02,2024-04-09 05:00,21.7,71.8,28.6
ST_03,2024-04-09 06:00,-2.3,54.9,7.9
ST_04,2024-04-09 07:00,-4.2,43.5,29.1
ST_05,2024-04-09 08:00,9.6,57.8,16.9
ST_06,2024-04-09 09:00,13.5,85.1,1.7
ST_07,2024-04-09 10:00,15.1,52.8,28.3
ST_08,2024-04-09 11:00,18.1,67.0,16.4
ST_09,2024-04-09 12:00,15.1,85.3,4.2
ST_10,2024-04-09 13:00,16.1,57.3,5.7
ST_11,2024-04-09 14:00,14.2,34.1,6.2
ST_12,2024-04-09 15:00,18.4,68.9,24.0
ST_13,2024-04-09 16:00,25.6,79.4,0.1
ST_14,2024-04-09 17:00,10.0,76.4,24.0
ST_15,2024-04-09 18:00,18.8,72.5,7.9
ST_16,2024-04-09 19:00,12.1,84.0,28.5
ST_17,2024-04-09 20:00,33.1,85.1,2.9
ST_18,2024-04-09 21:00,24.6,64.0,16.5
ST_19,2024-04-09 22:00,28.2,65.5,17.5
ST_20,2024-04-09 23:00,17.1,43.1,2.5
ST_01,2024-04-10 00:00,22.6,88.6,21.5
ST_02,2024-04-10 01:00,21.8,38.1,27.2
ST_03,2024-04-10 02:00,28.3,73.2,20.5
ST_04,2024-04-10 03:00,12.0,67.1,18.3
ST_05,2024-04-10 04:00,20.9,88.9,5.5
ST_06,2024-04-10 05:00,6.4,51.7,11.5
ST_07,2024-04-10 06:00,7.7,63.6,6.0
ST_08,2024-04-10 07:00,10.5,41.7,11.4
ST_09,2024-04-10 08:00,24.1,87.0,29.1
ST_10,2024-04-10 09:00,10.1,54.6,8.8
ST_11,2024-04-10 10:00,26.5,35.2,21.2
ST_12,2024-04-10 11:00,25.6,41.6,12.7
ST_13,2024-04-10 12:00,8.7,52.2,25.7
ST_14,2024-04-10 13:00,27.8,42.5,6.6
ST_15,2024-04-10 14:00,17.3,80.4,5.3
ST_16,2024-04-10 15:00,20.8,75.2,21.7
ST_17,2024-04-10 16:00,-4.1,60.4,8.1
ST_18,2024-04-10 17:00,16.8,33.8,11.5
ST_19,2024-04-10 18:00,8.2,34.5,3.4
ST_20,2024-04-10 19:00,22.4,58.0,8.5
ST_01,2024-04-10 20:00,24.9,46.4,7.3
ST_02,2024-04-10 21:00,6.5,77.5,24.1
ST_03,2024-04-10 22:00,27.9,51.2,4.0
ST_04,2024-04-10 23:00,22.6,38.2,16.7
ST_05,2024-04-11 00:00,4.2,82.3,19.7
ST_06,2024-04-11 01:00,13.1,79.1,3.7
ST_07,2024-04-11 02:00,11.4,65.4,29.6
ST_08,2024-04-11 03:00,13.7,51.5,14.8
ST_09,2024-04-11 04:00,-4.6,76.8,6.0
ST_10,2024-04-11 05:00,11.0,37.1,4.7
ST_11,2024-04-11 06:00,3.1,69.8,15.8
ST_12,2024-04-11 07:00,21.2,38.4,2.7
ST_13,2024-04-11 08:00,-9.8,34.9,18.9
ST_14,2024-04-11 09:00,21.9,42.5,28.1
ST_15,2024-04-11 10:00,33.4,64.7,24.7
ST_16,2024-04-11 11:00,-4.7,62.1,25.9
ST_17,2024-04-11 12:00,13.5,31.2,20.3
ST_18,2024-04-11 13:00,35.5,62.2,3.7
ST_19,2024-04-11 14:00,18.5,83.0,7.3
ST_20,2024-04-11 15:00,12.1,58.2,1.6
ST_01,2024-04-11 16:00,10.1,85.7,13.6
ST_02,2024-04-11 17:00,18.3,87.5,15.3
ST_03,2024-04-11 18:00,6.3,84.5,25.5
ST_04,2024-04-11 19:00,2.9,34.1,26.6
ST_05,2024-04-11 20:00,-2.6,89.0,27.0
ST_06,2024-04-11 21:00,6.1,66.0,10.7
ST_07,2024-04-11 22:00,13.7,65.8,27.7
ST_08,2024-04-11 23:00,21.2,89.1,7.1
ST_09,2024-04-12 00:00,10.9,35.8,4.5
ST_10,2024-04-12 01:00,13.0,36.2,7.1
ST_11,2024-04-12 02:00,4.4,30.5,10.3
ST_12,2024-04-12 03:00,15.2,79.9,1.2
ST_13,2024-04-12 04:00,4.4,36.7,19.7
ST_14,2024-04-12 05:00,-0.2,58.0,17.9
ST_15,2024-04-12 06:00,14.5,61.8,21.7
ST_16,2024-04-12 07:00,6.4,40.2,12.9
ST_17,2024-04-12 08:00,18.2,38.5,26.8
ST_18,2024-04-12 09:00,9.9,86.4,26.3
ST_19,2024-04-12 10:00,21.9,76.8,12.4
ST_20,2024-04-12 11:00,7.0,74.7,28.3
ST_01,2024-04-12 12:00,20.3,58.6,11.4
ST_02,2024-04-12 13:00,33.7,87.4,11.4
ST_03,2024-04-12 14:00,-2.3,32.4,3.1
ST_04,2024-04-12 15:00,-7.5,68.6,13.0
ST_05,2024-04-12 16:00,30.0,61.2,4.1
ST_06,2024-04-12 17:00,24.4,48.5,20.6
ST_07,2024-04-12 18:00,17.7,38.2,15.8
ST_08,2024-04-12 19:00,18.8,78.9,24.5
ST_09,2024-04-12 20:00,6.2,45.1,0.1
ST_10,2024-04-12 21:00,11.6,59.1,13.8
ST_11,2024-04-12 22:00,20.4,78.8,27.1
ST_12,2024-04-12 23:00,8.0,58.4,22.4
ST_13,2024-04-13 00:00,13.2,43.4,17.5
ST_14,2024-04-13 01:00,35.3,79.1,27.1
ST_15,2024-04-13 02:00,9.1,84.6,0.8
ST_16,2024-04-13 03:00,5.4,36.9,1.9
ST_17,2024-04-13 04:00,21.1,56.0,21.3
ST_18,2024-04-13 05:00,25.8,65.4,18.4
ST_19,2024-04-13 06:00,17.2,84.3,23.1
ST_20,2024-04-13 07:00,8.4,47.8,16.8
ST_01,2024-04-13 08:00,17.1,35.9,8.6
ST_02,2024-04-13 09:00,9.0,44.1,22.5
ST_03,2024-04-13 10:00,31.0,73.1,2.5
ST_04,2024-04-13 11:00,26.6,76.0,11.8
ST_05,2024-04-13 12:00,-5.9,54.0,9.6
ST_06,2024-04-13 13:00,33.7,68.2,7.9
ST_07,2024-04-13 14:00,23.7,46.2,23.6
ST_08,2024-04-13 15:00,12.5,57.7,14.3
ST_09,2024-04-13 16:00,30.1,61.2,21.2
ST_10,2024-04-13 17:00,27.5,65.2,2.3
ST_11,2024-04-13 18:00,8.9,71.2,8.8
ST_12,2024-04-13 19:00,14.4,86.1,1.6
ST_13,2024-04-13 20:00,-7.4,45.2,21.5
ST_14,2024-04-13 21:00,34.9,59.0,5.0
ST_15,2024-04-13 22:00,33.5,57.6,13.7
ST_16,2024-04-13 23:00,22.5,39.4,6.2
ST_17,2024-04-14 00:00,21.3,79.7,25.5
ST_18,2024-04-14 01:00,7.5,32.5,4.6
ST_19,2024-04-14 02:00,9.5,87.2,3.7
ST_20,2024-04-14 03:00,18.0,47.8,27.4
ST_01,2024-04-14 04:00,18.5,66.9,13.9
ST_02,2024-04-14 05:00,0.3,45.4,5.7
ST_03,2024-04-14 06:00,15.6,72.8,29.2
ST_04,2024-04-14 07:00,11.9,39.6,28.9
ST_05,2024-04-14 08:00,21.6,42.4,5.3
ST_06,2024-04-14 09:00,7.7,87.0,3.3
ST_07,2024-04-14 10:00,17.4,35.7,17.9
ST_08,2024-04-14 11:00,11.2,84.1,15.3
ST_09,2024-04-14 12:00,19.9,56.0,7.0
ST_10,2024-04-14 13:00,39.1,64.9,6.9
ST_11,2024-04-14 14:00,10.7,71.7,20.0
ST_12,2024-04-14 15:00,-3.8,35.4,9.4
ST_13,2024-04-14 16:00,13.9,40.9,18.8
ST_14,2024-04-14 17:00,20.2,46.0,10.5
ST_15,2024-04-14 18:00,1.7,85.3,25.5
ST_16,2024-04-14 19:00,8.0,78.0,19.5
ST_17,2024-04-14 20:00,4.1,86.7,29.5
ST_18,2024-04-14 21:00,4.6,45.2,27.0
ST_19,2024-04-14 22:00,23.3,47.4,12.2
ST_20,2024-04-14 23:00,14.6,81.5,29.0
ST_01,2024-04-15 00:00,1.2,89.4,16.3
ST_02,2024-04-15 01:00,25.0,87.1,18.1
ST_03,2024-04-15 02:00,14.7,54.4,10.3
ST_04,2024-04-15 03:00,8.0,85.6,26.0
ST_05,2024-04-15 04:00,4.4,57.9,18.2
ST_06,2024-04-15 05:00,10.6,63.2,7.7
ST_07,2024-04-15 06:00,10.8,41.0,27.8
ST_08,2024-04-15 07:00,10.5,75.8,9.7
ST_09,2024-04-15 08:00,34.4,39.9,25.5
ST_10,2024-04-15 09:00,7.3,58.8,15.5
ST_11,2024-04-15 10:00,17.8,59.3,14.8
ST_12,2024-04-15 11:00,15.2,55.6,13.3
ST_13,2024-04-15 12:00,27.2,89.0,24.5
ST_14,2024-04-15 13:00,15.4,47.7,4.6
ST_15,2024-04-15 14:00,1.7,67.8,5.8
ST_16,2024-04-15 15:00,19.1,31.1,8.9
ST_17,2024-04-15 16:00,8.0,54.8,12.1
ST_18,2024-04-15 17:00,26.5,52.4,27.5
ST_19,2024-04-15 18:00,25.2,69.0,1.5
ST_20,2024-04-15 19:00,17.5,80.8,15.9
ST_01,2024-04-15 20:00,-3.1,77.5,2.1
ST_02,2024-04-15 21:00,17.5,66.8,21.8
ST_03,2024-04-15 22:00,9.2,44.5,28.9
ST_04,2024-04-15 23:00,24.9,48.3,2.0
ST_05,2024-04-16 00:00,20.2,33.0,10.2
ST_06,2024-04-16 01:00,12.7,46.5,8.1
ST_07,2024-04-16 02:00,-2.0,45.7,13.2
ST_08,2024-04-16 03:00,27.0,63.6,10.1
ST_09,2024-04-16 04:00,12.6,60.1,13.1
ST_10,2024-04-16 05:00,23.6,46.0,4.2
ST_11,2024-04-16 06:00,25.4,46.3,2.8
ST_12,2024-04-16 07:00,4.1,72.5,29.4
ST_13,2024-04-16 08:00,17.5,84.6,9.8
ST_14,2024-04-16 09:00,11.9,37.1,2.0
ST_15,2024-04-16 10:00,15.9,85.8,26.5
ST_16,2024-04-16 11:00,17.1,35.0,20.4
ST_17,2024-04-16 12:00,6.9,53.6,6.6
ST_18,2024-04-16 13:00,18.5,71.2,26.7
ST_19,2024-04-16 14:00,42.3,65.8,26.5
ST_20,2024-04-16 15:00,15.8,44.5,29.7
ST_01,2024-04-16 16:00,9.5,87.8,17.9
ST_02,2024-04-16 17:00,-11.9,76.6,1.4
ST_03,2024-04-16 18:00,18.3,75.2,7.1
ST_04,2024-04-16 19:00,-0.5,82.1,2.9
ST_05,2024-04-16 20:00,17.4,78.8,26.3
ST_06,2024-04-16 21:00,3.4,30.6,26.3
ST_07,2024-04-16 22:00,4.4,52.3,29.9
ST_08,2024-04-16 23:00,11.9,72.3,16.7
ST_09,2024-04-17 00:00,26.6,60.5,6.5
ST_10,2024-04-17 01:00,4.0,44.1,18.0
ST_11,2024-04-17 02:00,15.1,50.6,10.2
ST_12,2024-04-17 03:00,22.8,40.8,28.7
ST_13,2024-04-17 04:00,11.0,59.4,24.2
ST_14,2024-04-17 05:00,28.8,58.2,11.3
ST_15,2024-04-17 06:00,19.5,63.8,2.7
ST_16,2024-04-17 07:00,13.9,60.8,10.6
ST_17,2024-04-17 08:00,6.8,82.6,10.7
ST_18,2024-04-17 09:00,9.3,35.7,4.0
ST_19,2024-04-17 10:00,9.5,65.9,5.5
ST_20,2024-04-17 11:00,3.3,71.7,21.3
ST_01,2024-04-17 12:00,22.8,86.2,11.7
ST_02,2024-04-17 13:00,15.1,41.0,28.7
ST_03,2024-04-17 14:00,15.0,56.9,27.7
ST_04,2024-04-17 15:00,17.2,54.2,19.2
ST_05,2024-04-17 16:00,19.2,69.9,11.4
ST_06,2024-04-17 17:00,12.1,88.6,23.3
ST_07,2024-04-17 18:00,8.6,86.4,29.8
ST_08,2024-04-17 19:00,-3.8,39.7,10.5
ST_09,2024-04-17 20:00,22.9,68.3,0.4
ST_10,2024-04-17 21:00,4.6,59.2,2.7
ST_11,2024-04-17 22:00,19.7,36.4,10.2
ST_12,2024-04-17 23:00,21.6,33.5,1.9
ST_13,2024-04-18 00:00,27.4,72.1,23.3
ST_14,2024-04-18 01:00,23.3,82.9,7.5
ST_15,2024-04-18 02:00,15.5,81.1,15.1
ST_16,2024-04-18 03:00,10.2,32.9,24.8
ST_17,2024-04-18 04:00,13.8,31.1,26.3
ST_18,2024-04-18 05:00,3.4,83.6,14.9
ST_19,2024-04-18 06:00,12.6,79.9,26.3
ST_20,2024-04-18 07:00,0.7,33.8,11.7
ST_01,2024-04-18 08:00,32.9,33.4,11.7
ST_02,2024-04-18 09:00,8.1,63.2,9.7
ST_03,2024-04-18 10:00,14.5,86.2,19.8
ST_04,2024-04-18 11:00,15.0,63.0,8.5
ST_05,2024-04-18 12:00,21.0,52.7,15.3
ST_06,2024-04-18 13:00,10.2,56.1,11.4
ST_07,2024-04-18 14:00,13.5,77.3,11.1
ST_08,2024-04-18 15:00,33.0,70.3,17.3
ST_09,2024-04-18 16:00,8.7,83.8,23.9
ST_10,2024-04-18 17:00,-9.7,80.9,9.9
ST_11,2024-04-18 18:00,2.3,31.9,29.6
ST_12,2024-04-18 19:00,36.0,47.0,28.4
ST_13,2024-04-18 20:00,7.1,39.0,7.2
ST_14,2024-04-18 21:00,16.9,50.6,13.0
ST_15,2024-04-18 22:00,5.6,65.5,13.8
ST_16,2024-04-18 23:00,13.1,83.4,23.4
ST_17,2024-04-19 00:00,19.9,53.3,24.0
ST_18,2024-04-19 01:00,7.6,77.9,4.8
ST_19,2024-04-19 02:00,14.4,60.7,24.1
ST_20,2024-04-19 03:00,1.4,45.3,13.6
ST_01,2024-04-19 04:00,11.0,36.3,1.6
ST_02,2024-04-19 05:00,15.0,85.4,22.6
ST_03,2024-04-19 06:00,9.3,34.7,9.7
ST_04,2024-04-19 07:00,1.6,63.1,0.1
ST_05,2024-04-19 08:00,24.6,62.5,24.9
ST_06,2024-04-19 09:00,8.0,78.6,3.6
ST_07,2024-04-19 10:00,24.0,52.8,27.6
ST_08,2024-04-19 11:00,26.1,41.4,22.2
ST_09,2024-04-19 12:00,15.2,72.1,8.0
ST_10,2024-04-19 13:00,21.2,56.7,25.3
ST_11,2024-04-19 14:00,18.9,87.7,18.6
ST_12,2024-04-19 15:00,-10.5,73.3,24.4
ST_13,2024-04-19 16:00,26.4,62.8,23.2
ST_14,2024-04-19 17:00,19.6,85.2,2.2
ST_15,2024-04-19 18:00,34.5,45.5,28.8
ST_16,2024-04-19 19:00,10.3,52.4,27.4
ST_17,2024-04-19 20:00,24.7,66.5,22.9
ST_18,2024-04-19 21:00,28.5,48.8,12.3
ST_19,2024-04-19 22:00,8.4,86.4,4.8
ST_20,2024-04-19 23:00,12.3,74.3,22.1
ST_01,2024-04-20 00:00,30.3,73.8,18.4
ST_02,2024-04-20 01:00,20.6,65.8,10.1
ST_03,2024-04-20 02:00,13.4,46.1,29.1
ST_04,2024-04-20 03:00,10.0,64.3,1.7
ST_05,2024-04-20 04:00,15.0,40.8,9.5
ST_06,2024-04-20 05:00,10.1,68.0,22.3
ST_07,2024-04-20 06:00,10.8,33.2,27.4
ST_08,2024-04-20 07:00,36.8,64.1,20.7
ST_09,2024-04-20 08:00,8.3,54.7,0.2
ST_10,2024-04-20 09:00,36.8,38.5,7.4
ST_11,2024-04-20 10:00,1.9,66.7,13.2
ST_12,2024-04-20 11:00,15.4,51.3,27.7
ST_13,2024-04-20 12:00,14.2,51.0,19.4
ST_14,2024-04-20 13:00,20.9,52.9,3.5
ST_15,2024-04-20 14:00,10.9,64.1,19.8
ST_16,2024-04-20 15:00,19.3,70.1,13.3
ST_17,2024-04-20 16:00,5.9,84.3,16.5
ST_18,2024-04-20 17:00,10.0,74.4,6.7
ST_19,2024-04-20 18:00,11.4,74.8,19.9
ST_20,2024-04-20 19:00,13.4,78.0,2.7
ST_01,2024-04-20 20:00,23.5,83.5,25.0
ST_02,2024-04-20 21:00,14.8,46.5,25.4
ST_03,2024-04-20 22:00,7.7,33.5,6.4
ST_04,2024-04-20 23:00,19.4,45.7,24.8
ST_05,2024-04-21 00:00,8.9,53.1,23.0
ST_06,2024-04-21 01:00,14.7,33.9,15.8
ST_07,2024-04-21 02:00,19.3,47.1,9.2
ST_08,2024-04-21 03:00,19.2,83.8,10.0
ST_09,2024-04-21 04:00,12.8,69.8,25.9
ST_10,2024-04-21 05:00,15.1,73.1,23.6
ST_11,2024-04-21 06:00,2.4,78.5,0.6
ST_12,2024-04-21 07:00,10.3,37.7,29.1
ST_13,2024-04-21 08:00,8.0,62.7,11.1
ST_14,2024-04-21 09:00,8.1,52.2,1.4
ST_15,2024-04-21 10:00,18.9,77.8,18.7
ST_16,2024-04-21 11:00,22.2,71.1,19.7
ST_17,2024-04-21 12:00,21.1,71.7,17.1
ST_18,2024-04-21 13:00,16.4,89.6,17.6
ST_19,2024-04-21 14:00,0.6,77.4,17.7
ST_20,2024-04-21 15:00,17.8,74.2,18.4
ST_01,2024-04-21 16:00,16.0,50.8,20.1
ST_02,2024-04-21 17:00,27.0,30.3,5.5
ST_03,2024-04-21 18:00,10.5,34.3,8.8
ST_04,2024-04-21 19:00,21.8,87.1,20.9
ST_05,2024-04-21 20:00,14.5,58.8,9.1
ST_06,2024-04-21 21:00,23.3,46.8,19.0
ST_07,2024-04-21 22:00,0.4,89.6,25.1
ST_08,2024-04-21 23:00,1.0,32.6,5.3
ST_09,2024-04-22 00:00,6.7,79.7,28.8
ST_10,2024-04-22 01:00,14.5,40.7,26.1
ST_11,2024-04-22 02:00,32.0,64.4,2.2
ST_12,2024-04-22 03:00,1.4,72.7,12.6
ST_13,2024-04-22 04:00,9.8,73.6,21.0
ST_14,2024-04-22 05:00,7.0,37.9,27.5
ST_15,2024-04-22 06:00,29.5,59.9,18.2
ST_16,2024-04-22 07:00,18.9,36.8,19.8
ST_17,2024-04-22 08:00,21.0,40.5,25.5
ST_18,2024-04-22 09:00,3.3,77.3,15.1
ST_19,2024-04-22 10:00,36.8,74.7,15.9
ST_20,2024-04-22 11:00,18.6,67.4,5.8
ST_01,2024-04-22 12:00,5.4,67.2,6.4
ST_02,2024-04-22 13:00,24.2,50.0,2.2
ST_03,2024-04-22 14:00,7.2,48.8,23.6
ST_04,2024-04-22 15:00,31.5,55.2,28.4
ST_05,2024-04-22 16:00,19.5,65.0,25.5
ST_06,2024-04-22 17:00,6.9,64.5,5.0
ST_07,2024-04-22 18:00,38.2,87.1,25.2
ST_08,2024-04-22 19:00,16.5,88.0,2.5
ST_09,2024-04-22 20:00,34.0,37.7,20.7
ST_10,2024-04-22 21:00,34.2,69.2,9.6
ST_11,2024-04-22 22:00,19.7,42.6,27.2
ST_12,2024-04-22 23:00,5.8,30.5,27.9
ST_13,2024-04-23 00:00,30.7,51.6,5.9
ST_14,2024-04-23 01:00,36.8,83.1,16.2
ST_15,2024-04-23 02:00,14.8,51.6,5.9
ST_16,2024-04-23 03:00,1.9,88.7,7.3
ST_17,2024-04-23 04:00,19.6,55.5,14.7
ST_18,2024-04-23 05:00,2.9,56.6,18.7
ST_19,2024-04-23 06:00,17.5,62.3,14.7
ST_20,2024-04-23 07:00,15.1,84.8,6.5
ST_01,2024-04-23 08:00,12.8,82.6,4.0
ST_02,2024-04-23 09:00,-6.7,54.2,20.8
ST_03,2024-04-23 10:00,15.5,78.6,26.2
ST_04,2024-04-23 11:00,11.3,42.6,9.0
ST_05,2024-04-23 12:00,12.0,62.4,22.9
ST_06,2024-04-23 13:00,17.0,34.3,2.9
ST_07,2024-04-23 14:00,27.5,31.3,5.8
ST_08,2024-04-23 15:00,16.0,47.2,18.7
ST_09,2024-04-23 16:00,6.5,44.4,10.7
ST_10,2024-04-23 17:00,5.4,82.4,5.3
ST_11,2024-04-23 18:00,1.3,82.6,28.5
ST_12,2024-04-23 19:00,18.2,81.5,3.5
ST_13,2024-04-23 20:00,24.3,34.5,27.6
ST_14,2024-04-23 21:00,18.0,62.6,12.7
ST_15,2024-04-23 22:00,16.1,82.1,26.0
ST_16,2024-04-23 23:00,18.5,38.5,25.5
ST_17,2024-04-24 00:00,-6.3,80.0,29.0
ST_18,2024-04-24 01:00,17.2,64.1,24.5
ST_19,2024-04-24 02:00,23.8,74.2,24.6
ST_20,2024-04-24 03:00,10.2,32.5,28.0
ST_01,2024-04-24 04:00,17.4,62.3,14.5
ST_02,2024-04-24 05:00,44.4,76.2,18.7
ST_03,2024-04-24 06:00,-6.8,54.6,29.9
ST_04,2024-04-24 07:00,13.4,88.6,24.9
ST_05,2024-04-24 08:00,28.1,51.8,22.0
ST_06,2024-04-24 09:00,34.9,65.9,15.4
ST_07,2024-04-24 10:00,8.1,50.0,14.1
ST_08,2024-04-24 11:00,10.2,75.0,6.5
ST_09,2024-04-24 12:00,17.8,70.3,14.7
ST_10,2024-04-24 13:00,15.0,65.9,15.6
ST_11,2024-04-24 14:00,19.1,40.7,12.0
ST_12,2024-04-24 15:00,11.4,37.0,1.0
ST_13,2024-04-24 16:00,12.9,43.6,17.8
ST_14,2024-04-24 17:00,13.4,53.5,19.3
ST_15,2024-04-24 18:00,21.5,77.6,27.4
ST_16,2024-04-24 19:00,19.1,47.6,2.1
ST_17,2024-04-24 20:00,1.8,86.6,26.0
ST_18,2024-04-24 21:00,7.9,32.2,0.6
ST_19,2024-04-24 22:00,23.5,73.1,14.6
ST_20,2024-04-24 23:00,13.2,33.3,20.2
ST_01,2024-04-25 00:00,-3.7,79.1,5.7
ST_02,2024-04-25 01:00,17.3,49.6,6.9
ST_03,2024-04-25 02:00,36.1,59.9,26.7
ST_04,2024-04-25 03:00,29.1,35.7,25.8
ST_05,2024-04-25 04:00,9.7,49.9,9.6
ST_06,2024-04-25 05:00,7.6,52.0,14.3
ST_07,2024-04-25 06:00,18.6,89.4,9.1
ST_08,2024-04-25 07:00,37.5,87.2,23.2
ST_09,2024-04-25 08:00,20.8,63.4,9.7
ST_10,2024-04-25 09:00,2.5,43.9,27.3
ST_11,2024-04-25 10:00,11.4,52.8,5.2
ST_12,2024-04-25 11:00,9.7,45.8,9.0
ST_13,2024-04-25 12:00,22.5,56.5,25.5
ST_14,2024-04-25 13:00,21.3,75.1,1.1
ST_15,2024-04-25 14:00,5.6,39.5,28.6
ST_16,2024-04-25 15:00,22.9,50.0,16.4
ST_17,2024-04-25 16:00,2.1,65.4,15.6
ST_18,2024-04-25 17:00,5.7,47.2,14.2
ST_19,2024-04-25 18:00,21.6,60.8,6.1
ST_20,2024-04-25 19:00,25.1,84.3,0.9
ST_01,2024-04-25 20:00,23.9,56.9,1.6
ST_02,2024-04-25 21:00,0.0,80.6,23.8
ST_03,2024-04-25 22:00,22.8,73.2,4.6
ST_04,2024-04-25 23:00,3.6,88.3,23.0
ST_05,2024-04-26 00:00,7.6,48.9,26.7
ST_06,2024-04-26 01:00,5.6,76.3,17.4
ST_07,2024-04-26 02:00,35.6,46.3,21.5
ST_08,2024-04-26 03:00,-1.9,56.8,28.5
ST_09,2024-04-26 04:00,3.1,87.4,20.0
ST_10,2024-04-26 05:00,5.5,79.7,24.3
ST_11,2024-04-26 06:00,10.6,54.6,18.6
ST_12,2024-04-26 07:00,-3.3,74.5,2.1
ST_13,2024-04-26 08:00,31.3,39.7,2.8
ST_14,2024-04-26 09:00,14.5,65.3,17.1
ST_15,2024-04-26 10:00,14.2,54.4,5.2
ST_16,2024-04-26 11:00,-0.7,67.4,11.6
ST_17,2024-04-26 12:00,-2.9,84.0,23.9
ST_18,2024-04-26 13:00,-1.6,62.3,15.3
ST_19,2024-04-26 14:00,16.2,78.3,23.2
ST_20,2024-04-26 15:00,5.4,80.1,9.0
ST_01,2024-04-26 16:00,19.1,69.1,28.9
ST_02,2024-04-26 17:00,23.9,76.7,14.6
ST_03,2024-04-26 18:00,45,44.2,16.1
ST_04,2024-04-26 19:00,21.3,34.0,3.1
ST_05,2024-04-26 20:00,14.7,42.7,17.3
ST_06,2024-04-26 21:00,0.6,40.8,6.6
ST_07,2024-04-26 22:00,0.2,78.7,12.8
ST_08,2024-04-26 23:00,25.4,30.0,21.9
ST_09,2024-04-27 00:00,10.1,35.8,16.1
ST_10,2024-04-27 01:00,11.5,72.4,20.5
ST_11,2024-04-27 02:00,6.8,46.2,29.9
ST_12,2024-04-27 03:00,24.6,78.0,6.4
ST_13,2024-04-27 04:00,34.7,35.5,23.0
ST_14,2024-04-27 05:00,29.1,54.6,25.0
ST_15,2024-04-27 06:00,21.9,67.1,18.4
ST_16,2024-04-27 07:00,39.8,76.6,29.3
ST_17,2024-04-27 08:00,17.3,49.2,4.0
ST_18,2024-04-27 09:00,24.2,42.6,17.8
ST_19,2024-04-27 10:00,18.3,63.9,7.8
ST_20,2024-04-27 11:00,18.9,77.4,16.7
ST_01,2024-04-27 12:00,13.6,49.4,9.3
ST_02,2024-04-27 13:00,16.7,59.2,23.1
ST_03,2024-04-27 14:00,9.3,32.2,3.3
ST_04,2024-04-27 15:00,15.2,39.0,11.1
ST_05,2024-04-27 16:00,24.4,56.1,4.2
ST_06,2024-04-27 17:00,36.9,40.7,6.1
ST_07,2024-04-27 18:00,0.1,56.0,10.1
ST_08,2024-04-27 19:00,16.4,86.5,0.7
ST_09,2024-04-27 20:00,30.6,48.1,22.7
ST_10,2024-04-27 21:00,14.5,43.6,15.9
ST_11,2024-04-27 22:00,16.3,54.1,23.1
ST_12,2024-04-27 23:00,7.7,73.0,20.7
ST_13,2024-04-28 00:00,26.8,36.4,1.1
ST_14,2024-04-28 01:00,17.6,43.8,2.8
ST_15,2024-04-28 02:00,19.0,75.9,16.2
ST_16,2024-04-28 03:00,22.1,80.8,19.9
ST_17,2024-04-28 04:00,21.9,87.2,15.5
ST_18,2024-04-28 05:00,9.5,36.3,7.6
ST_19,2024-04-28 06:00,5.2,52.0,12.4
ST_20,2024-04-28 07:00,0.2,48.0,24.4
ST_01,2024-04-28 08:00,20.2,49.6,15.3
ST_02,2024-04-28 09:00,-2.6,68.2,11.8
ST_03,2024-04-28 10:00,23.8,86.9,29.5
ST_04,2024-04-28 11:00,16.7,53.6,22.5
ST_05,2024-04-28 12:00,13.3,89.9,16.4
ST_06,2024-04-28 13:00,21.3,69.7,28.3
ST_07,2024-04-28 14:00,33.5,53.0,16.9
ST_08,2024-04-28 15:00,26.0,60.7,2.7
ST_09,2024-04-28 16:00,21.7,75.3,25.9
ST_10,2024-04-28 17:00,11.2,57.8,14.4
ST_11,2024-04-28 18:00,6.4,86.5,5.8
ST_12,2024-04-28 19:00,19.8,47.1,27.2
ST_13,2024-04-28 20:00,34.2,47.9,3.9
ST_14,2024-04-28 21:00,9.7,38.5,0.1
ST_15,2024-04-28 22:00,17.6,47.0,3.2
ST_16,2024-04-28 23:00,-1.9,42.8,16.4
ST_17,2024-04-29 00:00,8.9,63.7,27.8
ST_18,2024-04-29 01:00,18.2,47.3,16.0
ST_19,2024-04-29 02:00,7.9,42.6,16.3
ST_20,2024-04-29 03:00,20.2,65.6,18.8
ST_01,2024-04-29 04:00,17.3,45.7,26.8
ST_02,2024-04-29 05:00,35.4,42.1,10.8
ST_03,2024-04-29 06:00,9.5,44.3,8.8
ST_04,2024-04-29 07:00,18.4,30.9,6.1
ST_05,2024-04-29 08:00,2.6,83.3,4.9
ST_06,2024-04-29 09:00,17.6,58.0,28.0
ST_07,2024-04-29 10:00,7.3,37.5,4.4
ST_08,2024-04-29 11:00,20.7,85.3,7.5
ST_09,2024-04-29 12:00,10.6,75.6,6.2
ST_10,2024-04-29 13:00,11.7,87.7,16.9
ST_11,2024-04-29 14:00,25.9,53.3,29.6
ST_12,2024-04-29 15:00,6.5,83.1,22.0
ST_13,2024-04-29 16:00,24.5,47.3,24.8
ST_14,2024-04-29 17:00,23.6,57.4,17.5
ST_15,2024-04-29 18:00,20.4,49.1,10.7
ST_16,2024-04-29 19:00,5.1,74.3,21.6
ST_17,2024-04-29 20:00,10.4,67.0,20.4
ST_18,2024-04-29 21:00,-2.7,47.1,7.9
ST_19,2024-04-29 22:00,7.6,44.5,24.6
ST_20,2024-04-29 23:00,27.1,78.9,2.6
ST_01,2024-04-30 00:00,30.7,49.3,0.5
ST_02,2024-04-30 01:00,18.8,82.9,10.4
ST_03,2024-04-30 02:00,31.6,88.4,24.3
ST_04,2024-04-30 03:00,6.9,86.1,14.5
ST_05,2024-04-30 04:00,10.4,34.9,22.4
ST_06,2024-04-30 05:00,25.4,86.3,8.5
ST_07,2024-04-30 06:00,16.2,71.8,16.6
ST_08,2024-04-30 07:00,32.5,45.6,0.5
ST_09,2024-04-30 08:00,6.9,35.0,16.1
ST_10,2024-04-30 09:00,22.1,38.6,28.5
ST_11,2024-04-30 10:00,3.9,53.9,27.4
ST_12,2024-04-30 11:00,17.3,43.4,0.0
ST_13,2024-04-30 12:00,26.1,41.5,2.3
ST_14,2024-04-30 13:00,15.5,34.1,24.5
ST_15,2024-04-30 14:00,24.5,55.9,8.0
ST_16,2024-04-30 15:00,36.3,42.7,5.5
ST_17,2024-04-30 16:00,19.0,61.2,16.6
ST_18,2024-04-30 17:00,3.7,53.6,9.9
ST_19,2024-04-30 18:00,7.9,40.3,26.6
ST_20,2024-04-30 19:00,9.2,80.1,15.5
ST_01,2024-04-30 20:00,6.0,63.4,7.7
ST_02,2024-04-30 21:00,37.7,52.8,10.5
ST_03,2024-04-30 22:00,9.6,44.4,8.7
ST_04,2024-04-30 23:00,12.6,30.3,2.1
ST_05,2024-05-01 00:00,14.9,53.0,13.5
ST_06,2024-05-01 01:00,8.0,71.2,4.6
ST_07,2024-05-01 02:00,12.9,41.9,6.5
ST_08,2024-05-01 03:00,22.6,79.7,15.7
ST_09,2024-05-01 04:00,17.3,82.4,0.3
ST_10,2024-05-01 05:00,22.1,57.5,16.0
ST_11,2024-05-01 06:00,25.0,59.9,0.3
ST_12,2024-05-01 07:00,9.1,88.6,22.3
ST_13,2024-05-01 08:00,19.8,82.7,29.0
ST_14,2024-05-01 09:00,22.3,80.3,16.6
ST_15,2024-05-01 10:00,12.1,87.5,19.7
ST_16,2024-05-01 11:00,21.5,67.3,25.8
ST_17,2024-05-01 12:00,28.2,72.0,5.9
ST_18,2024-05-01 13:00,7.0,75.3,23.2
ST_19,2024-05-01 14:00,13.3,79.1,8.1
ST_20,2024-05-01 15:00,16.5,75.9,9.3
ST_01,2024-05-01 16:00,5.0,89.2,8.7
ST_02,2024-05-01 17:00,12.9,61.4,7.3
ST_03,2024-05-01 18:00,39.3,37.6,21.2
ST_04,2024-05-01 19:00,27.5,65.5,17.4
ST_05,2024-05-01 20:00,-5.7,78.0,28.9
ST_06,2024-05-01 21:00,6.2,35.3,10.5
ST_07,2024-05-01 22:00,22.1,38.7,7.0
ST_08,2024-05-01 23:00,23.6,46.5,4.2
ST_09,2024-05-02 00:00,24.3,63.0,5.5
ST_10,2024-05-02 01:00,18.2,31.4,1.1
ST_11,2024-05-02 02:00,27.6,46.9,5.4
ST_12,2024-05-02 03:00,10.7,65.4,17.4
ST_13,2024-05-02 04:00,5.1,73.6,21.5
ST_14,2024-05-02 05:00,2.5,65.9,26.9
ST_15,2024-05-02 06:00,19.5,47.8,10.4
ST_16,2024-05-02 07:00,5.1,38.7,22.7
ST_17,2024-05-02 08:00,11.8,84.1,10.6
ST_18,2024-05-02 09:00,14.8,39.4,19.7
ST_19,2024-05-02 10:00,10.5,53.6,7.4
ST_20,2024-05-02 11:00,19.6,39.8,18.4
ST_01,2024-05-02 12:00,23.7,66.2,15.6
ST_02,2024-05-02 13:00,25.5,31.0,0.6
ST_03,2024-05-02 14:00,12.3,76.2,9.1
ST_04,2024-05-02 15:00,10.5,45.8,16.9
ST_05,2024-05-02 16:00,30.7,41.3,16.9
ST_06,2024-05-02 17:00,15.3,38.2,1.8
ST_07,2024-05-02 18:00,11.7,76.8,17.7
ST_08,2024-05-02 19:00,3.2,41.4,21.2
ST_09,2024-05-02 20:00,28.4,32.2,4.4
ST_10,2024-05-02 21:00,25.5,32.5,15.8
ST_11,2024-05-02 22:00,13.8,34.7,24.7
ST_12,2024-05-02 23:00,38.2,87.8,8.9
ST_13,2024-05-03 00:00,21.4,41.0,21.6
ST_14,2024-05-03 01:00,10.7,84.5,16.4
ST_15,2024-05-03 02:00,26.8,83.6,9.0
ST_16,2024-05-03 03:00,13.3,49.6,21.4
ST_17,2024-05-03 04:00,23.7,63.4,12.1
ST_18,2024-05-03 05:00,10.4,71.6,6.2
ST_19,2024-05-03 06:00,29.2,58.2,26.4
ST_20,2024-05-03 07:00,20.9,82.7,6.3
ST_01,2024-05-03 08:00,17.3,72.5,4.8
ST_02,2024-05-03 09:00,28.7,87.1,5.2
ST_03,2024-05-03 10:00,15.4,37.4,3.8
ST_04,2024-05-03 11:00,14.1,34.2,24.6
ST_05,2024-05-03 12:00,17.5,76.3,25.2
ST_06,2024-05-03 13:00,3.7,58.0,4.0
ST_07,2024-05-03 14:00,5.8,71.9,5.6
ST_08,2024-05-03 15:00,-1.0,35.6,25.4
ST_09,2024-05-03 16:00,20.5,61.2,18.3
ST_10,2024-05-03 17:00,24.3,41.3,0.8
ST_11,2024-05-03 18:00,16.8,73.4,11.4
ST_12,2024-05-03 19:00,15.9,50.5,6.7
ST_13,2024-05-03 20:00,21.1,84.2,18.9
ST_14,2024-05-03 21:00,20.1,71.5,26.6
ST_15,2024-05-03 22:00,14.0,75.6,28.6
ST_16,2024-05-03 23:00,15.9,85.8,25.4
ST_17,2024-05-04 00:00,20.3,68.1,12.7
ST_18,2024-05-04 01:00,11.5,36.4,11.0
ST_19,2024-05-04 02:00,6.4,67.6,19.0
ST_20,2024-05-04 03:00,12.4,55.2,7.8
ST_01,2024-05-04 04:00,12.8,88.0,22.4
ST_02,2024-05-04 05:00,24.3,61.4,15.0
ST_03,2024-05-04 06:00,17.9,60.0,29.9
ST_04,2024-05-04 07:00,20.1,60.6,19.6
ST_05,2024-05-04 08:00,-1.1,66.3,27.9
ST_06,2024-05-04 09:00,4.1,85.6,21.7
ST_07,2024-05-04 10:00,5.0,53.7,29.8
ST_08,2024-05-04 11:00,21.1,88.4,15.2
ST_09,2024-05-04 12:00,15.8,62.2,29.4
ST_10,2024-05-04 13:00,14.3,76.2,4.2
ST_11,2024-05-04 14:00,18.9,62.6,12.8
ST_12,2024-05-04 15:00,3.5,66.1,7.3
ST_13,2024-05-04 16:00,11.5,79.0,23.1
ST_14,2024-05-04 17:00,15.1,78.0,12.5
ST_15,2024-05-04 18:00,11.0,42.8,17.8
ST_16,2024-05-04 19:00,22.2,79.7,18.7
ST_17,2024-05-04 20:00,17.4,63.2,6.9
ST_18,2024-05-04 21:00,16.0,45.1,4.7
ST_19,2024-05-04 22:00,16.5,40.2,10.6
ST_20,2024-05-04 23:00,15.8,62.8,11.5
ST_01,2024-05-05 00:00,6.4,33.9,14.0
ST_02,2024-05-05 01:00,11.5,31.3,22.5
ST_03,2024-05-05 02:00,-17.9,61.6,17.9
ST_04,2024-05-05 03:00,0.5,68.8,10.1
ST_05,2024-05-05 04:00,-10.8,69.0,9.9
ST_06,2024-05-05 05:00,13.2,67.7,24.8
ST_07,2024-05-05 06:00,2.4,37.3,15.2
ST_08,2024-05-05 07:00,13.2,83.0,22.3
ST_09,2024-05-05 08:00,15.4,40.8,4.2
ST_10,2024-05-05 09:00,10.4,38.8,18.1
ST_11,2024-05-05 10:00,19.3,36.5,6.1
ST_12,2024-05-05 11:00,33.9,60.3,20.0
ST_13,2024-05-05 12:00,24.8,87.3,27.6
ST_14,2024-05-05 13:00,21.5,68.5,3.9
ST_15,2024-05-05 14:00,30.8,54.4,10.7
ST_16,2024-05-05 15:00,16.5,80.3,1.8
ST_17,2024-05-05 16:00,13.5,41.6,25.7
ST_18,2024-05-05 17:00,25.6,87.2,28.0
ST_19,2024-05-05 18:00,28.3,44.9,12.8
ST_20,2024-05-05 19:00,16.3,55.9,8.8
ST_01,2024-05-05 20:00,6.5,52.3,7.0
ST_02,2024-05-05 21:00,7.5,49.5,28.8
ST_03,2024-05-05 22:00,2.7,63.4,4.7
ST_04,2024-05-05 23:00,3.0,68.3,7.4
ST_05,2024-05-06 00:00,17.7,38.1,12.7
ST_06,2024-05-06 01:00,21.7,75.8,28.0
ST_07,2024-05-06 02:00,12.3,60.0,23.8
ST_08,2024-05-06 03:00,-8.2,57.3,18.4
ST_09,2024-05-06 04:00,29.7,81.3,3.5
ST_10,2024-05-06 05:00,17.5,42.2,20.0
ST_11,2024-05-06 06:00,15.1,52.2,14.7
ST_12,2024-05-06 07:00,1.3,89.9,29.8
ST_13,2024-05-06 08:00,4.1,54.9,28.5
ST_14,2024-05-06 09:00,13.8,59.1,10.8
ST_15,2024-05-06 10:00,15.1,81.5,28.6
ST_16,2024-05-06 11:00,13.4,73.4,19.4
ST_17,2024-05-06 12:00,21.5,73.1,21.1
ST_18,2024-05-06 13:00,0.5,88.8,24.7
ST_19,2024-05-06 14:00,13.2,89.3,18.6
ST_20,2024-05-06 15:00,27.2,30.8,22.5
ST_01,2024-05-06 16:00,3.9,42.5,9.7
ST_02,2024-05-06 17:00,17.1,41.6,9.5
ST_03,2024-05-06 18:00,2.6,64.9,3.8
ST_04,2024-05-06 19:00,12.9,62.2,27.4
ST_05,2024-05-06 20:00,22.5,64.7,3.8
ST_06,2024-05-06 21:00,14.2,39.8,14.0
ST_07,2024-05-06 22:00,5.5,86.0,14.8
ST_08,2024-05-06 23:00,-0.9,45.4,9.4
ST_09,2024-05-07 00:00,26.8,77.6,29.4
ST_10,2024-05-07 01:00,4.9,59.1,16.6
ST_11,2024-05-07 02:00,8.5,71.7,18.8
ST_12,2024-05-07 03:00,19.0,74.0,22.6
ST_13,2024-05-07 04:00,30.8,37.0,9.3
ST_14,2024-05-07 05:00,12.8,80.4,24.9
ST_15,2024-05-07 06:00,28.1,86.8,2.8
ST_16,2024-05-07 07:00,5.2,38.0,12.3
ST_17,2024-05-07 08:00,17.5,46.0,29.4
ST_18,2024-05-07 09:00,5.5,31.2,22.3
ST_19,2024-05-07 10:00,12.0,52.9,22.7
ST_20,2024-05-07 11:00,32.4,41.5,4.6
ST_01,2024-05-07 12:00,42.1,32.3,1.3
ST_02,2024-05-07 13:00,20.8,40.4,5.7
ST_03,2024-05-07 14:00,23.4,64.6,18.9
ST_04,2024-05-07 15:00,32.4,63.6,20.1
ST_05,2024-05-07 16:00,16.0,78.1,19.2
ST_06,2024-05-07 17:00,-3.8,87.3,4.2
ST_07,2024-05-07 18:00,15.4,30.5,10.5
ST_08,2024-05-07 19:00,-6.4,83.6,7.5
ST_09,2024-05-07 20:00,10.3,66.7,0.0
ST_10,2024-05-07 21:00,25.1,48.4,4.2
ST_11,2024-05-07 22:00,11.9,53.0,13.0
ST_12,2024-05-07 23:00,-0.3,85.7,19.5
ST_13,2024-05-08 00:00,3.6,74.3,24.7
ST_14,2024-05-08 01:00,5.0,33.9,21.8
ST_15,2024-05-08 02:00,27.7,59.1,1.4
ST_16,2024-05-08 03:00,31.5,52.0,26.7
ST_17,2024-05-08 04:00,1.6,47.2,0.4
ST_18,2024-05-08 05:00,16.5,65.2,25.3
ST_19,2024-05-08 06:00,2.9,31.2,11.7
ST_20,2024-05-08 07:00,12.3,72.8,13.6
ST_01,2024-05-08 08:00,4.3,64.8,19.0
ST_02,2024-05-08 09:00,14.5,43.2,29.7
ST_03,2024-05-08 10:00,16.1,74.9,16.1
ST_04,2024-05-08 11:00,22.5,67.0,17.6
ST_05,2024-05-08 12:00,15.0,50.2,1.9
ST_06,2024-05-08 13:00,22.6,82.7,21.6
ST_07,2024-05-08 14:00,17.0,78.1,24.9
ST_08,2024-05-08 15:00,-3.0,84.4,8.5
ST_09,2024-05-08 16:00,8.1,69.7,27.5
ST_10,2024-05-08 17:00,10.3,78.4,2.3
ST_11,2024-05-08 18:00,17.3,46.6,16.0
ST_12,2024-05-08 19:00,36.7,59.1,29.1
ST_13,2024-05-08 20:00,8.3,31.1,19.2
ST_14,2024-05-08 21:00,2.0,42.5,19.6
ST_15,2024-05-08 22:00,8.7,64.3,7.7
ST_16,2024-05-08 23:00,18.5,69.4,16.7
ST_17,2024-05-09 00:00,-5.3,60.0,24.8
ST_18,2024-05-09 01:00,15.1,54.6,29.9
ST_19,2024-05-09 02:00,3.3,84.5,3.3
ST_20,2024-05-09 03:00,15.2,67.5,26.6
ST_01,2024-05-09 04:00,8.2,31.9,10.6
ST_02,2024-05-09 05:00,44.1,40.9,22.1
ST_03,2024-05-09 06:00,14.7,70.3,8.4
ST_04,2024-05-09 07:00,15.2,80.2,15.3
ST_05,2024-05-09 08:00,35.4,30.1,24.2
ST_06,2024-05-09 09:00,5.6,62.4,9.9
ST_07,2024-05-09 10:00,31.0,41.1,18.2
ST_08,2024-05-09 11:00,18.6,54.2,20.5
ST_09,2024-05-09 12:00,15.6,68.1,22.7
ST_10,2024-05-09 13:00,21.8,66.0,15.1
ST_11,2024-05-09 14:00,18.2,79.7,20.7
ST_12,2024-05-09 15:00,4.7,53.2,28.2
ST_13,2024-05-09 16:00,20.5,65.0,9.4
ST_14,2024-05-09 17:00,-0.7,65.6,20.5
ST_15,2024-05-09 18:00,25.7,38.0,0.8
ST_16,2024-05-09 19:00,11.3,37.6,11.8
ST_17,2024-05-09 20:00,32.4,50.2,3.8
ST_18,2024-05-09 21:00,19.5,33.9,20.8
ST_19,2024-05-09 22:00,7.8,46.9,6.8
ST_20,2024-05-09 23:00,14.2,41.7,6.0
ST_01,2024-05-10 00:00,14.0,53.7,2.9
ST_02,2024-05-10 01:00,18.9,89.3,17.7
ST_03,2024-05-10 02:00,14.4,85.3,29.1
ST_04,2024-05-10 03:00,8.1,49.1,3.1
ST_05,2024-05-10 04:00,12.1,69.7,14.9
ST_06,2024-05-10 05:00,21.9,71.0,18.1
ST_07,2024-05-10 06:00,9.2,89.0,26.8
ST_08,2024-05-10 07:00,6.5,38.6,6.0
ST_09,2024-05-10 08:00,22.8,79.1,15.4
ST_10,2024-05-10 09:00,23.2,84.0,21.5
ST_11,2024-05-10 10:00,6.4,67.3,0.8
ST_12,2024-05-10 11:00,23.2,52.6,27.5
ST_13,2024-05-10 12:00,9.2,68.8,24.7
ST_14,2024-05-10 13:00,28.9,58.6,19.3
ST_15,2024-05-10 14:00,5.0,68.1,26.0
ST_16,2024-05-10 15:00,9.2,65.8,3.5
ST_17,2024-05-10 16:00,-0.5,87.8,8.1
ST_18,2024-05-10 17:00,22.1,56.6,4.4
ST_19,2024-05-10 18:00,9.7,35.6,17.6
ST_20,2024-05-10 19:00,4.3,59.1,28.7
ST_01,2024-05-10 20:00,44.0,74.7,16.0
ST_02,2024-05-10 21:00,19.8,82.2,14.3
ST_03,2024-05-10 22:00,19.8,78.2,24.1
ST_04,2024-05-10 23:00,-1.3,54.3,5.7
ST_05,2024-05-11 00:00,1.2,76.7,1.8
ST_06,2024-05-11 01:00,22.6,42.3,18.6
ST_07,2024-05-11 02:00,28.6,65.1,13.8
ST_08,2024-05-11 03:00,7.4,78.3,13.8
ST_09,2024-05-11 04:00,23.1,59.7,26.7
ST_10,2024-05-11 05:00,8.6,61.9,27.2
ST_11,2024-05-11 06:00,24.5,65.3,16.6
ST_12,2024-05-11 07:00,15.7,56.6,25.7
ST_13,2024-05-11 08:00,6.7,36.6,5.3
ST_14,2024-05-11 09:00,27.3,61.5,10.6
ST_15,2024-05-11 10:00,17.8,39.1,11.1
ST_16,2024-05-11 11:00,19.2,72.9,9.9
ST_17,2024-05-11 12:00,15.6,80.5,18.2
ST_18,2024-05-11 13:00,11.9,35.7,12.1
ST_19,2024-05-11 14:00,14.5,79.1,29.0
ST_20,2024-05-11 15:00,29.7,82.8,23.8
ST_01,2024-05-11 16:00,20.3,69.1,5.8
ST_02,2024-05-11 17:00,32.6,66.6,1.5
ST_03,2024-05-11 18:00,9.2,87.7,13.4
ST_04,2024-05-11 19:00,14.9,44.7,11.7
ST_05,2024-05-11 20:00,2.2,34.8,13.0
ST_06,2024-05-11 21:00,-0.3,84.5,25.2
ST_07,2024-05-11 22:00,6.9,71.2,20.7
ST_08,2024-05-11 23:00,19.2,78.5,3.8
ST_09,2024-05-12 00:00,18.8,64.3,21.0
ST_10,2024-05-12 01:00,27.8,69.5,10.0
ST_11,2024-05-12 02:00,14.9,36.9,6.3
ST_12,2024-05-12 03:00,24.0,73.0,26.3
ST_13,2024-05-12 04:00,4.6,67.3,17.1
ST_14,2024-05-12 05:00,23.3,61.1,7.4
ST_15,2024-05-12 06:00,27.3,46.9,13.5
ST_16,2024-05-12 07:00,22.5,36.5,19.1
ST_17,2024-05-12 08:00,16.6,63.0,18.6
ST_18,2024-05-12 09:00,16.3,75.5,23.6
ST_19,2024-05-12 10:00,12.8,35.4,0.9
ST_20,2024-05-12 11:00,4.7,46.6,12.4
ST_01,2024-05-12 12:00,14.2,39.7,6.9
ST_02,2024-05-12 13:00,26.0,83.3,7.8
ST_03,2024-05-12 14:00,5.6,41.9,18.9
ST_04,2024-05-12 15:00,25.3,37.5,20.8
ST_05,2024-05-12 16:00,1.4,77.7,8.4
ST_06,2024-05-12 17:00,16.5,47.2,25.5
ST_07,2024-05-12 18:00,24.6,78.0,27.7
ST_08,2024-05-12 19:00,18.1,41.9,19.0
ST_09,2024-05-12 20:00,23.6,60.2,10.0
ST_10,2024-05-12 21:00,32.7,88.0,4.7
ST_11,2024-05-12 22:00,18.3,70.4,23.3
ST_12,2024-05-12 23:00,25.1,59.3,29.6
ST_13,2024-05-13 00:00,16.1,49.8,24.0
ST_14,2024-05-13 01:00,8.9,66.0,22.1
ST_15,2024-05-13 02:00,8.6,84.4,2.0
ST_16,2024-05-13 03:00,10.2,52.2,23.8
ST_17,2024-05-13 04:00,24.3,31.9,19.2
ST_18,2024-05-13 05:00,4.7,84.2,3.5
ST_19,2024-05-13 06:00,12.1,71.0,13.8
ST_20,2024-05-13 07:00,20.0,67.8,8.1
ST_01,2024-05-13 08:00,32.9,70.6,9.8
ST_02,2024-05-13 09:00,-4.3,61.8,24.5
ST_03,2024-05-13 10:00,12.0,62.7,18.7
ST_04,2024-05-13 11:00,11.1,83.2,10.9
ST_05,2024-05-13 12:00,19.0,44.0,15.3
ST_06,2024-05-13 13:00,20.5,83.7,25.7
ST_07,2024-05-13 14:00,7.1,76.4,6.3
ST_08,2024-05-13 15:00,26.0,68.4,17.7
ST_09,2024-05-13 16:00,5.2,70.5,28.3
ST_10,2024-05-13 17:00,10.9,86.5,21.6
ST_11,2024-05-13 18:00,29.7,73.0,12.0
ST_12,2024-05-13 19:00,6.8,48.9,11.5
ST_13,2024-05-13 20:00,7.2,52.8,3.1
ST_14,2024-05-13 21:00,5.3,89.6,23.2
ST_15,2024-05-13 22:00,5.6,52.7,25.9
ST_16,2024-05-13 23:00,30.2,46.6,11.7
ST_17,2024-05-14 00:00,31.5,70.0,4.2
ST_18,2024-05-14 01:00,24.4,81.7,11.4
ST_19,2024-05-14 02:00,24.0,71.3,28.8
ST_20,2024-05-14 03:00,26.4,84.0,28.4
ST_01,2024-05-14 04:00,24.1,39.2,11.7
ST_02,2024-05-14 05:00,22.0,62.2,8.0
ST_03,2024-05-14 06:00,15.5,35.3,15.9
ST_04,2024-05-14 07:00,11.8,38.6,26.8
ST_05,2024-05-14 08:00,14.1,57.3,26.3
ST_06,2024-05-14 09:00,10.8,78.5,12.0
ST_07,2024-05-14 10:00,12.4,56.1,19.4
ST_08,2024-05-14 11:00,29.8,53.7,6.4
ST_09,2024-05-14 12:00,26.5,76.2,12.0
ST_10,2024-05-14 13:00,3.2,33.7,10.2
ST_11,2024-05-14 14:00,28.3,89.6,9.2
ST_12,2024-05-14 15:00,21.2,48.4,7.5
ST_13,2024-05-14 16:00,17.0,88.6,11.5
ST_14,2024-05-14 17:00,28.0,34.9,0.5
ST_15,2024-05-14 18:00,3.5,36.5,9.9
ST_16,2024-05-14 19:00,27.7,62.9,22.9
ST_17,2024-05-14 20:00,14.3,47.2,28.1
ST_18,2024-05-14 21:00,13.9,80.1,21.9
ST_19,2024-05-14 22:00,11.3,32.3,16.9
ST_20,2024-05-14 23:00,33.8,67.8,24.0
ST_01,2024-05-15 00:00,22.4,78.6,28.7
ST_02,2024-05-15 01:00,-1.2,68.0,21.1
ST_03,2024-05-15 02:00,7.6,82.8,6.1
ST_04,2024-05-15 03:00,24.8,56.0,2.5
ST_05,2024-05-15 04:00,19.0,35.1,27.5
ST_06,2024-05-15 05:00,15.7,79.8,27.3
ST_07,2024-05-15 06:00,17.7,75.5,20.6
ST_08,2024-05-15 07:00,7.6,36.0,13.6
ST_09,2024-05-15 08:00,13.1,72.2,10.7
ST_10,2024-05-15 09:00,11.4,74.3,4.3
ST_11,2024-05-15 10:00,19.7,36.9,11.5
ST_12,2024-05-15 11:00,28.3,30.1,16.5
ST_13,2024-05-15 12:00,24.2,89.2,22.7
ST_14,2024-05-15 13:00,19.2,79.0,8.8
ST_15,2024-05-15 14:00,12.0,39.2,23.3
ST_16,2024-05-15 15:00,14.7,68.9,19.0
ST_17,2024-05-15 16:00,31.7,85.1,0.1
ST_18,2024-05-15 17:00,17.5,71.3,27.5
ST_19,2024-05-15 18:00,23.6,73.1,8.3
ST_20,2024-05-15 19:00,9.3,66.0,23.7
ST_01,2024-05-15 20:00,14.6,61.3,22.2
ST_02,2024-05-15 21:00,24.4,37.1,26.3
ST_03,2024-05-15 22:00,39.1,60.0,5.8
ST_04,2024-05-15 23:00,5.0,80.5,16.1
ST_05,2024-05-16 00:00,15.8,61.4,15.1
ST_06,2024-05-16 01:00,6.8,33.3,18.1
ST_07,2024-05-16 02:00,7.9,36.6,0.3
ST_08,2024-05-16 03:00,20.8,41.2,28.0
ST_09,2024-05-16 04:00,30.1,67.8,26.5
ST_10,2024-05-16 05:00,5.3,86.1,7.3
ST_11,2024-05-16 06:00,16.6,48.0,9.2
ST_12,2024-05-16 07:00,-0.4,75.5,0.7
ST_13,2024-05-16 08:00,5.2,45.1,5.4
ST_14,2024-05-16 09:00,15.3,71.5,24.4
ST_15,2024-05-16 10:00,37.4,66.6,12.9
ST_16,2024-05-16 11:00,7.5,55.4,2.0
ST_17,2024-05-16 12:00,11.6,50.3,28.8
ST_18,2024-05-16 13:00,25.6,44.4,25.8
ST_19,2024-05-16 14:00,9.3,80.4,26.8
ST_20,2024-05-16 15:00,12.0,77.0,30.0
ST_01,2024-05-16 16:00,33.1,71.5,15.7
ST_02,2024-05-16 17:00,4.3,57.1,0.5
ST_03,2024-05-16 18:00,9.0,64.9,4.0
ST_04,2024-05-16 19:00,4.1,82.0,20.8
ST_05,2024-05-16 20:00,11.9,46.8,16.0
ST_06,2024-05-16 21:00,-1.3,32.4,0.4
ST_07,2024-05-16 22:00,17.4,70.0,17.7
ST_08,2024-05-16 23:00,1.9,55.6,2.9
ST_09,2024-05-17 00:00,11.8,59.6,21.3
ST_10,2024-05-17 01:00,18.9,60.4,19.8
ST_11,2024-05-17 02:00,23.2,72.0,2.7
ST_12,2024-05-17 03:00,12.3,37.0,20.9
ST_13,2024-05-17 04:00,2.4,75.8,10.9
ST_14,2024-05-17 05:00,30.0,62.3,15.3
ST_15,2024-05-17 06:00,-0.1,56.7,23.8
ST_16,2024-05-17 07:00,13.1,89.3,23.9
ST_17,2024-05-17 08:00,6.2,80.8,25.1
ST_18,2024-05-17 09:00,31.1,68.3,9.9
ST_19,2024-05-17 10:00,32.6,65.9,29.9
ST_20,2024-05-17 11:00,8.5,64.1,10.2
ST_01,2024-05-17 12:00,12.5,60.2,16.3
ST_02,2024-05-17 13:00,3.6,37.5,8.8
ST_03,2024-05-17 14:00,-3.9,50.4,15.0
ST_04,2024-05-17 15:00,22.8,58.0,11.8
ST_05,2024-05-17 16:00,9.1,73.4,1.8
ST_06,2024-05-17 17:00,12.3,47.3,7.9
ST_07,2024-05-17 18:00,22.0,61.1,13.2
ST_08,2024-05-17 19:00,3.3,58.6,16.7
ST_09,2024-05-17 20:00,13.0,82.9,28.6
ST_10,2024-05-17 21:00,7.0,73.5,15.8
ST_11,2024-05-17 22:00,31.4,63.3,29.4
ST_12,2024-05-17 23:00,20.4,32.9,10.2
ST_13,2024-05-18 00:00,20.7,52.1,24.9
ST_14,2024-05-18 01:00,13.4,56.0,4.3
ST_15,2024-05-18 02:00,30.8,55.4,3.5
ST_16,2024-05-18 03:00,3.8,30.5,2.8
ST_17,2024-05-18 04:00,5.4,86.2,4.4
ST_18,2024-05-18 05:00,26.2,72.0,0.1
ST_19,2024-05-18 06:00,15.7,54.0,12.0
ST_20,2024-05-18 07:00,11.8,65.8,22.6
ST_01,2024-05-18 08:00,14.4,46.7,26.7
ST_02,2024-05-18 09:00,26.3,55.6,22.2
ST_03,2024-05-18 10:00,31.2,78.9,23.0
ST_04,2024-05-18 11:00,5.8,87.0,16.3
ST_05,2024-05-18 12:00,8.0,56.1,19.9
ST_06,2024-05-18 13:00,11.8,40.1,19.3
ST_07,2024-05-18 14:00,12.7,38.5,3.1
ST_08,2024-05-18 15:00,12.9,59.0,21.2
ST_09,2024-05-18 16:00,2.7,55.1,23.4
ST_10,2024-05-18 17:00,22.4,55.9,14.5
ST_11,2024-05-18 18:00,25.7,76.1,4.4
ST_12,2024-05-18 19:00,22.0,39.2,22.7
ST_13,2024-05-18 20:00,19.1,32.4,20.8
ST_14,2024-05-18 21:00,2.8,48.4,14.7
ST_15,2024-05-18 22:00,18.4,30.3,19.9
ST_16,2024-05-18 23:00,16.9,57.6,6.5
ST_17,2024-05-19 00:00,25.1,52.5,2.4
ST_18,2024-05-19 01:00,26.6,63.3,9.4
ST_19,2024-05-19 02:00,15.9,81.0,20.2
ST_20,2024-05-19 03:00,5.9,89.2,7.1
ST_01,2024-05-19 04:00,9.2,31.5,5.2
ST_02,2024-05-19 05:00,14.1,59.4,23.1
ST_03,2024-05-19 06:00,41.0,89.3,1.1
ST_04,2024-05-19 07:00,28.4,58.6,1.1
ST_05,2024-05-19 08:00,5.9,46.7,17.7
ST_06,2024-05-19 09:00,21.3,54.0,6.2
ST_07,2024-05-19 10:00,16.2,68.3,16.1
ST_08,2024-05-19 11:00,20.6,53.4,1.9
ST_09,2024-05-19 12:00,14.8,86.8,3.3
ST_10,2024-05-19 13:00,7.9,77.1,19.8
ST_11,2024-05-19 14:00,14.1,67.5,25.6
ST_12,2024-05-19 15:00,8.4,72.3,16.2
ST_13,2024-05-19 16:00,7.9,36.0,3.9
ST_14,2024-05-19 17:00,12.1,87.5,14.6
ST_15,2024-05-19 18:00,15.6,58.9,22.7
ST_16,2024-05-19 19:00,5.8,46.1,25.8
ST_17,2024-05-19 20:00,23.7,78.8,25.8
ST_18,2024-05-19 21:00,26.7,41.1,21.4
ST_19,2024-05-19 22:00,15.3,65.7,20.6
ST_20,2024-05-19 23:00,22.2,43.4,2.4
ST_01,2024-05-20 00:00,17.2,62.6,0.6
ST_02,2024-05-20 01:00,7.4,43.6,16.7
ST_03,2024-05-20 02:00,5.5,56.9,24.4
ST_04,2024-05-20 03:00,11.7,52.0,20.8
ST_05,2024-05-20 04:00,8.9,44.4,18.8
ST_06,2024-05-20 05:00,14.5,74.6,7.7
ST_07,2024-05-20 06:00,17.7,57.6,21.6
ST_08,2024-05-20 07:00,12.3,39.5,30.0
ST_09,2024-05-20 08:00,16.6,88.8,19.3
ST_10,2024-05-20 09:00,17.3,77.4,25.0
ST_11,2024-05-20 10:00,12.6,30.4,6.4
ST_12,2024-05-20 11:00,8.9,32.7,9.0
ST_13,2024-05-20 12:00,5.6,61.3,14.5
ST_14,2024-05-20 13:00,35.3,48.4,18.8
ST_15,2024-05-20 14:00,2.9,74.5,27.6
ST_16,2024-05-20 15:00,7.2,77.7,0.3
ST_17,2024-05-20 16:00,2.5,80.4,1.5
ST_18,2024-05-20 17:00,16.4,55.9,7.0
ST_19,2024-05-20 18:00,22.8,70.4,13.7
ST_20,2024-05-20 19:00,-1.1,66.1,26.0
ST_01,2024-05-20 20:00,1.4,88.6,8.9
ST_02,2024-05-20 21:00,20.3,50.3,0.1
ST_03,2024-05-20 22:00,18.5,37.0,8.7
ST_04,2024-05-20 23:00,13.4,70.9,28.4
ST_05,2024-05-21 00:00,2.6,61.3,12.2
ST_06,2024-05-21 01:00,25.8,32.0,2.4
ST_07,2024-05-21 02:00,21.0,55.0,29.0
ST_08,2024-05-21 03:00,15.3,39.3,22.2
ST_09,2024-05-21 04:00,9.0,86.7,0.7
ST_10,2024-05-21 05:00,16.3,30.2,16.0
ST_11,2024-05-21 06:00,21.4,51.0,20.6
ST_12,2024-05-21 07:00,-4.1,30.5,15.1
ST_13,2024-05-21 08:00,16.8,70.7,0.8
ST_14,2024-05-21 09:00,13.0,72.2,9.9
ST_15,2024-05-21 10:00,13.4,38.9,11.5
ST_16,2024-05-21 11:00,12.6,63.7,27.8
ST_17,2024-05-21 12:00,19.9,58.6,0.4
ST_18,2024-05-21 13:00,9.8,56.4,16.5
ST_19,2024-05-21 14:00,7.9,85.7,20.1
ST_20,2024-05-21 15:00,1.6,69.1,5.7
ST_01,2024-05-21 16:00,9.4,79.2,23.5
ST_02,2024-05-21 17:00,13.0,79.2,10.2
ST_03,2024-05-21 18:00,27.5,72.6,6.3
ST_04,2024-05-21 19:00,13.1,40.4,8.8
ST_05,2024-05-21 20:00,22.8,48.1,2.3
ST_06,2024-05-21 21:00,-4.6,36.0,8.2
ST_07,2024-05-21 22:00,28.6,60.4,26.9
ST_08,2024-05-21 23:00,16.1,51.7,25.3
ST_09,2024-05-22 00:00,9.9,49.1,9.3
ST_10,2024-05-22 01:00,6.7,83.5,4.0
ST_11,2024-05-22 02:00,11.2,65.6,12.7
ST_12,2024-05-22 03:00,31.5,76.6,21.1
ST_13,2024-05-22 04:00,25.8,69.4,10.4
ST_14,2024-05-22 05:00,-5.1,33.3,27.9
ST_15,2024-05-22 06:00,33.2,82.9,3.5
ST_16,2024-05-22 07:00,27.8,52.4,24.8
ST_17,2024-05-22 08:00,13.2,35.8,28.1
ST_18,2024-05-22 09:00,24.9,74.9,6.9
ST_19,2024-05-22 10:00,24.4,57.4,0.9
ST_20,2024-05-22 11:00,9.1,45.6,5.3
ST_01,2024-05-22 12:00,8.9,37.5,23.3
ST_02,2024-05-22 13:00,4.6,40.9,0.2
ST_03,2024-05-22 14:00,12.7,50.0,24.2
ST_04,2024-05-22 15:00,-0.8,82.8,2.2
ST_05,2024-05-22 16:00,21.2,34.0,26.0
ST_06,2024-05-22 17:00,18.9,55.5,27.7
ST_07,2024-05-22 18:00,38.3,70.9,1.2
ST_08,2024-05-22 19:00,9.3,56.9,7.5
ST_09,2024-05-22 20:00,-16.3,47.4,14.2
ST_10,2024-05-22 21:00,10.6,52.2,14.3
ST_11,2024-05-22 22:00,13.8,50.9,12.1
ST_12,2024-05-22 23:00,16.4,83.5,19.9
ST_13,2024-05-23 00:00,23.8,50.4,7.7
ST_14,2024-05-23 01:00,23.0,30.7,11.9
ST_15,2024-05-23 02:00,4.0,38.3,4.7
ST_16,2024-05-23 03:00,8.1,44.8,15.2
ST_17,2024-05-23 04:00,20.1,73.5,2.4
ST_18,2024-05-23 05:00,1.6,59.5,17.7
ST_19,2024-05-23 06:00,10.9,63.6,24.6
ST_20,2024-05-23 07:00,6.2,65.0,18.1
ST_01,2024-05-23 08:00,9.6,62.0,9.4
ST_02,2024-05-23 09:00,4.9,73.2,28.1
ST_03,2024-05-23 10:00,3.6,87.1,27.0
ST_04,2024-05-23 11:00,6.1,83.7,13.4
ST_05,2024-05-23 12:00,23.6,72.0,1.8
ST_06,2024-05-23 13:00,10.3,56.3,6.6
ST_07,2024-05-23 14:00,15.9,74.3,18.2
ST_08,2024-05-23 15:00,24.4,71.4,28.6
ST_09,2024-05-23 16:00,7.7,57.7,24.7
ST_10,2024-05-23 17:00,15.8,34.4,1.7
ST_11,2024-05-23 18:00,-3.4,41.8,25.0
ST_12,2024-05-23 19:00,20.8,76.4,29.8
ST_13,2024-05-23 20:00,34.6,62.7,29.3
ST_14,2024-05-23 21:00,22.3,71.0,26.8
ST_15,2024-05-23 22:00,11.6,64.4,9.5
ST_16,2024-05-23 23:00,15.0,42.1,14.0
ST_17,2024-05-24 00:00,14.7,77.0,27.5
ST_18,2024-05-24 01:00,13.5,83.5,1.8
ST_19,2024-05-24 02:00,12.7,56.7,6.7
ST_20,2024-05-24 03:00,14.8,79.3,22.4
ST_01,2024-05-24 04:00,15.2,45.7,6.6
ST_02,2024-05-24 05:00,13.1,68.4,12.8
ST_03,2024-05-24 06:00,15.0,75.8,11.2
ST_04,2024-05-24 07:00,18.0,69.6,17.8
ST_05,2024-05-24 08:00,16.9,36.0,27.7
ST_06,2024-05-24 09:00,12.4,84.7,26.5
ST_07,2024-05-24 10:00,7.9,38.6,29.3
ST_08,2024-05-24 11:00,1.7,65.1,25.6
ST_09,2024-05-24 12:00,7.1,81.2,20.6
ST_10,2024-05-24 13:00,-9.8,74.3,1.9
ST_11,2024-05-24 14:00,16.6,84.2,22.3
ST_12,2024-05-24 15:00,22.2,44.3,7.0
ST_13,2024-05-24 16:00,-8.9,88.1,2.9
ST_14,2024-05-24 17:00,11.2,81.4,14.4
ST_15,2024-05-24 18:00,14.3,44.2,25.6
ST_16,2024-05-24 19:00,14.4,51.7,16.1
ST_17,2024-05-24 20:00,6.9,38.1,16.2
ST_18,2024-05-24 21:00,11.8,33.0,8.2
ST_19,2024-05-24 22:00,1.9,35.3,7.6
ST_20,2024-05-24 23:00,4.0,70.5,1.4
ST_01,2024-05-25 00:00,13.4,76.5,22.6
ST_02,2024-05-25 01:00,26.7,78.7,22.1
ST_03,2024-05-25 02:00,11.4,56.7,9.0
ST_04,2024-05-25 03:00,-0.5,63.9,9.0
ST_05,2024-05-25 04:00,18.2,60.5,17.9
ST_06,2024-05-25 05:00,-1.6,68.2,3.8
ST_07,2024-05-25 06:00,10.9,85.8,20.6
ST_08,2024-05-25 07:00,5.1,30.1,18.6
ST_09,2024-05-25 08:00,10.4,37.6,8.4
ST_10,2024-05-25 09:00,8.1,44.9,11.8
ST_11,2024-05-25 10:00,27.7,39.5,13.5
ST_12,2024-05-25 11:00,10.5,73.4,25.0
ST_13,2024-05-25 12:00,-7.5,34.3,11.4
ST_14,2024-05-25 13:00,14.8,30.6,14.9
ST_15,2024-05-25 14:00,4.4,42.1,1.3
ST_16,2024-05-25 15:00,21.9,44.9,8.9
ST_17,2024-05-25 16:00,10.5,52.9,27.5
ST_18,2024-05-25 17:00,20.8,44.4,20.3
ST_19,2024-05-25 18:00,27.5,60.7,27.6
ST_20,2024-05-25 19:00,10.9,78.7,3.3
ST_01,2024-05-25 20:00,7.9,87.0,18.3
ST_02,2024-05-25 21:00,8.9,89.4,17.2
ST_03,2024-05-25 22:00,35.1,65.6,2.9
ST_04,2024-05-25 23:00,23.7,60.9,8.2
ST_05,2024-05-26 00:00,9.9,61.6,15.0
ST_06,2024-05-26 01:00,2.9,48.0,14.4
ST_07,2024-05-26 02:00,10.2,76.5,19.8
ST_08,2024-05-26 03:00,13.4,83.5,15.0
ST_09,2024-05-26 04:00,9.1,82.8,8.0
ST_10,2024-05-26 05:00,2.8,67.2,22.6
ST_11,2024-05-26 06:00,23.8,56.1,26.6
ST_12,2024-05-26 07:00,8.4,43.2,10.3
ST_13,2024-05-26 08:00,10.0,82.7,29.8
ST_14,2024-05-26 09:00,0.1,77.7,13.1
ST_15,2024-05-26 10:00,15.6,42.7,25.7
ST_16,2024-05-26 11:00,2.2,37.6,9.0
ST_17,2024-05-26 12:00,14.5,41.8,17.9
ST_18,2024-05-26 13:00,10.3,43.6,10.3
ST_19,2024-05-26 14:00,19.0,31.9,27.3
ST_20,2024-05-26 15:00,28.1,87.5,10.5
ST_01,2024-05-26 16:00,-1.1,57.1,8.8
ST_02,2024-05-26 17:00,-1.9,57.9,7.0
ST_03,2024-05-26 18:00,5.9,39.2,17.2
ST_04,2024-05-26 19:00,-13.2,69.3,19.9
ST_05,2024-05-26 20:00,-2.6,76.3,12.3
ST_06,2024-05-26 21:00,7.4,49.8,28.1
ST_07,2024-05-26 22:00,16.0,60.1,29.1
ST_08,2024-05-26 23:00,13.3,45.2,15.7
ST_09,2024-05-27 00:00,24.6,67.8,29.0
ST_10,2024-05-27 01:00,5.2,58.3,8.9
ST_11,2024-05-27 02:00,7.0,77.8,14.4
ST_12,2024-05-27 03:00,16.3,67.8,18.6
ST_13,2024-05-27 04:00,8.8,64.7,11.1
ST_14,2024-05-27 05:00,4.7,38.2,10.6
ST_15,2024-05-27 06:00,21.3,44.0,20.9
ST_16,2024-05-27 07:00,23.4,58.3,2.7
ST_17,2024-05-27 08:00,18.1,39.8,22.6
ST_18,2024-05-27 09:00,6.1,85.1,6.1
ST_19,2024-05-27 10:00,10.0,70.9,28.6
ST_20,2024-05-27 11:00,11.8,82.2,14.8
ST_01,2024-05-27 12:00,5.5,53.1,18.8
ST_02,2024-05-27 13:00,20.2,60.6,13.2
ST_03,2024-05-27 14:00,12.6,48.1,28.4
ST_04,2024-05-27 15:00,21.9,51.5,4.6
ST_05,2024-05-27 16:00,23.4,35.6,0.4
ST_06,2024-05-27 17:00,4.3,46.0,5.9
ST_07,2024-05-27 18:00,2.9,77.7,6.3
ST_08,2024-05-27 19:00,-3.5,43.6,26.7
ST_09,2024-05-27 20:00,6.3,47.6,22.3
ST_10,2024-05-27 21:00,11.7,43.1,21.9
ST_11,2024-05-27 22:00,8.7,67.6,13.5
ST_12,2024-05-27 23:00,21.3,75.9,10.0
ST_13,2024-05-28 00:00,10.1,33.5,25.4
ST_14,2024-05-28 01:00,32.3,74.9,12.1
ST_15,2024-05-28 02:00,-5.9,87.6,14.6
ST_16,2024-05-28 03:00,10.9,46.0,22.2
ST_17,2024-05-28 04:00,7.5,64.9,12.7
ST_18,2024-05-28 05:00,34.8,76.1,11.8
ST_19,2024-05-28 06:00,12.2,37.1,4.1
ST_20,2024-05-28 07:00,7.2,69.1,3.0
ST_01,2024-05-28 08:00,25.1,55.7,13.0
ST_02,2024-05-28 09:00,2.9,36.1,25.1
ST_03,2024-05-28 10:00,9.1,73.3,16.7
ST_04,2024-05-28 11:00,22.4,37.2,25.9
ST_05,2024-05-28 12:00,12.3,78.8,27.1
ST_06,2024-05-28 13:00,27.0,63.5,25.7
ST_07,2024-05-28 14:00,-2.4,63.9,12.6
ST_08,2024-05-28 15:00,36.4,51.3,5.7
ST_09,2024-05-28 16:00,9.7,86.2,3.6
ST_10,2024-05-28 17:00,8.8,89.3,26.3
ST_11,2024-05-28 18:00,14.7,48.8,10.8
ST_12,2024-05-28 19:00,12.1,47.7,9.0
ST_13,2024-05-28 20:00,11.9,68.0,25.7
ST_14,2024-05-28 21:00,8.0,79.5,15.4
ST_15,2024-05-28 22:00,14.9,34.0,4.1
ST_16,2024-05-28 23:00,16.8,82.7,14.4
ST_17,2024-05-29 00:00,18.8,65.5,17.5
ST_18,2024-05-29 01:00,15.7,76.9,16.1
ST_19,2024-05-29 02:00,19.9,76.3,0.5
ST_20,2024-05-29 03:00,13.1,75.3,4.3
ST_01,2024-05-29 04:00,2.3,82.5,25.3
ST_02,2024-05-29 05:00,17.2,79.7,20.6
ST_03,2024-05-29 06:00,8.0,83.7,22.4
ST_04,2024-05-29 07:00,21.5,50.9,28.3
ST_05,2024-05-29 08:00,4.7,68.7,18.6
ST_06,2024-05-29 09:00,6.5,32.4,2.1
ST_07,2024-05-29 10:00,31.6,76.5,5.7
ST_08,2024-05-29 11:00,18.4,48.1,7.5
ST_09,2024-05-29 12:00,10.1,34.5,16.5
ST_10,2024-05-29 13:00,12.0,74.2,24.8
ST_11,2024-05-29 14:00,5.5,82.2,22.4
ST_12,2024-05-29 15:00,11.4,41.0,17.1
ST_13,2024-05-29 16:00,16.1,73.8,21.6
ST_14,2024-05-29 17:00,28.5,52.9,28.1
ST_15,2024-05-29 18:00,28.3,65.7,11.2
ST_16,2024-05-29 19:00,27.4,82.1,7.6
ST_17,2024-05-29 20:00,19.1,63.0,2.7
ST_18,2024-05-29 21:00,19.4,77.4,2.3
ST_19,2024-05-29 22:00,-6.2,86.9,15.5
ST_20,2024-05-29 23:00,19.3,76.5,16.6
ST_01,2024-05-30 00:00,-8.5,32.2,22.0
ST_02,2024-05-30 01:00,11.1,79.1,4.9
ST_03,2024-05-30 02:00,23.3,62.7,24.2
ST_04,2024-05-30 03:00,15.4,78.8,25.8
ST_05,2024-05-30 04:00,-0.1,78.1,20.8
ST_06,2024-05-30 05:00,22.0,41.6,6.9
ST_07,2024-05-30 06:00,11.7,86.3,11.9
ST_08,2024-05-30 07:00,13.9,39.1,17.0
ST_09,2024-05-30 08:00,31.4,40.2,16.0
ST_10,2024-05-30 09:00,24.7,80.3,3.8
ST_11,2024-05-30 10:00,18.6,44.9,20.8
ST_12,2024-05-30 11:00,3.3,39.1,7.3
ST_13,2024-05-30 12:00,6.7,55.2,0.9
ST_14,2024-05-30 13:00,16.3,84.3,4.6
ST_15,2024-05-30 14:00,27.5,56.5,9.5
ST_16,2024-05-30 15:00,15.9,46.1,29.2
ST_17,2024-05-30 16:00,20.3,49.9,24.1
ST_18,2024-05-30 17:00,-14.0,65.9,1.4
ST_19,2024-05-30 18:00,27.3,65.8,0.7
ST_20,2024-05-30 19:00,14.9,63.3,25.1
ST_01,2024-05-30 20:00,31.9,47.8,17.0
ST_02,2024-05-30 21:00,0.2,43.5,18.9
ST_03,2024-05-30 22:00,1.1,73.6,12.2
ST_04,2024-05-30 23:00,14.9,79.4,0.3
ST_05,2024-05-31 00:00,22.6,70.3,17.1
ST_06,2024-05-31 01:00,25.7,72.1,0.3
ST_07,2024-05-31 02:00,8.6,87.9,21.0
ST_08,2024-05-31 03:00,26.9,40.4,1.0
ST_09,2024-05-31 04:00,24.3,48.1,18.9
ST_10,2024-05-31 05:00,36.1,75.0,2.9
ST_11,2024-05-31 06:00,22.5,79.5,12.4
ST_12,2024-05-31 07:00,26.3,80.9,21.5
ST_13,2024-05-31 08:00,6.4,46.9,16.2
ST_14,2024-05-31 09:00,1.7,39.8,14.5
ST_15,2024-05-31 10:00,15.7,46.5,9.2
ST_16,2024-05-31 11:00,14.5,42.6,4.0
ST_17,2024-05-31 12:00,7.8,46.4,23.1
ST_18,2024-05-31 13:00,5.8,46.2,10.3
ST_19,2024-05-31 14:00,4.2,73.8,15.9
ST_20,2024-05-31 15:00,28.6,89.7,2.4
ST_01,2024-05-31 16:00,15.8,50.8,28.8
ST_02,2024-05-31 17:00,16.1,46.5,11.9
ST_03,2024-05-31 18:00,14.4,51.2,4.3
ST_04,2024-05-31 19:00,16.2,35.0,5.4
ST_05,2024-05-31 20:00,13.2,36.6,29.6
ST_06,2024-05-31 21:00,25.7,86.6,10.7
ST_07,2024-05-31 22:00,15.1,40.7,27.7
ST_08,2024-05-31 23:00,-9.2,72.6,26.5
ST_09,2024-06-01 00:00,21.1,82.7,29.3
ST_10,2024-06-01 01:00,29.7,41.4,17.1
ST_11,2024-06-01 02:00,32.5,63.3,22.5
ST_12,2024-06-01 03:00,18.5,44.5,27.2
ST_13,2024-06-01 04:00,17.8,49.6,17.0
ST_14,2024-06-01 05:00,-14.4,70.2,5.5
ST_15,2024-06-01 06:00,25.1,63.4,21.0
ST_16,2024-06-01 07:00,18.5,38.6,27.8
ST_17,2024-06-01 08:00,10.4,56.1,29.6
ST_18,2024-06-01 09:00,-5.0,85.2,22.1
ST_19,2024-06-01 10:00,22.1,51.7,3.3
ST_20,2024-06-01 11:00,2.2,53.4,8.4
ST_01,2024-06-01 12:00,13.3,60.8,24.1
ST_02,2024-06-01 13:00,17.0,49.2,25.2
ST_03,2024-06-01 14:00,28.3,44.7,6.0
ST_04,2024-06-01 15:00,19.5,61.4,20.3
ST_05,2024-06-01 16:00,-15.7,35.1,18.3
ST_06,2024-06-01 17:00,22.2,37.1,7.6
ST_07,2024-06-01 18:00,28.2,83.2,20.3
ST_08,2024-06-01 19:00,18.3,57.7,27.4
ST_09,2024-06-01 20:00,15.0,33.3,20.4
ST_10,2024-06-01 21:00,29.4,85.3,23.3
ST_11,2024-06-01 22:00,17.0,43.6,23.9
ST_12,2024-06-01 23:00,-0.5,85.3,10.5
ST_13,2024-06-02 00:00,14.2,37.8,21.3
ST_14,2024-06-02 01:00,-10.7,30.8,25.4
ST_15,2024-06-02 02:00,14.3,45.2,23.4
ST_16,2024-06-02 03:00,23.6,75.7,16.1
ST_17,2024-06-02 04:00,40.2,35.6,26.4
ST_18,2024-06-02 05:00,1.9,78.2,0.0
ST_19,2024-06-02 06:00,1.5,40.5,23.9
ST_20,2024-06-02 07:00,27.7,67.8,2.5
ST_01,2024-06-02 08:00,-3.7,31.3,15.6
ST_02,2024-06-02 09:00,17.3,57.9,30.0
ST_03,2024-06-02 10:00,5.7,53.3,16.9
ST_04,2024-06-02 11:00,13.0,50.7,2.3
ST_05,2024-06-02 12:00,16.0,52.7,1.8
ST_06,2024-06-02 13:00,18.2,60.5,11.1
ST_07,2024-06-02 14:00,13.4,49.5,14.8
ST_08,2024-06-02 15:00,29.3,66.1,14.3
ST_09,2024-06-02 16:00,9.8,49.6,20.4
ST_10,2024-06-02 17:00,8.5,61.9,7.0
ST_11,2024-06-02 18:00,13.2,75.5,20.3
ST_12,2024-06-02 19:00,15.3,42.8,11.4
ST_13,2024-06-02 20:00,10.2,41.6,9.0
ST_14,2024-06-02 21:00,24.6,71.4,6.7
ST_15,2024-06-02 22:00,32.3,46.8,16.2
ST_16,2024-06-02 23:00,-17.4,60.2,2.2
ST_17,2024-06-03 00:00,12.2,50.2,17.9
ST_18,2024-06-03 01:00,2.9,64.0,26.6
ST_19,2024-06-03 02:00,0.4,80.1,14.8
ST_20,2024-06-03 03:00,-3.3,76.6,17.2
ST_01,2024-06-03 04:00,32.0,65.8,19.0
ST_02,2024-06-03 05:00,13.3,70.3,6.8
ST_03,2024-06-03 06:00,-4.9,44.2,14.7
ST_04,2024-06-03 07:00,-0.2,41.6,13.1
ST_05,2024-06-03 08:00,14.9,33.6,23.8
ST_06,2024-06-03 09:00,18.3,63.6,24.8
ST_07,2024-06-03 10:00,19.4,36.9,26.5
ST_08,2024-06-03 11:00,16.9,80.9,25.9
ST_09,2024-06-03 12:00,4.8,40.2,20.6
ST_10,2024-06-03 13:00,6.5,52.5,21.8
ST_11,2024-06-03 14:00,28.0,64.8,3.1
ST_12,2024-06-03 15:00,-6.9,75.6,4.9
ST_13,2024-06-03 16:00,27.5,58.5,25.7
ST_14,2024-06-03 17:00,6.5,86.3,26.4
ST_15,2024-06-03 18:00,13.5,58.0,15.0
ST_16,2024-06-03 19:00,11.6,51.4,26.2
ST_17,2024-06-03 20:00,9.8,41.4,1.4
ST_18,2024-06-03 21:00,7.7,64.4,5.3
ST_19,2024-06-03 22:00,-9.2,36.9,9.0
ST_20,2024-06-03 23:00,23.2,81.3,22.9
ST_01,2024-06-04 00:00,1.1,42.9,5.3
ST_02,2024-06-04 01:00,21.5,57.3,6.2
ST_03,2024-06-04 02:00,10.2,46.0,20.1
ST_04,2024-06-04 03:00,8.5,76.3,3.2
ST_05,2024-06-04 04:00,23.5,46.6,16.4
ST_06,2024-06-04 05:00,7.1,77.2,2.2
ST_07,2024-06-04 06:00,21.3,84.2,11.4
ST_08,2024-06-04 07:00,3.0,57.0,12.1
ST_09,2024-06-04 08:00,19.3,85.5,12.0
ST_10,2024-06-04 09:00,20.3,56.8,24.7
ST_11,2024-06-04 10:00,14.4,48.5,12.2
ST_12,2024-06-04 11:00,10.4,72.0,9.8
ST_13,2024-06-04 12:00,22.4,83.6,29.1
ST_14,2024-06-04 13:00,29.6,57.5,22.1
ST_15,2024-06-04 14:00,24.7,45.7,1.8
ST_16,2024-06-04 15:00,21.3,54.1,11.6
ST_17,2024-06-04 16:00,26.5,40.1,2.4
ST_18,2024-06-04 17:00,21.7,58.1,15.2
ST_19,2024-06-04 18:00,-10.0,48.8,17.5
ST_20,2024-06-04 19:00,5.7,65.2,11.2
ST_01,2024-06-04 20:00,27.0,32.2,2.6
ST_02,2024-06-04 21:00,20.9,49.0,1.6
ST_03,2024-06-04 22:00,16.7,64.8,19.0
ST_04,2024-06-04 23:00,20.7,79.7,24.8
ST_05,2024-06-05 00:00,-1.0,55.9,6.7
ST_06,2024-06-05 01:00,36.1,53.6,5.2
ST_07,2024-06-05 02:00,31.8,69.2,20.5
ST_08,2024-06-05 03:00,14.2,64.3,5.9
ST_09,2024-06-05 04:00,15.3,84.1,22.1
ST_10,2024-06-05 05:00,23.8,32.8,4.9
ST_11,2024-06-05 06:00,32.3,63.8,22.1
ST_12,2024-06-05 07:00,7.6,79.2,29.8
ST_13,2024-06-05 08:00,-4.4,64.0,25.9
ST_14,2024-06-05 09:00,3.0,75.3,6.4
ST_15,2024-06-05 10:00,11.8,75.2,9.5
ST_16,2024-06-05 11:00,24.6,31.3,22.2
ST_17,2024-06-05 12:00,22.5,74.2,6.8
ST_18,2024-06-05 13:00,20.7,55.7,20.9
ST_19,2024-06-05 14:00,16.5,62.6,7.8
ST_20,2024-06-05 15:00,14.9,79.7,4.5
ST_01,2024-06-05 16:00,9.4,31.1,28.8
ST_02,2024-06-05 17:00,6.6,40.9,23.7
ST_03,2024-06-05 18:00,13.0,37.0,22.1
ST_04,2024-06-05 19:00,21.9,32.0,3.2
ST_05,2024-06-05 20:00,26.1,85.1,24.6
ST_06,2024-06-05 21:00,-0.5,46.4,6.2
ST_07,2024-06-05 22:00,6.9,78.9,25.9
ST_08,2024-06-05 23:00,24.8,53.6,3.8
ST_09,2024-06-06 00:00,12.7,39.9,15.9
ST_10,2024-06-06 01:00,17.2,43.7,19.9
ST_11,2024-06-06 02:00,27.2,51.4,4.3
ST_12,2024-06-06 03:00,0.6,53.4,22.3
ST_13,2024-06-06 04:00,19.4,46.5,17.2
ST_14,2024-06-06 05:00,1.9,85.8,14.2
ST_15,2024-06-06 06:00,10.7,33.9,15.1
ST_16,2024-06-06 07:00,32.2,79.6,18.3
ST_17,2024-06-06 08:00,20.1,89.6,17.5
ST_18,2024-06-06 09:00,26.9,53.1,0.4
ST_19,2024-06-06 10:00,-6.9,51.7,10.0
ST_20,2024-06-06 11:00,32.2,69.8,28.4
ST_01,2024-06-06 12:00,12.5,61.4,27.1
ST_02,2024-06-06 13:00,1.8,47.0,23.1
ST_03,2024-06-06 14:00,15.4,50.0,28.6
ST_04,2024-06-06 15:00,22.4,72.9,6.4
ST_05,2024-06-06 16:00,2.3,89.3,8.5
ST_06,2024-06-06 17:00,-13.2,51.7,22.3
ST_07,2024-06-06 18:00,22.5,70.7,4.9
ST_08,2024-06-06 19:00,23.6,85.0,16.8
ST_09,2024-06-06 20:00,18.9,52.0,17.6
ST_10,2024-06-06 21:00,-2.9,74.0,5.8
ST_11,2024-06-06 22:00,7.4,74.8,10.4
ST_12,2024-06-06 23:00,-0.4,49.7,4.5
ST_13,2024-06-07 00:00,26.3,61.7,17.7
ST_14,2024-06-07 01:00,25.9,45.6,24.1
ST_15,2024-06-07 02:00,16.4,34.5,6.6
ST_16,2024-06-07 03:00,23.0,36.5,15.6
ST_17,2024-06-07 04:00,16.8,85.5,21.0
ST_18,2024-06-07 05:00,30.0,56.8,20.7
ST_19,2024-06-07 06:00,16.7,65.0,7.0
ST_20,2024-06-07 07:00,4.0,55.3,24.1
ST_01,2024-06-07 08:00,19.4,50.6,1.5
ST_02,2024-06-07 09:00,8.1,62.6,0.6
ST_03,2024-06-07 10:00,17.4,68.3,16.9
ST_04,2024-06-07 11:00,12.5,68.1,16.5
ST_05,2024-06-07 12:00,11.6,51.0,3.4
ST_06,2024-06-07 13:00,11.9,71.0,16.2
ST_07,2024-06-07 14:00,24.8,39.7,6.8
ST_08,2024-06-07 15:00,18.4,41.9,7.9
ST_09,2024-06-07 16:00,10.7,66.6,23.4
ST_10,2024-06-07 17:00,20.0,55.7,3.5
ST_11,2024-06-07 18:00,16.2,48.7,1.9
ST_12,2024-06-07 19:00,1.6,80.5,4.4
ST_13,2024-06-07 20:00,19.4,77.6,22.2
ST_14,2024-06-07 21:00,26.4,75.6,0.0
ST_15,2024-06-07 22:00,19.7,48.2,12.9
ST_16,2024-06-07 23:00,-0.3,33.8,21.4
ST_17,2024-06-08 00:00,21.7,63.8,5.5
ST_18,2024-06-08 01:00,32.9,56.8,12.3
ST_19,2024-06-08 02:00,19.7,58.8,25.2
ST_20,2024-06-08 03:00,11.0,34.6,29.6
ST_01,2024-06-08 04:00,16.9,88.8,29.2
ST_02,2024-06-08 05:00,21.2,63.0,14.1
ST_03,2024-06-08 06:00,20.6,85.6,1.0
ST_04,2024-06-08 07:00,12.2,81.6,4.6
ST_05,2024-06-08 08:00,32.1,60.6,19.4
ST_06,2024-06-08 09:00,24.5,43.0,15.5
ST_07,2024-06-08 10:00,28.4,79.2,16.1
ST_08,2024-06-08 11:00,16.7,73.9,2.4
ST_09,2024-06-08 12:00,14.5,44.1,13.9
ST_10,2024-06-08 13:00,34.2,43.0,10.1
ST_11,2024-06-08 14:00,32.6,40.7,1.9
ST_12,2024-06-08 15:00,9.4,78.6,2.6
ST_13,2024-06-08 16:00,23.7,67.3,11.8
ST_14,2024-06-08 17:00,22.4,81.0,0.1
ST_15,2024-06-08 18:00,3.1,62.3,9.8
ST_16,2024-06-08 19:00,29.7,58.3,25.6
ST_17,2024-06-08 20:00,23.2,60.6,7.3
ST_18,2024-06-08 21:00,12.1,51.4,6.3
ST_19,2024-06-08 22:00,-7.7,80.9,11.5
ST_20,2024-06-08 23:00,17.1,59.7,6.8
ST_01,2024-06-09 00:00,-0.5,89.6,3.3
ST_02,2024-06-09 01:00,5.9,86.6,12.9
ST_03,2024-06-09 02:00,25.7,69.2,9.5
ST_04,2024-06-09 03:00,11.4,44.2,16.2
ST_05,2024-06-09 04:00,18.3,69.6,3.8
ST_06,2024-06-09 05:00,18.1,51.4,26.0
ST_07,2024-06-09 06:00,19.3,85.2,13.4
ST_08,2024-06-09 07:00,23.5,34.5,6.9
ST_09,2024-06-09 08:00,2.6,64.5,26.7
ST_10,2024-06-09 09:00,21.4,43.6,19.3
ST_11,2024-06-09 10:00,32.7,45.4,17.7
ST_12,2024-06-09 11:00,16.8,47.6,24.1
ST_13,2024-06-09 12:00,20.0,79.0,18.7
ST_14,2024-06-09 13:00,4.2,78.4,17.0
ST_15,2024-06-09 14:00,14.4,56.2,23.2
ST_16,2024-06-09 15:00,4.7,34.1,8.6
ST_17,2024-06-09 16:00,14.7,61.2,5.7
ST_18,2024-06-09 17:00,-5.3,48.5,1.1
ST_19,2024-06-09 18:00,36.1,61.0,10.0
ST_20,2024-06-09 19:00,19.4,37.8,10.9
ST_01,2024-06-09 20:00,12.6,33.6,12.0
ST_02,2024-06-09 21:00,-5.8,46.3,17.7
ST_03,2024-06-09 22:00,6.1,79.9,5.5
ST_04,2024-06-09 23:00,3.9,50.1,10.5
ST_05,2024-06-10 00:00,5.8,32.1,22.6
ST_06,2024-06-10 01:00,22.6,55.3,1.1
ST_07,2024-06-10 02:00,-8.6,86.4,28.2
ST_08,2024-06-10 03:00,17.2,35.6,9.7
ST_09,2024-06-10 04:00,14.9,82.2,1.7
ST_10,2024-06-10 05:00,5.6,69.6,23.8
ST_11,2024-06-10 06:00,3.1,38.7,26.7
ST_12,2024-06-10 07:00,16.8,36.2,10.1
ST_13,2024-06-10 08:00,19.9,53.9,4.2
ST_14,2024-06-10 09:00,16.3,78.8,23.6
ST_15,2024-06-10 10:00,17.2,81.4,6.9
ST_16,2024-06-10 11:00,2.7,82.2,17.2
ST_17,2024-06-10 12:00,2.0,76.8,6.1
ST_18,2024-06-10 13:00,32.3,73.8,10.2
ST_19,2024-06-10 14:00,7.2,45.6,0.3
ST_20,2024-06-10 15:00,8.3,69.6,19.6
ST_01,2024-06-10 16:00,2.0,44.7,21.7
ST_02,2024-06-10 17:00,23.9,30.5,20.4
ST_03,2024-06-10 18:00,5.5,78.7,6.5
ST_04,2024-06-10 19:00,6.4,39.0,0.6
ST_05,2024-06-10 20:00,10.0,49.9,28.1
ST_06,2024-06-10 21:00,28.0,52.3,25.2
ST_07,2024-06-10 22:00,6.5,65.1,1.6
ST_08,2024-06-10 23:00,21.5,45.4,13.2
ST_09,2024-06-11 00:00,21.9,37.2,12.4
ST_10,2024-06-11 01:00,42.5,39.1,4.6
ST_11,2024-06-11 02:00,15.1,48.4,20.1
ST_12,2024-06-11 03:00,7.9,88.8,3.5
ST_13,2024-06-11 04:00,5.9,75.1,21.2
ST_14,2024-06-11 05:00,17.0,37.9,22.3
ST_15,2024-06-11 06:00,28.2,33.8,11.2
ST_16,2024-06-11 07:00,27.2,62.6,26.5
ST_17,2024-06-11 08:00,21.6,89.7,8.1
ST_18,2024-06-11 09:00,-6.3,86.0,3.1
ST_19,2024-06-11 10:00,19.2,81.3,26.1
ST_20,2024-06-11 11:00,15.1,33.8,22.4
ST_01,2024-06-11 12:00,33.0,78.6,21.0
ST_02,2024-06-11 13:00,4.7,51.7,18.2
ST_03,2024-06-11 14:00,12.8,71.9,29.0
ST_04,2024-06-11 15:00,11.1,36.1,29.5
ST_05,2024-06-11 16:00,4.4,84.8,28.4
ST_06,2024-06-11 17:00,20.6,85.3,20.5
ST_07,2024-06-11 18:00,30.0,54.9,19.4
ST_08,2024-06-11 19:00,0.7,49.2,17.8
ST_09,2024-06-11 20:00,14.2,57.0,29.0
ST_10,2024-06-11 21:00,9.9,84.4,11.9
ST_11,2024-06-11 22:00,0.4,75.4,7.8
ST_12,2024-06-11 23:00,36.4,50.6,16.9
ST_13,2024-06-12 00:00,2.5,48.4,29.8
ST_14,2024-06-12 01:00,18.2,43.1,24.7
ST_15,2024-06-12 02:00,-4.2,43.2,20.7
ST_16,2024-06-12 03:00,8.2,63.1,13.4
ST_17,2024-06-12 04:00,11.5,68.0,28.1
ST_18,2024-06-12 05:00,16.8,42.2,28.1
ST_19,2024-06-12 06:00,14.1,74.1,1.7
ST_20,2024-06-12 07:00,19.2,60.5,0.9
ST_01,2024-06-12 08:00,38.2,52.6,7.5
ST_02,2024-06-12 09:00,1.8,76.6,12.4
ST_03,2024-06-12 10:00,6.8,46.9,4.5
ST_04,2024-06-12 11:00,-3.1,72.1,0.9
ST_05,2024-06-12 12:00,17.5,84.0,18.0
ST_06,2024-06-12 13:00,24.7,68.0,18.2
ST_07,2024-06-12 14:00,13.9,62.3,10.5
ST_08,2024-06-12 15:00,20.8,86.2,18.9
ST_09,2024-06-12 16:00,4.3,47.3,21.3
ST_10,2024-06-12 17:00,-3.5,36.0,18.7
ST_11,2024-06-12 18:00,-6.1,30.3,10.7
ST_12,2024-06-12 19:00,10.0,82.7,22.1
ST_13,2024-06-12 20:00,5.0,61.6,12.4
ST_14,2024-06-12 21:00,4.8,89.4,6.3
ST_15,2024-06-12 22:00,30.5,51.5,16.5
ST_16,2024-06-12 23:00,11.8,81.5,18.3
ST_17,2024-06-13 00:00,-0.1,79.2,21.5
ST_18,2024-06-13 01:00,33.6,51.7,25.4
ST_19,2024-06-13 02:00,16.8,62.5,13.4
ST_20,2024-06-13 03:00,14.7,64.4,8.7
ST_01,2024-06-13 04:00,9.3,87.2,28.8
ST_02,2024-06-13 05:00,19.9,55.5,11.9
ST_03,2024-06-13 06:00,5.1,86.1,8.7
ST_04,2024-06-13 07:00,4.5,76.4,20.5
ST_05,2024-06-13 08:00,7.3,68.4,26.3
ST_06,2024-06-13 09:00,5.3,67.3,12.0
ST_07,2024-06-13 10:00,14.0,37.4,24.0
ST_08,2024-06-13 11:00,5.6,56.5,21.5
ST_09,2024-06-13 12:00,7.8,55.3,20.3
ST_10,2024-06-13 13:00,22.9,55.1,25.3
ST_11,2024-06-13 14:00,25.4,39.5,4.1
ST_12,2024-06-13 15:00,17.0,45.6,20.8
ST_13,2024-06-13 16:00,1.0,36.7,23.3
ST_14,2024-06-13 17:00,14.0,50.4,9.7
ST_15,2024-06-13 18:00,14.8,79.6,13.5
ST_16,2024-06-13 19:00,19.4,73.1,9.3
ST_17,2024-06-13 20:00,10.7,64.9,1.8
ST_18,2024-06-13 21:00,5.0,72.4,6.2
ST_19,2024-06-13 22:00,10.4,89.7,3.9
ST_20,2024-06-13 23:00,4.6,31.9,21.4
ST_01,2024-06-14 00:00,34.9,45.2,20.8
ST_02,2024-06-14 01:00,17.8,32.9,12.0
ST_03,2024-06-14 02:00,21.5,47.2,20.7
ST_04,2024-06-14 03:00,3.4,70.0,15.3
ST_05,2024-06-14 04:00,9.0,67.2,18.6
ST_06,2024-06-14 05:00,8.3,32.0,1.9
ST_07,2024-06-14 06:00,2.0,30.3,6.5
ST_08,2024-06-14 07:00,8.8,52.0,26.8
ST_09,2024-06-14 08:00,4.4,35.7,1.1
ST_10,2024-06-14 09:00,8.0,66.0,7.6
ST_11,2024-06-14 10:00,19.0,45.6,1.0
ST_12,2024-06-14 11:00,30.2,61.7,23.9
ST_13,2024-06-14 12:00,8.0,85.0,16.1
ST_14,2024-06-14 13:00,21.1,71.1,19.1
ST_15,2024-06-14 14:00,33.5,89.7,13.9
ST_16,2024-06-14 15:00,31.1,31.0,26.8
ST_17,2024-06-14 16:00,16.2,56.7,2.3
ST_18,2024-06-14 17:00,19.3,46.7,18.1
ST_19,2024-06-14 18:00,11.9,57.4,8.4
ST_20,2024-06-14 19:00,17.9,77.3,1.9
ST_01,2024-06-14 20:00,14.7,68.9,29.4
ST_02,2024-06-14 21:00,8.3,66.8,22.0
ST_03,2024-06-14 22:00,14.6,36.3,15.6
ST_04,2024-06-14 23:00,19.7,43.3,17.5
ST_05,2024-06-15 00:00,12.1,71.1,22.9
ST_06,2024-06-15 01:00,5.3,64.5,5.7
ST_07,2024-06-15 02:00,31.9,35.9,5.8
ST_08,2024-06-15 03:00,-1.1,47.2,19.1
ST_09,2024-06-15 04:00,8.5,36.5,10.1
ST_10,2024-06-15 05:00,11.3,67.6,18.9
ST_11,2024-06-15 06:00,25.8,85.8,16.7
ST_12,2024-06-15 07:00,14.3,59.7,10.5
ST_13,2024-06-15 08:00,5.1,47.4,7.1
ST_14,2024-06-15 09:00,5.7,52.8,28.2
ST_15,2024-06-15 10:00,15.7,55.4,16.9
ST_16,2024-06-15 11:00,7.7,82.8,7.0
ST_17,2024-06-15 12:00,16.5,33.0,21.6
ST_18,2024-06-15 13:00,30.0,84.1,17.3
ST_19,2024-06-15 14:00,23.9,44.8,6.0
ST_20,2024-06-15 15:00,10.5,56.7,10.8
ST_01,2024-06-15 16:00,8.5,66.2,5.2
ST_02,2024-06-15 17:00,9.6,47.5,23.1
ST_03,2024-06-15 18:00,14.6,58.0,1.8
ST_04,2024-06-15 19:00,-0.6,58.1,29.2
ST_05,2024-06-15 20:00,19.2,60.8,20.5
ST_06,2024-06-15 21:00,23.4,43.6,10.3
ST_07,2024-06-15 22:00,3.9,72.6,4.9
ST_08,2024-06-15 23:00,-2.1,36.1,19.9
ST_09,2024-06-16 00:00,10.8,79.2,21.6
ST_10,2024-06-16 01:00,13.9,51.9,8.2
ST_11,2024-06-16 02:00,21.2,35.7,25.8
ST_12,2024-06-16 03:00,5.3,66.8,3.8
ST_13,2024-06-16 04:00,18.5,72.7,17.9
ST_14,2024-06-16 05:00,26.5,33.9,16.5
ST_15,2024-06-16 06:00,29.3,75.7,8.7
ST_16,2024-06-16 07:00,29.7,59.7,21.4
ST_17,2024-06-16 08:00,21.8,50.1,6.8
ST_18,2024-06-16 09:00,22.7,69.3,10.7
ST_19,2024-06-16 10:00,17.4,52.4,27.5
ST_20,2024-06-16 11:00,8.5,51.7,23.1
ST_01,2024-06-16 12:00,31.1,69.8,1.2
ST_02,2024-06-16 13:00,12.2,45.7,2.8
ST_03,2024-06-16 14:00,6.3,86.6,28.3
ST_04,2024-06-16 15:00,20.0,54.8,15.7
ST_05,2024-06-16 16:00,-4.1,86.7,0.8
ST_06,2024-06-16 17:00,-4.6,33.3,4.1
ST_07,2024-06-16 18:00,25.1,57.4,4.0
ST_08,2024-06-16 19:00,20.5,83.0,18.4
ST_09,2024-06-16 20:00,8.6,75.9,23.1
ST_10,2024-06-16 21:00,-4.6,52.4,19.3
ST_11,2024-06-16 22:00,27.0,89.7,25.8
ST_12,2024-06-16 23:00,8.3,84.7,10.2
ST_13,2024-06-17 00:00,15.0,72.4,16.3
ST_14,2024-06-17 01:00,20.6,40.1,18.1
ST_15,2024-06-17 02:00,20.7,87.3,6.7
ST_16,2024-06-17 03:00,15.2,74.1,13.1
ST_17,2024-06-17 04:00,-3.3,73.6,16.5
ST_18,2024-06-17 05:00,4.7,51.1,28.5
ST_19,2024-06-17 06:00,9.6,78.8,18.4
ST_20,2024-06-17 07:00,37.4,86.2,9.5
ST_01,2024-06-17 08:00,21.7,65.4,28.3
ST_02,2024-06-17 09:00,21.2,75.5,20.5
ST_03,2024-06-17 10:00,16.1,60.3,5.7
ST_04,2024-06-17 11:00,18.3,87.2,5.4
ST_05,2024-06-17 12:00,19.0,71.5,8.4
ST_06,2024-06-17 13:00,12.2,40.3,6.4
ST_07,2024-06-17 14:00,16.3,43.1,24.9
ST_08,2024-06-17 15:00,26.0,89.4,29.5
ST_09,2024-06-17 16:00,9.8,45.0,26.3
ST_10,2024-06-17 17:00,-3.8,72.7,25.9
ST_11,2024-06-17 18:00,32.0,54.5,20.5
ST_12,2024-06-17 19:00,35.3,85.4,23.8
ST_13,2024-06-17 20:00,24.7,46.9,26.4
ST_14,2024-06-17 21:00,26.6,84.5,29.9
ST_15,2024-06-17 22:00,33.1,35.5,11.3
ST_16,2024-06-17 23:00,17.4,55.0,20.7
ST_17,2024-06-18 00:00,0.6,81.0,27.5
ST_18,2024-06-18 01:00,9.2,68.7,21.6
ST_19,2024-06-18 02:00,25.3,79.8,23.2
ST_20,2024-06-18 03:00,10.7,81.1,11.1
ST_01,2024-06-18 04:00,13.0,55.6,4.4
ST_02,2024-06-18 05:00,18.6,52.2,8.6
ST_03,2024-06-18 06:00,14.3,83.9,25.8
ST_04,2024-06-18 07:00,7.7,84.6,5.3
ST_05,2024-06-18 08:00,13.3,58.2,2.4
ST_06,2024-06-18 09:00,16.5,46.3,14.7
ST_07,2024-06-18 10:00,16.7,38.6,18.3
ST_08,2024-06-18 11:00,13.6,31.0,13.3
ST_09,2024-06-18 12:00,-1.6,50.8,14.0
ST_10,2024-06-18 13:00,25.9,36.9,4.5
ST_11,2024-06-18 14:00,42.2,30.9,22.9
ST_12,2024-06-18 15:00,19.8,56.3,6.3
ST_13,2024-06-18 16:00,4.8,31.7,15.4
ST_14,2024-06-18 17:00,10.9,83.6,30.0
ST_15,2024-06-18 18:00,13.3,78.3,20.9
ST_16,2024-06-18 19:00,20.5,33.0,7.2
ST_17,2024-06-18 20:00,17.7,43.2,3.5
ST_18,2024-06-18 21:00,16.9,41.5,29.6
ST_19,2024-06-18 22:00,15.0,46.1,27.9
ST_20,2024-06-18 23:00,7.5,60.2,29.5
ST_01,2024-06-19 00:00,-7.2,34.6,25.0
ST_02,2024-06-19 01:00,29.7,81.1,21.0
ST_03,2024-06-19 02:00,4.5,48.8,20.9
ST_04,2024-06-19 03:00,6.6,32.0,0.2
ST_05,2024-06-19 04:00,-20,33.8,28.8
ST_06,2024-06-19 05:00,17.3,44.7,13.1
ST_07,2024-06-19 06:00,16.1,82.6,16.3
ST_08,2024-06-19 07:00,-0.3,32.4,15.2
ST_09,2024-06-19 08:00,16.1,81.8,15.1
ST_10,2024-06-19 09:00,12.6,40.0,9.9
ST_11,2024-06-19 10:00,25.2,49.9,23.9
ST_12,2024-06-19 11:00,24.4,84.4,23.0
ST_13,2024-06-19 12:00,14.2,69.5,11.4
ST_14,2024-06-19 13:00,25.2,67.3,25.0
ST_15,2024-06-19 14:00,16.8,68.4,21.3
ST_16,2024-06-19 15:00,24.4,85.0,6.3
ST_17,2024-06-19 16:00,16.0,39.4,21.6
ST_18,2024-06-19 17:00,22.3,75.6,24.3
ST_19,2024-06-19 18:00,29.4,34.2,8.7
ST_20,2024-06-19 19:00,25.1,49.4,11.9
ST_01,2024-06-19 20:00,25.2,83.5,6.0
ST_02,2024-06-19 21:00,6.1,55.5,18.8
ST_03,2024-06-19 22:00,21.7,79.6,17.9
ST_04,2024-06-19 23:00,37.3,66.0,27.5
ST_05,2024-06-20 00:00,17.8,80.7,27.3
ST_06,2024-06-20 01:00,12.4,83.7,27.6
ST_07,2024-06-20 02:00,26.3,35.4,0.6
ST_08,2024-06-20 03:00,8.9,46.3,29.7
ST_09,2024-06-20 04:00,8.3,71.2,9.1
ST_10,2024-06-20 05:00,6.4,67.7,5.9
ST_11,2024-06-20 06:00,16.4,64.1,4.5
ST_12,2024-06-20 07:00,42.8,51.4,23.2
ST_13,2024-06-20 08:00,14.9,61.9,3.0
ST_14,2024-06-20 09:00,12.1,34.5,23.5
ST_15,2024-06-20 10:00,4.9,75.3,13.8
ST_16,2024-06-20 11:00,-3.7,63.7,6.1
ST_17,2024-06-20 12:00,7.7,73.5,18.1
ST_18,2024-06-20 13:00,-5.0,43.5,27.3
ST_19,2024-06-20 14:00,24.3,85.3,7.9
ST_20,2024-06-20 15:00,26.7,56.1,25.3
ST_01,2024-06-20 16:00,0.8,54.7,11.5
ST_02,2024-06-20 17:00,14.3,30.2,23.3
ST_03,2024-06-20 18:00,20.7,74.4,21.9
ST_04,2024-06-20 19:00,25.9,67.2,2.0
ST_05,2024-06-20 20:00,10.8,33.0,24.4
ST_06,2024-06-20 21:00,-4.1,38.5,2.0
ST_07,2024-06-20 22:00,3.1,57.2,15.4
ST_08,2024-06-20 23:00,15.5,84.5,12.6
ST_09,2024-06-21 00:00,37.1,60.4,6.5
ST_10,2024-06-21 01:00,15.4,89.9,23.3
ST_11,2024-06-21 02:00,15.9,63.9,25.4
ST_12,2024-06-21 03:00,23.9,47.5,25.5
ST_13,2024-06-21 04:00,5.6,57.0,7.1
ST_14,2024-06-21 05:00,-6.0,41.2,6.8
ST_15,2024-06-21 06:00,11.8,61.4,1.0
ST_16,2024-06-21 07:00,17.1,40.9,21.7
ST_17,2024-06-21 08:00,23.2,36.8,29.9
ST_18,2024-06-21 09:00,14.1,65.0,12.2
ST_19,2024-06-21 10:00,41.2,82.9,18.6
ST_20,2024-06-21 11:00,5.9,79.6,19.5
ST_01,2024-06-21 12:00,2.9,41.8,12.5
ST_02,2024-06-21 13:00,22.0,49.2,5.8
ST_03,2024-06-21 14:00,21.2,85.9,22.5
ST_04,2024-06-21 15:00,1.7,36.3,28.5
ST_05,2024-06-21 16:00,24.7,64.3,7.4
ST_06,2024-06-21 17:00,27.2,46.7,18.7
ST_07,2024-06-21 18:00,25.0,42.2,27.9
ST_08,2024-06-21 19:00,13.8,43.6,21.2
ST_09,2024-06-21 20:00,19.3,82.3,9.1
ST_10,2024-06-21 21:00,13.6,52.2,16.9
ST_11,2024-06-21 22:00,17.4,74.7,26.8
ST_12,2024-06-21 23:00,20.1,37.2,24.0
ST_13,2024-06-22 00:00,12.4,43.0,15.7
ST_14,2024-06-22 01:00,26.5,41.8,22.0
ST_15,2024-06-22 02:00,32.2,60.0,12.9
ST_16,2024-06-22 03:00,17.8,70.4,5.3
ST_17,2024-06-22 04:00,22.2,53.4,1.2
ST_18,2024-06-22 05:00,22.8,41.6,8.6
ST_19,2024-06-22 06:00,14.2,79.3,24.3
ST_20,2024-06-22 07:00,3.6,61.0,28.1
ST_01,2024-06-22 08:00,-1.2,55.3,29.4
ST_02,2024-06-22 09:00,24.1,87.4,10.8
ST_03,2024-06-22 10:00,7.2,88.7,14.8
ST_04,2024-06-22 11:00,12.5,38.7,3.0
ST_05,2024-06-22 12:00,20.7,87.2,1.1
ST_06,2024-06-22 13:00,18.1,40.4,4.2
ST_07,2024-06-22 14:00,10.9,65.9,18.0
ST_08,2024-06-22 15:00,7.4,68.8,10.3
ST_09,2024-06-22 16:00,33.0,40.1,21.5
ST_10,2024-06-22 17:00,1.8,76.8,6.8
ST_11,2024-06-22 18:00,3.3,76.0,13.2
ST_12,2024-06-22 19:00,4.9,53.5,15.4
ST_13,2024-06-22 20:00,0.9,47.2,28.7
ST_14,2024-06-22 21:00,9.6,59.8,13.5
ST_15,2024-06-22 22:00,12.6,80.0,21.1
ST_16,2024-06-22 23:00,19.9,40.8,23.2
ST_17,2024-06-23 00:00,16.2,50.0,18.1
ST_18,2024-06-23 01:00,17.6,36.7,26.3
ST_19,2024-06-23 02:00,17.8,37.3,20.8
ST_20,2024-06-23 03:00,-0.9,59.7,16.9
ST_01,2024-06-23 04:00,-2.1,38.8,11.2
ST_02,2024-06-23 05:00,12.2,81.7,20.4
ST_03,2024-06-23 06:00,-6.4,32.7,3.6
ST_04,2024-06-23 07:00,25.1,38.4,26.9
ST_05,2024-06-23 08:00,22.4,57.0,19.5
ST_06,2024-06-23 09:00,21.7,83.6,27.9
ST_07,2024-06-23 10:00,32.9,69.0,24.2
ST_08,2024-06-23 11:00,22.8,46.4,13.6
ST_09,2024-06-23 12:00,16.9,78.4,29.1
ST_10,2024-06-23 13:00,12.7,66.0,18.9
ST_11,2024-06-23 14:00,6.6,64.6,25.0
ST_12,2024-06-23 15:00,6.7,79.3,18.2
ST_13,2024-06-23 16:00,18.5,86.7,29.3
ST_14,2024-06-23 17:00,15.4,51.6,19.8
ST_15,2024-06-23 18:00,21.5,43.0,1.2
ST_16,2024-06-23 19:00,28.3,85.2,27.8
ST_17,2024-06-23 20:00,-10.1,31.8,8.3
ST_18,2024-06-23 21:00,22.3,34.6,6.3
ST_19,2024-06-23 22:00,15.5,54.4,14.1
ST_20,2024-06-23 23:00,-8.4,30.4,20.4
ST_01,2024-06-24 00:00,16.0,38.6,4.6
ST_02,2024-06-24 01:00,0.2,71.6,1.1
ST_03,2024-06-24 02:00,5.3,39.8,20.5
ST_04,2024-06-24 03:00,16.4,52.5,18.0
ST_05,2024-06-24 04:00,18.6,33.6,12.5
ST_06,2024-06-24 05:00,15.9,89.3,10.9
ST_07,2024-06-24 06:00,37.5,52.3,24.9
ST_08,2024-06-24 07:00,22.1,85.6,20.0
ST_09,2024-06-24 08:00,27.3,51.6,11.8
ST_10,2024-06-24 09:00,19.6,44.1,10.1
ST_11,2024-06-24 10:00,12.9,63.4,4.4
ST_12,2024-06-24 11:00,1.4,32.0,26.4
ST_13,2024-06-24 12:00,8.9,75.2,6.7
ST_14,2024-06-24 13:00,-3.5,70.5,3.5
ST_15,2024-06-24 14:00,3.2,72.3,9.4
ST_16,2024-06-24 15:00,12.0,85.2,24.3
ST_17,2024-06-24 16:00,8.7,38.9,12.7
ST_18,2024-06-24 17:00,16.9,47.3,5.0
ST_19,2024-06-24 18:00,20.5,51.8,25.2
ST_20,2024-06-24 19:00,27.5,80.4,29.0
ST_01,2024-06-24 20:00,20.8,38.1,22.2
ST_02,2024-06-24 21:00,8.1,81.3,7.0
ST_03,2024-06-24 22:00,9.7,48.4,22.6
ST_04,2024-06-24 23:00,2.4,43.5,16.4
ST_05,2024-06-25 00:00,25.5,79.4,14.7
ST_06,2024-06-25 01:00,30.8,61.6,22.9
ST_07,2024-06-25 02:00,23.0,87.6,23.0
ST_08,2024-06-25 03:00,8.1,41.9,4.2
ST_09,2024-06-25 04:00,28.4,84.2,19.4
ST_10,2024-06-25 05:00,20.1,36.8,11.2
ST_11,2024-06-25 06:00,-9.4,35.8,23.6
ST_12,2024-06-25 07:00,20.2,85.9,26.0
ST_13,2024-06-25 08:00,35.2,73.2,18.4
ST_14,2024-06-25 09:00,21.9,75.3,11.5
ST_15,2024-06-25 10:00,-1.5,30.5,19.8
ST_16,2024-06-25 11:00,17.1,72.0,22.2
ST_17,2024-06-25 12:00,20.0,71.7,26.2
ST_18,2024-06-25 13:00,16.0,52.3,2.3
ST_19,2024-06-25 14:00,8.0,81.4,10.8
ST_20,2024-06-25 15:00,13.8,88.0,24.4
ST_01,2024-06-25 16:00,18.5,65.9,18.9
ST_02,2024-06-25 17:00,14.1,65.2,5.4
ST_03,2024-06-25 18:00,12.7,75.2,10.7
ST_04,2024-06-25 19:00,24.7,70.2,21.2
ST_05,2024-06-25 20:00,4.6,80.2,2.6
ST_06,2024-06-25 21:00,11.5,78.2,26.4
ST_07,2024-06-25 22:00,8.3,78.9,23.5
ST_08,2024-06-25 23:00,29.3,63.5,1.1
ST_09,2024-06-26 00:00,22.4,38.1,18.1
ST_10,2024-06-26 01:00,12.5,56.5,2.1
ST_11,2024-06-26 02:00,18.4,75.7,6.0
ST_12,2024-06-26 03:00,7.0,30.0,9.1
ST_13,2024-06-26 04:00,20.9,76.4,20.5
ST_14,2024-06-26 05:00,-7.7,66.4,24.3
ST_15,2024-06-26 06:00,40.5,38.4,24.0
ST_16,2024-06-26 07:00,17.0,74.5,11.0
ST_17,2024-06-26 08:00,2.9,37.7,19.6
ST_18,2024-06-26 09:00,20.2,57.7,11.4
ST_19,2024-06-26 10:00,2.9,63.4,27.6
ST_20,2024-06-26 11:00,27.1,44.3,4.8
ST_01,2024-06-26 12:00,13.1,77.8,24.0
ST_02,2024-06-26 13:00,5.8,36.9,7.1
ST_03,2024-06-26 14:00,21.6,30.3,21.9
ST_04,2024-06-26 15:00,-3.4,52.4,9.7
ST_05,2024-06-26 16:00,15.3,58.0,29.2
ST_06,2024-06-26 17:00,18.2,71.3,4.0
ST_07,2024-06-26 18:00,27.9,81.2,20.1
ST_08,2024-06-26 19:00,12.5,75.4,23.1
ST_09,2024-06-26 20:00,5.9,68.4,28.4
ST_10,2024-06-26 21:00,12.2,75.6,1.2
ST_11,2024-06-26 22:00,25.8,83.0,21.8
ST_12,2024-06-26 23:00,21.4,45.0,23.8
ST_13,2024-06-27 00:00,11.7,80.9,25.4
ST_14,2024-06-27 01:00,10.3,34.4,25.1
ST_15,2024-06-27 02:00,-0.5,72.0,25.5
ST_16,2024-06-27 03:00,24.6,80.0,21.9
ST_17,2024-06-27 04:00,10.3,53.7,10.2
ST_18,2024-06-27 05:00,13.3,44.2,4.3
ST_19,2024-06-27 06:00,4.9,36.7,2.7
ST_20,2024-06-27 07:00,-9.4,48.5,16.0
ST_01,2024-06-27 08:00,23.3,76.8,23.6
ST_02,2024-06-27 09:00,13.7,63.4,0.5
ST_03,2024-06-27 10:00,14.7,40.5,15.5
ST_04,2024-06-27 11:00,9.9,30.1,3.1
ST_05,2024-06-27 12:00,34.5,69.9,14.9
ST_06,2024-06-27 13:00,20.8,54.0,24.8
ST_07,2024-06-27 14:00,16.2,44.0,16.9
ST_08,2024-06-27 15:00,20.6,62.8,0.8
ST_09,2024-06-27 16:00,19.1,31.0,23.5
ST_10,2024-06-27 17:00,26.5,44.1,10.9
ST_11,2024-06-27 18:00,1.4,83.4,29.9
ST_12,2024-06-27 19:00,22.9,85.2,16.8
ST_13,2024-06-27 20:00,0.4,88.1,24.8
ST_14,2024-06-27 21:00,13.2,70.6,29.8
ST_15,2024-06-27 22:00,15.5,48.2,20.7
ST_16,2024-06-27 23:00,15.7,41.9,29.3
ST_17,2024-06-28 00:00,25.3,32.2,17.6
ST_18,2024-06-28 01:00,30.5,66.9,26.7
ST_19,2024-06-28 02:00,20.7,59.9,25.6
ST_20,2024-06-28 03:00,12.4,40.9,17.4
ST_01,2024-06-28 04:00,8.7,66.0,15.6
ST_02,2024-06-28 05:00,16.5,35.3,5.9
ST_03,2024-06-28 06:00,22.9,44.7,3.4
ST_04,2024-06-28 07:00,15.0,30.5,24.1
ST_05,2024-06-28 08:00,27.3,83.0,20.3
ST_06,2024-06-28 09:00,28.1,63.7,2.2
ST_07,2024-06-28 10:00,3.0,61.1,9.1
ST_08,2024-06-28 11:00,25.4,38.9,20.1
ST_09,2024-06-28 12:00,11.7,79.4,13.5
ST_10,2024-06-28 13:00,7.0,84.6,28.1
ST_11,2024-06-28 14:00,0.6,52.6,15.4
ST_12,2024-06-28 15:00,2.9,44.8,3.5
ST_13,2024-06-28 16:00,11.8,68.5,23.2
ST_14,2024-06-28 17:00,6.1,33.8,27.5
ST_15,2024-06-28 18:00,-14.3,81.5,5.8
ST_16,2024-06-28 19:00,37.4,64.6,12.7
ST_17,2024-06-28 20:00,7.4,45.9,22.1
ST_18,2024-06-28 21:00,22.8,50.4,26.1
ST_19,2024-06-28 22:00,42.7,74.5,7.7
ST_20,2024-06-28 23:00,14.4,33.7,8.0
ST_01,2024-06-29 00:00,9.9,42.2,11.2
ST_02,2024-06-29 01:00,3.6,82.0,20.9
ST_03,2024-06-29 02:00,11.5,60.6,14.5
ST_04,2024-06-29 03:00,14.6,63.3,5.8
ST_05,2024-06-29 04:00,19.5,54.9,19.1
ST_06,2024-06-29 05:00,20.1,82.6,3.5
ST_07,2024-06-29 06:00,45,82.8,29.8
ST_08,2024-06-29 07:00,10.3,46.6,20.4
ST_09,2024-06-29 08:00,5.1,70.4,3.2
ST_10,2024-06-29 09:00,31.3,80.2,9.2
ST_11,2024-06-29 10:00,40.5,57.5,12.7
ST_12,2024-06-29 11:00,26.6,32.8,14.6
ST_13,2024-06-29 12:00,23.4,57.3,25.6
ST_14,2024-06-29 13:00,1.9,65.6,5.6
ST_15,2024-06-29 14:00,19.3,63.8,21.6
ST_16,2024-06-29 15:00,14.6,79.3,21.1
ST_17,2024-06-29 16:00,10.4,69.2,20.2
ST_18,2024-06-29 17:00,23.1,32.8,15.6
ST_19,2024-06-29 18:00,13.1,48.8,24.1
ST_20,2024-06-29 19:00,12.7,49.6,4.9
ST_01,2024-06-29 20:00,23.0,81.3,7.5
ST_02,2024-06-29 21:00,23.6,47.3,1.0
ST_03,2024-06-29 22:00,17.4,80.2,27.3
ST_04,2024-06-29 23:00,5.6,32.0,16.6
ST_05,2024-06-30 00:00,28.5,68.4,3.7
ST_06,2024-06-30 01:00,5.2,53.2,11.5
ST_07,2024-06-30 02:00,5.7,49.1,17.3
ST_08,2024-06-30 03:00,38.2,74.9,3.4
ST_09,2024-06-30 04:00,12.4,37.6,19.4
ST_10,2024-06-30 05:00,8.1,35.6,20.5
ST_11,2024-06-30 06:00,15.2,48.3,14.9
ST_12,2024-06-30 07:00,15.2,43.5,19.7
ST_13,2024-06-30 08:00,14.4,55.8,12.5
ST_14,2024-06-30 09:00,24.5,34.5,16.3
ST_15,2024-06-30 10:00,7.6,47.0,19.2
ST_16,2024-06-30 11:00,1.8,76.7,11.1
ST_17,2024-06-30 12:00,27.1,37.4,16.7
ST_18,2024-06-30 13:00,23.5,73.4,14.9
ST_19,2024-06-30 14:00,16.1,81.1,14.3
ST_20,2024-06-30 15:00,-0.3,77.6,22.7
ST_01,2024-06-30 16:00,19.8,66.0,28.2
ST_02,2024-06-30 17:00,5.8,36.9,27.1
ST_03,2024-06-30 18:00,-4.4,63.0,2.5
ST_04,2024-06-30 19:00,16.8,79.8,5.6
ST_05,2024-06-30 20:00,29.5,51.4,25.1
ST_06,2024-06-30 21:00,8.3,41.9,0.7
ST_07,2024-06-30 22:00,0.5,83.7,22.3
ST_08,2024-06-30 23:00,23.8,67.6,20.4
ST_09,2024-07-01 00:00,16.9,57.1,10.9
ST_10,2024-07-01 01:00,4.9,56.7,15.1
ST_11,2024-07-01 02:00,5.8,56.0,19.8
ST_12,2024-07-01 03:00,4.6,64.1,6.4
ST_13,2024-07-01 04:00,8.2,67.7,25.4
ST_14,2024-07-01 05:00,24.5,89.3,25.3
ST_15,2024-07-01 06:00,21.1,34.3,27.4
ST_16,2024-07-01 07:00,30.8,85.0,18.1
ST_17,2024-07-01 08:00,25.4,81.6,28.2
ST_18,2024-07-01 09:00,8.1,63.8,8.8
ST_19,2024-07-01 10:00,16.3,71.4,14.9
ST_20,2024-07-01 11:00,15.1,37.6,27.3
ST_01,2024-07-01 12:00,9.9,84.7,10.1
ST_02,2024-07-01 13:00,26.3,78.5,15.1
ST_03,2024-07-01 14:00,30.9,87.6,11.2
ST_04,2024-07-01 15:00,8.6,52.5,3.9
ST_05,2024-07-01 16:00,35.3,87.3,4.3
ST_06,2024-07-01 17:00,14.0,80.2,22.8
ST_07,2024-07-01 18:00,12.1,44.3,12.8
ST_08,2024-07-01 19:00,15.2,64.2,6.7
ST_09,2024-07-01 20:00,10.2,56.6,29.9
ST_10,2024-07-01 21:00,13.5,47.5,13.7
ST_11,2024-07-01 22:00,30.6,47.0,22.3
ST_12,2024-07-01 23:00,11.1,49.9,3.7
ST_13,2024-07-02 00:00,20.7,51.6,24.8
ST_14,2024-07-02 01:00,12.1,57.5,7.9
ST_15,2024-07-02 02:00,14.0,56.7,15.7
ST_16,2024-07-02 03:00,17.5,53.5,22.5
ST_17,2024-07-02 04:00,23.5,86.8,28.1
ST_18,2024-07-02 05:00,0.6,41.0,25.4
ST_19,2024-07-02 06:00,31.3,34.7,19.9
ST_20,2024-07-02 07:00,12.8,45.5,30.0
ST_01,2024-07-02 08:00,24.7,35.4,6.0
ST_02,2024-07-02 09:00,-5.1,41.8,20.5
ST_03,2024-07-02 10:00,12.8,46.1,21.8
ST_04,2024-07-02 11:00,15.6,59.4,0.1
ST_05,2024-07-02 12:00,14.4,56.6,20.0
ST_06,2024-07-02 13:00,21.9,63.6,18.3
ST_07,2024-07-02 14:00,21.6,43.5,29.2
ST_08,2024-07-02 15:00,-6.0,83.2,22.2
ST_09,2024-07-02 16:00,8.3,80.4,18.3
ST_10,2024-07-02 17:00,37.8,64.8,9.0
ST_11,2024-07-02 18:00,27.6,57.2,8.1
ST_12,2024-07-02 19:00,30.2,38.4,15.1
ST_13,2024-07-02 20:00,26.0,76.9,26.1
ST_14,2024-07-02 21:00,26.8,55.6,9.1
ST_15,2024-07-02 22:00,17.6,66.7,7.8
ST_16,2024-07-02 23:00,23.5,74.6,27.0
ST_17,2024-07-03 00:00,17.5,71.3,13.5
ST_18,2024-07-03 01:00,19.8,77.4,12.2
ST_19,2024-07-03 02:00,15.1,33.3,21.5
ST_20,2024-07-03 03:00,31.7,87.5,1.9
ST_01,2024-07-03 04:00,20.3,49.6,24.1
ST_02,2024-07-03 05:00,6.5,34.4,13.5
ST_03,2024-07-03 06:00,17.2,53.5,22.5
ST_04,2024-07-03 07:00,9.9,78.3,12.9
ST_05,2024-07-03 08:00,33.8,77.4,28.0
ST_06,2024-07-03 09:00,2.2,87.4,20.4
ST_07,2024-07-03 10:00,-7.1,86.1,20.6
ST_08,2024-07-03 11:00,36.1,63.3,21.6
ST_09,2024-07-03 12:00,14.0,65.0,7.8
ST_10,2024-07-03 13:00,24.6,47.5,25.7
ST_11,2024-07-03 14:00,-10.2,55.9,7.9
ST_12,2024-07-03 15:00,17.9,78.8,5.1
ST_13,2024-07-03 16:00,21.8,57.8,17.2
ST_14,2024-07-03 17:00,4.8,77.1,6.4
ST_15,2024-07-03 18:00,10.4,67.0,21.4
ST_16,2024-07-03 19:00,25.3,32.4,0.2
ST_17,2024-07-03 20:00,28.6,79.9,25.9
ST_18,2024-07-03 21:00,12.2,77.4,19.7
ST_19,2024-07-03 22:00,7.3,40.8,6.3
ST_20,2024-07-03 23:00,22.7,57.3,14.2
ST_01,2024-07-04 00:00,4.1,31.6,20.7
ST_02,2024-07-04 01:00,5.5,56.0,7.7
ST_03,2024-07-04 02:00,16.9,39.0,1.2
ST_04,2024-07-04 03:00,7.5,39.3,28.1
ST_05,2024-07-04 04:00,18.9,32.3,8.6
ST_06,2024-07-04 05:00,8.0,32.3,4.4
ST_07,2024-07-04 06:00,19.2,80.3,10.8
ST_08,2024-07-04 07:00,6.8,33.5,27.2
ST_09,2024-07-04 08:00,13.1,89.7,24.8
ST_10,2024-07-04 09:00,23.7,40.2,0.1
ST_11,2024-07-04 10:00,-17.9,30.3,11.1
ST_12,2024-07-04 11:00,15.3,81.2,15.4
ST_13,2024-07-04 12:00,7.9,43.7,6.2
ST_14,2024-07-04 13:00,24.7,81.0,19.1
ST_15,2024-07-04 14:00,31.8,52.5,6.5
ST_16,2024-07-04 15:00,20.7,88.6,23.1
ST_17,2024-07-04 16:00,20.4,83.7,27.7
ST_18,2024-07-04 17:00,24.9,73.2,28.4
ST_19,2024-07-04 18:00,25.1,41.1,24.0
ST_20,2024-07-04 19:00,16.5,53.9,5.9
ST_01,2024-07-04 20:00,23.5,82.4,10.0
ST_02,2024-07-04 21:00,5.9,83.7,29.0
ST_03,2024-07-04 22:00,6.8,59.8,8.5
ST_04,2024-07-04 23:00,16.5,81.7,15.2
ST_05,2024-07-05 00:00,20.1,37.5,14.9
ST_06,2024-07-05 01:00,10.9,44.8,27.8
ST_07,2024-07-05 02:00,18.8,48.4,2.5
ST_08,2024-07-05 03:00,17.3,35.1,24.4
ST_09,2024-07-05 04:00,-7.5,61.6,27.1
ST_10,2024-07-05 05:00,17.0,66.0,28.3
ST_11,2024-07-05 06:00,30.6,52.3,14.4
ST_12,2024-07-05 07:00,11.7,47.3,18.5
ST_13,2024-07-05 08:00,24.3,45.4,23.4
ST_14,2024-07-05 09:00,-2.5,46.9,3.3
ST_15,2024-07-05 10:00,6.6,79.7,25.9
ST_16,2024-07-05 11:00,19.9,52.9,10.2
ST_17,2024-07-05 12:00,36.2,35.9,12.0
ST_18,2024-07-05 13:00,24.7,84.0,29.1
ST_19,2024-07-05 14:00,32.8,42.1,14.5
ST_20,2024-07-05 15:00,18.4,43.5,28.0
ST_01,2024-07-05 16:00,9.9,73.0,20.3
ST_02,2024-07-05 17:00,4.9,55.7,22.5
ST_03,2024-07-05 18:00,13.3,50.9,15.0
ST_04,2024-07-05 19:00,27.7,33.1,6.5
ST_05,2024-07-05 20:00,8.8,75.6,29.6
ST_06,2024-07-05 21:00,4.0,89.6,23.9
ST_07,2024-07-05 22:00,-0.1,74.9,18.9
ST_08,2024-07-05 23:00,7.3,51.2,7.3
ST_09,2024-07-06 00:00,18.2,33.6,28.9
ST_10,2024-07-06 01:00,25.4,48.0,24.0
ST_11,2024-07-06 02:00,-1.4,49.3,21.1
ST_12,2024-07-06 03:00,11.7,49.2,8.7
ST_13,2024-07-06 04:00,4.3,34.1,26.4
ST_14,2024-07-06 05:00,11.5,77.8,2.4
ST_15,2024-07-06 06:00,31.8,81.1,20.1
ST_16,2024-07-06 07:00,14.3,32.3,20.0
ST_17,2024-07-06 08:00,-4.3,51.7,14.8
ST_18,2024-07-06 09:00,8.9,79.7,29.4
ST_19,2024-07-06 10:00,9.3,62.1,21.6
ST_20,2024-07-06 11:00,15.0,53.7,26.4
ST_01,2024-07-06 12:00,22.5,62.5,5.9
ST_02,2024-07-06 13:00,24.7,52.7,14.3
ST_03,2024-07-06 14:00,20.2,54.0,28.6
ST_04,2024-07-06 15:00,29.8,78.5,4.3
ST_05,2024-07-06 16:00,15.6,86.1,23.7
ST_06,2024-07-06 17:00,6.2,86.5,4.8
ST_07,2024-07-06 18:00,19.1,47.7,3.3
ST_08,2024-07-06 19:00,2.2,43.7,10.0
ST_09,2024-07-06 20:00,5.0,63.9,28.2
ST_10,2024-07-06 21:00,36.0,58.2,6.7
ST_11,2024-07-06 22:00,0.8,31.5,26.1
ST_12,2024-07-06 23:00,9.4,56.8,4.7
ST_13,2024-07-07 00:00,14.5,69.1,0.6
ST_14,2024-07-07 01:00,13.5,71.6,21.6
ST_15,2024-07-07 02:00,1.6,39.6,11.3
ST_16,2024-07-07 03:00,13.4,65.6,2.5
ST_17,2024-07-07 04:00,-0.3,85.8,2.8
ST_18,2024-07-07 05:00,34.6,37.6,25.1
ST_19,2024-07-07 06:00,7.9,34.3,18.8
ST_20,2024-07-07 07:00,3.2,36.4,14.0
ST_01,2024-07-07 08:00,6.8,61.2,21.9
ST_02,2024-07-07 09:00,26.9,74.7,7.7
ST_03,2024-07-07 10:00,24.6,84.3,4.6
ST_04,2024-07-07 11:00,26.1,62.4,9.0
ST_05,2024-07-07 12:00,14.2,70.7,3.7
ST_06,2024-07-07 13:00,18.3,30.5,16.0
ST_07,2024-07-07 14:00,33.9,74.4,5.6
ST_08,2024-07-07 15:00,5.0,56.5,21.9
ST_09,2024-07-07 16:00,16.9,77.6,6.8
ST_10,2024-07-07 17:00,18.8,84.8,10.7
ST_11,2024-07-07 18:00,20.9,77.6,26.0
ST_12,2024-07-07 19:00,28.0,31.7,27.2
ST_13,2024-07-07 20:00,21.3,32.7,28.6
ST_14,2024-07-07 21:00,16.6,43.0,13.1
ST_15,2024-07-07 22:00,6.9,47.9,10.8
ST_16,2024-07-07 23:00,27.8,89.3,10.0
ST_17,2024-07-08 00:00,14.0,33.1,9.6
ST_18,2024-07-08 01:00,11.5,62.0,15.2
ST_19,2024-07-08 02:00,16.3,56.1,19.6
ST_20,2024-07-08 03:00,27.0,52.1,1.5
ST_01,2024-07-08 04:00,2.6,67.8,27.5
ST_02,2024-07-08 05:00,10.5,65.3,1.1
ST_03,2024-07-08 06:00,35.0,56.6,3.9
ST_04,2024-07-08 07:00,15.0,55.1,13.8
ST_05,2024-07-08 08:00,23.9,86.3,29.9
ST_06,2024-07-08 09:00,10.7,31.0,20.2
ST_07,2024-07-08 10:00,12.4,60.9,22.8
ST_08,2024-07-08 11:00,5.1,33.0,27.3
ST_09,2024-07-08 12:00,16.7,72.7,25.5
ST_10,2024-07-08 13:00,1.9,83.7,16.7
ST_11,2024-07-08 14:00,9.5,89.4,20.8
ST_12,2024-07-08 15:00,20.8,69.6,17.5
ST_13,2024-07-08 16:00,17.8,84.1,20.8
ST_14,2024-07-08 17:00,14.0,84.0,21.6
ST_15,2024-07-08 18:00,-0.3,66.5,3.4
ST_16,2024-07-08 19:00,11.5,70.2,3.1
ST_17,2024-07-08 20:00,23.8,85.5,7.9
ST_18,2024-07-08 21:00,12.4,48.8,28.8
ST_19,2024-07-08 22:00,8.4,52.5,17.6
ST_20,2024-07-08 23:00,17.7,86.3,12.9
ST_01,2024-07-09 00:00,15.0,70.4,13.4
ST_02,2024-07-09 01:00,19.9,74.3,28.6
ST_03,2024-07-09 02:00,-14.1,37.3,27.6
ST_04,2024-07-09 03:00,9.5,66.6,0.5
ST_05,2024-07-09 04:00,11.2,78.2,20.2
ST_06,2024-07-09 05:00,8.4,50.2,11.5
ST_07,2024-07-09 06:00,11.0,75.5,2.3
ST_08,2024-07-09 07:00,16.6,56.2,11.1
ST_09,2024-07-09 08:00,-11.8,75.4,17.7
ST_10,2024-07-09 09:00,21.1,55.1,29.8
ST_11,2024-07-09 10:00,17.6,70.6,27.1
ST_12,2024-07-09 11:00,-0.1,31.1,17.8
ST_13,2024-07-09 12:00,33.1,75.7,9.4
ST_14,2024-07-09 13:00,26.1,69.1,18.0
ST_15,2024-07-09 14:00,11.5,44.2,7.9
ST_16,2024-07-09 15:00,13.2,64.9,22.7
ST_17,2024-07-09 16:00,4.6,41.4,21.0
ST_18,2024-07-09 17:00,12.6,32.6,27.9
ST_19,2024-07-09 18:00,11.4,86.8,5.3
ST_20,2024-07-09 19:00,22.6,83.7,28.0
ST_01,2024-07-09 20:00,27.6,51.5,6.6
ST_02,2024-07-09 21:00,19.0,52.4,12.6
ST_03,2024-07-09 22:00,40.4,59.8,0.6
ST_04,2024-07-09 23:00,18.7,44.2,21.4
ST_05,2024-07-10 00:00,30.7,41.3,26.0
ST_06,2024-07-10 01:00,6.3,33.0,12.4
ST_07,2024-07-10 02:00,10.8,52.3,4.5
ST_08,2024-07-10 03:00,23.1,45.4,4.2
ST_09,2024-07-10 04:00,22.5,65.2,9.5
ST_10,2024-07-10 05:00,15.4,42.2,16.2
ST_11,2024-07-10 06:00,17.7,87.3,13.5
ST_12,2024-07-10 07:00,21.1,65.5,6.2
ST_13,2024-07-10 08:00,15.7,68.7,2.5
ST_14,2024-07-10 09:00,7.5,78.8,3.4
ST_15,2024-07-10 10:00,30.8,77.9,7.8
ST_16,2024-07-10 11:00,20.7,81.0,0.4
ST_17,2024-07-10 12:00,28.0,71.6,12.8
ST_18,2024-07-10 13:00,19.4,52.2,3.7
ST_19,2024-07-10 14:00,10.1,44.8,8.2
ST_20,2024-07-10 15:00,30.5,42.1,19.1
ST_01,2024-07-10 16:00,19.0,77.9,2.9
ST_02,2024-07-10 17:00,35.0,88.0,10.1
ST_03,2024-07-10 18:00,18.8,33.4,20.8
ST_04,2024-07-10 19:00,32.5,61.4,4.6
ST_05,2024-07-10 20:00,15.7,77.6,1.0
ST_06,2024-07-10 21:00,8.0,86.2,14.4
ST_07,2024-07-10 22:00,21.5,46.9,26.4
ST_08,2024-07-10 23:00,18.4,35.7,17.6
ST_09,2024-07-11 00:00,4.8,80.6,13.7
ST_10,2024-07-11 01:00,21.4,81.7,16.5
ST_11,2024-07-11 02:00,7.3,43.3,17.6
ST_12,2024-07-11 03:00,23.2,72.7,21.7
ST_13,2024-07-11 04:00,19.2,81.3,24.3
ST_14,2024-07-11 05:00,1.2,45.8,20.7
ST_15,2024-07-11 06:00,31.0,80.7,22.2
ST_16,2024-07-11 07:00,18.8,37.3,24.8
ST_17,2024-07-11 08:00,1.3,73.5,23.4
ST_18,2024-07-11 09:00,8.0,33.6,26.7
ST_19,2024-07-11 10:00,10.6,58.6,28.0
ST_20,2024-07-11 11:00,15.0,90.0,26.8
ST_01,2024-07-11 12:00,14.6,69.0,3.5
ST_02,2024-07-11 13:00,17.9,35.2,8.6
ST_03,2024-07-11 14:00,7.8,31.2,17.6
ST_04,2024-07-11 15:00,6.7,48.8,19.9
ST_05,2024-07-11 16:00,17.2,46.3,5.5
ST_06,2024-07-11 17:00,31.1,33.9,27.8
ST_07,2024-07-11 18:00,-3.7,73.6,26.1
ST_08,2024-07-11 19:00,17.3,34.7,2.3
ST_09,2024-07-11 20:00,9.6,87.9,3.6
ST_10,2024-07-11 21:00,14.4,63.3,17.9
ST_11,2024-07-11 22:00,12.3,77.7,3.2
ST_12,2024-07-11 23:00,20.1,50.5,8.3
ST_13,2024-07-12 00:00,17.8,52.5,4.2
ST_14,2024-07-12 01:00,5.6,72.5,21.9
ST_15,2024-07-12 02:00,16.9,62.1,27.1
ST_16,2024-07-12 03:00,-1.6,44.2,2.8
ST_17,2024-07-12 04:00,5.8,66.4,7.8
ST_18,2024-07-12 05:00,30.8,79.7,14.7
ST_19,2024-07-12 06:00,8.9,65.4,21.9
ST_20,2024-07-12 07:00,14.9,38.0,3.0
ST_01,2024-07-12 08:00,29.2,49.6,14.8
ST_02,2024-07-12 09:00,8.9,62.1,19.3
ST_03,2024-07-12 10:00,-4.9,54.6,5.7
ST_04,2024-07-12 11:00,6.7,62.1,8.3
ST_05,2024-07-12 12:00,19.0,37.4,15.1
ST_06,2024-07-12 13:00,6.2,51.4,4.8
ST_07,2024-07-12 14:00,18.4,52.5,6.4
ST_08,2024-07-12 15:00,22.6,77.8,7.3
ST_09,2024-07-12 16:00,-3.3,77.2,4.9
ST_10,2024-07-12 17:00,7.5,68.5,24.6
ST_11,2024-07-12 18:00,14.6,77.9,28.7
ST_12,2024-07-12 19:00,19.0,45.5,1.2
ST_13,2024-07-12 20:00,7.4,63.9,14.6
ST_14,2024-07-12 21:00,12.9,33.4,16.9
ST_15,2024-07-12 22:00,26.4,68.7,22.9
ST_16,2024-07-12 23:00,14.1,88.0,15.4
ST_17,2024-07-13 00:00,33.0,76.7,5.7
ST_18,2024-07-13 01:00,6.1,31.4,13.4
ST_19,2024-07-13 02:00,13.7,47.9,13.8
ST_20,2024-07-13 03:00,7.9,49.9,27.1
ST_01,2024-07-13 04:00,30.1,63.5,11.1
ST_02,2024-07-13 05:00,2.6,36.5,1.8
ST_03,2024-07-13 06:00,12.9,82.3,4.9
ST_04,2024-07-13 07:00,-1.7,57.1,15.5
ST_05,2024-07-13 08:00,34.6,77.8,14.4
ST_06,2024-07-13 09:00,-3.6,30.6,2.0
ST_07,2024-07-13 10:00,6.3,64.8,1.4
ST_08,2024-07-13 11:00,-9.1,85.7,10.1
ST_09,2024-07-13 12:00,22.5,51.2,21.8
ST_10,2024-07-13 13:00,11.9,42.1,12.0
ST_11,2024-07-13 14:00,8.1,63.5,7.4
ST_12,2024-07-13 15:00,35.2,34.1,17.3
ST_13,2024-07-13 16:00,4.1,38.4,25.3
ST_14,2024-07-13 17:00,23.9,89.7,11.2
ST_15,2024-07-13 18:00,18.1,40.7,15.1
ST_16,2024-07-13 19:00,18.1,78.2,9.1
ST_17,2024-07-13 20:00,29.4,64.9,3.1
ST_18,2024-07-13 21:00,4.6,87.0,28.7
ST_19,2024-07-13 22:00,-1.1,72.1,14.2
ST_20,2024-07-13 23:00,13.5,88.0,3.0
ST_01,2024-07-14 00:00,5.2,40.0,22.8
ST_02,2024-07-14 01:00,17.8,86.3,17.8
ST_03,2024-07-14 02:00,19.5,58.5,7.2
ST_04,2024-07-14 03:00,23.7,50.0,20.2
ST_05,2024-07-14 04:00,17.8,80.0,25.5
ST_06,2024-07-14 05:00,10.5,70.3,22.7
ST_07,2024-07-14 06:00,-2.5,59.3,1.1
ST_08,2024-07-14 07:00,13.3,80.5,20.6
ST_09,2024-07-14 08:00,28.2,83.6,21.3
ST_10,2024-07-14 09:00,14.4,34.4,13.6
ST_11,2024-07-14 10:00,9.5,48.2,25.3
ST_12,2024-07-14 11:00,12.4,75.7,3.5
ST_13,2024-07-14 12:00,28.2,83.8,26.2
ST_14,2024-07-14 13:00,35.4,45.2,22.5
ST_15,2024-07-14 14:00,-12.9,80.5,16.3
ST_16,2024-07-14 15:00,20.0,77.4,29.3
ST_17,2024-07-14 16:00,36.2,87.5,16.7
ST_18,2024-07-14 17:00,17.6,70.9,12.8
ST_19,2024-07-14 18:00,3.4,72.6,23.9
ST_20,2024-07-14 19:00,31.7,42.7,13.6
ST_01,2024-07-14 20:00,14.1,62.3,7.7
ST_02,2024-07-14 21:00,-0.6,72.2,13.7
ST_03,2024-07-14 22:00,21.8,85.2,7.5
ST_04,2024-07-14 23:00,5.7,86.7,22.3
ST_05,2024-07-15 00:00,11.2,68.8,3.5
ST_06,2024-07-15 01:00,33.0,77.8,14.8
ST_07,2024-07-15 02:00,13.3,47.7,28.7
ST_08,2024-07-15 03:00,20.7,30.3,8.2
ST_09,2024-07-15 04:00,15.1,76.6,10.5
ST_10,2024-07-15 05:00,19.0,72.4,29.0
ST_11,2024-07-15 06:00,22.1,64.0,15.3
ST_12,2024-07-15 07:00,17.4,35.0,6.9
ST_13,2024-07-15 08:00,10.7,44.8,14.8
ST_14,2024-07-15 09:00,0.5,63.6,16.4
ST_15,2024-07-15 10:00,7.4,73.3,10.5
ST_16,2024-07-15 11:00,9.2,63.9,19.9
ST_17,2024-07-15 12:00,14.4,51.2,29.1
ST_18,2024-07-15 13:00,14.9,87.9,15.4
ST_19,2024-07-15 14:00,18.0,30.9,27.8
ST_20,2024-07-15 15:00,28.6,87.0,13.9
ST_01,2024-07-15 16:00,24.6,52.6,11.3
ST_02,2024-07-15 17:00,15.7,48.7,15.5
ST_03,2024-07-15 18:00,25.3,78.8,2.0
ST_04,2024-07-15 19:00,13.0,35.8,0.6
ST_05,2024-07-15 20:00,16.9,60.7,11.3
ST_06,2024-07-15 21:00,18.0,36.7,22.3
ST_07,2024-07-15 22:00,-1.7,81.6,21.9
ST_08,2024-07-15 23:00,20.9,79.0,18.4
ST_09,2024-07-16 00:00,13.0,46.9,12.0
ST_10,2024-07-16 01:00,1.0,75.3,11.3
ST_11,2024-07-16 02:00,33.2,72.5,13.0
ST_12,2024-07-16 03:00,5.7,65.6,22.8
ST_13,2024-07-16 04:00,-8.4,81.4,10.7
ST_14,2024-07-16 05:00,24.8,68.3,3.1
ST_15,2024-07-16 06:00,14.6,37.4,7.9
ST_16,2024-07-16 07:00,-0.9,71.3,2.9
ST_17,2024-07-16 08:00,9.8,82.7,7.9
ST_18,2024-07-16 09:00,25.7,84.3,14.1
ST_19,2024-07-16 10:00,20.8,31.7,25.7
ST_20,2024-07-16 11:00,18.5,54.5,0.0
ST_01,2024-07-16 12:00,8.5,83.1,18.9
ST_02,2024-07-16 13:00,29.8,61.2,22.5
ST_03,2024-07-16 14:00,30.4,50.9,0.8
ST_04,2024-07-16 15:00,26.2,46.6,4.1
ST_05,2024-07-16 16:00,30.1,38.0,29.9
ST_06,2024-07-16 17:00,17.2,49.7,14.7
ST_07,2024-07-16 18:00,38.6,31.1,0.3
ST_08,2024-07-16 19:00,14.1,49.0,28.7
ST_09,2024-07-16 20:00,21.5,43.2,16.6
ST_10,2024-07-16 21:00,9.5,52.0,29.9
ST_11,2024-07-16 22:00,10.9,46.2,11.3
ST_12,2024-07-16 23:00,14.4,37.9,18.6
ST_13,2024-07-17 00:00,16.8,56.8,21.5
ST_14,2024-07-17 01:00,6.0,36.9,5.5
ST_15,2024-07-17 02:00,23.6,52.0,28.4
ST_16,2024-07-17 03:00,27.0,55.3,21.1
ST_17,2024-07-17 04:00,20.6,38.6,8.3
ST_18,2024-07-17 05:00,7.9,32.9,18.2
ST_19,2024-07-17 06:00,10.5,54.9,9.6
ST_20,2024-07-17 07:00,16.3,75.6,25.1
ST_01,2024-07-17 08:00,5.8,35.3,1.6
ST_02,2024-07-17 09:00,19.2,60.2,0.1
ST_03,2024-07-17 10:00,23.8,34.4,16.6
ST_04,2024-07-17 11:00,13.1,41.8,2.9
ST_05,2024-07-17 12:00,-4.1,77.4,11.3
ST_06,2024-07-17 13:00,-5.5,52.0,12.7
ST_07,2024-07-17 14:00,8.0,80.5,5.1
ST_08,2024-07-17 15:00,17.1,56.9,18.9
ST_09,2024-07-17 16:00,41.2,57.8,9.7
ST_10,2024-07-17 17:00,12.5,48.8,6.3
ST_11,2024-07-17 18:00,16.2,59.6,12.7
ST_12,2024-07-17 19:00,22.3,52.2,28.6
ST_13,2024-07-17 20:00,15.7,77.2,0.6
ST_14,2024-07-17 21:00,10.0,55.3,0.5
ST_15,2024-07-17 22:00,17.0,81.4,20.9
ST_16,2024-07-17 23:00,20.1,40.6,1.4
ST_17,2024-07-18 00:00,2.8,34.5,21.3
ST_18,2024-07-18 01:00,4.2,44.5,2.2
ST_19,2024-07-18 02:00,16.2,77.7,6.8
ST_20,2024-07-18 03:00,30.0,63.3,24.2
ST_01,2024-07-18 04:00,14.5,39.9,0.8
ST_02,2024-07-18 05:00,24.0,65.7,19.1
ST_03,2024-07-18 06:00,13.9,62.6,12.2
ST_04,2024-07-18 07:00,23.2,64.3,23.1
ST_05,2024-07-18 08:00,5.6,47.1,25.3
ST_06,2024-07-18 09:00,19.6,88.3,12.7
ST_07,2024-07-18 10:00,19.3,75.9,27.6
ST_08,2024-07-18 11:00,11.1,43.4,9.8
ST_09,2024-07-18 12:00,15.9,51.0,4.4
ST_10,2024-07-18 13:00,34.0,48.0,16.0
ST_11,2024-07-18 14:00,9.9,67.2,18.6
ST_12,2024-07-18 15:00,27.2,43.7,12.7
ST_13,2024-07-18 16:00,6.1,75.3,3.2
ST_14,2024-07-18 17:00,4.1,57.5,16.8
ST_15,2024-07-18 18:00,23.8,45.8,18.3
ST_16,2024-07-18 19:00,20.5,83.0,20.5
ST_17,2024-07-18 20:00,16.1,37.8,3.6
ST_18,2024-07-18 21:00,41.4,73.7,22.5
ST_19,2024-07-18 22:00,15.0,38.7,29.2
ST_20,2024-07-18 23:00,15.5,82.7,24.9
ST_01,2024-07-19 00:00,29.6,65.7,15.8
ST_02,2024-07-19 01:00,-1.4,80.2,21.3
ST_03,2024-07-19 02:00,33.7,83.1,26.7
ST_04,2024-07-19 03:00,10.3,51.4,26.4
ST_05,2024-07-19 04:00,14.3,83.3,2.1
ST_06,2024-07-19 05:00,10.1,61.4,26.8
ST_07,2024-07-19 06:00,6.2,56.2,20.8
ST_08,2024-07-19 07:00,7.0,42.0,6.6
ST_09,2024-07-19 08:00,23.4,74.8,1.7
ST_10,2024-07-19 09:00,25.7,52.8,16.3
ST_11,2024-07-19 10:00,23.7,49.8,0.6
ST_12,2024-07-19 11:00,15.7,73.0,10.6
ST_13,2024-07-19 12:00,22.8,78.6,12.3
ST_14,2024-07-19 13:00,31.1,30.3,26.7
ST_15,2024-07-19 14:00,30.7,68.9,26.3
ST_16,2024-07-19 15:00,16.6,55.1,0.8
ST_17,2024-07-19 16:00,6.1,33.4,16.0
ST_18,2024-07-19 17:00,21.7,61.4,11.5
ST_19,2024-07-19 18:00,13.2,79.8,22.5
ST_20,2024-07-19 19:00,12.6,45.3,8.6
ST_01,2024-07-19 20:00,4.3,30.1,16.0
ST_02,2024-07-19 21:00,11.5,48.8,11.8
ST_03,2024-07-19 22:00,25.1,80.2,24.4
ST_04,2024-07-19 23:00,22.1,32.3,1.1
ST_05,2024-07-20 00:00,34.3,79.3,4.6
ST_06,2024-07-20 01:00,11.1,69.7,26.7
ST_07,2024-07-20 02:00,7.7,34.7,27.3
ST_08,2024-07-20 03:00,15.7,60.1,3.2
ST_09,2024-07-20 04:00,10.3,46.9,5.4
ST_10,2024-07-20 05:00,26.9,67.4,10.8
ST_11,2024-07-20 06:00,17.7,40.9,22.3
ST_12,2024-07-20 07:00,19.8,64.6,22.9
ST_13,2024-07-20 08:00,10.3,33.1,16.8
ST_14,2024-07-20 09:00,16.4,43.6,9.1
ST_15,2024-07-20 10:00,6.8,70.3,28.3
ST_16,2024-07-20 11:00,18.4,44.7,29.1
ST_17,2024-07-20 12:00,12.2,89.5,8.1
ST_18,2024-07-20 13:00,4.1,50.6,14.1
ST_19,2024-07-20 14:00,20.8,57.6,15.9
ST_20,2024-07-20 15:00,11.3,66.9,4.8
ST_01,2024-07-20 16:00,-2.3,82.9,2.8
ST_02,2024-07-20 17:00,7.2,76.1,21.8
ST_03,2024-07-20 18:00,14.4,67.1,3.6
ST_04,2024-07-20 19:00,38.1,59.8,6.5
ST_05,2024-07-20 20:00,15.2,81.3,17.0
ST_06,2024-07-20 21:00,-10.4,52.9,6.0
ST_07,2024-07-20 22:00,19.4,80.2,14.6
ST_08,2024-07-20 23:00,21.4,69.6,12.2
ST_09,2024-07-21 00:00,22.1,75.4,6.0
ST_10,2024-07-21 01:00,17.7,34.0,4.6
ST_11,2024-07-21 02:00,23.1,70.5,8.0
ST_12,2024-07-21 03:00,28.1,74.8,20.7
ST_13,2024-07-21 04:00,5.6,61.9,24.0
ST_14,2024-07-21 05:00,19.7,88.8,19.4
ST_15,2024-07-21 06:00,17.5,77.0,22.7
ST_16,2024-07-21 07:00,21.6,83.5,6.9
ST_17,2024-07-21 08:00,27.7,55.3,11.0
ST_18,2024-07-21 09:00,17.2,61.1,16.6
ST_19,2024-07-21 10:00,19.4,35.4,10.0
ST_20,2024-07-21 11:00,27.0,67.6,8.4
ST_01,2024-07-21 12:00,20.9,39.0,3.9
ST_02,2024-07-21 13:00,24.4,69.7,24.7
ST_03,2024-07-21 14:00,16.3,78.5,12.7
ST_04,2024-07-21 15:00,21.2,63.0,15.5
ST_05,2024-07-21 16:00,26.1,40.4,28.8
ST_06,2024-07-21 17:00,18.5,43.4,0.8
ST_07,2024-07-21 18:00,23.8,55.9,13.0
ST_08,2024-07-21 19:00,18.6,40.6,19.1
ST_09,2024-07-21 20:00,26.1,38.2,27.6
ST_10,2024-07-21 21:00,7.6,50.8,25.7
ST_11,2024-07-21 22:00,9.3,60.0,15.5
ST_12,2024-07-21 23:00,9.7,82.3,10.1
ST_13,2024-07-22 00:00,19.2,79.8,15.2
ST_14,2024-07-22 01:00,25.4,48.8,26.5
ST_15,2024-07-22 02:00,22.8,59.5,23.4
ST_16,2024-07-22 03:00,5.6,44.0,12.8
ST_17,2024-07-22 04:00,18.4,30.4,9.9
ST_18,2024-07-22 05:00,20.8,88.5,0.5
ST_19,2024-07-22 06:00,17.7,46.7,29.5
ST_20,2024-07-22 07:00,12.5,59.1,8.0
ST_01,2024-07-22 08:00,7.4,80.9,3.6
ST_02,2024-07-22 09:00,11.7,55.0,3.6
ST_03,2024-07-22 10:00,5.8,87.5,15.0
ST_04,2024-07-22 11:00,19.1,74.3,19.2
ST_05,2024-07-22 12:00,29.5,31.4,24.3
ST_06,2024-07-22 13:00,35.4,81.5,29.1
ST_07,2024-07-22 14:00,7.2,63.2,4.5
ST_08,2024-07-22 15:00,-1.2,72.0,15.0
ST_09,2024-07-22 16:00,13.2,82.6,26.2
ST_10,2024-07-22 17:00,22.2,61.0,23.0
ST_11,2024-07-22 18:00,22.3,81.3,12.3
ST_12,2024-07-22 19:00,25.7,35.0,2.3
ST_13,2024-07-22 20:00,17.1,73.0,3.7
ST_14,2024-07-22 21:00,16.5,73.3,14.6
ST_15,2024-07-22 22:00,10.0,83.5,29.2
ST_16,2024-07-22 23:00,22.7,31.4,28.2
ST_17,2024-07-23 00:00,12.9,64.2,20.9
ST_18,2024-07-23 01:00,0.4,71.4,1.6
ST_19,2024-07-23 02:00,18.1,77.7,2.1
ST_20,2024-07-23 03:00,15.4,57.4,19.5
ST_01,2024-07-23 04:00,14.0,37.1,6.7
ST_02,2024-07-23 05:00,-5.7,49.4,8.5
ST_03,2024-07-23 06:00,3.5,44.4,22.9
ST_04,2024-07-23 07:00,6.1,85.9,18.4
ST_05,2024-07-23 08:00,22.4,83.4,10.3
ST_06,2024-07-23 09:00,19.1,89.3,5.4
ST_07,2024-07-23 10:00,16.7,87.0,9.3
ST_08,2024-07-23 11:00,9.8,39.4,15.7
ST_09,2024-07-23 12:00,14.4,88.9,26.2
ST_10,2024-07-23 13:00,20.2,42.9,22.5
ST_11,2024-07-23 14:00,21.3,67.7,28.8
ST_12,2024-07-23 15:00,3.9,57.4,12.0
ST_13,2024-07-23 16:00,10.1,61.8,22.0
ST_14,2024-07-23 17:00,0.3,51.5,13.8
ST_15,2024-07-23 18:00,15.5,63.5,0.8
ST_16,2024-07-23 19:00,-13.3,61.8,23.4
ST_17,2024-07-23 20:00,28.2,70.7,20.6
ST_18,2024-07-23 21:00,8.5,66.9,4.3
ST_19,2024-07-23 22:00,30.4,85.0,19.6
ST_20,2024-07-23 23:00,19.2,87.2,29.8
ST_01,2024-07-24 00:00,35.0,79.0,4.4
ST_02,2024-07-24 01:00,9.1,73.0,16.1
ST_03,2024-07-24 02:00,18.7,48.2,6.5
ST_04,2024-07-24 03:00,21.4,60.6,15.2
ST_05,2024-07-24 04:00,35.2,37.1,0.3
ST_06,2024-07-24 05:00,23.2,40.0,11.2
ST_07,2024-07-24 06:00,14.5,82.0,5.4
ST_08,2024-07-24 07:00,14.9,81.9,26.6
ST_09,2024-07-24 08:00,4.8,64.4,25.7
ST_10,2024-07-24 09:00,6.4,84.1,16.6
ST_11,2024-07-24 10:00,11.7,85.6,14.4
ST_12,2024-07-24 11:00,17.3,56.1,2.0
ST_13,2024-07-24 12:00,3.9,31.0,8.6
ST_14,2024-07-24 13:00,14.7,35.1,10.4
ST_15,2024-07-24 14:00,8.3,60.1,1.9
ST_16,2024-07-24 15:00,9.8,78.0,12.4
ST_17,2024-07-24 16:00,17.8,80.9,7.8
ST_18,2024-07-24 17:00,20.1,31.2,1.2
ST_19,2024-07-24 18:00,13.3,81.8,9.9
ST_20,2024-07-24 19:00,18.8,67.2,27.8
ST_01,2024-07-24 20:00,14.6,67.3,11.1
ST_02,2024-07-24 21:00,23.9,55.0,26.9
ST_03,2024-07-24 22:00,-3.6,52.1,20.9
ST_04,2024-07-24 23:00,25.9,83.4,8.9
ST_05,2024-07-25 00:00,14.7,81.6,3.9
ST_06,2024-07-25 01:00,10.0,83.3,0.2
ST_07,2024-07-25 02:00,31.7,42.9,3.8
ST_08,2024-07-25 03:00,12.0,82.2,6.0
ST_09,2024-07-25 04:00,9.6,89.1,23.0
ST_10,2024-07-25 05:00,21.7,37.1,26.9
ST_11,2024-07-25 06:00,40.4,57.7,7.3
ST_12,2024-07-25 07:00,4.3,34.6,28.5
ST_13,2024-07-25 08:00,1.4,80.1,0.2
ST_14,2024-07-25 09:00,0.5,46.9,6.7
ST_15,2024-07-25 10:00,17.8,74.1,18.3
ST_16,2024-07-25 11:00,6.9,65.9,11.1
ST_17,2024-07-25 12:00,22.1,59.9,5.5
ST_18,2024-07-25 13:00,1.3,84.1,10.5
ST_19,2024-07-25 14:00,9.3,60.8,10.6
ST_20,2024-07-25 15:00,13.0,61.4,4.4
ST_01,2024-07-25 16:00,12.9,60.5,27.0
ST_02,2024-07-25 17:00,36.7,75.8,3.4
ST_03,2024-07-25 18:00,18.3,50.5,10.8
ST_04,2024-07-25 19:00,2.2,33.2,22.4
ST_05,2024-07-25 20:00,7.4,80.7,24.5
ST_06,2024-07-25 21:00,-3.2,83.1,11.9
ST_07,2024-07-25 22:00,21.5,64.6,8.3
ST_08,2024-07-25 23:00,3.2,55.3,27.4
ST_09,2024-07-26 00:00,-5.8,57.2,24.7
ST_10,2024-07-26 01:00,34.4,87.1,6.3
ST_11,2024-07-26 02:00,12.2,79.5,8.4
ST_12,2024-07-26 03:00,1.1,64.4,23.3
ST_13,2024-07-26 04:00,18.3,69.1,9.1
ST_14,2024-07-26 05:00,9.1,81.2,21.9
ST_15,2024-07-26 06:00,-8.6,63.6,10.8
ST_16,2024-07-26 07:00,13.5,64.5,18.2
ST_17,2024-07-26 08:00,11.4,57.4,25.1
ST_18,2024-07-26 09:00,-3.4,42.3,0.4
ST_19,2024-07-26 10:00,16.9,31.7,6.8
ST_20,2024-07-26 11:00,21.1,78.8,18.8
ST_01,2024-07-26 12:00,26.2,40.9,17.6
ST_02,2024-07-26 13:00,15.8,50.5,17.9
ST_03,2024-07-26 14:00,9.1,64.8,16.4
ST_04,2024-07-26 15:00,22.9,58.2,8.3
ST_05,2024-07-26 16:00,21.7,78.6,9.0
ST_06,2024-07-26 17:00,-20,31.4,28.0
ST_07,2024-07-26 18:00,18.1,69.5,17.8
ST_08,2024-07-26 19:00,17.7,49.1,17.7
ST_09,2024-07-26 20:00,9.6,52.8,8.4
ST_10,2024-07-26 21:00,0.4,76.4,21.0
ST_11,2024-07-26 22:00,19.3,75.9,20.2
ST_12,2024-07-26 23:00,7.0,56.2,2.6
ST_13,2024-07-27 00:00,23.7,56.9,13.3
ST_14,2024-07-27 01:00,9.2,34.1,4.9
ST_15,2024-07-27 02:00,6.9,43.0,29.8
ST_16,2024-07-27 03:00,10.2,32.8,15.8
ST_17,2024-07-27 04:00,0.4,52.9,11.3
ST_18,2024-07-27 05:00,9.0,79.6,10.9
ST_19,2024-07-27 06:00,18.1,86.3,28.2
ST_20,2024-07-27 07:00,25.8,88.5,16.8
ST_01,2024-07-27 08:00,16.3,89.9,23.5
ST_02,2024-07-27 09:00,22.4,67.2,16.8
ST_03,2024-07-27 10:00,31.7,69.1,3.0
ST_04,2024-07-27 11:00,25.8,77.2,18.1
ST_05,2024-07-27 12:00,30.4,42.7,20.0
ST_06,2024-07-27 13:00,0.6,78.0,25.8
ST_07,2024-07-27 14:00,13.3,74.2,26.6
ST_08,2024-07-27 15:00,24.0,31.4,6.7
ST_09,2024-07-27 16:00,0.6,88.9,14.7
ST_10,2024-07-27 17:00,24.2,48.4,10.9
ST_11,2024-07-27 18:00,6.4,65.7,19.8
ST_12,2024-07-27 19:00,13.3,44.3,8.7
ST_13,2024-07-27 20:00,16.2,56.0,26.1
ST_14,2024-07-27 21:00,16.2,78.6,16.3
ST_15,2024-07-27 22:00,18.6,35.7,16.5
ST_16,2024-07-27 23:00,22.0,53.4,0.9
ST_17,2024-07-28 00:00,4.3,61.7,13.2
ST_18,2024-07-28 01:00,16.7,65.2,9.0
ST_19,2024-07-28 02:00,10.7,78.9,19.2
ST_20,2024-07-28 03:00,7.8,58.1,22.4
ST_01,2024-07-28 04:00,25.9,39.5,22.7
ST_02,2024-07-28 05:00,24.8,34.1,10.7
ST_03,2024-07-28 06:00,11.3,48.0,22.4
ST_04,2024-07-28 07:00,2.2,84.6,9.9
ST_05,2024-07-28 08:00,9.5,76.3,26.4
ST_06,2024-07-28 09:00,13.7,80.8,17.0
ST_07,2024-07-28 10:00,16.0,69.4,2.4
ST_08,2024-07-28 11:00,24.5,88.5,27.0
ST_09,2024-07-28 12:00,29.4,40.3,14.0
ST_10,2024-07-28 13:00,26.2,78.3,22.4
ST_11,2024-07-28 14:00,19.5,58.1,14.8
ST_12,2024-07-28 15:00,32.2,83.5,23.9
ST_13,2024-07-28 16:00,17.3,48.7,25.5
ST_14,2024-07-28 17:00,14.9,41.3,8.9
ST_15,2024-07-28 18:00,24.8,38.6,9.2
ST_16,2024-07-28 19:00,7.8,41.2,14.9
ST_17,2024-07-28 20:00,7.2,54.4,9.2
ST_18,2024-07-28 21:00,22.9,76.8,19.7
ST_19,2024-07-28 22:00,16.0,89.9,26.0
ST_20,2024-07-28 23:00,9.2,61.7,13.8
ST_01,2024-07-29 00:00,13.3,62.5,9.2
ST_02,2024-07-29 01:00,20.5,81.5,24.2
ST_03,2024-07-29 02:00,11.6,82.7,20.5
ST_04,2024-07-29 03:00,11.9,70.2,6.6
ST_05,2024-07-29 04:00,25.7,88.1,7.0
ST_06,2024-07-29 05:00,15.7,56.2,22.3
ST_07,2024-07-29 06:00,7.4,69.4,27.0
ST_08,2024-07-29 07:00,9.7,69.1,16.5
ST_09,2024-07-29 08:00,9.6,83.7,24.8
ST_10,2024-07-29 09:00,28.2,66.2,23.3
ST_11,2024-07-29 10:00,26.8,64.8,2.3
ST_12,2024-07-29 11:00,11.2,62.1,14.4
ST_13,2024-07-29 12:00,21.0,87.8,8.3
ST_14,2024-07-29 13:00,27.7,65.9,4.3
ST_15,2024-07-29 14:00,19.9,41.8,21.2
ST_16,2024-07-29 15:00,22.7,59.2,7.6
ST_17,2024-07-29 16:00,10.9,69.8,25.0
ST_18,2024-07-29 17:00,-2.3,39.7,24.4
ST_19,2024-07-29 18:00,9.9,66.5,13.5
ST_20,2024-07-29 19:00,18.8,88.1,15.1
ST_01,2024-07-29 20:00,6.1,80.3,21.8
ST_02,2024-07-29 21:00,35.3,54.0,14.6
ST_03,2024-07-29 22:00,20.5,48.4,22.1
ST_04,2024-07-29 23:00,9.2,32.7,10.7
ST_05,2024-07-30 00:00,8.6,38.2,7.2
ST_06,2024-07-30 01:00,10.7,88.6,27.7
ST_07,2024-07-30 02:00,6.1,53.9,16.8
ST_08,2024-07-30 03:00,-4.9,76.3,11.0
ST_09,2024-07-30 04:00,26.5,63.6,21.9
ST_10,2024-07-30 05:00,31.1,45.5,12.9
ST_11,2024-07-30 06:00,10.3,85.4,21.9
ST_12,2024-07-30 07:00,26.2,70.3,11.9
ST_13,2024-07-30 08:00,7.6,49.0,10.6
ST_14,2024-07-30 09:00,25.9,89.8,7.2
ST_15,2024-07-30 10:00,17.9,32.3,4.4
ST_16,2024-07-30 11:00,24.3,86.4,13.7
ST_17,2024-07-30 12:00,4.8,85.0,22.2
ST_18,2024-07-30 13:00,24.5,50.3,5.8
ST_19,2024-07-30 14:00,22.5,76.2,7.5
ST_20,2024-07-30 15:00,24.4,78.6,16.9
ST_01,2024-07-30 16:00,17.7,31.1,11.4
ST_02,2024-07-30 17:00,26.3,51.5,18.2
ST_03,2024-07-30 18:00,8.0,69.3,18.7
ST_04,2024-07-30 19:00,38.5,60.6,5.8
ST_05,2024-07-30 20:00,18.6,84.4,2.4
ST_06,2024-07-30 21:00,15.3,73.4,2.0
ST_07,2024-07-30 22:00,6.7,63.1,1.0
ST_08,2024-07-30 23:00,-4.9,45.7,23.4
ST_09,2024-07-31 00:00,19.7,54.0,6.2
ST_10,2024-07-31 01:00,34.3,40.3,18.8
ST_11,2024-07-31 02:00,6.1,48.4,21.8
ST_12,2024-07-31 03:00,17.3,49.9,9.5
ST_13,2024-07-31 04:00,15.8,85.7,10.6
ST_14,2024-07-31 05:00,-11.9,74.9,6.7
ST_15,2024-07-31 06:00,11.8,81.7,22.1
ST_16,2024-07-31 07:00,11.3,74.6,20.2
ST_17,2024-07-31 08:00,25.3,81.6,18.0
ST_18,2024-07-31 09:00,34.9,63.0,24.7
ST_19,2024-07-31 10:00,14.2,60.1,11.9
ST_20,2024-07-31 11:00,15.1,62.2,3.6
ST_01,2024-07-31 12:00,12.5,47.4,11.8
ST_02,2024-07-31 13:00,12.0,34.1,4.8
ST_03,2024-07-31 14:00,16.7,48.5,17.2
ST_04,2024-07-31 15:00,17.2,36.5,13.9
ST_05,2024-07-31 16:00,14.1,38.2,1.3
ST_06,2024-07-31 17:00,21.3,38.5,27.9
ST_07,2024-07-31 18:00,-8.7,82.7,1.0
ST_08,2024-07-31 19:00,6.5,85.4,21.7
ST_09,2024-07-31 20:00,26.7,50.6,1.9
ST_10,2024-07-31 21:00,32.1,40.2,14.9
ST_11,2024-07-31 22:00,38.7,87.0,3.7
ST_12,2024-07-31 23:00,9.8,41.7,20.8
ST_13,2024-08-01 00:00,31.6,68.7,2.6
ST_14,2024-08-01 01:00,25.8,86.3,14.9
ST_15,2024-08-01 02:00,26.4,33.6,8.0
ST_16,2024-08-01 03:00,12.0,89.3,3.7
ST_17,2024-08-01 04:00,21.8,30.0,25.2
ST_18,2024-08-01 05:00,19.1,39.7,29.8
ST_19,2024-08-01 06:00,14.3,48.2,20.2
ST_20,2024-08-01 07:00,6.5,37.2,11.5
ST_01,2024-08-01 08:00,16.0,76.8,18.9
ST_02,2024-08-01 09:00,26.9,56.0,5.8
ST_03,2024-08-01 10:00,30.3,44.9,7.6
ST_04,2024-08-01 11:00,16.2,69.9,3.2
ST_05,2024-08-01 12:00,12.0,86.4,15.8
ST_06,2024-08-01 13:00,7.7,33.8,19.0
ST_07,2024-08-01 14:00,29.1,47.3,19.5
ST_08,2024-08-01 15:00,1.5,40.4,17.1
ST_09,2024-08-01 16:00,2.9,47.9,20.8
ST_10,2024-08-01 17:00,28.2,41.7,15.7
ST_11,2024-08-01 18:00,16.7,46.4,5.2
ST_12,2024-08-01 19:00,10.9,55.1,26.4
ST_13,2024-08-01 20:00,10.8,67.8,4.9
ST_14,2024-08-01 21:00,35.1,60.6,29.3
ST_15,2024-08-01 22:00,20.1,38.7,6.2
ST_16,2024-08-01 23:00,11.3,82.1,17.0
ST_17,2024-08-02 00:00,30.2,39.9,17.0
ST_18,2024-08-02 01:00,39.9,86.3,20.1
ST_19,2024-08-02 02:00,8.1,51.6,21.8
ST_20,2024-08-02 03:00,17.7,65.1,16.4
ST_01,2024-08-02 04:00,10.4,41.1,17.4
ST_02,2024-08-02 05:00,2.2,36.0,24.6
ST_03,2024-08-02 06:00,4.9,71.0,26.0
ST_04,2024-08-02 07:00,19.0,81.2,10.1
ST_05,2024-08-02 08:00,17.3,65.0,16.5
ST_06,2024-08-02 09:00,10.4,87.5,23.7
ST_07,2024-08-02 10:00,12.1,77.7,5.0
ST_08,2024-08-02 11:00,4.6,44.5,6.1
ST_09,2024-08-02 12:00,6.2,67.5,19.8
ST_10,2024-08-02 13:00,20.2,33.8,24.3
ST_11,2024-08-02 14:00,3.3,66.2,14.8
ST_12,2024-08-02 15:00,24.4,83.0,17.5
ST_13,2024-08-02 16:00,6.1,40.2,14.7
ST_14,2024-08-02 17:00,13.0,45.4,8.4
ST_15,2024-08-02 18:00,17.6,88.4,23.5
ST_16,2024-08-02 19:00,20.3,80.0,21.2
ST_17,2024-08-02 20:00,24.7,81.8,6.3
ST_18,2024-08-02 21:00,20.4,80.8,6.0
ST_19,2024-08-02 22:00,19.5,41.8,6.2
ST_20,2024-08-02 23:00,4.8,54.4,8.1
ST_01,2024-08-03 00:00,23.6,79.3,26.6
ST_02,2024-08-03 01:00,7.9,53.9,5.2
ST_03,2024-08-03 02:00,24.2,67.8,7.0
ST_04,2024-08-03 03:00,3.7,46.7,13.7
ST_05,2024-08-03 04:00,8.9,88.9,10.5
ST_06,2024-08-03 05:00,6.3,52.3,23.7
ST_07,2024-08-03 06:00,16.1,66.7,4.6
ST_08,2024-08-03 07:00,-0.6,33.1,28.3
ST_09,2024-08-03 08:00,2.5,48.9,3.7
ST_10,2024-08-03 09:00,16.0,74.4,13.5
ST_11,2024-08-03 10:00,1.3,83.6,4.1
ST_12,2024-08-03 11:00,10.9,51.9,21.8
ST_13,2024-08-03 12:00,-3.8,80.0,15.2
ST_14,2024-08-03 13:00,17.1,57.2,22.0
ST_15,2024-08-03 14:00,7.9,74.2,19.8
ST_16,2024-08-03 15:00,34.7,43.6,27.6
ST_17,2024-08-03 16:00,16.3,82.3,17.5
ST_18,2024-08-03 17:00,39.6,66.0,25.6
ST_19,2024-08-03 18:00,9.2,78.0,8.4
ST_20,2024-08-03 19:00,14.5,76.9,13.4
ST_01,2024-08-03 20:00,3.1,37.6,6.4
ST_02,2024-08-03 21:00,17.4,50.6,12.1
ST_03,2024-08-03 22:00,24.8,48.0,9.7
ST_04,2024-08-03 23:00,10.0,30.7,7.3
ST_05,2024-08-04 00:00,5.4,52.2,14.9
ST_06,2024-08-04 01:00,24.8,68.3,29.9
ST_07,2024-08-04 02:00,11.0,83.1,20.8
ST_08,2024-08-04 03:00,8.4,64.5,1.9
ST_09,2024-08-04 04:00,4.6,77.7,4.8
ST_10,2024-08-04 05:00,-10.6,62.6,10.5
ST_11,2024-08-04 06:00,19.3,89.2,6.6
ST_12,2024-08-04 07:00,24.7,60.7,29.2
ST_13,2024-08-04 08:00,25.5,44.4,3.6
ST_14,2024-08-04 09:00,21.7,48.3,8.2
ST_15,2024-08-04 10:00,15.7,88.5,9.8
ST_16,2024-08-04 11:00,17.6,55.6,5.9
ST_17,2024-08-04 12:00,21.9,32.5,1.1
ST_18,2024-08-04 13:00,37.1,63.7,14.4
ST_19,2024-08-04 14:00,7.1,81.5,16.8
ST_20,2024-08-04 15:00,19.6,66.8,27.7
ST_01,2024-08-04 16:00,8.8,80.2,5.3
ST_02,2024-08-04 17:00,16.3,36.0,12.9
ST_03,2024-08-04 18:00,-5.7,66.7,11.7
ST_04,2024-08-04 19:00,14.2,69.8,1.3
ST_05,2024-08-04 20:00,9.8,49.4,10.8
ST_06,2024-08-04 21:00,25.5,79.8,7.1
ST_07,2024-08-04 22:00,9.2,73.7,14.4
ST_08,2024-08-04 23:00,16.3,30.2,19.3
ST_09,2024-08-05 00:00,2.9,46.6,2.1
ST_10,2024-08-05 01:00,-7.8,44.7,6.9
ST_11,2024-08-05 02:00,15.1,67.9,22.1
ST_12,2024-08-05 03:00,8.6,32.9,23.3
ST_13,2024-08-05 04:00,29.3,89.8,27.9
ST_14,2024-08-05 05:00,0.7,40.2,20.4
ST_15,2024-08-05 06:00,10.9,79.2,2.2
ST_16,2024-08-05 07:00,21.2,45.1,8.9
ST_17,2024-08-05 08:00,15.4,39.1,6.8
ST_18,2024-08-05 09:00,3.9,42.9,14.4
ST_19,2024-08-05 10:00,19.6,58.4,29.3
ST_20,2024-08-05 11:00,31.7,34.1,4.1
ST_01,2024-08-05 12:00,6.5,52.5,26.0
ST_02,2024-08-05 13:00,25.1,59.9,17.7
ST_03,2024-08-05 14:00,11.1,75.1,6.4
ST_04,2024-08-05 15:00,21.4,61.7,2.1
ST_05,2024-08-05 16:00,10.8,46.4,18.6
ST_06,2024-08-05 17:00,23.5,55.1,23.9
ST_07,2024-08-05 18:00,15.7,67.4,27.4
ST_08,2024-08-05 19:00,-4.8,48.1,11.8
ST_09,2024-08-05 20:00,15.5,81.4,13.3
ST_10,2024-08-05 21:00,10.7,71.0,19.2
ST_11,2024-08-05 22:00,7.8,40.0,15.9
ST_12,2024-08-05 23:00,16.3,33.6,6.7
ST_13,2024-08-06 00:00,22.2,31.9,0.6
ST_14,2024-08-06 01:00,11.0,46.1,29.6
ST_15,2024-08-06 02:00,20.6,75.3,19.4
ST_16,2024-08-06 03:00,29.5,47.7,20.4
ST_17,2024-08-06 04:00,26.2,87.5,24.9
ST_18,2024-08-06 05:00,31.1,71.0,28.9
ST_19,2024-08-06 06:00,24.4,33.9,4.2
ST_20,2024-08-06 07:00,11.8,31.7,24.8
ST_01,2024-08-06 08:00,-12.7,37.4,12.1
ST_02,2024-08-06 09:00,24.1,83.2,8.6
ST_03,2024-08-06 10:00,19.6,41.7,28.6
ST_04,2024-08-06 11:00,8.5,85.7,7.1
ST_05,2024-08-06 12:00,1.9,78.8,20.9
ST_06,2024-08-06 13:00,11.9,58.7,27.3
ST_07,2024-08-06 14:00,22.3,47.4,18.3
ST_08,2024-08-06 15:00,7.3,72.8,21.8
ST_09,2024-08-06 16:00,30.1,36.8,13.6
ST_10,2024-08-06 17:00,18.3,32.0,6.0
ST_11,2024-08-06 18:00,8.4,34.5,17.8
ST_12,2024-08-06 19:00,11.1,84.6,7.6
ST_13,2024-08-06 20:00,1.0,37.1,18.8
ST_14,2024-08-06 21:00,2.2,43.8,8.9
ST_15,2024-08-06 22:00,2.9,32.6,8.6
ST_16,2024-08-06 23:00,21.8,63.8,2.4
ST_17,2024-08-07 00:00,22.4,48.2,13.6
ST_18,2024-08-07 01:00,31.3,85.6,9.7
ST_19,2024-08-07 02:00,30.5,44.7,11.3
ST_20,2024-08-07 03:00,9.2,50.8,0.7
ST_01,2024-08-07 04:00,7.5,88.9,28.7
ST_02,2024-08-07 05:00,17.5,49.3,3.5
ST_03,2024-08-07 06:00,24.9,51.4,25.9
ST_04,2024-08-07 07:00,14.3,66.4,29.9
ST_05,2024-08-07 08:00,7.8,41.2,20.3
ST_06,2024-08-07 09:00,3.0,37.2,9.9
ST_07,2024-08-07 10:00,9.1,85.1,16.2
ST_08,2024-08-07 11:00,12.1,39.9,27.8
ST_09,2024-08-07 12:00,18.2,51.9,23.3
ST_10,2024-08-07 13:00,10.7,68.0,21.6
ST_11,2024-08-07 14:00,12.7,84.7,26.9
ST_12,2024-08-07 15:00,8.0,83.6,27.0
ST_13,2024-08-07 16:00,9.6,76.0,24.8
ST_14,2024-08-07 17:00,29.9,77.4,29.8
ST_15,2024-08-07 18:00,5.4,71.1,28.8
ST_16,2024-08-07 19:00,10.7,30.3,19.8
ST_17,2024-08-07 20:00,16.9,53.4,5.8
ST_18,2024-08-07 21:00,17.9,40.7,24.7
ST_19,2024-08-07 22:00,29.7,59.7,29.7
ST_20,2024-08-07 23:00,8.2,35.7,1.2
ST_01,2024-08-08 00:00,10.9,43.8,4.3
ST_02,2024-08-08 01:00,13.6,65.2,27.0
ST_03,2024-08-08 02:00,13.1,49.8,10.4
ST_04,2024-08-08 03:00,19.0,72.9,17.6
ST_05,2024-08-08 04:00,-14.9,84.3,26.7
ST_06,2024-08-08 05:00,18.9,70.0,23.2
ST_07,2024-08-08 06:00,4.9,31.4,25.3
ST_08,2024-08-08 07:00,-3.5,79.6,22.7
ST_09,2024-08-08 08:00,20.5,57.3,0.5
ST_10,2024-08-08 09:00,28.3,68.1,13.8
ST_11,2024-08-08 10:00,39.8,65.9,3.4
ST_12,2024-08-08 11:00,2.8,44.4,14.7
ST_13,2024-08-08 12:00,8.3,42.1,17.2
ST_14,2024-08-08 13:00,7.7,33.1,15.5
ST_15,2024-08-08 14:00,23.5,77.8,24.7
ST_16,2024-08-08 15:00,5.8,79.5,12.6
ST_17,2024-08-08 16:00,26.9,31.7,2.7
ST_18,2024-08-08 17:00,22.0,82.4,8.3
ST_19,2024-08-08 18:00,11.6,38.3,23.3
ST_20,2024-08-08 19:00,17.3,79.2,12.5
ST_01,2024-08-08 20:00,6.0,30.8,26.9
ST_02,2024-08-08 21:00,24.1,71.9,21.1
ST_03,2024-08-08 22:00,25.6,83.8,2.1
ST_04,2024-08-08 23:00,22.4,34.7,29.2
ST_05,2024-08-09 00:00,-3.9,70.6,9.2
ST_06,2024-08-09 01:00,19.3,80.2,6.2
ST_07,2024-08-09 02:00,23.4,79.1,18.2
ST_08,2024-08-09 03:00,16.6,30.2,24.0
ST_09,2024-08-09 04:00,12.4,70.7,7.9
ST_10,2024-08-09 05:00,14.5,77.8,27.6
ST_11,2024-08-09 06:00,13.2,36.6,11.8
ST_12,2024-08-09 07:00,19.5,66.4,27.6
ST_13,2024-08-09 08:00,16.9,75.9,15.7
ST_14,2024-08-09 09:00,33.3,82.2,0.9
ST_15,2024-08-09 10:00,8.3,38.9,3.5
ST_16,2024-08-09 11:00,-9.0,77.3,15.8
ST_17,2024-08-09 12:00,11.9,68.1,6.2
ST_18,2024-08-09 13:00,2.4,70.6,6.5
ST_19,2024-08-09 14:00,14.7,42.0,9.4
ST_20,2024-08-09 15:00,20.4,89.8,10.4
ST_01,2024-08-09 16:00,24.7,69.7,15.9
ST_02,2024-08-09 17:00,-1.2,31.3,26.2
ST_03,2024-08-09 18:00,15.9,50.8,5.8
ST_04,2024-08-09 19:00,21.6,62.1,7.8
ST_05,2024-08-09 20:00,6.0,34.0,29.3
ST_06,2024-08-09 21:00,13.2,32.9,11.4
ST_07,2024-08-09 22:00,8.4,80.2,8.1
ST_08,2024-08-09 23:00,5.9,81.3,18.9
ST_09,2024-08-10 00:00,10.0,88.6,10.4
ST_10,2024-08-10 01:00,9.9,30.4,27.6
ST_11,2024-08-10 02:00,33.1,47.5,2.2
ST_12,2024-08-10 03:00,8.6,46.9,14.2
ST_13,2024-08-10 04:00,13.1,52.1,23.5
ST_14,2024-08-10 05:00,5.9,77.5,10.4
ST_15,2024-08-10 06:00,20.1,38.6,3.2
ST_16,2024-08-10 07:00,27.9,31.8,22.2
ST_17,2024-08-10 08:00,20.2,80.8,25.8
ST_18,2024-08-10 09:00,27.9,74.8,10.4
ST_19,2024-08-10 10:00,15.8,84.6,26.8
ST_20,2024-08-10 11:00,3.1,86.0,2.1
ST_01,2024-08-10 12:00,25.6,35.1,1.9
ST_02,2024-08-10 13:00,9.5,76.8,13.8
ST_03,2024-08-10 14:00,-0.5,36.9,16.2
ST_04,2024-08-10 15:00,17.6,47.1,23.4
ST_05,2024-08-10 16:00,20.5,50.4,16.8
ST_06,2024-08-10 17:00,8.3,78.8,8.2
ST_07,2024-08-10 18:00,8.0,74.5,26.0
ST_08,2024-08-10 19:00,9.3,71.6,25.6
ST_09,2024-08-10 20:00,8.1,45.8,0.2
ST_10,2024-08-10 21:00,13.5,35.2,6.1
ST_11,2024-08-10 22:00,19.1,84.4,3.7
ST_12,2024-08-10 23:00,9.7,47.9,10.0
ST_13,2024-08-11 00:00,15.1,80.6,19.6
ST_14,2024-08-11 01:00,36.3,48.2,10.7
ST_15,2024-08-11 02:00,17.4,62.2,24.4
ST_16,2024-08-11 03:00,33.2,77.9,3.9
ST_17,2024-08-11 04:00,24.9,89.3,26.3
ST_18,2024-08-11 05:00,-2.4,57.4,26.6
ST_19,2024-08-11 06:00,1.5,89.8,17.9
ST_20,2024-08-11 07:00,12.3,32.6,23.4
ST_01,2024-08-11 08:00,32.4,37.7,27.4
ST_02,2024-08-11 09:00,16.6,30.4,0.0
ST_03,2024-08-11 10:00,12.1,48.3,10.4
ST_04,2024-08-11 11:00,11.5,39.1,20.7
ST_05,2024-08-11 12:00,7.6,54.3,27.5
ST_06,2024-08-11 13:00,1.6,74.9,16.6
ST_07,2024-08-11 14:00,14.4,33.9,7.9
ST_08,2024-08-11 15:00,23.6,45.4,20.5
ST_09,2024-08-11 16:00,18.8,74.9,18.3
ST_10,2024-08-11 17:00,23.3,67.3,15.8
ST_11,2024-08-11 18:00,-2.5,48.0,27.4
ST_12,2024-08-11 19:00,16.7,48.4,0.1
ST_13,2024-08-11 20:00,23.4,65.4,16.7
ST_14,2024-08-11 21:00,14.0,33.0,14.0
ST_15,2024-08-11 22:00,14.2,87.0,19.0
ST_16,2024-08-11 23:00,9.9,76.8,24.2
ST_17,2024-08-12 00:00,16.0,75.2,21.4
ST_18,2024-08-12 01:00,23.9,56.4,15.1
ST_19,2024-08-12 02:00,3.3,62.5,20.1
ST_20,2024-08-12 03:00,25.1,82.2,0.2
ST_01,2024-08-12 04:00,10.6,57.8,29.9
ST_02,2024-08-12 05:00,0.4,55.4,2.6
ST_03,2024-08-12 06:00,16.7,62.4,5.0
ST_04,2024-08-12 07:00,7.6,37.9,5.2
ST_05,2024-08-12 08:00,4.8,38.6,2.1
ST_06,2024-08-12 09:00,14.9,55.7,7.6
ST_07,2024-08-12 10:00,10.8,57.4,20.2
ST_08,2024-08-12 11:00,18.8,35.6,16.6
ST_09,2024-08-12 12:00,17.0,67.2,22.5
ST_10,2024-08-12 13:00,9.5,63.9,24.9
ST_11,2024-08-12 14:00,17.7,42.7,27.1
ST_12,2024-08-12 15:00,7.6,63.3,8.4
ST_13,2024-08-12 16:00,26.9,42.5,3.4
ST_14,2024-08-12 17:00,36.5,42.0,3.7
ST_15,2024-08-12 18:00,2.2,82.7,24.5
ST_16,2024-08-12 19:00,10.1,38.3,28.3
ST_17,2024-08-12 20:00,11.8,55.4,2.5
ST_18,2024-08-12 21:00,25.6,35.2,21.7
ST_19,2024-08-12 22:00,32.0,36.6,8.0
ST_20,2024-08-12 23:00,5.9,86.7,29.8
ST_01,2024-08-13 00:00,16.2,68.4,23.4
ST_02,2024-08-13 01:00,11.9,46.7,11.8
ST_03,2024-08-13 02:00,25.2,58.1,0.7
ST_04,2024-08-13 03:00,22.1,75.6,9.4
ST_05,2024-08-13 04:00,15.8,35.4,24.8
ST_06,2024-08-13 05:00,10.8,87.7,10.2
ST_07,2024-08-13 06:00,11.8,57.2,20.9
ST_08,2024-08-13 07:00,1.4,69.2,24.7
ST_09,2024-08-13 08:00,16.8,73.8,4.7
ST_10,2024-08-13 09:00,7.6,66.2,21.4
ST_11,2024-08-13 10:00,6.3,63.2,21.5
ST_12,2024-08-13 11:00,19.9,61.6,3.2
ST_13,2024-08-13 12:00,17.8,85.1,22.5
ST_14,2024-08-13 13:00,9.2,37.4,8.7
ST_15,2024-08-13 14:00,12.3,48.7,28.4
ST_16,2024-08-13 15:00,6.4,71.4,25.5
ST_17,2024-08-13 16:00,31.6,82.9,21.2
ST_18,2024-08-13 17:00,0.2,42.5,17.8
ST_19,2024-08-13 18:00,19.5,59.0,26.5
ST_20,2024-08-13 19:00,18.3,49.9,0.6
ST_01,2024-08-13 20:00,21.6,38.8,21.8
ST_02,2024-08-13 21:00,5.7,40.5,4.8
ST_03,2024-08-13 22:00,17.7,75.9,27.4
ST_04,2024-08-13 23:00,20.3,69.3,19.7
ST_05,2024-08-14 00:00,-2.3,80.5,10.2
ST_06,2024-08-14 01:00,35.7,33.2,23.7
ST_07,2024-08-14 02:00,14.2,64.4,21.1
ST_08,2024-08-14 03:00,10.4,43.9,17.4
ST_09,2024-08-14 04:00,9.8,66.1,26.6
ST_10,2024-08-14 05:00,3.4,62.1,18.4
ST_11,2024-08-14 06:00,14.2,68.1,2.6
ST_12,2024-08-14 07:00,12.2,63.5,12.7
ST_13,2024-08-14 08:00,34.2,89.6,25.3
ST_14,2024-08-14 09:00,19.1,61.2,7.3
ST_15,2024-08-14 10:00,12.1,44.0,6.1
ST_16,2024-08-14 11:00,23.1,52.1,22.2
ST_17,2024-08-14 12:00,15.8,43.5,29.1
ST_18,2024-08-14 13:00,10.9,69.7,5.7
ST_19,2024-08-14 14:00,4.2,66.5,10.9
ST_20,2024-08-14 15:00,-0.9,49.9,10.2
ST_01,2024-08-14 16:00,23.1,58.4,25.7
ST_02,2024-08-14 17:00,11.8,30.5,2.2
ST_03,2024-08-14 18:00,-1.6,44.9,16.1
ST_04,2024-08-14 19:00,25.5,58.9,4.9
ST_05,2024-08-14 20:00,28.9,50.9,26.8
ST_06,2024-08-14 21:00,5.9,31.8,9.3
ST_07,2024-08-14 22:00,4.5,62.6,18.3
ST_08,2024-08-14 23:00,26.8,84.4,29.1
ST_09,2024-08-15 00:00,13.9,31.8,23.0
ST_10,2024-08-15 01:00,26.6,71.3,9.1
ST_11,2024-08-15 02:00,18.9,81.9,4.8
ST_12,2024-08-15 03:00,16.3,88.0,18.6
ST_13,2024-08-15 04:00,10.7,47.6,13.8
ST_14,2024-08-15 05:00,22.0,39.6,18.7
ST_15,2024-08-15 06:00,23.3,47.5,6.2
ST_16,2024-08-15 07:00,24.0,89.0,18.2
ST_17,2024-08-15 08:00,20.1,85.2,17.7
ST_18,2024-08-15 09:00,33.1,87.4,16.6
ST_19,2024-08-15 10:00,5.4,41.7,7.7
ST_20,2024-08-15 11:00,24.0,89.1,0.2
ST_01,2024-08-15 12:00,24.0,54.1,6.1
ST_02,2024-08-15 13:00,12.8,76.4,8.2
ST_03,2024-08-15 14:00,16.4,59.4,4.1
ST_04,2024-08-15 15:00,8.9,77.9,26.4
ST_05,2024-08-15 16:00,22.6,69.2,15.4
ST_06,2024-08-15 17:00,3.9,59.9,11.3
ST_07,2024-08-15 18:00,22.5,63.6,3.7
ST_08,2024-08-15 19:00,17.0,64.6,5.7
ST_09,2024-08-15 20:00,2.5,31.0,5.6
ST_10,2024-08-15 21:00,29.4,47.2,15.4
ST_11,2024-08-15 22:00,-9.7,61.0,29.6
ST_12,2024-08-15 23:00,24.5,67.9,16.6
ST_13,2024-08-16 00:00,19.7,58.5,6.5
ST_14,2024-08-16 01:00,28.7,80.9,14.0
ST_15,2024-08-16 02:00,15.1,59.9,26.1
ST_16,2024-08-16 03:00,8.4,77.3,2.6
ST_17,2024-08-16 04:00,10.1,72.6,17.8
ST_18,2024-08-16 05:00,23.2,80.6,14.9
ST_19,2024-08-16 06:00,22.0,40.9,17.0
ST_20,2024-08-16 07:00,18.7,68.0,15.1
ST_01,2024-08-16 08:00,7.2,55.9,2.4
ST_02,2024-08-16 09:00,0.0,38.8,1.1
ST_03,2024-08-16 10:00,16.4,45.6,4.4
ST_04,2024-08-16 11:00,26.2,65.4,9.5
ST_05,2024-08-16 12:00,24.9,66.1,16.1
ST_06,2024-08-16 13:00,31.9,80.2,10.8
ST_07,2024-08-16 14:00,12.9,71.3,5.0
ST_08,2024-08-16 15:00,15.7,84.3,4.3
ST_09,2024-08-16 16:00,18.4,31.4,6.3
ST_10,2024-08-16 17:00,15.0,37.7,17.8
ST_11,2024-08-16 18:00,20.1,36.9,13.3
ST_12,2024-08-16 19:00,28.3,69.9,26.5
ST_13,2024-08-16 20:00,15.9,33.4,8.9
ST_14,2024-08-16 21:00,-0.1,47.9,0.4
ST_15,2024-08-16 22:00,23.0,64.9,0.9
ST_16,2024-08-16 23:00,24.2,55.8,27.4
ST_17,2024-08-17 00:00,7.3,51.8,8.6
ST_18,2024-08-17 01:00,13.1,85.7,27.7
ST_19,2024-08-17 02:00,17.7,45.0,8.2
ST_20,2024-08-17 03:00,5.8,49.3,21.3
ST_01,2024-08-17 04:00,27.0,59.6,23.2
ST_02,2024-08-17 05:00,10.9,32.5,8.1
ST_03,2024-08-17 06:00,15.3,59.9,17.4
ST_04,2024-08-17 07:00,8.9,89.0,4.0
ST_05,2024-08-17 08:00,13.5,35.4,18.1
ST_06,2024-08-17 09:00,11.0,36.2,23.4
ST_07,2024-08-17 10:00,8.2,57.4,28.0
ST_08,2024-08-17 11:00,2.7,66.1,0.7
ST_09,2024-08-17 12:00,20.4,60.4,9.6
ST_10,2024-08-17 13:00,19.9,41.0,27.3
ST_11,2024-08-17 14:00,11.2,55.4,24.9
ST_12,2024-08-17 15:00,15.7,87.6,26.8
ST_13,2024-08-17 16:00,18.7,88.4,21.6
ST_14,2024-08-17 17:00,21.2,84.4,2.6
ST_15,2024-08-17 18:00,1.9,59.5,10.3
ST_16,2024-08-17 19:00,22.1,76.3,22.7
ST_17,2024-08-17 20:00,13.5,78.6,17.0
ST_18,2024-08-17 21:00,19.9,60.9,8.5
ST_19,2024-08-17 22:00,2.9,89.3,9.6
ST_20,2024-08-17 23:00,8.7,66.1,17.0
ST_01,2024-08-18 00:00,-0.1,56.1,0.1
ST_02,2024-08-18 01:00,20.8,49.6,6.0
ST_03,2024-08-18 02:00,5.2,43.8,16.7
ST_04,2024-08-18 03:00,6.2,86.0,26.2
ST_05,2024-08-18 04:00,16.2,47.2,6.8
ST_06,2024-08-18 05:00,27.8,50.0,13.5
ST_07,2024-08-18 06:00,15.3,55.1,13.7
ST_08,2024-08-18 07:00,16.1,60.2,2.7
ST_09,2024-08-18 08:00,18.4,70.2,5.0
ST_10,2024-08-18 09:00,17.7,48.1,10.9
ST_11,2024-08-18 10:00,14.1,53.1,24.8
ST_12,2024-08-18 11:00,17.9,45.0,7.3
ST_13,2024-08-18 12:00,11.6,33.9,15.6
ST_14,2024-08-18 13:00,17.7,60.1,17.9
ST_15,2024-08-18 14:00,26.3,82.2,25.8
ST_16,2024-08-18 15:00,20.2,62.7,16.2
ST_17,2024-08-18 16:00,-7.1,44.9,19.8
ST_18,2024-08-18 17:00,22.2,80.7,15.5
ST_19,2024-08-18 18:00,16.7,76.2,18.0
ST_20,2024-08-18 19:00,8.9,61.4,10.1
ST_01,2024-08-18 20:00,21.1,43.7,22.9
ST_02,2024-08-18 21:00,19.0,67.6,23.6
ST_03,2024-08-18 22:00,25.7,51.4,6.8
ST_04,2024-08-18 23:00,11.8,89.8,11.2
ST_05,2024-08-19 00:00,16.1,75.8,1.1
ST_06,2024-08-19 01:00,17.0,78.1,17.7
ST_07,2024-08-19 02:00,17.0,80.0,19.2
ST_08,2024-08-19 03:00,23.8,60.1,21.0
ST_09,2024-08-19 04:00,18.8,79.0,28.8
ST_10,2024-08-19 05:00,24.3,85.1,13.4
ST_11,2024-08-19 06:00,39.4,32.3,12.5
ST_12,2024-08-19 07:00,6.2,50.0,22.3
ST_13,2024-08-19 08:00,20.0,79.7,25.4
ST_14,2024-08-19 09:00,24.4,43.7,11.8
ST_15,2024-08-19 10:00,24.5,60.9,0.3
ST_16,2024-08-19 11:00,19.3,62.8,4.4
ST_17,2024-08-19 12:00,28.3,67.9,1.5
ST_18,2024-08-19 13:00,10.4,54.0,13.8
ST_19,2024-08-19 14:00,6.1,86.2,22.6
ST_20,2024-08-19 15:00,27.6,80.9,23.4
ST_01,2024-08-19 16:00,5.5,75.1,10.7
ST_02,2024-08-19 17:00,4.6,30.6,5.7
ST_03,2024-08-19 18:00,24.4,35.7,12.9
ST_04,2024-08-19 19:00,26.0,82.2,14.7
ST_05,2024-08-19 20:00,3.9,88.7,3.4
ST_06,2024-08-19 21:00,1.5,74.0,7.7
ST_07,2024-08-19 22:00,26.0,41.9,3.6
ST_08,2024-08-19 23:00,17.5,47.8,24.2
ST_09,2024-08-20 00:00,31.4,88.9,14.3
ST_10,2024-08-20 01:00,10.0,60.3,27.6
ST_11,2024-08-20 02:00,17.2,53.8,9.1
ST_12,2024-08-20 03:00,17.8,43.5,8.9
ST_13,2024-08-20 04:00,22.0,47.8,0.6
ST_14,2024-08-20 05:00,24.0,44.1,12.8
ST_15,2024-08-20 06:00,21.0,63.2,1.6
ST_16,2024-08-20 07:00,14.0,39.5,21.9
ST_17,2024-08-20 08:00,17.3,51.9,16.6
ST_18,2024-08-20 09:00,18.7,86.5,27.5
ST_19,2024-08-20 10:00,15.3,38.2,26.0
ST_20,2024-08-20 11:00,18.6,31.0,19.6
ST_01,2024-08-20 12:00,18.0,39.1,13.2
ST_02,2024-08-20 13:00,-2.4,80.3,19.5
ST_03,2024-08-20 14:00,37.8,88.0,10.2
ST_04,2024-08-20 15:00,29.2,37.0,2.2
ST_05,2024-08-20 16:00,22.8,54.4,9.8
ST_06,2024-08-20 17:00,16.0,82.4,8.7
ST_07,2024-08-20 18:00,-16.4,57.4,26.3
ST_08,2024-08-20 19:00,34.2,52.5,16.7
ST_09,2024-08-20 20:00,14.7,50.2,4.2
ST_10,2024-08-20 21:00,24.6,88.7,8.1
ST_11,2024-08-20 22:00,23.5,58.2,27.3
ST_12,2024-08-20 23:00,18.5,49.3,19.1
ST_13,2024-08-21 00:00,21.6,74.5,5.9
ST_14,2024-08-21 01:00,17.4,84.9,2.1
ST_15,2024-08-21 02:00,-0.1,82.6,18.7
ST_16,2024-08-21 03:00,1.7,77.4,27.5
ST_17,2024-08-21 04:00,14.4,77.7,23.1
ST_18,2024-08-21 05:00,6.3,77.4,5.6
ST_19,2024-08-21 06:00,12.0,54.7,5.6
ST_20,2024-08-21 07:00,21.2,42.9,24.7
ST_01,2024-08-21 08:00,9.8,81.2,10.2
ST_02,2024-08-21 09:00,8.5,74.8,19.4
ST_03,2024-08-21 10:00,7.9,58.3,4.2
ST_04,2024-08-21 11:00,18.6,71.0,18.4
ST_05,2024-08-21 12:00,-1.4,32.2,10.8
ST_06,2024-08-21 13:00,10.9,56.1,27.1
ST_07,2024-08-21 14:00,7.3,32.8,20.7
ST_08,2024-08-21 15:00,36.9,69.2,22.5
ST_09,2024-08-21 16:00,0.6,46.6,5.1
ST_10,2024-08-21 17:00,21.4,71.7,23.6
ST_11,2024-08-21 18:00,17.6,71.9,21.1
ST_12,2024-08-21 19:00,22.8,64.1,10.3
ST_13,2024-08-21 20:00,13.4,90.0,18.4
ST_14,2024-08-21 21:00,6.0,59.7,9.7
ST_15,2024-08-21 22:00,13.0,59.9,8.8
ST_16,2024-08-21 23:00,23.2,72.8,27.4
ST_17,2024-08-22 00:00,16.3,46.8,10.0
ST_18,2024-08-22 01:00,18.3,43.4,13.3
ST_19,2024-08-22 02:00,18.5,83.6,2.7
ST_20,2024-08-22 03:00,11.4,60.6,10.4
ST_01,2024-08-22 04:00,13.6,31.2,22.0
ST_02,2024-08-22 05:00,0.1,56.2,29.8
ST_03,2024-08-22 06:00,19.8,55.0,5.5
ST_04,2024-08-22 07:00,41.6,81.4,7.4
ST_05,2024-08-22 08:00,12.8,65.4,13.5
ST_06,2024-08-22 09:00,12.4,32.3,16.8
ST_07,2024-08-22 10:00,27.4,48.7,5.9
ST_08,2024-08-22 11:00,22.0,50.4,16.3
ST_09,2024-08-22 12:00,13.0,39.7,14.4
ST_10,2024-08-22 13:00,17.5,81.0,5.2
ST_11,2024-08-22 14:00,10.1,50.9,29.5
ST_12,2024-08-22 15:00,17.0,66.1,6.3
ST_13,2024-08-22 16:00,17.8,47.0,2.1
ST_14,2024-08-22 17:00,16.2,85.2,25.4
ST_15,2024-08-22 18:00,37.6,38.6,20.7
ST_16,2024-08-22 19:00,13.4,67.5,3.1
ST_17,2024-08-22 20:00,6.5,31.8,4.2
ST_18,2024-08-22 21:00,23.3,89.5,5.1
ST_19,2024-08-22 22:00,1.9,52.7,12.5
ST_20,2024-08-22 23:00,15.3,78.5,6.7
ST_01,2024-08-23 00:00,14.1,86.1,10.4
ST_02,2024-08-23 01:00,9.7,32.0,18.4
ST_03,2024-08-23 02:00,-1.5,78.9,17.9
ST_04,2024-08-23 03:00,14.8,73.3,25.5
ST_05,2024-08-23 04:00,13.6,46.3,24.6
ST_06,2024-08-23 05:00,22.6,55.1,9.9
ST_07,2024-08-23 06:00,15.8,34.7,20.7
ST_08,2024-08-23 07:00,18.7,85.7,29.3
ST_09,2024-08-23 08:00,14.3,82.6,0.3
ST_10,2024-08-23 09:00,11.3,58.5,6.6
ST_11,2024-08-23 10:00,-3.2,49.2,18.2
ST_12,2024-08-23 11:00,23.0,36.9,12.8
ST_13,2024-08-23 12:00,18.8,41.3,23.3
ST_14,2024-08-23 13:00,12.8,35.0,19.8
ST_15,2024-08-23 14:00,17.6,39.5,5.1
ST_16,2024-08-23 15:00,-1.9,62.2,24.7
ST_17,2024-08-23 16:00,20.1,78.7,13.1
ST_18,2024-08-23 17:00,24.5,48.7,12.9
ST_19,2024-08-23 18:00,23.9,76.1,5.3
ST_20,2024-08-23 19:00,4.6,70.3,8.0
ST_01,2024-08-23 20:00,18.2,34.4,28.8
ST_02,2024-08-23 21:00,16.8,89.2,1.2
ST_03,2024-08-23 22:00,8.5,39.3,5.6
ST_04,2024-08-23 23:00,22.8,44.9,14.3
ST_05,2024-08-24 00:00,18.1,74.0,7.7
ST_06,2024-08-24 01:00,18.6,49.5,17.4
ST_07,2024-08-24 02:00,10.3,59.1,9.4
ST_08,2024-08-24 03:00,5.2,66.2,20.0
ST_09,2024-08-24 04:00,32.9,34.9,26.3
ST_10,2024-08-24 05:00,30.0,35.4,8.3
ST_11,2024-08-24 06:00,34.9,51.7,27.0
ST_12,2024-08-24 07:00,12.4,60.3,18.6
ST_13,2024-08-24 08:00,12.1,59.0,14.5
ST_14,2024-08-24 09:00,14.8,74.1,20.4
ST_15,2024-08-24 10:00,4.8,87.8,29.6
ST_16,2024-08-24 11:00,1.1,41.2,18.3
ST_17,2024-08-24 12:00,20.5,37.5,19.1
ST_18,2024-08-24 13:00,0.2,70.8,28.6
ST_19,2024-08-24 14:00,9.9,48.7,27.5
ST_20,2024-08-24 15:00,23.3,70.4,29.0
ST_01,2024-08-24 16:00,7.8,33.8,16.3
ST_02,2024-08-24 17:00,34.3,50.2,0.6
ST_03,2024-08-24 18:00,18.0,85.9,24.1
ST_04,2024-08-24 19:00,18.6,83.6,0.5
ST_05,2024-08-24 20:00,10.7,76.2,7.1
ST_06,2024-08-24 21:00,31.2,65.8,4.7
ST_07,2024-08-24 22:00,-8.3,60.0,12.3
ST_08,2024-08-24 23:00,-7.9,40.2,14.5
ST_09,2024-08-25 00:00,21.8,65.4,22.2
ST_10,2024-08-25 01:00,11.9,78.4,16.4
ST_11,2024-08-25 02:00,13.7,39.2,12.6
ST_12,2024-08-25 03:00,28.4,35.4,21.2
ST_13,2024-08-25 04:00,9.1,43.5,2.8
ST_14,2024-08-25 05:00,14.2,78.0,7.8
ST_15,2024-08-25 06:00,3.1,69.9,21.2
ST_16,2024-08-25 07:00,-1.9,41.2,19.7
ST_17,2024-08-25 08:00,11.8,60.9,22.6
ST_18,2024-08-25 09:00,11.8,76.9,15.5
ST_19,2024-08-25 10:00,34.4,60.4,4.1
ST_20,2024-08-25 11:00,22.4,43.0,7.5
ST_01,2024-08-25 12:00,18.9,34.1,17.6
ST_02,2024-08-25 13:00,5.6,55.3,13.9
ST_03,2024-08-25 14:00,15.3,59.3,17.8
ST_04,2024-08-25 15:00,3.9,87.3,25.4
ST_05,2024-08-25 16:00,23.3,79.4,4.5
ST_06,2024-08-25 17:00,25.0,64.7,30.0
ST_07,2024-08-25 18:00,29.1,65.9,25.7
ST_08,2024-08-25 19:00,24.2,66.0,24.5
ST_09,2024-08-25 20:00,20.3,37.8,21.2
ST_10,2024-08-25 21:00,8.1,82.3,27.9
ST_11,2024-08-25 22:00,13.2,49.6,14.2
ST_12,2024-08-25 23:00,7.9,62.0,1.1
ST_13,2024-08-26 00:00,15.0,38.3,2.4
ST_14,2024-08-26 01:00,22.2,75.7,26.4
ST_15,2024-08-26 02:00,21.1,79.0,10.8
ST_16,2024-08-26 03:00,7.6,33.6,20.5
ST_17,2024-08-26 04:00,16.6,73.6,15.1
ST_18,2024-08-26 05:00,32.9,36.7,19.8
ST_19,2024-08-26 06:00,-1.2,38.8,7.1
ST_20,2024-08-26 07:00,10.8,43.3,2.0
ST_01,2024-08-26 08:00,19.6,81.6,19.7
ST_02,2024-08-26 09:00,1.1,63.8,19.9
ST_03,2024-08-26 10:00,9.7,31.8,16.7
ST_04,2024-08-26 11:00,23.4,73.5,14.2
ST_05,2024-08-26 12:00,-1.1,45.9,20.9
ST_06,2024-08-26 13:00,23.0,46.2,16.4
ST_07,2024-08-26 14:00,0.1,51.8,25.3
ST_08,2024-08-26 15:00,16.2,63.4,11.2
ST_09,2024-08-26 16:00,20.3,72.9,6.3
ST_10,2024-08-26 17:00,4.6,87.6,5.4
ST_11,2024-08-26 18:00,4.0,47.7,7.0
ST_12,2024-08-26 19:00,43.2,73.3,8.6
ST_13,2024-08-26 20:00,20.7,78.0,25.9
ST_14,2024-08-26 21:00,14.0,49.5,12.4
ST_15,2024-08-26 22:00,6.1,31.8,6.3
ST_16,2024-08-26 23:00,20.6,69.1,2.4
ST_17,2024-08-27 00:00,31.2,44.3,21.3
ST_18,2024-08-27 01:00,43.2,65.1,20.4
ST_19,2024-08-27 02:00,23.7,43.4,12.3
ST_20,2024-08-27 03:00,11.8,52.3,24.0
ST_01,2024-08-27 04:00,6.3,71.5,5.4
ST_02,2024-08-27 05:00,16.8,82.2,19.6
ST_03,2024-08-27 06:00,-11.1,61.5,2.9
ST_04,2024-08-27 07:00,10.6,60.0,18.1
ST_05,2024-08-27 08:00,6.4,55.4,14.1
ST_06,2024-08-27 09:00,12.6,54.1,8.0
ST_07,2024-08-27 10:00,9.3,80.7,8.9
ST_08,2024-08-27 11:00,15.7,37.2,3.8
ST_09,2024-08-27 12:00,24.5,30.2,0.6
ST_10,2024-08-27 13:00,-2.3,41.6,21.1
ST_11,2024-08-27 14:00,24.9,66.3,29.5
ST_12,2024-08-27 15:00,25.6,67.6,21.8
ST_13,2024-08-27 16:00,18.5,55.7,28.6
ST_14,2024-08-27 17:00,14.7,87.5,23.0
ST_15,2024-08-27 18:00,20.7,57.0,20.5
ST_16,2024-08-27 19:00,26.9,80.0,28.2
ST_17,2024-08-27 20:00,30.9,54.7,2.2
ST_18,2024-08-27 21:00,-3.4,80.6,2.5
ST_19,2024-08-27 22:00,-14.4,60.7,0.1
ST_20,2024-08-27 23:00,14.5,38.5,10.9
ST_01,2024-08-28 00:00,11.8,86.5,3.7
ST_02,2024-08-28 01:00,16.1,40.3,20.0
ST_03,2024-08-28 02:00,17.3,60.7,19.9
ST_04,2024-08-28 03:00,5.9,89.1,22.8
ST_05,2024-08-28 04:00,22.2,66.9,11.2
ST_06,2024-08-28 05:00,-4.8,52.5,13.8
ST_07,2024-08-28 06:00,18.9,68.5,25.3
ST_08,2024-08-28 07:00,4.5,61.7,7.0
ST_09,2024-08-28 08:00,2.7,30.3,24.6
ST_10,2024-08-28 09:00,11.7,83.7,29.1
ST_11,2024-08-28 10:00,35.7,61.1,20.1
ST_12,2024-08-28 11:00,15.5,62.7,25.6
ST_13,2024-08-28 12:00,12.6,45.3,25.1
ST_14,2024-08-28 13:00,19.2,62.3,9.2
ST_15,2024-08-28 14:00,15.3,76.5,13.4
ST_16,2024-08-28 15:00,30.4,52.6,11.6
ST_17,2024-08-28 16:00,11.1,88.3,8.3
ST_18,2024-08-28 17:00,17.1,85.3,12.5
ST_19,2024-08-28 18:00,14.8,36.1,24.3
ST_20,2024-08-28 19:00,21.3,32.1,25.3
ST_01,2024-08-28 20:00,24.8,65.6,8.7
ST_02,2024-08-28 21:00,6.3,38.4,17.8
ST_03,2024-08-28 22:00,22.9,60.5,6.5
ST_04,2024-08-28 23:00,10.3,86.3,1.7
ST_05,2024-08-29 00:00,9.8,45.4,22.6
ST_06,2024-08-29 01:00,6.2,61.0,17.0
ST_07,2024-08-29 02:00,10.8,74.2,16.9
ST_08,2024-08-29 03:00,25.4,47.2,22.3
ST_09,2024-08-29 04:00,21.1,75.0,1.2
ST_10,2024-08-29 05:00,0.4,41.9,3.6
ST_11,2024-08-29 06:00,8.5,74.3,13.0
ST_12,2024-08-29 07:00,14.9,71.2,21.2
ST_13,2024-08-29 08:00,-4.1,42.5,13.1
ST_14,2024-08-29 09:00,16.9,83.4,2.4
ST_15,2024-08-29 10:00,24.7,78.4,18.2
ST_16,2024-08-29 11:00,24.5,42.7,26.7
ST_17,2024-08-29 12:00,23.3,54.4,20.6
ST_18,2024-08-29 13:00,8.9,65.7,2.2
ST_19,2024-08-29 14:00,10.7,55.2,14.4
ST_20,2024-08-29 15:00,-6.3,78.0,22.6
ST_01,2024-08-29 16:00,5.9,52.5,0.3
ST_02,2024-08-29 17:00,2.1,31.7,4.5
ST_03,2024-08-29 18:00,13.8,61.3,23.4
ST_04,2024-08-29 19:00,3.1,30.1,8.5
ST_05,2024-08-29 20:00,12.0,84.8,3.6
ST_06,2024-08-29 21:00,4.8,89.7,25.2
ST_07,2024-08-29 22:00,11.4,43.1,18.9
ST_08,2024-08-29 23:00,10.4,75.1,9.7
ST_09,2024-08-30 00:00,16.6,61.1,3.8
ST_10,2024-08-30 01:00,-1.1,78.6,5.0
ST_11,2024-08-30 02:00,17.0,87.2,19.6
ST_12,2024-08-30 03:00,21.7,56.6,14.4
ST_13,2024-08-30 04:00,18.1,58.0,3.9
ST_14,2024-08-30 05:00,8.9,77.1,26.1
ST_15,2024-08-30 06:00,8.9,56.3,14.9
ST_16,2024-08-30 07:00,2.7,43.0,17.2
ST_17,2024-08-30 08:00,2.2,75.1,0.4
ST_18,2024-08-30 09:00,24.6,75.3,28.1
ST_19,2024-08-30 10:00,17.5,49.3,16.8
ST_20,2024-08-30 11:00,25.7,85.6,12.5
ST_01,2024-08-30 12:00,13.8,39.0,21.7
ST_02,2024-08-30 13:00,32.2,58.6,14.3
ST_03,2024-08-30 14:00,0.3,88.2,2.7
ST_04,2024-08-30 15:00,18.1,58.1,7.0
ST_05,2024-08-30 16:00,20.6,37.7,14.2
ST_06,2024-08-30 17:00,-6.7,89.6,29.9
ST_07,2024-08-30 18:00,20.3,42.7,10.2
ST_08,2024-08-30 19:00,13.3,82.3,25.4
ST_09,2024-08-30 20:00,5.5,45.0,15.0
ST_10,2024-08-30 21:00,28.4,52.6,5.0
ST_11,2024-08-30 22:00,2.3,60.4,27.6
ST_12,2024-08-30 23:00,15.5,49.7,19.9
ST_13,2024-08-31 00:00,15.6,87.1,24.7
ST_14,2024-08-31 01:00,25.1,80.3,0.4
ST_15,2024-08-31 02:00,19.3,82.3,0.8
ST_16,2024-08-31 03:00,0.8,44.7,0.3
ST_17,2024-08-31 04:00,19.7,76.9,14.3
ST_18,2024-08-31 05:00,11.6,81.4,11.7
ST_19,2024-08-31 06:00,-1.8,42.5,2.5
ST_20,2024-08-31 07:00,16.5,73.9,5.8
ST_01,2024-08-31 08:00,18.4,86.8,12.2
ST_02,2024-08-31 09:00,10.4,51.4,21.4
ST_03,2024-08-31 10:00,13.7,86.9,4.2
ST_04,2024-08-31 11:00,28.9,69.0,3.3
ST_05,2024-08-31 12:00,5.8,77.4,26.1
ST_06,2024-08-31 13:00,17.1,32.7,1.9
ST_07,2024-08-31 14:00,19.7,37.0,14.0
ST_08,2024-08-31 15:00,25.9,71.5,19.6
ST_09,2024-08-31 16:00,-2.2,87.8,26.7
ST_10,2024-08-31 17:00,17.4,81.5,23.6
ST_11,2024-08-31 18:00,0.9,79.8,15.3
ST_12,2024-08-31 19:00,0.5,39.3,2.7
ST_13,2024-08-31 20:00,21.1,74.8,20.6
ST_14,2024-08-31 21:00,-1.3,63.2,7.3
ST_15,2024-08-31 22:00,12.2,51.7,11.7
ST_16,2024-08-31 23:00,7.3,75.2,2.2
ST_17,2024-09-01 00:00,18.4,51.5,5.5
ST_18,2024-09-01 01:00,11.1,54.1,23.1
ST_19,2024-09-01 02:00,1.1,67.8,18.4
ST_20,2024-09-01 03:00,28.7,83.2,3.5
ST_01,2024-09-01 04:00,21.3,84.0,19.5
ST_02,2024-09-01 05:00,21.1,88.6,20.6
ST_03,2024-09-01 06:00,21.5,46.2,12.5
ST_04,2024-09-01 07:00,37.6,51.8,18.2
ST_05,2024-09-01 08:00,44.9,35.6,5.8
ST_06,2024-09-01 09:00,3.0,76.5,4.3
ST_07,2024-09-01 10:00,0.9,39.0,2.8
ST_08,2024-09-01 11:00,19.9,39.9,14.4
ST_09,2024-09-01 12:00,6.9,50.0,12.1
ST_10,2024-09-01 13:00,21.3,47.6,22.9
ST_11,2024-09-01 14:00,9.8,32.8,8.4
ST_12,2024-09-01 15:00,10.7,57.9,11.6
ST_13,2024-09-01 16:00,13.1,87.8,0.3
ST_14,2024-09-01 17:00,13.1,48.5,13.6
ST_15,2024-09-01 18:00,23.0,51.8,23.7
ST_16,2024-09-01 19:00,6.3,42.1,8.6
ST_17,2024-09-01 20:00,12.6,71.2,29.8
ST_18,2024-09-01 21:00,23.9,50.5,20.3
ST_19,2024-09-01 22:00,13.4,33.9,26.4
ST_20,2024-09-01 23:00,5.6,33.4,24.6
ST_01,2024-09-02 00:00,13.0,43.3,7.1
ST_02,2024-09-02 01:00,13.3,50.4,18.4
ST_03,2024-09-02 02:00,17.9,64.4,11.4
ST_04,2024-09-02 03:00,18.6,69.0,9.9
ST_05,2024-09-02 04:00,14.9,35.7,29.4
ST_06,2024-09-02 05:00,13.2,79.5,23.2
ST_07,2024-09-02 06:00,22.9,30.7,23.8
ST_08,2024-09-02 07:00,12.3,31.6,22.9
ST_09,2024-09-02 08:00,29.6,40.5,5.0
ST_10,2024-09-02 09:00,2.0,38.9,25.4
ST_11,2024-09-02 10:00,17.6,70.1,3.5
ST_12,2024-09-02 11:00,24.8,69.9,22.2
ST_13,2024-09-02 12:00,-2.0,31.2,27.6
ST_14,2024-09-02 13:00,5.1,89.1,1.1
ST_15,2024-09-02 14:00,7.4,42.6,2.5
ST_16,2024-09-02 15:00,17.5,52.2,14.5
ST_17,2024-09-02 16:00,18.8,45.2,21.8
ST_18,2024-09-02 17:00,18.5,82.5,5.6
ST_19,2024-09-02 18:00,25.3,88.2,27.9
ST_20,2024-09-02 19:00,8.7,36.0,25.8
ST_01,2024-09-02 20:00,6.8,77.0,29.5
ST_02,2024-09-02 21:00,17.5,64.7,26.3
ST_03,2024-09-02 22:00,14.9,71.7,5.7
ST_04,2024-09-02 23:00,20.8,73.9,15.2
ST_05,2024-09-03 00:00,15.4,83.6,3.7
ST_06,2024-09-03 01:00,2.9,36.3,11.5
ST_07,2024-09-03 02:00,27.3,61.1,25.7
ST_08,2024-09-03 03:00,1.2,43.3,3.8
ST_09,2024-09-03 04:00,31.6,32.1,5.3
ST_10,2024-09-03 05:00,30.1,85.8,27.5
ST_11,2024-09-03 06:00,24.5,75.0,6.1
ST_12,2024-09-03 07:00,7.0,65.0,2.0
ST_13,2024-09-03 08:00,22.4,37.1,25.9
ST_14,2024-09-03 09:00,-0.9,32.5,28.8
ST_15,2024-09-03 10:00,2.4,89.5,26.0
ST_16,2024-09-03 11:00,8.3,70.7,15.6
ST_17,2024-09-03 12:00,3.5,82.2,22.6
ST_18,2024-09-03 13:00,13.7,85.1,22.3
ST_19,2024-09-03 14:00,17.8,76.4,25.7
ST_20,2024-09-03 15:00,20.6,48.0,25.7
ST_01,2024-09-03 16:00,3.5,85.2,16.7
ST_02,2024-09-03 17:00,23.1,62.6,22.2
ST_03,2024-09-03 18:00,-6.9,68.4,14.6
ST_04,2024-09-03 19:00,22.5,80.9,7.1
ST_05,2024-09-03 20:00,23.1,58.2,18.0
ST_06,2024-09-03 21:00,34.9,81.9,0.8
ST_07,2024-09-03 22:00,27.8,79.8,26.5
ST_08,2024-09-03 23:00,17.1,63.6,14.1
ST_09,2024-09-04 00:00,18.7,64.1,23.2
ST_10,2024-09-04 01:00,11.4,71.1,20.3
ST_11,2024-09-04 02:00,15.5,48.5,2.8
ST_12,2024-09-04 03:00,6.9,53.2,15.6
ST_13,2024-09-04 04:00,18.2,67.2,16.4
ST_14,2024-09-04 05:00,7.0,43.0,16.6
ST_15,2024-09-04 06:00,14.4,66.1,16.8
ST_16,2024-09-04 07:00,16.1,50.2,7.2
ST_17,2024-09-04 08:00,21.7,43.6,6.5
ST_18,2024-09-04 09:00,11.3,75.3,1.8
ST_19,2024-09-04 10:00,-2.9,80.3,23.9
ST_20,2024-09-04 11:00,29.2,79.0,19.0
ST_01,2024-09-04 12:00,10.5,72.3,12.0
ST_02,2024-09-04 13:00,9.7,58.3,9.1
ST_03,2024-09-04 14:00,14.0,73.1,18.8
ST_04,2024-09-04 15:00,21.1,43.4,16.6
ST_05,2024-09-04 16:00,14.1,74.6,11.8
ST_06,2024-09-04 17:00,6.8,75.3,11.2
ST_07,2024-09-04 18:00,8.5,58.0,9.3
ST_08,2024-09-04 19:00,1.8,58.3,5.0
ST_09,2024-09-04 20:00,4.3,52.1,1.4
ST_10,2024-09-04 21:00,20.3,54.8,8.9
ST_11,2024-09-04 22:00,7.6,41.1,14.3
ST_12,2024-09-04 23:00,16.0,36.1,14.8
ST_13,2024-09-05 00:00,21.2,65.7,7.6
ST_14,2024-09-05 01:00,25.1,56.2,23.0
ST_15,2024-09-05 02:00,15.6,55.2,5.7
ST_16,2024-09-05 03:00,0.1,53.5,21.9
ST_17,2024-09-05 04:00,23.8,72.5,1.5
ST_18,2024-09-05 05:00,23.1,45.1,0.4
ST_19,2024-09-05 06:00,6.7,86.2,5.5
ST_20,2024-09-05 07:00,16.0,62.2,0.6
ST_01,2024-09-05 08:00,25.7,76.9,12.3
ST_02,2024-09-05 09:00,-2.6,51.5,18.2
ST_03,2024-09-05 10:00,10.1,32.3,6.4
ST_04,2024-09-05 11:00,-4.0,66.3,6.5
ST_05,2024-09-05 12:00,14.1,61.5,11.9
ST_06,2024-09-05 13:00,17.4,50.5,9.1
ST_07,2024-09-05 14:00,-4.2,74.5,5.7
ST_08,2024-09-05 15:00,0.7,81.5,28.1
ST_09,2024-09-05 16:00,3.4,72.4,18.3
ST_10,2024-09-05 17:00,26.2,40.7,15.7
ST_11,2024-09-05 18:00,28.0,89.8,25.6
ST_12,2024-09-05 19:00,28.8,55.6,8.7
ST_13,2024-09-05 20:00,5.5,49.1,4.1
ST_14,2024-09-05 21:00,31.7,39.8,9.1
ST_15,2024-09-05 22:00,28.0,81.1,10.1
ST_16,2024-09-05 23:00,13.8,47.6,1.0
ST_17,2024-09-06 00:00,14.0,46.1,26.8
ST_18,2024-09-06 01:00,17.8,88.0,20.4
ST_19,2024-09-06 02:00,14.0,89.3,7.1
ST_20,2024-09-06 03:00,5.0,79.6,2.1
ST_01,2024-09-06 04:00,9.6,43.3,22.7
ST_02,2024-09-06 05:00,15.0,43.9,22.0
ST_03,2024-09-06 06:00,3.6,51.3,4.2
ST_04,2024-09-06 07:00,6.8,83.6,9.9
ST_05,2024-09-06 08:00,15.5,57.6,17.7
ST_06,2024-09-06 09:00,21.8,55.1,12.8
ST_07,2024-09-06 10:00,15.1,85.8,29.1
ST_08,2024-09-06 11:00,23.1,46.5,8.4
ST_09,2024-09-06 12:00,29.3,73.6,15.1
ST_10,2024-09-06 13:00,1.9,74.4,17.2
ST_11,2024-09-06 14:00,22.4,69.8,4.2
ST_12,2024-09-06 15:00,4.9,76.7,26.1
ST_13,2024-09-06 16:00,8.4,45.2,2.0
ST_14,2024-09-06 17:00,24.7,32.2,16.2
ST_15,2024-09-06 18:00,8.1,37.2,6.8
ST_16,2024-09-06 19:00,18.5,87.3,12.1
ST_17,2024-09-06 20:00,16.2,35.9,2.1
ST_18,2024-09-06 21:00,30.5,37.6,18.6
ST_19,2024-09-06 22:00,24.7,55.3,15.3
ST_20,2024-09-06 23:00,7.1,51.8,20.1
ST_01,2024-09-07 00:00,13.3,79.9,21.2
ST_02,2024-09-07 01:00,32.4,40.8,7.6
ST_03,2024-09-07 02:00,28.2,70.3,18.1
ST_04,2024-09-07 03:00,15.2,55.9,21.1
ST_05,2024-09-07 04:00,15.6,48.1,0.7
ST_06,2024-09-07 05:00,10.8,44.8,12.4
ST_07,2024-09-07 06:00,25.4,44.1,7.8
ST_08,2024-09-07 07:00,19.6,54.9,24.5
ST_09,2024-09-07 08:00,33.0,38.1,20.3
ST_10,2024-09-07 09:00,8.9,49.0,16.9
ST_11,2024-09-07 10:00,11.6,45.1,28.2
ST_12,2024-09-07 11:00,21.3,39.2,7.7
ST_13,2024-09-07 12:00,28.7,45.3,19.2
ST_14,2024-09-07 13:00,11.3,75.8,6.4
ST_15,2024-09-07 14:00,2.5,45.3,21.4
ST_16,2024-09-07 15:00,28.4,75.0,13.7
ST_17,2024-09-07 16:00,4.0,76.2,17.4
ST_18,2024-09-07 17:00,13.0,51.3,16.8
ST_19,2024-09-07 18:00,18.6,41.0,2.0
ST_20,2024-09-07 19:00,1.8,78.5,13.6
ST_01,2024-09-07 20:00,15.5,38.2,1.7
ST_02,2024-09-07 21:00,21.9,56.9,21.4
ST_03,2024-09-07 22:00,13.0,49.4,19.3
ST_04,2024-09-07 23:00,15.1,49.6,8.6
ST_05,2024-09-08 00:00,13.5,77.9,26.8
ST_06,2024-09-08 01:00,7.1,86.0,21.5
ST_07,2024-09-08 02:00,24.9,85.0,27.0
ST_08,2024-09-08 03:00,18.3,89.9,24.7
ST_09,2024-09-08 04:00,21.3,85.6,0.4
ST_10,2024-09-08 05:00,18.1,76.0,18.1
ST_11,2024-09-08 06:00,23.5,82.3,29.5
ST_12,2024-09-08 07:00,9.0,51.9,3.0
ST_13,2024-09-08 08:00,21.1,39.2,26.0
ST_14,2024-09-08 09:00,20.2,37.0,22.3
ST_15,2024-09-08 10:00,-0.6,55.8,26.2
ST_16,2024-09-08 11:00,11.2,89.1,20.2
ST_17,2024-09-08 12:00,-15.5,72.0,17.4
ST_18,2024-09-08 13:00,26.7,30.2,24.6
ST_19,2024-09-08 14:00,8.3,42.3,18.7
ST_20,2024-09-08 15:00,7.3,70.1,19.8
ST_01,2024-09-08 16:00,14.0,35.8,5.8
ST_02,2024-09-08 17:00,12.9,49.0,15.7
ST_03,2024-09-08 18:00,25.8,53.9,19.9
ST_04,2024-09-08 19:00,13.6,78.3,26.7
ST_05,2024-09-08 20:00,21.4,64.6,3.1
ST_06,2024-09-08 21:00,4.6,67.9,27.5
ST_07,2024-09-08 22:00,11.3,71.9,20.0
ST_08,2024-09-08 23:00,4.9,65.6,15.3
ST_09,2024-09-09 00:00,7.1,42.9,23.1
ST_10,2024-09-09 01:00,3.6,87.7,20.9
ST_11,2024-09-09 02:00,34.2,74.2,20.6
ST_12,2024-09-09 03:00,12.9,34.3,1.1
ST_13,2024-09-09 04:00,34.5,44.9,12.8
ST_14,2024-09-09 05:00,22.6,46.9,20.8
ST_15,2024-09-09 06:00,12.1,65.3,16.6
ST_16,2024-09-09 07:00,-3.9,67.4,21.1
ST_17,2024-09-09 08:00,8.7,58.7,16.9
ST_18,2024-09-09 09:00,9.7,61.1,13.5
ST_19,2024-09-09 10:00,2.8,82.4,5.0
ST_20,2024-09-09 11:00,13.7,40.7,22.1
ST_01,2024-09-09 12:00,3.8,72.7,7.8
ST_02,2024-09-09 13:00,18.6,62.6,29.0
ST_03,2024-09-09 14:00,24.8,76.3,6.6
ST_04,2024-09-09 15:00,23.4,48.1,25.7
ST_05,2024-09-09 16:00,8.6,88.2,9.4
ST_06,2024-09-09 17:00,26.9,61.5,18.3
ST_07,2024-09-09 18:00,31.1,59.5,24.9
ST_08,2024-09-09 19:00,2.5,30.4,5.4
ST_09,2024-09-09 20:00,2.1,42.5,29.8
ST_10,2024-09-09 21:00,7.1,74.3,9.9
ST_11,2024-09-09 22:00,17.5,31.1,16.5
ST_12,2024-09-09 23:00,-5.4,86.7,28.5
ST_13,2024-09-10 00:00,12.0,83.2,7.6
ST_14,2024-09-10 01:00,27.5,30.1,7.7
ST_15,2024-09-10 02:00,21.6,67.8,27.0
ST_16,2024-09-10 03:00,17.6,68.3,9.7
ST_17,2024-09-10 04:00,22.4,68.9,23.8
ST_18,2024-09-10 05:00,34.8,67.9,8.8
ST_19,2024-09-10 06:00,14.1,33.0,24.1
ST_20,2024-09-10 07:00,-5.6,68.6,12.5
ST_01,2024-09-10 08:00,35.8,37.3,28.6
ST_02,2024-09-10 09:00,18.1,86.4,24.8
ST_03,2024-09-10 10:00,34.2,45.5,12.0
ST_04,2024-09-10 11:00,15.4,50.1,23.7
ST_05,2024-09-10 12:00,17.8,89.9,14.8
ST_06,2024-09-10 13:00,10.9,37.3,28.5
ST_07,2024-09-10 14:00,23.8,64.8,22.7
ST_08,2024-09-10 15:00,33.7,46.8,23.9
ST_09,2024-09-10 16:00,12.1,73.4,28.6
ST_10,2024-09-10 17:00,27.0,58.5,17.0
ST_11,2024-09-10 18:00,26.3,42.8,17.7
ST_12,2024-09-10 19:00,-1.5,72.2,1.4
ST_13,2024-09-10 20:00,13.1,30.1,16.5
ST_14,2024-09-10 21:00,10.0,62.4,2.5
ST_15,2024-09-10 22:00,15.1,47.5,16.1
ST_16,2024-09-10 23:00,25.6,72.4,22.2
ST_17,2024-09-11 00:00,11.5,56.5,9.1
ST_18,2024-09-11 01:00,2.3,42.9,10.6
ST_19,2024-09-11 02:00,19.8,82.8,25.8
ST_20,2024-09-11 03:00,9.6,47.3,1.9
ST_01,2024-09-11 04:00,10.4,85.6,23.6
ST_02,2024-09-11 05:00,24.3,53.3,16.0
ST_03,2024-09-11 06:00,30.9,80.7,14.7
ST_04,2024-09-11 07:00,16.3,52.7,15.2
ST_05,2024-09-11 08:00,-4.9,79.5,11.9
ST_06,2024-09-11 09:00,2.5,82.6,11.1
ST_07,2024-09-11 10:00,12.9,84.0,0.4
ST_08,2024-09-11 11:00,26.5,55.8,28.7
ST_09,2024-09-11 12:00,8.5,39.6,11.9
ST_10,2024-09-11 13:00,-4.1,74.6,27.6
ST_11,2024-09-11 14:00,-6.6,54.7,17.6
ST_12,2024-09-11 15:00,0.9,66.2,12.2
ST_13,2024-09-11 16:00,2.9,75.9,20.5
ST_14,2024-09-11 17:00,7.5,82.6,19.4
ST_15,2024-09-11 18:00,17.4,31.3,0.3
ST_16,2024-09-11 19:00,23.1,30.8,18.1
ST_17,2024-09-11 20:00,-9.7,65.0,6.2
ST_18,2024-09-11 21:00,5.3,88.8,9.2
ST_19,2024-09-11 22:00,16.2,40.0,16.7
ST_20,2024-09-11 23:00,18.0,72.7,25.9
ST_01,2024-09-12 00:00,16.4,40.5,4.6
ST_02,2024-09-12 01:00,-8.2,41.7,14.6
ST_03,2024-09-12 02:00,8.3,72.1,22.6
ST_04,2024-09-12 03:00,13.1,48.9,13.6
ST_05,2024-09-12 04:00,16.1,88.5,21.9
ST_06,2024-09-12 05:00,12.1,56.7,3.2
ST_07,2024-09-12 06:00,3.5,51.7,23.8
ST_08,2024-09-12 07:00,34.7,33.9,0.5
ST_09,2024-09-12 08:00,19.6,75.2,2.7
ST_10,2024-09-12 09:00,24.3,85.8,29.4
ST_11,2024-09-12 10:00,18.8,43.3,11.1
ST_12,2024-09-12 11:00,12.8,60.7,8.1
ST_13,2024-09-12 12:00,9.6,34.2,10.7
ST_14,2024-09-12 13:00,19.6,54.8,10.8
ST_15,2024-09-12 14:00,8.9,53.7,7.1
ST_16,2024-09-12 15:00,24.1,57.1,12.2
ST_17,2024-09-12 16:00,21.4,41.7,14.1
ST_18,2024-09-12 17:00,26.4,42.9,23.6
ST_19,2024-09-12 18:00,12.4,36.2,8.9
ST_20,2024-09-12 19:00,13.1,50.1,10.1
ST_01,2024-09-12 20:00,15.1,81.1,15.3
ST_02,2024-09-12 21:00,16.0,89.3,5.2
ST_03,2024-09-12 22:00,0.1,59.6,8.7
ST_04,2024-09-12 23:00,22.6,77.6,7.4
ST_05,2024-09-13 00:00,27.1,79.8,16.4
ST_06,2024-09-13 01:00,11.2,69.8,16.8
ST_07,2024-09-13 02:00,13.9,49.8,1.3
ST_08,2024-09-13 03:00,21.7,60.8,1.5
ST_09,2024-09-13 04:00,10.3,61.4,15.5
ST_10,2024-09-13 05:00,9.7,88.0,15.7
ST_11,2024-09-13 06:00,15.1,40.0,11.8
ST_12,2024-09-13 07:00,9.0,85.3,19.3
ST_13,2024-09-13 08:00,10.7,66.4,14.4
ST_14,2024-09-13 09:00,7.6,80.3,21.4
ST_15,2024-09-13 10:00,-0.2,83.2,29.4
ST_16,2024-09-13 11:00,11.0,66.0,25.7
ST_17,2024-09-13 12:00,24.9,60.0,28.9
ST_18,2024-09-13 13:00,15.5,66.0,14.8
ST_19,2024-09-13 14:00,3.6,33.6,29.5
ST_20,2024-09-13 15:00,7.7,36.0,29.4
ST_01,2024-09-13 16:00,17.2,34.4,3.2
ST_02,2024-09-13 17:00,2.7,83.8,1.0
ST_03,2024-09-13 18:00,18.7,69.6,24.1
ST_04,2024-09-13 19:00,14.1,46.8,22.7
ST_05,2024-09-13 20:00,24.0,77.2,13.1
ST_06,2024-09-13 21:00,24.6,44.7,11.1
ST_07,2024-09-13 22:00,8.4,61.9,17.3
ST_08,2024-09-13 23:00,17.6,43.4,2.4
ST_09,2024-09-14 00:00,7.2,83.3,4.8
ST_10,2024-09-14 01:00,18.8,52.0,28.2
ST_11,2024-09-14 02:00,7.9,31.5,23.9
ST_12,2024-09-14 03:00,2.8,45.7,7.3
ST_13,2024-09-14 04:00,15.1,46.9,13.7
ST_14,2024-09-14 05:00,27.9,51.9,18.0
ST_15,2024-09-14 06:00,7.8,76.2,5.3
ST_16,2024-09-14 07:00,27.2,70.4,17.6
ST_17,2024-09-14 08:00,15.7,51.9,2.3
ST_18,2024-09-14 09:00,11.6,77.3,22.0
ST_19,2024-09-14 10:00,25.6,80.8,24.2
ST_20,2024-09-14 11:00,8.8,88.1,16.7
ST_01,2024-09-14 12:00,16.7,66.1,11.7
ST_02,2024-09-14 13:00,22.6,88.7,4.5
ST_03,2024-09-14 14:00,15.4,55.9,3.6
ST_04,2024-09-14 15:00,12.3,40.7,25.8
ST_05,2024-09-14 16:00,25.0,58.2,17.7
ST_06,2024-09-14 17:00,18.2,32.2,19.2
ST_07,2024-09-14 18:00,13.9,58.4,4.8
ST_08,2024-09-14 19:00,18.1,39.6,11.7
ST_09,2024-09-14 20:00,7.2,57.8,0.8
ST_10,2024-09-14 21:00,18.8,73.1,28.2
ST_11,2024-09-14 22:00,1.4,42.6,14.2
ST_12,2024-09-14 23:00,11.5,71.0,13.2
ST_13,2024-09-15 00:00,16.9,50.4,3.0
ST_14,2024-09-15 01:00,4.9,77.4,1.5
ST_15,2024-09-15 02:00,21.2,84.9,2.2
ST_16,2024-09-15 03:00,17.3,52.5,3.7
ST_17,2024-09-15 04:00,-2.5,71.7,23.5
ST_18,2024-09-15 05:00,8.7,42.8,17.3
ST_19,2024-09-15 06:00,11.6,76.8,29.4
ST_20,2024-09-15 07:00,26.1,63.7,13.1
ST_01,2024-09-15 08:00,3.7,32.0,29.1
ST_02,2024-09-15 09:00,9.2,55.4,8.5
ST_03,2024-09-15 10:00,19.3,47.1,10.7
ST_04,2024-09-15 11:00,34.3,31.3,27.9
ST_05,2024-09-15 12:00,22.8,54.2,28.9
ST_06,2024-09-15 13:00,24.4,39.3,2.0
ST_07,2024-09-15 14:00,16.9,53.4,21.9
ST_08,2024-09-15 15:00,5.3,59.4,7.0
ST_09,2024-09-15 16:00,-3.2,55.4,20.0
ST_10,2024-09-15 17:00,10.3,60.0,19.8
ST_11,2024-09-15 18:00,21.3,78.2,16.9
ST_12,2024-09-15 19:00,10.7,31.9,4.4
ST_13,2024-09-15 20:00,21.3,71.9,15.4
ST_14,2024-09-15 21:00,7.5,43.9,2.5
ST_15,2024-09-15 22:00,13.7,60.8,1.1
ST_16,2024-09-15 23:00,20.0,48.2,0.5
ST_17,2024-09-16 00:00,13.2,61.2,2.3
ST_18,2024-09-16 01:00,-7.3,41.4,13.2
ST_19,2024-09-16 02:00,-0.8,59.7,2.6
ST_20,2024-09-16 03:00,35.3,38.7,9.2
ST_01,2024-09-16 04:00,13.4,39.9,1.0
ST_02,2024-09-16 05:00,14.7,51.6,9.8
ST_03,2024-09-16 06:00,15.6,87.0,18.4
ST_04,2024-09-16 07:00,17.9,32.1,25.9
ST_05,2024-09-16 08:00,12.6,70.9,22.7
ST_06,2024-09-16 09:00,12.0,33.7,16.6
ST_07,2024-09-16 10:00,23.8,40.9,28.2
ST_08,2024-09-16 11:00,14.8,45.4,9.4
ST_09,2024-09-16 12:00,17.9,64.1,14.0
ST_10,2024-09-16 13:00,8.8,51.9,9.4
ST_11,2024-09-16 14:00,-14.0,85.9,24.8
ST_12,2024-09-16 15:00,5.6,69.1,20.0
ST_13,2024-09-16 16:00,13.6,56.0,28.3
ST_14,2024-09-16 17:00,5.3,69.9,29.7
ST_15,2024-09-16 18:00,16.6,82.2,13.7
ST_16,2024-09-16 19:00,0.1,32.6,17.9
ST_17,2024-09-16 20:00,15.0,88.5,22.3
ST_18,2024-09-16 21:00,4.6,58.6,19.2
ST_19,2024-09-16 22:00,17.3,33.0,28.3
ST_20,2024-09-16 23:00,26.7,61.1,26.9
ST_01,2024-09-17 00:00,3.2,84.2,19.8
ST_02,2024-09-17 01:00,8.5,68.3,26.3
ST_03,2024-09-17 02:00,17.0,38.4,14.3
ST_04,2024-09-17 03:00,-1.6,44.6,23.5
ST_05,2024-09-17 04:00,11.9,42.0,16.7
ST_06,2024-09-17 05:00,1.7,78.3,2.3
ST_07,2024-09-17 06:00,-1.4,59.0,17.0
ST_08,2024-09-17 07:00,22.8,49.5,14.8
ST_09,2024-09-17 08:00,25.8,43.0,21.7
ST_10,2024-09-17 09:00,14.4,71.1,21.1
ST_11,2024-09-17 10:00,9.5,31.7,13.0
ST_12,2024-09-17 11:00,19.2,37.5,17.1
ST_13,2024-09-17 12:00,11.7,86.6,10.0
ST_14,2024-09-17 13:00,19.3,71.4,7.8
ST_15,2024-09-17 14:00,29.5,65.4,23.0
ST_16,2024-09-17 15:00,21.9,63.4,2.5
ST_17,2024-09-17 16:00,12.9,50.3,9.4
ST_18,2024-09-17 17:00,12.6,43.0,14.4
ST_19,2024-09-17 18:00,17.6,79.1,28.4
ST_20,2024-09-17 19:00,19.2,48.2,1.1
ST_01,2024-09-17 20:00,7.6,33.4,4.0
ST_02,2024-09-17 21:00,-0.4,47.9,21.8
ST_03,2024-09-17 22:00,3.8,32.2,10.8
ST_04,2024-09-17 23:00,17.2,45.7,29.0
ST_05,2024-09-18 00:00,11.8,89.7,24.4
ST_06,2024-09-18 01:00,8.7,81.1,1.1
ST_07,2024-09-18 02:00,6.3,54.4,5.4
ST_08,2024-09-18 03:00,-11.6,44.0,20.9
ST_09,2024-09-18 04:00,25.8,55.2,26.3
ST_10,2024-09-18 05:00,20.9,38.0,19.3
ST_11,2024-09-18 06:00,21.2,38.2,3.3
ST_12,2024-09-18 07:00,26.8,38.4,18.2
ST_13,2024-09-18 08:00,14.9,43.4,11.0
ST_14,2024-09-18 09:00,4.2,79.1,20.3
ST_15,2024-09-18 10:00,18.3,82.9,20.5
ST_16,2024-09-18 11:00,17.6,89.7,2.6
ST_17,2024-09-18 12:00,22.7,34.9,19.5
ST_18,2024-09-18 13:00,16.4,58.5,2.8
ST_19,2024-09-18 14:00,25.0,72.1,19.2
ST_20,2024-09-18 15:00,9.1,70.9,5.3
ST_01,2024-09-18 16:00,13.9,81.4,5.9
ST_02,2024-09-18 17:00,11.6,79.3,11.8
ST_03,2024-09-18 18:00,18.5,37.4,25.3
ST_04,2024-09-18 19:00,34.2,69.7,26.4
ST_05,2024-09-18 20:00,28.6,41.4,17.5
ST_06,2024-09-18 21:00,42.7,45.9,2.3
ST_07,2024-09-18 22:00,17.8,51.1,23.5
ST_08,2024-09-18 23:00,26.0,52.6,3.4
ST_09,2024-09-19 00:00,8.7,40.7,11.7
ST_10,2024-09-19 01:00,7.9,45.4,15.2
ST_11,2024-09-19 02:00,4.5,78.6,26.3
ST_12,2024-09-19 03:00,5.8,70.2,17.0
ST_13,2024-09-19 04:00,13.5,48.0,23.1
ST_14,2024-09-19 05:00,10.8,74.1,24.0
ST_15,2024-09-19 06:00,19.3,86.1,10.5
ST_16,2024-09-19 07:00,7.7,70.2,13.4
ST_17,2024-09-19 08:00,23.1,36.8,26.3
ST_18,2024-09-19 09:00,22.2,66.9,20.9
ST_19,2024-09-19 10:00,-4.8,58.6,2.3
ST_20,2024-09-19 11:00,13.3,72.2,2.7
ST_01,2024-09-19 12:00,39.3,45.6,16.0
ST_02,2024-09-19 13:00,23.4,88.0,1.1
ST_03,2024-09-19 14:00,19.2,62.1,1.0
ST_04,2024-09-19 15:00,25.5,40.4,10.5
ST_05,2024-09-19 16:00,20.0,34.0,23.6
ST_06,2024-09-19 17:00,-10.2,33.2,7.0
ST_07,2024-09-19 18:00,3.9,64.3,25.4
ST_08,2024-09-19 19:00,4.6,38.9,11.4
ST_09,2024-09-19 20:00,15.5,71.8,18.5
ST_10,2024-09-19 21:00,2.0,55.8,12.5
ST_11,2024-09-19 22:00,13.0,61.7,5.8
ST_12,2024-09-19 23:00,15.3,44.5,22.7
ST_13,2024-09-20 00:00,29.7,86.1,28.1
ST_14,2024-09-20 01:00,17.0,68.0,6.8
ST_15,2024-09-20 02:00,30.9,78.7,10.7
ST_16,2024-09-20 03:00,-6.9,33.9,13.1
ST_17,2024-09-20 04:00,21.0,73.6,10.5
ST_18,2024-09-20 05:00,3.9,48.9,13.1
ST_19,2024-09-20 06:00,24.2,45.6,14.7
ST_20,2024-09-20 07:00,1.8,80.8,20.4
ST_01,2024-09-20 08:00,16.1,53.7,7.8
ST_02,2024-09-20 09:00,11.0,79.5,18.4
ST_03,2024-09-20 10:00,3.2,62.8,15.8
ST_04,2024-09-20 11:00,25.2,44.9,24.8
ST_05,2024-09-20 12:00,39.4,32.5,6.5
ST_06,2024-09-20 13:00,13.5,79.4,13.4
ST_07,2024-09-20 14:00,7.6,48.1,18.3
ST_08,2024-09-20 15:00,-1.9,66.9,26.2
ST_09,2024-09-20 16:00,11.2,62.1,4.2
ST_10,2024-09-20 17:00,28.3,83.4,19.8
ST_11,2024-09-20 18:00,39.8,57.5,12.9
ST_12,2024-09-20 19:00,7.6,83.3,1.7
ST_13,2024-09-20 20:00,14.8,67.1,25.0
ST_14,2024-09-20 21:00,19.0,70.6,17.2
ST_15,2024-09-20 22:00,18.9,63.1,4.9
ST_16,2024-09-20 23:00,21.7,89.9,4.3
ST_17,2024-09-21 00:00,11.7,42.5,7.8
ST_18,2024-09-21 01:00,-8.8,72.0,4.1
ST_19,2024-09-21 02:00,26.5,49.2,3.2
ST_20,2024-09-21 03:00,21.6,80.4,10.1
ST_01,2024-09-21 04:00,14.2,64.2,11.8
ST_02,2024-09-21 05:00,22.0,52.5,17.8
ST_03,2024-09-21 06:00,19.9,81.5,27.3
ST_04,2024-09-21 07:00,20.9,61.4,24.6
ST_05,2024-09-21 08:00,16.9,50.5,16.1
ST_06,2024-09-21 09:00,-3.2,59.2,18.2
ST_07,2024-09-21 10:00,14.3,70.5,18.4
ST_08,2024-09-21 11:00,3.0,82.9,14.3
ST_09,2024-09-21 12:00,25.0,66.7,5.9
ST_10,2024-09-21 13:00,2.3,49.8,1.7
ST_11,2024-09-21 14:00,12.1,78.8,6.4
ST_12,2024-09-21 15:00,18.8,59.1,27.8
ST_13,2024-09-21 16:00,9.1,69.3,24.1
ST_14,2024-09-21 17:00,14.1,37.8,27.9
ST_15,2024-09-21 18:00,11.2,35.5,13.7
ST_16,2024-09-21 19:00,30.5,80.0,19.1
ST_17,2024-09-21 20:00,13.7,75.7,15.4
ST_18,2024-09-21 21:00,5.7,84.0,17.4
ST_19,2024-09-21 22:00,3.1,89.1,17.9
ST_20,2024-09-21 23:00,19.1,59.2,9.1
ST_01,2024-09-22 00:00,30.2,78.2,8.0
ST_02,2024-09-22 01:00,7.2,53.3,4.6
ST_03,2024-09-22 02:00,23.3,61.5,10.8
ST_04,2024-09-22 03:00,14.2,51.6,24.8
ST_05,2024-09-22 04:00,29.4,60.9,21.0
ST_06,2024-09-22 05:00,19.0,39.3,20.0
ST_07,2024-09-22 06:00,8.1,41.5,25.6
ST_08,2024-09-22 07:00,17.4,70.4,20.6
ST_09,2024-09-22 08:00,33.2,36.1,4.5
ST_10,2024-09-22 09:00,24.1,78.3,27.7
ST_11,2024-09-22 10:00,2.0,48.7,4.7
ST_12,2024-09-22 11:00,17.5,42.4,0.0
ST_13,2024-09-22 12:00,28.8,36.3,14.7
ST_14,2024-09-22 13:00,19.3,69.1,19.6
ST_15,2024-09-22 14:00,26.5,76.9,2.1
ST_16,2024-09-22 15:00,10.1,69.3,6.6
ST_17,2024-09-22 16:00,13.5,59.0,0.8
ST_18,2024-09-22 17:00,26.2,64.1,22.5
ST_19,2024-09-22 18:00,23.7,34.2,12.8
ST_20,2024-09-22 19:00,15.6,52.3,23.1
ST_01,2024-09-22 20:00,12.9,59.7,16.1
ST_02,2024-09-22 21:00,10.9,39.4,2.2
ST_03,2024-09-22 22:00,0.8,52.9,17.6
ST_04,2024-09-22 23:00,-2.3,86.9,15.4
ST_05,2024-09-23 00:00,13.3,53.5,26.3
ST_06,2024-09-23 01:00,15.1,42.9,1.3
ST_07,2024-09-23 02:00,5.4,66.4,24.8
ST_08,2024-09-23 03:00,-1.0,54.2,25.4
ST_09,2024-09-23 04:00,2.2,37.4,24.4
ST_10,2024-09-23 05:00,9.4,66.0,28.9
ST_11,2024-09-23 06:00,17.4,32.2,23.1
ST_12,2024-09-23 07:00,11.5,44.7,2.7
ST_13,2024-09-23 08:00,10.4,52.2,26.7
ST_14,2024-09-23 09:00,-3.8,88.8,20.3
ST_15,2024-09-23 10:00,18.0,71.3,28.7
ST_16,2024-09-23 11:00,30.2,85.5,29.5
ST_17,2024-09-23 12:00,16.6,51.1,28.4
ST_18,2024-09-23 13:00,30.4,88.4,24.2
ST_19,2024-09-23 14:00,14.0,88.1,28.0
ST_20,2024-09-23 15:00,17.9,86.5,28.0
ST_01,2024-09-23 16:00,23.0,68.7,28.4
ST_02,2024-09-23 17:00,17.6,42.1,12.1
ST_03,2024-09-23 18:00,18.6,32.2,5.1
ST_04,2024-09-23 19:00,16.3,46.7,2.6
ST_05,2024-09-23 20:00,22.6,85.1,3.0
ST_06,2024-09-23 21:00,30.0,69.5,8.5
ST_07,2024-09-23 22:00,6.0,66.6,8.2
ST_08,2024-09-23 23:00,7.0,35.9,23.3
ST_09,2024-09-24 00:00,15.6,30.3,13.6
ST_10,2024-09-24 01:00,9.8,82.2,12.6
ST_11,2024-09-24 02:00,14.4,85.1,1.2
ST_12,2024-09-24 03:00,13.9,31.1,28.4
ST_13,2024-09-24 04:00,6.4,64.9,13.0
ST_14,2024-09-24 05:00,18.6,50.4,2.4
ST_15,2024-09-24 06:00,11.2,53.4,13.1
ST_16,2024-09-24 07:00,17.7,74.2,15.9
ST_17,2024-09-24 08:00,-10.8,54.4,25.9
ST_18,2024-09-24 09:00,21.7,67.0,22.0
ST_19,2024-09-24 10:00,0.5,58.6,9.7
ST_20,2024-09-24 11:00,5.7,69.7,24.8
ST_01,2024-09-24 12:00,29.7,49.3,4.6
ST_02,2024-09-24 13:00,23.7,52.1,28.9
ST_03,2024-09-24 14:00,23.0,65.7,11.7
ST_04,2024-09-24 15:00,34.7,63.8,24.9
ST_05,2024-09-24 16:00,13.0,60.0,16.8
ST_06,2024-09-24 17:00,-0.3,45.8,29.4
ST_07,2024-09-24 18:00,23.3,82.1,21.2
ST_08,2024-09-24 19:00,14.7,66.8,26.2
ST_09,2024-09-24 20:00,9.3,44.0,28.7
ST_10,2024-09-24 21:00,15.7,39.1,0.7
ST_11,2024-09-24 22:00,13.3,73.4,5.4
ST_12,2024-09-24 23:00,13.4,32.7,24.2
ST_13,2024-09-25 00:00,11.1,61.0,28.7
ST_14,2024-09-25 01:00,19.2,86.0,0.9
ST_15,2024-09-25 02:00,25.4,43.0,26.1
ST_16,2024-09-25 03:00,22.9,35.4,16.5
ST_17,2024-09-25 04:00,17.9,87.5,25.2
ST_18,2024-09-25 05:00,14.2,83.5,2.2
ST_19,2024-09-25 06:00,27.1,83.5,14.8
ST_20,2024-09-25 07:00,10.1,70.1,15.0
ST_01,2024-09-25 08:00,16.1,80.5,21.1
ST_02,2024-09-25 09:00,5.7,56.3,24.2
ST_03,2024-09-25 10:00,44.4,39.6,8.6
ST_04,2024-09-25 11:00,18.7,69.6,11.5
ST_05,2024-09-25 12:00,26.2,82.1,27.9
ST_06,2024-09-25 13:00,-1.5,60.9,0.3
ST_07,2024-09-25 14:00,17.2,70.7,20.0
ST_08,2024-09-25 15:00,21.0,81.1,4.4
ST_09,2024-09-25 16:00,-0.9,75.4,10.0
ST_10,2024-09-25 17:00,19.3,30.7,12.9
ST_11,2024-09-25 18:00,15.5,53.2,2.9
ST_12,2024-09-25 19:00,21.4,72.2,6.6
ST_13,2024-09-25 20:00,9.8,85.6,26.3
ST_14,2024-09-25 21:00,23.9,40.2,9.9
ST_15,2024-09-25 22:00,5.1,86.4,4.6
ST_16,2024-09-25 23:00,16.2,38.6,18.5
ST_17,2024-09-26 00:00,6.1,52.9,9.4
ST_18,2024-09-26 01:00,8.0,89.2,8.3
ST_19,2024-09-26 02:00,12.8,57.7,15.0
ST_20,2024-09-26 03:00,0.9,86.7,10.3
ST_01,2024-09-26 04:00,18.1,62.8,24.3
ST_02,2024-09-26 05:00,14.6,45.8,21.4
ST_03,2024-09-26 06:00,21.6,32.5,22.1
ST_04,2024-09-26 07:00,23.3,78.9,21.7
ST_05,2024-09-26 08:00,36.8,63.7,18.0
ST_06,2024-09-26 09:00,11.9,60.5,3.7
ST_07,2024-09-26 10:00,19.8,59.4,28.4
ST_08,2024-09-26 11:00,20.3,41.5,1.4
ST_09,2024-09-26 12:00,26.5,60.3,8.8
ST_10,2024-09-26 13:00,9.3,45.9,28.1
ST_11,2024-09-26 14:00,9.2,58.3,8.9
ST_12,2024-09-26 15:00,27.9,45.8,4.0
ST_13,2024-09-26 16:00,6.0,54.3,25.4
ST_14,2024-09-26 17:00,35.6,81.8,25.1
ST_15,2024-09-26 18:00,7.6,69.6,4.5
ST_16,2024-09-26 19:00,-7.1,63.9,14.0
ST_17,2024-09-26 20:00,6.9,70.8,29.3
ST_18,2024-09-26 21:00,24.9,42.5,0.2
ST_19,2024-09-26 22:00,25.6,41.0,10.2
ST_20,2024-09-26 23:00,12.1,78.1,13.3
ST_01,2024-09-27 00:00,10.8,41.3,25.7
ST_02,2024-09-27 01:00,27.7,53.8,3.5
ST_03,2024-09-27 02:00,13.9,81.3,17.3
ST_04,2024-09-27 03:00,-1.2,49.5,7.2
ST_05,2024-09-27 04:00,18.7,83.2,19.0
ST_06,2024-09-27 05:00,15.6,41.4,28.1
ST_07,2024-09-27 06:00,11.7,50.4,11.1
ST_08,2024-09-27 07:00,11.2,66.8,9.7
ST_09,2024-09-27 08:00,9.8,60.3,8.7
ST_10,2024-09-27 09:00,4.3,66.2,1.7
ST_11,2024-09-27 10:00,31.2,45.8,5.7
ST_12,2024-09-27 11:00,22.8,82.0,17.8
ST_13,2024-09-27 12:00,12.5,76.8,20.0
ST_14,2024-09-27 13:00,17.1,60.8,0.5
ST_15,2024-09-27 14:00,25.2,44.1,3.3
ST_16,2024-09-27 15:00,22.5,67.8,14.9
ST_17,2024-09-27 16:00,10.7,45.0,20.0
ST_18,2024-09-27 17:00,12.4,46.7,10.7
ST_19,2024-09-27 18:00,23.1,34.9,22.0
ST_20,2024-09-27 19:00,21.4,63.6,9.3
ST_01,2024-09-27 20:00,3.6,38.8,23.2
ST_02,2024-09-27 21:00,11.4,43.3,21.2
ST_03,2024-09-27 22:00,1.2,42.3,12.0
ST_04,2024-09-27 23:00,8.4,51.7,17.0
ST_05,2024-09-28 00:00,17.3,87.3,15.4
ST_06,2024-09-28 01:00,-2.2,76.5,2.7
ST_07,2024-09-28 02:00,16.6,35.6,0.8
ST_08,2024-09-28 03:00,2.9,67.8,18.9
ST_09,2024-09-28 04:00,14.7,36.0,11.5
ST_10,2024-09-28 05:00,11.2,81.7,22.7
ST_11,2024-09-28 06:00,21.5,66.3,28.4
ST_12,2024-09-28 07:00,18.4,58.1,22.2
ST_13,2024-09-28 08:00,-2.5,52.0,3.2
ST_14,2024-09-28 09:00,23.2,38.7,25.5
ST_15,2024-09-28 10:00,30.4,87.8,20.7
ST_16,2024-09-28 11:00,-3.1,89.8,2.7
ST_17,2024-09-28 12:00,23.4,67.7,17.8
ST_18,2024-09-28 13:00,-2.1,85.9,28.8
ST_19,2024-09-28 14:00,-1.8,46.4,29.8
ST_20,2024-09-28 15:00,16.4,55.5,9.2
ST_01,2024-09-28 16:00,14.6,74.6,2.4
ST_02,2024-09-28 17:00,9.6,37.7,12.9
ST_03,2024-09-28 18:00,-8.8,30.8,23.2
ST_04,2024-09-28 19:00,6.3,32.2,1.3
ST_05,2024-09-28 20:00,25.0,67.7,13.6
ST_06,2024-09-28 21:00,12.2,59.7,13.5
ST_07,2024-09-28 22:00,7.3,58.5,9.0
ST_08,2024-09-28 23:00,27.0,70.0,13.1
ST_09,2024-09-29 00:00,19.0,33.2,28.5
ST_10,2024-09-29 01:00,-4.1,88.8,19.5
ST_11,2024-09-29 02:00,21.0,50.4,15.3
ST_12,2024-09-29 03:00,15.7,89.7,6.2
ST_13,2024-09-29 04:00,22.5,76.5,16.9
ST_14,2024-09-29 05:00,-7.0,44.6,3.4
ST_15,2024-09-29 06:00,23.7,38.3,20.6
ST_16,2024-09-29 07:00,14.2,44.1,14.8
ST_17,2024-09-29 08:00,16.7,80.4,7.6
ST_18,2024-09-29 09:00,19.1,73.9,21.5
ST_19,2024-09-29 10:00,18.8,58.6,7.8
ST_20,2024-09-29 11:00,-0.6,87.6,1.0
ST_01,2024-09-29 12:00,13.2,61.4,22.5
ST_02,2024-09-29 13:00,20.5,49.8,29.3
ST_03,2024-09-29 14:00,-5.8,70.0,0.4
ST_04,2024-09-29 15:00,20.1,63.6,2.5
ST_05,2024-09-29 16:00,26.6,40.6,0.8
ST_06,2024-09-29 17:00,16.9,32.4,18.3
ST_07,2024-09-29 18:00,10.1,89.3,8.8
ST_08,2024-09-29 19:00,5.3,62.6,16.5
ST_09,2024-09-29 20:00,14.7,56.4,2.6
ST_10,2024-09-29 21:00,23.4,86.4,12.6
ST_11,2024-09-29 22:00,16.4,76.7,11.8
ST_12,2024-09-29 23:00,23.0,38.9,4.7
ST_13,2024-09-30 00:00,0.8,79.8,24.4
ST_14,2024-09-30 01:00,38.7,53.7,23.2
ST_15,2024-09-30 02:00,5.7,34.0,6.7
ST_16,2024-09-30 03:00,-6.4,53.9,6.7
ST_17,2024-09-30 04:00,14.2,49.3,29.8
ST_18,2024-09-30 05:00,2.9,62.2,22.3
ST_19,2024-09-30 06:00,19.8,74.0,7.8
ST_20,2024-09-30 07:00,16.6,32.0,28.1
ST_01,2024-09-30 08:00,23.6,36.2,13.4
ST_02,2024-09-30 09:00,14.9,66.7,14.6
ST_03,2024-09-30 10:00,34.5,87.9,8.4
ST_04,2024-09-30 11:00,9.7,84.7,7.3
ST_05,2024-09-30 12:00,42.8,86.9,4.5
ST_06,2024-09-30 13:00,2.1,65.9,14.1
ST_07,2024-09-30 14:00,3.1,88.6,9.7
ST_08,2024-09-30 15:00,20.8,77.7,24.0
ST_09,2024-09-30 16:00,5.2,39.7,22.9
ST_10,2024-09-30 17:00,-0.7,38.1,14.5
ST_11,2024-09-30 18:00,20.0,77.6,23.5
ST_12,2024-09-30 19:00,6.4,80.7,16.8
ST_13,2024-09-30 20:00,8.8,77.9,9.8
ST_14,2024-09-30 21:00,19.5,31.0,11.4
ST_15,2024-09-30 22:00,22.9,56.4,1.3
ST_16,2024-09-30 23:00,21.0,40.0,28.6
ST_17,2024-10-01 00:00,20.3,36.0,22.3
ST_18,2024-10-01 01:00,21.6,38.7,13.0
ST_19,2024-10-01 02:00,9.6,45.1,20.9
ST_20,2024-10-01 03:00,12.0,51.5,26.9
ST_01,2024-10-01 04:00,20.2,81.0,23.7
ST_02,2024-10-01 05:00,31.1,72.8,24.5
ST_03,2024-10-01 06:00,17.8,82.4,10.4
ST_04,2024-10-01 07:00,18.8,63.2,27.2
ST_05,2024-10-01 08:00,0.4,80.5,20.7
ST_06,2024-10-01 09:00,13.9,83.2,15.3
ST_07,2024-10-01 10:00,26.0,50.2,14.9
ST_08,2024-10-01 11:00,15.0,58.7,5.9
ST_09,2024-10-01 12:00,20.5,41.7,27.9
ST_10,2024-10-01 13:00,5.5,55.5,25.2
ST_11,2024-10-01 14:00,22.7,51.3,10.8
ST_12,2024-10-01 15:00,32.6,74.9,11.5
ST_13,2024-10-01 16:00,9.5,72.3,11.3
ST_14,2024-10-01 17:00,23.0,55.1,28.5
ST_15,2024-10-01 18:00,7.6,89.0,15.2
ST_16,2024-10-01 19:00,14.5,88.1,8.6
ST_17,2024-10-01 20:00,19.2,76.5,25.7
ST_18,2024-10-01 21:00,11.2,44.8,1.2
ST_19,2024-10-01 22:00,6.1,66.8,11.3
ST_20,2024-10-01 23:00,33.3,75.7,15.0
ST_01,2024-10-02 00:00,3.7,69.4,10.8
ST_02,2024-10-02 01:00,12.0,35.9,12.2
ST_03,2024-10-02 02:00,31.8,30.2,2.8
ST_04,2024-10-02 03:00,8.5,74.1,11.9
ST_05,2024-10-02 04:00,19.0,60.4,25.1
ST_06,2024-10-02 05:00,17.2,52.6,26.4
ST_07,2024-10-02 06:00,32.3,70.3,0.2
ST_08,2024-10-02 07:00,8.8,76.8,7.1
ST_09,2024-10-02 08:00,28.2,81.8,12.2
ST_10,2024-10-02 09:00,19.1,55.8,23.3
ST_11,2024-10-02 10:00,10.9,58.8,19.6
ST_12,2024-10-02 11:00,8.3,75.1,8.4
ST_13,2024-10-02 12:00,6.5,51.0,3.3
ST_14,2024-10-02 13:00,0.7,86.0,6.6
ST_15,2024-10-02 14:00,22.4,31.4,23.4
ST_16,2024-10-02 15:00,0.8,44.8,27.3
ST_17,2024-10-02 16:00,21.0,68.1,0.4
ST_18,2024-10-02 17:00,20.7,88.1,9.4
ST_19,2024-10-02 18:00,3.7,34.5,7.1
ST_20,2024-10-02 19:00,21.3,73.5,19.1
ST_01,2024-10-02 20:00,7.9,62.8,1.6
ST_02,2024-10-02 21:00,28.9,56.4,16.9
ST_03,2024-10-02 22:00,10.1,82.4,3.4
ST_04,2024-10-02 23:00,15.3,76.9,10.3
ST_05,2024-10-03 00:00,22.7,36.1,14.8
ST_06,2024-10-03 01:00,3.0,51.6,8.4
ST_07,2024-10-03 02:00,18.5,57.2,10.3
ST_08,2024-10-03 03:00,26.7,67.5,7.2
ST_09,2024-10-03 04:00,14.8,70.1,16.3
ST_10,2024-10-03 05:00,7.2,42.8,12.0
ST_11,2024-10-03 06:00,18.2,89.4,6.5
ST_12,2024-10-03 07:00,15.5,54.3,14.7
ST_13,2024-10-03 08:00,15.3,59.8,14.8
ST_14,2024-10-03 09:00,5.8,85.5,17.8
ST_15,2024-10-03 10:00,1.4,69.2,26.7
ST_16,2024-10-03 11:00,18.3,46.1,15.5
ST_17,2024-10-03 12:00,11.4,57.6,24.2
ST_18,2024-10-03 13:00,21.5,80.4,9.2
ST_19,2024-10-03 14:00,31.6,71.4,20.4
ST_20,2024-10-03 15:00,13.2,64.2,26.1
ST_01,2024-10-03 16:00,7.0,64.9,9.0
ST_02,2024-10-03 17:00,9.7,86.6,10.2
ST_03,2024-10-03 18:00,35.8,45.6,11.9
ST_04,2024-10-03 19:00,25.8,81.5,17.4
ST_05,2024-10-03 20:00,20.4,66.8,6.7
ST_06,2024-10-03 21:00,22.6,86.9,24.9
ST_07,2024-10-03 22:00,8.2,33.1,8.1
ST_08,2024-10-03 23:00,30.2,75.0,2.9
ST_09,2024-10-04 00:00,5.7,57.8,25.2
ST_10,2024-10-04 01:00,21.9,58.7,13.1
ST_11,2024-10-04 02:00,34.6,66.9,4.3
ST_12,2024-10-04 03:00,15.5,56.0,3.7
ST_13,2024-10-04 04:00,19.3,85.4,27.5
ST_14,2024-10-04 05:00,24.2,34.7,20.7
ST_15,2024-10-04 06:00,31.0,89.4,24.5
ST_16,2024-10-04 07:00,7.7,34.0,19.9
ST_17,2024-10-04 08:00,12.5,70.9,20.9
ST_18,2024-10-04 09:00,26.8,84.4,0.3
ST_19,2024-10-04 10:00,9.0,33.0,29.1
ST_20,2024-10-04 11:00,11.5,66.9,28.2
ST_01,2024-10-04 12:00,11.2,30.4,20.1
ST_02,2024-10-04 13:00,17.4,43.8,23.0
ST_03,2024-10-04 14:00,19.0,63.7,26.9
ST_04,2024-10-04 15:00,20.3,40.5,17.4
ST_05,2024-10-04 16:00,22.8,56.5,17.1
ST_06,2024-10-04 17:00,34.4,89.0,17.1
ST_07,2024-10-04 18:00,8.2,38.9,9.1
ST_08,2024-10-04 19:00,13.0,79.2,15.3
ST_09,2024-10-04 20:00,22.3,49.4,29.0
ST_10,2024-10-04 21:00,28.6,66.0,5.2
ST_11,2024-10-04 22:00,5.2,89.3,4.5
ST_12,2024-10-04 23:00,13.6,62.7,15.3
ST_13,2024-10-05 00:00,23.1,67.9,21.1
ST_14,2024-10-05 01:00,3.7,54.2,10.7
ST_15,2024-10-05 02:00,5.3,49.5,21.0
ST_16,2024-10-05 03:00,29.8,84.8,29.5
ST_17,2024-10-05 04:00,22.5,60.9,14.7
ST_18,2024-10-05 05:00,21.9,57.6,28.2
ST_19,2024-10-05 06:00,13.7,39.1,1.0
ST_20,2024-10-05 07:00,5.9,41.0,5.6
ST_01,2024-10-05 08:00,-2.0,74.8,25.8
ST_02,2024-10-05 09:00,23.1,71.6,3.1
ST_03,2024-10-05 10:00,6.8,61.2,3.8
ST_04,2024-10-05 11:00,-11.1,46.1,4.4
ST_05,2024-10-05 12:00,15.3,57.4,2.7
ST_06,2024-10-05 13:00,10.2,42.9,24.6
ST_07,2024-10-05 14:00,-2.7,67.3,11.0
ST_08,2024-10-05 15:00,2.8,32.2,4.2
ST_09,2024-10-05 16:00,18.6,57.5,21.8
ST_10,2024-10-05 17:00,5.5,40.1,25.4
ST_11,2024-10-05 18:00,9.8,60.5,23.8
ST_12,2024-10-05 19:00,10.7,56.2,13.3
ST_13,2024-10-05 20:00,13.1,69.3,3.0
ST_14,2024-10-05 21:00,33.2,80.7,0.2
ST_15,2024-10-05 22:00,-7.2,60.9,1.3
ST_16,2024-10-05 23:00,22.5,81.5,12.3
ST_17,2024-10-06 00:00,11.4,88.8,13.7
ST_18,2024-10-06 01:00,17.4,71.3,21.5
ST_19,2024-10-06 02:00,10.7,39.6,21.5
ST_20,2024-10-06 03:00,5.5,82.7,7.7
ST_01,2024-10-06 04:00,15.8,37.2,10.3
ST_02,2024-10-06 05:00,13.5,32.5,21.9
ST_03,2024-10-06 06:00,11.5,53.3,7.3
ST_04,2024-10-06 07:00,23.1,88.8,14.3
ST_05,2024-10-06 08:00,15.7,35.2,8.4
ST_06,2024-10-06 09:00,-4.8,47.4,27.3
ST_07,2024-10-06 10:00,13.4,70.9,16.9
ST_08,2024-10-06 11:00,17.4,71.6,11.1
ST_09,2024-10-06 12:00,15.7,57.0,23.8
ST_10,2024-10-06 13:00,17.7,51.1,25.2
ST_11,2024-10-06 14:00,17.8,74.2,17.3
ST_12,2024-10-06 15:00,20.9,85.0,16.9
ST_13,2024-10-06 16:00,10.2,85.7,17.5
ST_14,2024-10-06 17:00,3.9,35.4,24.1
ST_15,2024-10-06 18:00,28.1,76.2,6.4
ST_16,2024-10-06 19:00,9.0,80.6,24.4
ST_17,2024-10-06 20:00,6.7,54.6,15.8
ST_18,2024-10-06 21:00,12.7,82.9,27.2
ST_19,2024-10-06 22:00,21.6,83.5,27.3
ST_20,2024-10-06 23:00,11.7,39.1,9.9
ST_01,2024-10-07 00:00,15.0,48.3,25.0
ST_02,2024-10-07 01:00,19.3,66.0,3.9
ST_03,2024-10-07 02:00,12.8,90.0,1.1
ST_04,2024-10-07 03:00,13.2,33.7,22.0
ST_05,2024-10-07 04:00,16.1,47.1,29.2
ST_06,2024-10-07 05:00,15.6,76.0,27.1
ST_07,2024-10-07 06:00,7.6,52.3,14.2
ST_08,2024-10-07 07:00,29.9,49.0,4.9
ST_09,2024-10-07 08:00,22.8,49.7,26.1
ST_10,2024-10-07 09:00,15.3,30.1,16.5
ST_11,2024-10-07 10:00,14.9,64.6,3.3
ST_12,2024-10-07 11:00,9.4,50.5,3.9
ST_13,2024-10-07 12:00,34.2,38.1,2.0
ST_14,2024-10-07 13:00,26.9,89.1,14.4
ST_15,2024-10-07 14:00,12.8,67.2,24.3
ST_16,2024-10-07 15:00,19.3,80.4,5.3
ST_17,2024-10-07 16:00,15.3,54.8,11.0
ST_18,2024-10-07 17:00,27.5,52.0,24.2
ST_19,2024-10-07 18:00,29.5,33.5,3.3
ST_20,2024-10-07 19:00,5.2,44.9,0.4
ST_01,2024-10-07 20:00,11.8,84.4,19.9
ST_02,2024-10-07 21:00,21.9,56.0,13.8
ST_03,2024-10-07 22:00,33.7,82.8,4.2
ST_04,2024-10-07 23:00,6.4,73.7,3.4
ST_05,2024-10-08 00:00,0.2,74.1,3.0
ST_06,2024-10-08 01:00,-0.7,80.7,25.9
ST_07,2024-10-08 02:00,13.4,64.8,22.7
ST_08,2024-10-08 03:00,20.5,62.5,13.1
ST_09,2024-10-08 04:00,10.2,55.8,14.5
ST_10,2024-10-08 05:00,7.0,36.0,29.9
ST_11,2024-10-08 06:00,6.0,34.8,0.9
ST_12,2024-10-08 07:00,31.4,76.4,22.8
ST_13,2024-10-08 08:00,0.5,38.9,2.4
ST_14,2024-10-08 09:00,39.3,59.6,2.0
ST_15,2024-10-08 10:00,14.7,77.0,0.9
ST_16,2024-10-08 11:00,15.8,33.9,29.7
ST_17,2024-10-08 12:00,8.8,50.9,6.6
ST_18,2024-10-08 13:00,20.5,84.8,21.0
ST_19,2024-10-08 14:00,-1.2,66.3,10.3
ST_20,2024-10-08 15:00,22.9,62.4,11.0
ST_01,2024-10-08 16:00,12.6,45.2,24.1
ST_02,2024-10-08 17:00,15.8,51.1,28.1
ST_03,2024-10-08 18:00,9.5,54.3,19.2
ST_04,2024-10-08 19:00,17.4,52.0,2.7
ST_05,2024-10-08 20:00,23.0,53.1,18.8
ST_06,2024-10-08 21:00,5.2,62.1,8.7
ST_07,2024-10-08 22:00,24.8,36.3,4.6
ST_08,2024-10-08 23:00,-4.8,41.4,23.4
ST_09,2024-10-09 00:00,8.4,70.0,28.0
ST_10,2024-10-09 01:00,3.4,32.4,12.8
ST_11,2024-10-09 02:00,0.4,45.2,3.1
ST_12,2024-10-09 03:00,-2.3,88.0,21.0
ST_13,2024-10-09 04:00,28.1,31.2,27.1
ST_14,2024-10-09 05:00,18.7,35.3,6.2
ST_15,2024-10-09 06:00,24.3,69.9,5.8
ST_16,2024-10-09 07:00,30.6,64.2,19.3
ST_17,2024-10-09 08:00,26.3,34.6,7.1
ST_18,2024-10-09 09:00,6.1,63.5,7.9
ST_19,2024-10-09 10:00,9.0,75.0,9.9
ST_20,2024-10-09 11:00,11.9,34.0,13.5
ST_01,2024-10-09 12:00,17.5,80.9,3.0
ST_02,2024-10-09 13:00,35.6,76.6,28.8
ST_03,2024-10-09 14:00,20.3,41.6,10.0
ST_04,2024-10-09 15:00,20.6,35.0,20.9
ST_05,2024-10-09 16:00,10.3,63.6,26.1
ST_06,2024-10-09 17:00,21.7,81.1,12.7
ST_07,2024-10-09 18:00,-3.6,60.8,22.6
ST_08,2024-10-09 19:00,23.3,36.2,15.1
ST_09,2024-10-09 20:00,20.0,77.7,18.7
ST_10,2024-10-09 21:00,10.2,56.3,26.1
ST_11,2024-10-09 22:00,22.4,64.3,0.8
ST_12,2024-10-09 23:00,25.2,65.1,19.7
ST_13,2024-10-10 00:00,26.3,60.1,18.5
ST_14,2024-10-10 01:00,16.9,51.7,22.9
ST_15,2024-10-10 02:00,2.8,83.3,14.3
ST_16,2024-10-10 03:00,31.9,32.7,12.7
ST_17,2024-10-10 04:00,7.5,43.8,0.8
ST_18,2024-10-10 05:00,16.2,39.8,26.6
ST_19,2024-10-10 06:00,27.3,34.2,15.7
ST_20,2024-10-10 07:00,16.2,36.7,12.8
ST_01,2024-10-10 08:00,4.0,32.3,8.5
ST_02,2024-10-10 09:00,5.7,82.1,0.2
ST_03,2024-10-10 10:00,20.6,83.7,2.4
ST_04,2024-10-10 11:00,11.5,73.1,24.3
ST_05,2024-10-10 12:00,23.1,34.5,4.9
ST_06,2024-10-10 13:00,15.8,41.2,15.7
ST_07,2024-10-10 14:00,29.2,68.6,2.7
ST_08,2024-10-10 15:00,10.1,67.2,8.0
ST_09,2024-10-10 16:00,15.6,88.3,28.2
ST_10,2024-10-10 17:00,27.4,69.5,25.4
ST_11,2024-10-10 18:00,27.6,58.6,25.2
ST_12,2024-10-10 19:00,-4.1,51.8,2.9
ST_13,2024-10-10 20:00,12.1,78.4,23.8
ST_14,2024-10-10 21:00,33.2,42.3,19.9
ST_15,2024-10-10 22:00,25.3,53.7,11.5
ST_16,2024-10-10 23:00,-5.7,55.6,24.7
ST_17,2024-10-11 00:00,18.2,43.9,8.6
ST_18,2024-10-11 01:00,28.0,58.2,6.9
ST_19,2024-10-11 02:00,21.4,47.5,15.3
ST_20,2024-10-11 03:00,10.3,87.6,19.5
ST_01,2024-10-11 04:00,19.9,42.6,2.7
ST_02,2024-10-11 05:00,10.2,76.0,8.4
ST_03,2024-10-11 06:00,19.6,68.9,11.2
ST_04,2024-10-11 07:00,2.2,39.6,11.7
ST_05,2024-10-11 08:00,8.0,57.2,27.7
ST_06,2024-10-11 09:00,12.3,80.2,28.5
ST_07,2024-10-11 10:00,7.6,87.1,7.6
ST_08,2024-10-11 11:00,1.3,60.1,1.4
ST_09,2024-10-11 12:00,19.7,63.8,17.4
ST_10,2024-10-11 13:00,20.2,30.2,2.5
ST_11,2024-10-11 14:00,31.3,82.1,8.0
ST_12,2024-10-11 15:00,14.8,47.4,11.0
ST_13,2024-10-11 16:00,20.2,48.3,27.8
ST_14,2024-10-11 17:00,13.3,31.6,25.3
ST_15,2024-10-11 18:00,20.0,79.9,19.9
ST_16,2024-10-11 19:00,18.8,81.4,1.4
ST_17,2024-10-11 20:00,25.2,59.8,24.5
ST_18,2024-10-11 21:00,28.7,68.7,26.1
ST_19,2024-10-11 22:00,10.3,51.7,6.0
ST_20,2024-10-11 23:00,-7.7,39.4,26.8
ST_01,2024-10-12 00:00,39.4,69.3,4.7
ST_02,2024-10-12 01:00,20.0,42.9,12.4
ST_03,2024-10-12 02:00,5.2,33.1,15.9
ST_04,2024-10-12 03:00,23.9,55.1,16.4
ST_05,2024-10-12 04:00,-1.4,85.6,22.0
ST_06,2024-10-12 05:00,12.3,75.5,4.6
ST_07,2024-10-12 06:00,0.1,65.4,29.3
ST_08,2024-10-12 07:00,25.8,67.8,22.7
ST_09,2024-10-12 08:00,22.8,89.4,25.0
ST_10,2024-10-12 09:00,6.1,39.2,11.7
ST_11,2024-10-12 10:00,16.4,37.3,3.2
ST_12,2024-10-12 11:00,3.5,32.5,8.8
ST_13,2024-10-12 12:00,17.3,69.1,28.5
ST_14,2024-10-12 13:00,19.2,86.6,12.4
ST_15,2024-10-12 14:00,21.6,36.4,21.0
ST_16,2024-10-12 15:00,4.6,80.8,10.6
ST_17,2024-10-12 16:00,19.2,63.1,1.1
ST_18,2024-10-12 17:00,22.8,40.5,1.3
ST_19,2024-10-12 18:00,11.6,64.2,23.4
ST_20,2024-10-12 19:00,30.9,88.8,22.0
ST_01,2024-10-12 20:00,7.6,77.1,16.3
ST_02,2024-10-12 21:00,23.9,30.0,24.3
ST_03,2024-10-12 22:00,10.3,34.6,26.6
ST_04,2024-10-12 23:00,3.7,62.1,11.8
ST_05,2024-10-13 00:00,23.3,37.6,2.2
ST_06,2024-10-13 01:00,10.4,70.9,21.4
ST_07,2024-10-13 02:00,-5.0,50.4,4.2
ST_08,2024-10-13 03:00,16.7,64.0,2.2
ST_09,2024-10-13 04:00,37.5,75.4,19.3
ST_10,2024-10-13 05:00,24.9,73.5,22.4
ST_11,2024-10-13 06:00,8.4,36.2,25.5
ST_12,2024-10-13 07:00,27.4,65.8,23.3
ST_13,2024-10-13 08:00,23.2,76.9,25.7
ST_14,2024-10-13 09:00,11.8,74.6,9.8
ST_15,2024-10-13 10:00,5.0,31.0,26.7
ST_16,2024-10-13 11:00,6.9,51.6,14.7
ST_17,2024-10-13 12:00,15.2,74.3,24.7
ST_18,2024-10-13 13:00,12.3,38.7,17.6
ST_19,2024-10-13 14:00,11.5,79.2,17.6
ST_20,2024-10-13 15:00,17.7,40.3,5.2
ST_01,2024-10-13 16:00,7.8,54.3,14.2
ST_02,2024-10-13 17:00,27.8,69.6,13.3
ST_03,2024-10-13 18:00,7.3,38.6,6.1
ST_04,2024-10-13 19:00,11.5,44.9,7.4
ST_05,2024-10-13 20:00,13.7,55.2,18.1
ST_06,2024-10-13 21:00,9.3,73.6,12.9
ST_07,2024-10-13 22:00,2.8,53.5,29.2
ST_08,2024-10-13 23:00,5.5,78.2,7.5
ST_09,2024-10-14 00:00,3.6,33.9,20.9
ST_10,2024-10-14 01:00,24.2,56.7,16.3
ST_11,2024-10-14 02:00,14.0,36.7,3.9
ST_12,2024-10-14 03:00,25.5,32.0,26.3
ST_13,2024-10-14 04:00,14.0,57.7,27.8
ST_14,2024-10-14 05:00,20.9,56.4,18.9
ST_15,2024-10-14 06:00,12.0,71.1,26.0
ST_16,2024-10-14 07:00,-7.9,41.9,24.7
ST_17,2024-10-14 08:00,24.3,33.2,6.9
ST_18,2024-10-14 09:00,-3.5,70.7,16.5
ST_19,2024-10-14 10:00,20.1,86.0,22.1
ST_20,2024-10-14 11:00,32.6,70.3,18.1
ST_01,2024-10-14 12:00,12.1,80.7,15.8
ST_02,2024-10-14 13:00,19.9,53.6,14.1
ST_03,2024-10-14 14:00,19.6,71.1,26.1
ST_04,2024-10-14 15:00,-8.6,57.0,28.2
ST_05,2024-10-14 16:00,12.0,63.9,9.7
ST_06,2024-10-14 17:00,9.0,55.8,18.7
ST_07,2024-10-14 18:00,2.0,35.7,2.9
ST_08,2024-10-14 19:00,11.0,42.8,0.6
ST_09,2024-10-14 20:00,9.9,36.6,27.2
ST_10,2024-10-14 21:00,15.9,57.1,8.9
ST_11,2024-10-14 22:00,26.4,32.6,1.8
ST_12,2024-10-14 23:00,22.2,78.8,11.2
ST_13,2024-10-15 00:00,9.2,31.2,29.0
ST_14,2024-10-15 01:00,28.2,30.6,5.8
ST_15,2024-10-15 02:00,25.7,66.6,9.6
ST_16,2024-10-15 03:00,-20,41.9,6.0
ST_17,2024-10-15 04:00,23.1,79.2,21.3
ST_18,2024-10-15 05:00,18.6,63.8,8.6
ST_19,2024-10-15 06:00,38.1,40.1,10.7
ST_20,2024-10-15 07:00,19.4,75.4,18.6
ST_01,2024-10-15 08:00,24.2,63.7,29.3
ST_02,2024-10-15 09:00,6.4,38.6,8.2
ST_03,2024-10-15 10:00,2.1,39.3,16.5
ST_04,2024-10-15 11:00,29.5,40.2,5.3
ST_05,2024-10-15 12:00,18.1,50.3,23.9
ST_06,2024-10-15 13:00,17.8,47.0,11.3
ST_07,2024-10-15 14:00,6.2,43.9,9.5
ST_08,2024-10-15 15:00,12.3,64.4,17.8
ST_09,2024-10-15 16:00,12.8,61.6,20.1
ST_10,2024-10-15 17:00,-8.0,69.9,14.4
ST_11,2024-10-15 18:00,6.1,35.8,11.4
ST_12,2024-10-15 19:00,16.0,74.1,8.0
ST_13,2024-10-15 20:00,0.6,79.8,17.6
ST_14,2024-10-15 21:00,32.6,50.2,8.2
ST_15,2024-10-15 22:00,26.1,74.2,12.1
ST_16,2024-10-15 23:00,12.9,50.6,15.8
ST_17,2024-10-16 00:00,23.0,75.6,22.6
ST_18,2024-10-16 01:00,21.5,38.6,12.7
ST_19,2024-10-16 02:00,10.2,45.1,13.7
ST_20,2024-10-16 03:00,11.2,44.3,18.6
ST_01,2024-10-16 04:00,0.3,68.1,14.1
ST_02,2024-10-16 05:00,19.6,58.1,20.8
ST_03,2024-10-16 06:00,12.9,77.1,7.1
ST_04,2024-10-16 07:00,24.7,41.8,24.4
ST_05,2024-10-16 08:00,3.2,49.1,7.2
ST_06,2024-10-16 09:00,15.1,89.9,26.6
ST_07,2024-10-16 10:00,9.1,35.8,17.2
ST_08,2024-10-16 11:00,14.2,74.0,17.6
ST_09,2024-10-16 12:00,14.5,69.6,10.0
ST_10,2024-10-16 13:00,18.5,77.7,14.6
ST_11,2024-10-16 14:00,14.3,35.2,28.9
ST_12,2024-10-16 15:00,17.8,68.0,14.9
ST_13,2024-10-16 16:00,18.6,74.0,2.2
ST_14,2024-10-16 17:00,8.9,69.3,10.2
ST_15,2024-10-16 18:00,11.9,73.0,26.7
ST_16,2024-10-16 19:00,-0.4,88.9,0.0
ST_17,2024-10-16 20:00,3.3,72.6,0.3
ST_18,2024-10-16 21:00,24.6,80.5,12.7
ST_19,2024-10-16 22:00,17.9,59.7,1.2
ST_20,2024-10-16 23:00,21.2,51.7,27.0
ST_01,2024-10-17 00:00,11.4,35.5,4.5
ST_02,2024-10-17 01:00,23.6,55.7,17.4
ST_03,2024-10-17 02:00,12.3,63.4,3.9
ST_04,2024-10-17 03:00,10.0,75.7,9.6
ST_05,2024-10-17 04:00,22.3,31.3,22.0
ST_06,2024-10-17 05:00,11.8,83.2,14.2
ST_07,2024-10-17 06:00,-0.9,39.5,23.9
ST_08,2024-10-17 07:00,21.0,32.9,1.8
ST_09,2024-10-17 08:00,21.0,89.8,26.2
ST_10,2024-10-17 09:00,2.5,84.2,3.6
ST_11,2024-10-17 10:00,7.0,51.7,2.3
ST_12,2024-10-17 11:00,17.5,48.6,23.8
ST_13,2024-10-17 12:00,17.0,52.2,25.8
ST_14,2024-10-17 13:00,29.8,86.4,0.5
ST_15,2024-10-17 14:00,30.3,52.7,12.4
ST_16,2024-10-17 15:00,29.3,42.7,23.1
ST_17,2024-10-17 16:00,18.3,75.1,15.8
ST_18,2024-10-17 17:00,16.0,45.3,20.4
ST_19,2024-10-17 18:00,7.6,58.6,11.1
ST_20,2024-10-17 19:00,20.8,48.1,4.5
ST_01,2024-10-17 20:00,10.3,85.8,26.3
ST_02,2024-10-17 21:00,22.7,32.9,12.4
ST_03,2024-10-17 22:00,32.2,80.7,28.8
ST_04,2024-10-17 23:00,15.0,52.8,24.8
ST_05,2024-10-18 00:00,9.3,50.0,26.6
ST_06,2024-10-18 01:00,21.5,60.4,8.5
ST_07,2024-10-18 02:00,26.3,87.8,5.1
ST_08,2024-10-18 03:00,13.3,89.4,19.7
ST_09,2024-10-18 04:00,18.8,30.2,11.4
ST_10,2024-10-18 05:00,4.8,80.9,26.3
ST_11,2024-10-18 06:00,28.1,87.0,1.2
ST_12,2024-10-18 07:00,23.1,68.8,23.6
ST_13,2024-10-18 08:00,5.9,73.5,20.9
ST_14,2024-10-18 09:00,14.0,34.9,8.4
ST_15,2024-10-18 10:00,6.2,69.0,29.9
ST_16,2024-10-18 11:00,12.6,39.1,25.4
ST_17,2024-10-18 12:00,21.5,61.4,27.5
ST_18,2024-10-18 13:00,-0.3,61.9,14.0
ST_19,2024-10-18 14:00,11.4,71.2,3.5
ST_20,2024-10-18 15:00,29.5,65.3,24.9
ST_01,2024-10-18 16:00,14.1,40.8,18.0
ST_02,2024-10-18 17:00,18.4,75.7,22.1
ST_03,2024-10-18 18:00,17.6,73.1,16.2
ST_04,2024-10-18 19:00,18.1,77.0,4.0
ST_05,2024-10-18 20:00,26.6,74.4,13.6
ST_06,2024-10-18 21:00,22.0,44.9,15.7
ST_07,2024-10-18 22:00,23.4,80.3,27.4
ST_08,2024-10-18 23:00,26.9,62.0,10.3
ST_09,2024-10-19 00:00,23.5,81.8,19.6
ST_10,2024-10-19 01:00,17.2,87.7,9.9
ST_11,2024-10-19 02:00,11.5,36.9,19.5
ST_12,2024-10-19 03:00,18.2,52.8,17.3
ST_13,2024-10-19 04:00,10.6,54.2,26.4
ST_14,2024-10-19 05:00,8.5,56.2,19.5
ST_15,2024-10-19 06:00,10.2,68.6,28.7
ST_16,2024-10-19 07:00,27.0,50.5,22.8
ST_17,2024-10-19 08:00,20.7,65.1,10.0
ST_18,2024-10-19 09:00,24.8,78.7,11.4
ST_19,2024-10-19 10:00,4.2,79.1,23.3
ST_20,2024-10-19 11:00,7.9,59.1,7.2
ST_01,2024-10-19 12:00,29.3,36.6,21.3
ST_02,2024-10-19 13:00,14.5,35.0,15.5
ST_03,2024-10-19 14:00,3.4,60.7,1.1
ST_04,2024-10-19 15:00,18.6,74.5,11.7
ST_05,2024-10-19 16:00,15.6,34.2,19.1
ST_06,2024-10-19 17:00,35.4,67.8,29.4
ST_07,2024-10-19 18:00,13.8,73.0,10.7
ST_08,2024-10-19 19:00,8.5,86.3,4.8
ST_09,2024-10-19 20:00,11.4,47.5,0.2
ST_10,2024-10-19 21:00,5.1,64.9,28.7
ST_11,2024-10-19 22:00,9.1,37.1,20.2
ST_12,2024-10-19 23:00,0.3,78.0,10.9
ST_13,2024-10-20 00:00,15.2,55.1,28.0
ST_14,2024-10-20 01:00,10.1,68.6,24.3
ST_15,2024-10-20 02:00,7.4,54.6,27.8
ST_16,2024-10-20 03:00,18.7,35.3,25.4
ST_17,2024-10-20 04:00,10.7,81.6,18.6
ST_18,2024-10-20 05:00,29.5,62.7,24.3
ST_19,2024-10-20 06:00,9.5,63.1,29.1
ST_20,2024-10-20 07:00,31.1,51.8,2.5
ST_01,2024-10-20 08:00,26.9,31.4,4.9
ST_02,2024-10-20 09:00,31.1,82.3,17.9
ST_03,2024-10-20 10:00,30.2,66.5,29.3
ST_04,2024-10-20 11:00,18.3,42.4,16.6
ST_05,2024-10-20 12:00,12.8,50.6,9.9
ST_06,2024-10-20 13:00,31.0,87.5,18.3
ST_07,2024-10-20 14:00,6.8,37.4,0.7
ST_08,2024-10-20 15:00,-0.2,30.1,20.9
ST_09,2024-10-20 16:00,1.3,80.5,25.5
ST_10,2024-10-20 17:00,7.7,42.6,8.4
ST_11,2024-10-20 18:00,5.7,46.5,28.6
ST_12,2024-10-20 19:00,14.0,48.7,15.5
ST_13,2024-10-20 20:00,21.2,74.8,24.0
ST_14,2024-10-20 21:00,30.0,41.2,29.6
ST_15,2024-10-20 22:00,9.0,39.1,27.9
ST_16,2024-10-20 23:00,17.2,67.4,3.6
ST_17,2024-10-21 00:00,4.1,62.8,26.5
ST_18,2024-10-21 01:00,-0.7,44.8,5.4
ST_19,2024-10-21 02:00,22.4,71.1,20.0
ST_20,2024-10-21 03:00,28.7,44.1,27.5
ST_01,2024-10-21 04:00,26.0,58.1,4.9
ST_02,2024-10-21 05:00,16.2,60.8,25.1
ST_03,2024-10-21 06:00,5.7,37.3,21.1
ST_04,2024-10-21 07:00,2.0,43.1,23.6
ST_05,2024-10-21 08:00,19.5,58.8,17.2
ST_06,2024-10-21 09:00,8.8,54.9,23.6
ST_07,2024-10-21 10:00,4.3,88.6,25.5
ST_08,2024-10-21 11:00,19.5,41.9,11.1
ST_09,2024-10-21 12:00,22.7,43.1,24.2
ST_10,2024-10-21 13:00,21.4,31.0,26.0
ST_11,2024-10-21 14:00,11.9,86.0,21.6
ST_12,2024-10-21 15:00,20.8,82.6,7.1
ST_13,2024-10-21 16:00,11.1,50.5,25.7
ST_14,2024-10-21 17:00,4.6,41.3,20.3
ST_15,2024-10-21 18:00,-6.6,81.6,18.7
ST_16,2024-10-21 19:00,23.7,52.7,2.1
ST_17,2024-10-21 20:00,20.3,58.2,23.3
ST_18,2024-10-21 21:00,21.5,62.6,25.9
ST_19,2024-10-21 22:00,20.1,75.4,28.9
ST_20,2024-10-21 23:00,9.4,82.7,23.0
ST_01,2024-10-22 00:00,13.4,61.2,17.0
ST_02,2024-10-22 01:00,14.8,72.7,19.1
ST_03,2024-10-22 02:00,-0.9,89.4,9.2
ST_04,2024-10-22 03:00,25.4,34.7,19.9
ST_05,2024-10-22 04:00,8.9,30.8,29.6
ST_06,2024-10-22 05:00,12.0,61.0,12.9
ST_07,2024-10-22 06:00,-5.6,39.4,9.3
ST_08,2024-10-22 07:00,13.9,40.9,4.0
ST_09,2024-10-22 08:00,4.8,40.8,18.3
ST_10,2024-10-22 09:00,16.3,54.5,16.7
ST_11,2024-10-22 10:00,-4.4,70.4,0.7
ST_12,2024-10-22 11:00,13.6,46.7,2.6
ST_13,2024-10-22 12:00,3.3,63.9,8.7
ST_14,2024-10-22 13:00,10.0,45.6,12.0
ST_15,2024-10-22 14:00,20.4,36.3,14.2
ST_16,2024-10-22 15:00,14.2,43.5,7.4
ST_17,2024-10-22 16:00,10.0,32.4,21.2
ST_18,2024-10-22 17:00,3.3,39.5,18.1
ST_19,2024-10-22 18:00,19.7,67.5,12.3
ST_20,2024-10-22 19:00,31.6,80.9,5.3
ST_01,2024-10-22 20:00,26.5,49.9,6.3
ST_02,2024-10-22 21:00,11.7,53.7,21.8
ST_03,2024-10-22 22:00,16.0,44.7,14.4
ST_04,2024-10-22 23:00,18.6,60.6,27.2
ST_05,2024-10-23 00:00,15.0,46.3,15.4
ST_06,2024-10-23 01:00,16.9,77.1,4.2
ST_07,2024-10-23 02:00,16.6,82.5,4.4
ST_08,2024-10-23 03:00,36.4,84.6,13.0
ST_09,2024-10-23 04:00,17.3,58.7,7.2
ST_10,2024-10-23 05:00,-1.3,62.8,1.9
ST_11,2024-10-23 06:00,12.2,67.6,4.9
ST_12,2024-10-23 07:00,21.1,43.9,19.6
ST_13,2024-10-23 08:00,13.2,61.0,3.5
ST_14,2024-10-23 09:00,23.2,45.1,22.3
ST_15,2024-10-23 10:00,-2.6,48.5,12.5
ST_16,2024-10-23 11:00,15.3,49.1,9.5
ST_17,2024-10-23 12:00,19.5,79.4,6.2
ST_18,2024-10-23 13:00,15.4,49.0,7.3
ST_19,2024-10-23 14:00,25.5,33.8,19.8
ST_20,2024-10-23 15:00,1.8,69.4,8.7
ST_01,2024-10-23 16:00,21.5,37.7,0.3
ST_02,2024-10-23 17:00,13.2,76.6,20.8
ST_03,2024-10-23 18:00,14.3,72.3,10.6
ST_04,2024-10-23 19:00,4.9,39.3,16.4
ST_05,2024-10-23 20:00,13.2,83.9,26.2
ST_06,2024-10-23 21:00,21.5,47.9,21.0
ST_07,2024-10-23 22:00,12.6,81.0,2.6
ST_08,2024-10-23 23:00,25.5,79.3,20.2
ST_09,2024-10-24 00:00,34.2,74.2,21.5
ST_10,2024-10-24 01:00,19.1,35.9,28.2
ST_11,2024-10-24 02:00,33.8,74.5,5.6
ST_12,2024-10-24 03:00,45,87.9,13.6
ST_13,2024-10-24 04:00,25.9,78.1,8.2
ST_14,2024-10-24 05:00,5.8,80.7,4.6
ST_15,2024-10-24 06:00,21.4,35.7,28.9
ST_16,2024-10-24 07:00,-2.8,45.4,13.0
ST_17,2024-10-24 08:00,19.1,59.2,16.1
ST_18,2024-10-24 09:00,9.9,77.5,7.2
ST_19,2024-10-24 10:00,4.8,33.9,5.1
ST_20,2024-10-24 11:00,3.8,68.7,19.7
ST_01,2024-10-24 12:00,14.7,61.7,19.2
ST_02,2024-10-24 13:00,6.9,64.3,21.2
ST_03,2024-10-24 14:00,10.9,66.6,2.4
ST_04,2024-10-24 15:00,26.6,38.2,22.1
ST_05,2024-10-24 16:00,24.7,70.1,29.0
ST_06,2024-10-24 17:00,23.3,68.0,24.5
ST_07,2024-10-24 18:00,23.3,73.9,13.6
ST_08,2024-10-24 19:00,11.0,83.7,9.2
ST_09,2024-10-24 20:00,25.6,42.3,20.2
ST_10,2024-10-24 21:00,10.9,74.6,20.6
ST_11,2024-10-24 22:00,10.8,63.6,16.3
ST_12,2024-10-24 23:00,32.7,30.8,5.2
ST_13,2024-10-25 00:00,-3.7,49.4,5.9
ST_14,2024-10-25 01:00,7.0,62.8,4.9
ST_15,2024-10-25 02:00,12.9,71.1,19.4
ST_16,2024-10-25 03:00,16.9,73.9,4.0
ST_17,2024-10-25 04:00,29.8,48.4,2.6
ST_18,2024-10-25 05:00,11.5,32.6,22.8
ST_19,2024-10-25 06:00,23.2,40.0,0.2
ST_20,2024-10-25 07:00,28.0,78.6,24.9
ST_01,2024-10-25 08:00,3.8,39.3,15.0
ST_02,2024-10-25 09:00,17.9,69.2,27.3
ST_03,2024-10-25 10:00,23.7,49.8,23.9
ST_04,2024-10-25 11:00,15.4,65.9,6.0
ST_05,2024-10-25 12:00,-2.3,79.5,19.3
ST_06,2024-10-25 13:00,17.5,86.5,20.9
ST_07,2024-10-25 14:00,21.9,83.8,5.3
ST_08,2024-10-25 15:00,11.0,86.5,29.1
ST_09,2024-10-25 16:00,35.2,59.2,11.7
ST_10,2024-10-25 17:00,20.2,35.2,18.2
ST_11,2024-10-25 18:00,21.8,88.1,1.9
ST_12,2024-10-25 19:00,16.8,33.2,9.7
ST_13,2024-10-25 20:00,12.0,73.5,0.2
ST_14,2024-10-25 21:00,7.4,70.4,5.8
ST_15,2024-10-25 22:00,-9.6,53.7,22.6
ST_16,2024-10-25 23:00,9.3,47.0,13.7
ST_17,2024-10-26 00:00,23.4,73.5,8.6
ST_18,2024-10-26 01:00,31.7,34.7,29.7
ST_19,2024-10-26 02:00,44.2,31.3,0.8
ST_20,2024-10-26 03:00,14.5,77.4,24.2
ST_01,2024-10-26 04:00,16.3,55.6,12.8
ST_02,2024-10-26 05:00,15.1,88.7,11.8
ST_03,2024-10-26 06:00,16.9,65.3,29.4
ST_04,2024-10-26 07:00,25.9,81.7,26.0
ST_05,2024-10-26 08:00,19.3,43.4,21.5
ST_06,2024-10-26 09:00,0.7,62.7,4.2
ST_07,2024-10-26 10:00,11.4,88.1,20.3
ST_08,2024-10-26 11:00,24.2,86.5,29.8
ST_09,2024-10-26 12:00,8.1,44.3,19.7
ST_10,2024-10-26 13:00,25.1,79.1,10.8
ST_11,2024-10-26 14:00,9.6,44.3,9.6
ST_12,2024-10-26 15:00,16.8,55.9,6.2
ST_13,2024-10-26 16:00,18.7,53.8,29.8
ST_14,2024-10-26 17:00,-10.3,39.3,21.4
ST_15,2024-10-26 18:00,14.8,43.9,9.4
ST_16,2024-10-26 19:00,8.5,52.9,15.7
ST_17,2024-10-26 20:00,26.9,32.1,29.1
ST_18,2024-10-26 21:00,18.8,57.8,8.9
ST_19,2024-10-26 22:00,-5.2,51.5,8.7
ST_20,2024-10-26 23:00,36.0,44.0,3.9
ST_01,2024-10-27 00:00,16.8,46.9,29.7
ST_02,2024-10-27 01:00,20.6,33.9,5.0
ST_03,2024-10-27 02:00,15.8,60.9,27.2
ST_04,2024-10-27 03:00,21.5,83.9,20.2
ST_05,2024-10-27 04:00,14.9,86.3,23.9
ST_06,2024-10-27 05:00,18.5,59.0,5.7
ST_07,2024-10-27 06:00,25.8,78.4,25.1
ST_08,2024-10-27 07:00,26.9,69.4,3.6
ST_09,2024-10-27 08:00,10.5,41.8,22.1
ST_10,2024-10-27 09:00,3.4,67.0,6.2
ST_11,2024-10-27 10:00,21.9,71.9,12.8
ST_12,2024-10-27 11:00,28.0,53.6,9.6
ST_13,2024-10-27 12:00,19.2,80.7,12.9
ST_14,2024-10-27 13:00,14.0,62.5,11.6
ST_15,2024-10-27 14:00,0.9,74.8,7.9
ST_16,2024-10-27 15:00,13.7,55.4,1.4
ST_17,2024-10-27 16:00,13.3,48.2,7.6
ST_18,2024-10-27 17:00,12.1,32.0,27.9
ST_19,2024-10-27 18:00,9.6,33.8,11.4
ST_20,2024-10-27 19:00,15.8,58.0,12.6
ST_01,2024-10-27 20:00,23.5,48.4,0.9
ST_02,2024-10-27 21:00,10.2,65.4,25.4
ST_03,2024-10-27 22:00,2.6,89.7,24.0
ST_04,2024-10-27 23:00,-7.5,77.9,24.3
ST_05,2024-10-28 00:00,21.2,74.0,5.9
ST_06,2024-10-28 01:00,9.1,67.6,28.4
ST_07,2024-10-28 02:00,8.3,84.2,10.8
ST_08,2024-10-28 03:00,20.6,77.9,13.6
ST_09,2024-10-28 04:00,10.8,56.1,2.5
ST_10,2024-10-28 05:00,7.6,85.5,28.5
ST_11,2024-10-28 06:00,10.7,74.1,5.3
ST_12,2024-10-28 07:00,-5.2,58.1,13.0
ST_13,2024-10-28 08:00,25.0,67.3,18.7
ST_14,2024-10-28 09:00,21.4,86.7,11.5
ST_15,2024-10-28 10:00,23.3,79.2,14.3
ST_16,2024-10-28 11:00,12.8,39.0,18.4
ST_17,2024-10-28 12:00,18.7,84.9,9.7
ST_18,2024-10-28 13:00,16.4,87.6,3.7
ST_19,2024-10-28 14:00,26.9,31.1,6.6
ST_20,2024-10-28 15:00,18.5,85.5,10.6
ST_01,2024-10-28 16:00,12.6,54.0,28.1
ST_02,2024-10-28 17:00,16.2,33.8,23.1
ST_03,2024-10-28 18:00,11.2,45.7,12.2
ST_04,2024-10-28 19:00,17.2,30.2,17.6
ST_05,2024-10-28 20:00,25.7,48.5,12.9
ST_06,2024-10-28 21:00,17.5,54.8,22.0
ST_07,2024-10-28 22:00,20.2,75.6,9.3
ST_08,2024-10-28 23:00,16.4,76.4,28.1
ST_09,2024-10-29 00:00,28.5,71.3,25.7
ST_10,2024-10-29 01:00,20.6,88.1,28.2
ST_11,2024-10-29 02:00,4.5,43.0,2.6
ST_12,2024-10-29 03:00,28.4,58.6,11.5
ST_13,2024-10-29 04:00,14.3,72.8,7.5
ST_14,2024-10-29 05:00,16.4,36.0,14.0
ST_15,2024-10-29 06:00,11.7,48.0,4.7
ST_16,2024-10-29 07:00,22.1,78.2,20.0
ST_17,2024-10-29 08:00,24.8,60.9,13.7
ST_18,2024-10-29 09:00,-6.5,67.9,14.2
ST_19,2024-10-29 10:00,27.4,62.7,4.2
ST_20,2024-10-29 11:00,12.9,38.2,1.1
ST_01,2024-10-29 12:00,33.1,63.2,6.5
ST_02,2024-10-29 13:00,12.5,53.8,3.1
ST_03,2024-10-29 14:00,24.8,69.7,29.8
ST_04,2024-10-29 15:00,24.6,36.2,17.7
ST_05,2024-10-29 16:00,25.1,37.6,10.4
ST_06,2024-10-29 17:00,1.2,77.2,13.7
ST_07,2024-10-29 18:00,18.0,69.8,28.5
ST_08,2024-10-29 19:00,4.4,42.3,2.3
ST_09,2024-10-29 20:00,16.5,57.6,27.6
ST_10,2024-10-29 21:00,5.6,41.0,18.2
ST_11,2024-10-29 22:00,16.0,36.7,14.4
ST_12,2024-10-29 23:00,1.1,86.8,7.2
ST_13,2024-10-30 00:00,15.6,64.9,24.6
ST_14,2024-10-30 01:00,22.4,66.8,5.2
ST_15,2024-10-30 02:00,9.0,84.7,28.2
ST_16,2024-10-30 03:00,18.0,38.0,23.8
ST_17,2024-10-30 04:00,21.2,56.0,2.0
ST_18,2024-10-30 05:00,13.5,56.1,24.1
ST_19,2024-10-30 06:00,11.1,76.9,9.1
ST_20,2024-10-30 07:00,9.5,65.5,11.5
ST_01,2024-10-30 08:00,-0.5,65.9,2.9
ST_02,2024-10-30 09:00,4.4,34.7,26.3
ST_03,2024-10-30 10:00,1.3,47.8,19.0
ST_04,2024-10-30 11:00,-2.5,58.3,1.6
ST_05,2024-10-30 12:00,11.3,87.7,21.8
ST_06,2024-10-30 13:00,10.4,65.2,16.2
ST_07,2024-10-30 14:00,-7.2,52.1,15.8
ST_08,2024-10-30 15:00,9.5,52.7,29.7
ST_09,2024-10-30 16:00,19.9,45.0,23.5
ST_10,2024-10-30 17:00,28.2,39.1,19.9
ST_11,2024-10-30 18:00,10.7,42.9,28.6
ST_12,2024-10-30 19:00,26.8,71.7,27.9
ST_13,2024-10-30 20:00,18.5,56.5,1.7
ST_14,2024-10-30 21:00,15.6,76.5,12.9
ST_15,2024-10-30 22:00,17.3,32.0,16.2
ST_16,2024-10-30 23:00,6.5,36.7,18.9
ST_17,2024-10-31 00:00,23.6,53.3,6.5
ST_18,2024-10-31 01:00,9.3,63.6,11.0
ST_19,2024-10-31 02:00,8.4,75.5,5.5
ST_20,2024-10-31 03:00,6.4,44.2,25.1
ST_01,2024-10-31 04:00,12.6,40.0,2.2
ST_02,2024-10-31 05:00,13.3,30.7,27.0
ST_03,2024-10-31 06:00,9.2,44.9,5.9
ST_04,2024-10-31 07:00,29.0,87.7,12.6
ST_05,2024-10-31 08:00,12.6,38.0,14.0
ST_06,2024-10-31 09:00,11.8,77.7,23.4
ST_07,2024-10-31 10:00,5.1,31.1,19.5
ST_08,2024-10-31 11:00,9.9,80.3,11.3
ST_09,2024-10-31 12:00,21.8,33.8,22.1
ST_10,2024-10-31 13:00,14.7,70.0,20.4
ST_11,2024-10-31 14:00,27.7,43.9,26.6
ST_12,2024-10-31 15:00,18.1,63.2,2.2
ST_13,2024-10-31 16:00,11.8,67.1,13.4
ST_14,2024-10-31 17:00,18.3,46.4,0.3
ST_15,2024-10-31 18:00,10.9,75.7,9.8
ST_16,2024-10-31 19:00,16.7,43.5,4.1
ST_17,2024-10-31 20:00,29.4,69.1,14.1
ST_18,2024-10-31 21:00,19.0,51.1,25.3
ST_19,2024-10-31 22:00,20.1,43.0,3.2
ST_20,2024-10-31 23:00,-5.6,62.8,12.1
ST_01,2024-11-01 00:00,14.1,47.0,4.8
ST_02,2024-11-01 01:00,14.6,54.8,27.9
ST_03,2024-11-01 02:00,10.5,59.4,6.6
ST_04,2024-11-01 03:00,4.5,81.7,7.6
ST_05,2024-11-01 04:00,9.3,57.3,29.0
ST_06,2024-11-01 05:00,19.2,58.6,2.7
ST_07,2024-11-01 06:00,11.6,68.6,22.2
ST_08,2024-11-01 07:00,11.9,81.2,20.3
ST_09,2024-11-01 08:00,19.6,49.2,2.4
ST_10,2024-11-01 09:00,2.7,61.3,0.9
ST_11,2024-11-01 10:00,8.1,82.2,28.7
ST_12,2024-11-01 11:00,13.3,59.3,25.5
ST_13,2024-11-01 12:00,13.2,83.7,6.5
ST_14,2024-11-01 13:00,19.0,48.9,10.2
ST_15,2024-11-01 14:00,8.3,31.6,27.0
ST_16,2024-11-01 15:00,29.3,85.1,12.0
ST_17,2024-11-01 16:00,30.0,68.9,25.2
ST_18,2024-11-01 17:00,11.0,49.5,19.9
ST_19,2024-11-01 18:00,23.7,45.0,3.2
ST_20,2024-11-01 19:00,13.8,61.4,29.5
ST_01,2024-11-01 20:00,10.5,40.1,1.3
ST_02,2024-11-01 21:00,-0.0,74.5,5.0
ST_03,2024-11-01 22:00,17.1,40.1,20.8
ST_04,2024-11-01 23:00,8.2,82.6,10.0
ST_05,2024-11-02 00:00,15.1,71.2,10.5
ST_06,2024-11-02 01:00,-6.8,32.0,8.8
ST_07,2024-11-02 02:00,19.1,36.7,24.0
ST_08,2024-11-02 03:00,21.9,88.3,29.3
ST_09,2024-11-02 04:00,15.9,88.1,12.1
ST_10,2024-11-02 05:00,18.1,36.6,22.8
ST_11,2024-11-02 06:00,34.1,77.8,20.3
ST_12,2024-11-02 07:00,14.2,40.7,9.3
ST_13,2024-11-02 08:00,38.3,44.5,6.5
ST_14,2024-11-02 09:00,18.0,34.4,19.7
ST_15,2024-11-02 10:00,12.7,45.4,19.3
ST_16,2024-11-02 11:00,-12.2,52.0,2.1
ST_17,2024-11-02 12:00,7.1,46.4,16.7
ST_18,2024-11-02 13:00,22.1,33.5,5.1
ST_19,2024-11-02 14:00,24.2,68.4,17.0
ST_20,2024-11-02 15:00,17.2,69.8,27.6
ST_01,2024-11-02 16:00,22.0,59.3,7.6
ST_02,2024-11-02 17:00,13.8,81.7,18.2
ST_03,2024-11-02 18:00,17.5,67.0,26.2
ST_04,2024-11-02 19:00,11.1,32.8,21.6
ST_05,2024-11-02 20:00,9.2,46.2,21.8
ST_06,2024-11-02 21:00,12.0,62.4,20.9
ST_07,2024-11-02 22:00,13.9,76.9,11.4
ST_08,2024-11-02 23:00,13.6,78.3,25.3
ST_09,2024-11-03 00:00,15.4,45.2,15.8
ST_10,2024-11-03 01:00,27.2,85.1,3.4
ST_11,2024-11-03 02:00,6.8,71.6,15.3
ST_12,2024-11-03 03:00,21.6,88.3,11.1
ST_13,2024-11-03 04:00,26.8,36.8,19.0
ST_14,2024-11-03 05:00,23.4,49.2,18.6
ST_15,2024-11-03 06:00,10.1,60.5,23.4
ST_16,2024-11-03 07:00,6.9,31.4,12.7
ST_17,2024-11-03 08:00,13.9,64.8,10.1
ST_18,2024-11-03 09:00,17.0,42.1,9.3
ST_19,2024-11-03 10:00,9.8,47.3,8.3
ST_20,2024-11-03 11:00,23.2,42.8,26.0
ST_01,2024-11-03 12:00,15.2,46.9,25.5
ST_02,2024-11-03 13:00,17.8,66.5,26.3
ST_03,2024-11-03 14:00,7.6,47.8,4.4
ST_04,2024-11-03 15:00,17.3,83.2,9.8
ST_05,2024-11-03 16:00,27.1,34.0,14.5
ST_06,2024-11-03 17:00,10.7,88.8,28.2
ST_07,2024-11-03 18:00,11.1,78.1,7.4
ST_08,2024-11-03 19:00,4.5,33.6,19.6
ST_09,2024-11-03 20:00,20.1,48.8,11.9
ST_10,2024-11-03 21:00,38.4,80.1,15.2
ST_11,2024-11-03 22:00,19.4,47.0,5.8
ST_12,2024-11-03 23:00,12.7,82.6,27.4
ST_13,2024-11-04 00:00,25.3,63.6,22.7
ST_14,2024-11-04 01:00,31.2,66.9,27.3
ST_15,2024-11-04 02:00,14.1,40.4,8.9
ST_16,2024-11-04 03:00,3.5,60.5,8.6
ST_17,2024-11-04 04:00,8.4,31.5,0.2
ST_18,2024-11-04 05:00,10.7,37.5,20.2
ST_19,2024-11-04 06:00,10.4,84.7,17.5
ST_20,2024-11-04 07:00,25.8,75.8,10.2
ST_01,2024-11-04 08:00,7.4,49.3,1.9
ST_02,2024-11-04 09:00,3.7,63.7,11.5
ST_03,2024-11-04 10:00,20.1,57.4,14.6
ST_04,2024-11-04 11:00,9.4,86.6,8.4
ST_05,2024-11-04 12:00,37.0,85.8,16.6
ST_06,2024-11-04 13:00,16.3,68.9,2.5
ST_07,2024-11-04 14:00,15.7,30.7,9.7
ST_08,2024-11-04 15:00,16.7,57.3,12.6
ST_09,2024-11-04 16:00,24.2,77.2,25.8
ST_10,2024-11-04 17:00,34.1,47.6,2.8
ST_11,2024-11-04 18:00,45,75.3,16.4
ST_12,2024-11-04 19:00,15.7,87.7,18.8
ST_13,2024-11-04 20:00,-5.1,59.6,26.0
ST_14,2024-11-04 21:00,19.2,83.4,16.0
ST_15,2024-11-04 22:00,15.8,41.2,22.9
ST_16,2024-11-04 23:00,26.1,49.3,19.2
ST_17,2024-11-05 00:00,9.1,42.4,21.7
ST_18,2024-11-05 01:00,15.1,80.6,10.4
ST_19,2024-11-05 02:00,17.5,55.4,16.2
ST_20,2024-11-05 03:00,11.0,57.1,27.0
ST_01,2024-11-05 04:00,11.9,39.6,2.2
ST_02,2024-11-05 05:00,-5.0,81.5,26.5
ST_03,2024-11-05 06:00,2.7,67.5,23.5
ST_04,2024-11-05 07:00,15.0,38.4,14.9
ST_05,2024-11-05 08:00,4.4,62.4,23.6
ST_06,2024-11-05 09:00,14.8,49.0,7.3
ST_07,2024-11-05 10:00,13.8,65.3,7.4
ST_08,2024-11-05 11:00,-2.3,83.7,26.4
ST_09,2024-11-05 12:00,41.2,39.0,23.6
ST_10,2024-11-05 13:00,-2.9,48.0,16.1
ST_11,2024-11-05 14:00,16.5,71.8,23.6
ST_12,2024-11-05 15:00,27.8,76.9,0.3
ST_13,2024-11-05 16:00,11.1,31.9,27.8
ST_14,2024-11-05 17:00,15.1,36.9,9.8
ST_15,2024-11-05 18:00,11.1,77.3,2.5
ST_16,2024-11-05 19:00,6.8,45.0,11.3
ST_17,2024-11-05 20:00,12.9,52.1,28.2
ST_18,2024-11-05 21:00,31.7,34.9,5.5
ST_19,2024-11-05 22:00,10.9,41.9,18.9
ST_20,2024-11-05 23:00,37.2,64.3,19.6
ST_01,2024-11-06 00:00,10.4,39.2,18.5
ST_02,2024-11-06 01:00,12.1,57.3,7.8
ST_03,2024-11-06 02:00,36.7,36.2,19.7
ST_04,2024-11-06 03:00,12.4,63.8,2.6
ST_05,2024-11-06 04:00,21.4,48.3,5.4
ST_06,2024-11-06 05:00,3.1,69.4,15.0
ST_07,2024-11-06 06:00,-20,63.7,12.3
ST_08,2024-11-06 07:00,7.5,78.6,22.9
ST_09,2024-11-06 08:00,20.6,58.4,11.3
ST_10,2024-11-06 09:00,7.5,33.5,26.4
ST_11,2024-11-06 10:00,28.9,72.0,29.0
ST_12,2024-11-06 11:00,33.7,57.9,7.0
ST_13,2024-11-06 12:00,27.0,33.5,9.3
ST_14,2024-11-06 13:00,6.1,70.0,2.3
ST_15,2024-11-06 14:00,7.3,40.0,12.3
ST_16,2024-11-06 15:00,-12.2,77.3,18.5
ST_17,2024-11-06 16:00,5.7,44.0,18.0
ST_18,2024-11-06 17:00,21.5,75.4,21.5
ST_19,2024-11-06 18:00,12.8,59.4,6.6
ST_20,2024-11-06 19:00,8.0,34.2,2.5
ST_01,2024-11-06 20:00,18.1,50.5,5.7
ST_02,2024-11-06 21:00,18.7,67.0,25.6
ST_03,2024-11-06 22:00,2.1,79.9,25.9
ST_04,2024-11-06 23:00,29.9,84.0,7.4
ST_05,2024-11-07 00:00,34.7,34.2,6.6
ST_06,2024-11-07 01:00,26.5,60.2,24.3
ST_07,2024-11-07 02:00,25.3,67.3,17.1
ST_08,2024-11-07 03:00,5.2,70.5,9.9
ST_09,2024-11-07 04:00,22.6,34.0,19.6
ST_10,2024-11-07 05:00,14.1,61.8,3.1
ST_11,2024-11-07 06:00,22.0,89.0,17.5
ST_12,2024-11-07 07:00,7.4,35.6,0.7
ST_13,2024-11-07 08:00,13.1,66.9,20.9
ST_14,2024-11-07 09:00,9.4,32.4,24.9
ST_15,2024-11-07 10:00,6.8,43.2,9.4
ST_16,2024-11-07 11:00,10.3,39.3,4.8
ST_17,2024-11-07 12:00,4.6,38.3,1.1
ST_18,2024-11-07 13:00,21.7,66.0,29.4
ST_19,2024-11-07 14:00,13.4,44.7,18.0
ST_20,2024-11-07 15:00,26.0,41.7,25.7
ST_01,2024-11-07 16:00,8.3,72.9,17.2
ST_02,2024-11-07 17:00,23.3,35.8,22.4
ST_03,2024-11-07 18:00,16.0,43.2,22.4
ST_04,2024-11-07 19:00,32.2,63.6,25.8
ST_05,2024-11-07 20:00,4.6,44.0,29.1
ST_06,2024-11-07 21:00,6.5,81.5,28.4
ST_07,2024-11-07 22:00,37.2,74.2,26.0
ST_08,2024-11-07 23:00,4.7,88.2,8.9
ST_09,2024-11-08 00:00,4.2,62.1,6.0
ST_10,2024-11-08 01:00,31.3,86.4,0.8
ST_11,2024-11-08 02:00,14.0,53.0,26.2
ST_12,2024-11-08 03:00,14.1,87.5,7.8
ST_13,2024-11-08 04:00,9.0,32.3,18.5
ST_14,2024-11-08 05:00,9.4,56.3,5.9
ST_15,2024-11-08 06:00,15.8,68.1,15.0
ST_16,2024-11-08 07:00,12.5,46.2,28.7
ST_17,2024-11-08 08:00,9.7,79.2,11.7
ST_18,2024-11-08 09:00,-0.2,74.7,9.0
ST_19,2024-11-08 10:00,20.7,46.8,20.6
ST_20,2024-11-08 11:00,16.3,88.9,13.4
ST_01,2024-11-08 12:00,26.1,76.5,26.5
ST_02,2024-11-08 13:00,10.2,76.2,27.8
ST_03,2024-11-08 14:00,26.4,62.0,8.1
ST_04,2024-11-08 15:00,14.6,58.5,24.2
ST_05,2024-11-08 16:00,23.0,84.5,14.0
ST_06,2024-11-08 17:00,11.8,80.4,28.2
ST_07,2024-11-08 18:00,29.6,68.3,11.2
ST_08,2024-11-08 19:00,-5.3,44.1,26.0
ST_09,2024-11-08 20:00,21.0,77.6,11.3
ST_10,2024-11-08 21:00,36.9,32.4,16.2
ST_11,2024-11-08 22:00,23.0,46.3,14.4
ST_12,2024-11-08 23:00,25.6,84.1,4.2
ST_13,2024-11-09 00:00,3.6,70.2,23.4
ST_14,2024-11-09 01:00,10.9,50.3,27.2
ST_15,2024-11-09 02:00,12.7,61.6,16.5
ST_16,2024-11-09 03:00,17.1,67.0,11.5
ST_17,2024-11-09 04:00,21.1,47.4,14.5
ST_18,2024-11-09 05:00,4.4,68.7,8.9
ST_19,2024-11-09 06:00,-16.1,75.9,8.7
ST_20,2024-11-09 07:00,19.5,59.0,8.6
ST_01,2024-11-09 08:00,41.0,52.3,23.2
ST_02,2024-11-09 09:00,15.1,32.1,23.8
ST_03,2024-11-09 10:00,28.2,60.4,11.7
ST_04,2024-11-09 11:00,11.4,65.6,5.4
ST_05,2024-11-09 12:00,4.2,56.7,9.9
ST_06,2024-11-09 13:00,8.4,81.6,15.0
ST_07,2024-11-09 14:00,18.0,62.0,4.0
ST_08,2024-11-09 15:00,6.7,34.0,12.6
ST_09,2024-11-09 16:00,18.1,81.6,21.8
ST_10,2024-11-09 17:00,0.8,63.7,25.3
ST_11,2024-11-09 18:00,12.5,62.9,25.2
ST_12,2024-11-09 19:00,-1.6,54.9,28.2
ST_13,2024-11-09 20:00,14.3,45.4,3.1
ST_14,2024-11-09 21:00,-1.5,87.4,19.4
ST_15,2024-11-09 22:00,21.7,36.0,6.8
ST_16,2024-11-09 23:00,10.0,52.7,26.2
ST_17,2024-11-10 00:00,15.1,57.1,22.9
ST_18,2024-11-10 01:00,23.6,78.3,2.9
ST_19,2024-11-10 02:00,-1.7,81.0,2.0
ST_20,2024-11-10 03:00,7.1,74.2,5.4
ST_01,2024-11-10 04:00,24.3,69.0,13.8
ST_02,2024-11-10 05:00,21.2,53.3,10.8
ST_03,2024-11-10 06:00,11.6,39.2,10.0
ST_04,2024-11-10 07:00,34.7,64.6,5.7
ST_05,2024-11-10 08:00,18.2,67.6,6.7
ST_06,2024-11-10 09:00,20.0,44.7,19.1
ST_07,2024-11-10 10:00,11.2,31.8,26.9
ST_08,2024-11-10 11:00,27.3,84.4,13.0
ST_09,2024-11-10 12:00,14.5,55.9,10.1
ST_10,2024-11-10 13:00,17.3,41.6,0.7
ST_11,2024-11-10 14:00,-3.3,86.5,27.2
ST_12,2024-11-10 15:00,13.5,30.1,10.6
ST_13,2024-11-10 16:00,11.1,88.0,14.5
ST_14,2024-11-10 17:00,0.8,60.9,15.8
ST_15,2024-11-10 18:00,31.0,31.0,11.7
ST_16,2024-11-10 19:00,13.1,79.8,18.4
ST_17,2024-11-10 20:00,28.4,71.0,12.0
ST_18,2024-11-10 21:00,26.0,82.8,0.9
ST_19,2024-11-10 22:00,21.5,69.4,21.9
ST_20,2024-11-10 23:00,7.8,62.1,4.0
ST_01,2024-11-11 00:00,5.3,88.0,13.3
ST_02,2024-11-11 01:00,5.7,67.7,9.1
ST_03,2024-11-11 02:00,17.5,48.7,23.9
ST_04,2024-11-11 03:00,30.0,80.1,12.9
ST_05,2024-11-11 04:00,26.7,45.1,7.1
ST_06,2024-11-11 05:00,19.7,81.5,18.5
ST_07,2024-11-11 06:00,8.1,55.0,17.2
ST_08,2024-11-11 07:00,20.3,84.0,15.6
ST_09,2024-11-11 08:00,13.7,50.2,13.3
ST_10,2024-11-11 09:00,-6.0,79.3,13.8
ST_11,2024-11-11 10:00,1.9,62.3,1.7
ST_12,2024-11-11 11:00,1.2,40.5,5.3
ST_13,2024-11-11 12:00,26.8,33.3,6.5
ST_14,2024-11-11 13:00,10.5,68.9,27.1
ST_15,2024-11-11 14:00,13.5,44.6,12.0
ST_16,2024-11-11 15:00,18.4,66.7,14.3
ST_17,2024-11-11 16:00,16.1,42.7,2.5
ST_18,2024-11-11 17:00,13.6,64.4,18.7
ST_19,2024-11-11 18:00,20.0,74.2,27.8
ST_20,2024-11-11 19:00,0.0,61.7,3.3
ST_01,2024-11-11 20:00,8.8,88.9,26.9
ST_02,2024-11-11 21:00,25.7,53.7,19.0
ST_03,2024-11-11 22:00,5.5,32.6,18.1
ST_04,2024-11-11 23:00,7.8,67.9,19.3
ST_05,2024-11-12 00:00,21.6,45.4,11.6
ST_06,2024-11-12 01:00,22.0,54.0,18.0
ST_07,2024-11-12 02:00,11.5,55.0,10.6
ST_08,2024-11-12 03:00,-4.5,81.0,16.9
ST_09,2024-11-12 04:00,3.2,69.4,18.1
ST_10,2024-11-12 05:00,17.1,78.0,20.9
ST_11,2024-11-12 06:00,43.3,74.3,2.4
ST_12,2024-11-12 07:00,21.6,57.7,21.6
ST_13,2024-11-12 08:00,11.0,73.7,13.6
ST_14,2024-11-12 09:00,5.4,62.5,6.1
ST_15,2024-11-12 10:00,18.7,85.8,17.8
ST_16,2024-11-12 11:00,20.7,67.5,9.0
ST_17,2024-11-12 12:00,13.3,64.3,6.7
ST_18,2024-11-12 13:00,20.0,32.4,11.2
ST_19,2024-11-12 14:00,14.6,67.3,15.8
ST_20,2024-11-12 15:00,8.5,34.6,11.7
ST_01,2024-11-12 16:00,32.6,79.4,15.4
ST_02,2024-11-12 17:00,5.8,34.5,24.2
ST_03,2024-11-12 18:00,7.0,33.5,12.9
ST_04,2024-11-12 19:00,27.2,50.4,11.0
ST_05,2024-11-12 20:00,-6.7,37.6,10.3
ST_06,2024-11-12 21:00,4.0,74.6,18.5
ST_07,2024-11-12 22:00,22.3,30.9,24.1
ST_08,2024-11-12 23:00,12.7,57.2,29.0
ST_09,2024-11-13 00:00,37.7,83.8,25.9
ST_10,2024-11-13 01:00,5.0,58.1,14.7
ST_11,2024-11-13 02:00,14.9,73.5,7.2
ST_12,2024-11-13 03:00,-14.3,64.5,19.0
ST_13,2024-11-13 04:00,8.8,65.1,23.4
ST_14,2024-11-13 05:00,-3.6,48.0,23.5
ST_15,2024-11-13 06:00,21.8,70.8,26.7
ST_16,2024-11-13 07:00,3.7,83.0,20.8
ST_17,2024-11-13 08:00,4.1,34.3,17.1
ST_18,2024-11-13 09:00,11.4,74.4,17.6
ST_19,2024-11-13 10:00,-7.3,86.4,26.7
ST_20,2024-11-13 11:00,16.8,37.5,25.0
ST_01,2024-11-13 12:00,4.6,78.1,23.7
ST_02,2024-11-13 13:00,9.4,81.3,8.5
ST_03,2024-11-13 14:00,-2.2,70.9,1.9
ST_04,2024-11-13 15:00,17.6,55.5,19.1
ST_05,2024-11-13 16:00,3.5,48.2,19.5
ST_06,2024-11-13 17:00,8.9,50.3,2.4
ST_07,2024-11-13 18:00,6.4,88.4,29.5
ST_08,2024-11-13 19:00,21.6,86.0,27.3
ST_09,2024-11-13 20:00,26.5,37.1,29.8
ST_10,2024-11-13 21:00,-4.7,88.0,18.6
ST_11,2024-11-13 22:00,18.0,84.9,26.6
ST_12,2024-11-13 23:00,7.6,52.1,23.0
ST_13,2024-11-14 00:00,14.8,65.2,15.5
ST_14,2024-11-14 01:00,24.7,30.0,26.1
ST_15,2024-11-14 02:00,4.5,53.9,12.1
ST_16,2024-11-14 03:00,12.4,75.4,10.1
ST_17,2024-11-14 04:00,10.4,84.7,25.0
ST_18,2024-11-14 05:00,21.4,54.3,17.4
ST_19,2024-11-14 06:00,31.2,54.4,10.8
ST_20,2024-11-14 07:00,25.8,52.8,27.8
ST_01,2024-11-14 08:00,26.8,78.9,18.1
ST_02,2024-11-14 09:00,28.3,68.1,7.1
ST_03,2024-11-14 10:00,1.5,35.3,13.1
ST_04,2024-11-14 11:00,13.8,73.6,11.9
ST_05,2024-11-14 12:00,19.3,77.8,10.8
ST_06,2024-11-14 13:00,19.8,69.5,22.7
ST_07,2024-11-14 14:00,22.0,83.7,7.2
ST_08,2024-11-14 15:00,16.4,35.2,5.7
ST_09,2024-11-14 16:00,9.5,65.9,0.6
ST_10,2024-11-14 17:00,15.7,34.5,10.1
ST_11,2024-11-14 18:00,8.3,59.5,5.1
ST_12,2024-11-14 19:00,-0.3,82.4,28.0
ST_13,2024-11-14 20:00,2.9,44.7,26.6
ST_14,2024-11-14 21:00,21.2,82.7,0.1
ST_15,2024-11-14 22:00,-16.4,33.8,24.7
ST_16,2024-11-14 23:00,9.5,66.3,24.0
ST_17,2024-11-15 00:00,7.0,84.0,5.0
ST_18,2024-11-15 01:00,22.5,59.0,27.7
ST_19,2024-11-15 02:00,34.3,60.1,4.3
ST_20,2024-11-15 03:00,18.7,56.7,15.3
ST_01,2024-11-15 04:00,19.1,82.2,25.4
ST_02,2024-11-15 05:00,13.6,54.3,15.7
ST_03,2024-11-15 06:00,15.2,88.9,10.6
ST_04,2024-11-15 07:00,28.2,37.3,14.3
ST_05,2024-11-15 08:00,26.5,45.3,13.1
ST_06,2024-11-15 09:00,29.3,81.0,11.1
ST_07,2024-11-15 10:00,30.1,78.8,15.2
ST_08,2024-11-15 11:00,-3.3,84.1,28.4
ST_09,2024-11-15 12:00,11.5,67.0,15.8
ST_10,2024-11-15 13:00,23.2,80.0,12.2
ST_11,2024-11-15 14:00,24.2,63.3,6.9
ST_12,2024-11-15 15:00,-16.0,43.2,0.4
ST_13,2024-11-15 16:00,-6.8,43.1,8.2
ST_14,2024-11-15 17:00,12.6,67.8,24.9
ST_15,2024-11-15 18:00,8.2,47.2,2.1
ST_16,2024-11-15 19:00,-0.7,85.7,24.1
ST_17,2024-11-15 20:00,-6.2,85.8,1.5
ST_18,2024-11-15 21:00,34.3,35.1,25.7
ST_19,2024-11-15 22:00,25.9,49.2,25.9
ST_20,2024-11-15 23:00,13.0,76.8,21.5
ST_01,2024-11-16 00:00,17.4,41.3,16.2
ST_02,2024-11-16 01:00,13.6,55.5,21.0
ST_03,2024-11-16 02:00,5.1,86.3,23.7
ST_04,2024-11-16 03:00,12.3,41.8,17.1
ST_05,2024-11-16 04:00,31.9,56.1,7.3
ST_06,2024-11-16 05:00,7.7,83.4,12.9
ST_07,2024-11-16 06:00,32.0,60.2,29.4
ST_08,2024-11-16 07:00,14.6,78.2,27.6
ST_09,2024-11-16 08:00,31.6,58.1,4.6
ST_10,2024-11-16 09:00,27.9,60.4,3.6
ST_11,2024-11-16 10:00,13.2,85.4,3.9
ST_12,2024-11-16 11:00,10.3,55.2,11.8
ST_13,2024-11-16 12:00,14.9,48.8,2.6
ST_14,2024-11-16 13:00,20.2,61.5,27.6
ST_15,2024-11-16 14:00,-1.7,34.3,13.8
ST_16,2024-11-16 15:00,9.6,55.7,26.2
ST_17,2024-11-16 16:00,12.0,44.2,15.6
ST_18,2024-11-16 17:00,4.1,75.4,12.2
ST_19,2024-11-16 18:00,14.8,48.2,2.0
ST_20,2024-11-16 19:00,25.7,31.5,23.0
ST_01,2024-11-16 20:00,24.6,69.4,18.1
ST_02,2024-11-16 21:00,19.9,39.2,23.3
ST_03,2024-11-16 22:00,22.2,42.9,19.7
ST_04,2024-11-16 23:00,10.8,37.6,26.3
ST_05,2024-11-17 00:00,16.9,75.2,23.7
ST_06,2024-11-17 01:00,21.3,56.1,29.1
ST_07,2024-11-17 02:00,28.2,59.7,10.7
ST_08,2024-11-17 03:00,10.0,52.6,29.1
ST_09,2024-11-17 04:00,24.1,59.7,19.5
ST_10,2024-11-17 05:00,24.5,33.5,7.2
ST_11,2024-11-17 06:00,20.1,69.3,10.2
ST_12,2024-11-17 07:00,24.2,31.5,8.7
ST_13,2024-11-17 08:00,45,42.1,20.1
ST_14,2024-11-17 09:00,42.2,33.2,16.3
ST_15,2024-11-17 10:00,27.2,34.1,24.6
ST_16,2024-11-17 11:00,-0.3,72.0,9.4
ST_17,2024-11-17 12:00,18.2,68.7,15.4
ST_18,2024-11-17 13:00,21.9,84.7,28.9
ST_19,2024-11-17 14:00,26.0,78.7,13.2
ST_20,2024-11-17 15:00,19.5,83.8,18.4
ST_01,2024-11-17 16:00,20.4,81.8,8.1
ST_02,2024-11-17 17:00,24.3,42.9,17.5
ST_03,2024-11-17 18:00,17.1,30.6,4.7
ST_04,2024-11-17 19:00,11.2,63.4,21.0
ST_05,2024-11-17 20:00,6.2,31.1,22.6
ST_06,2024-11-17 21:00,23.8,83.1,9.9
ST_07,2024-11-17 22:00,28.8,69.4,8.6
ST_08,2024-11-17 23:00,0.5,43.0,16.9
ST_09,2024-11-18 00:00,27.1,66.0,8.1
ST_10,2024-11-18 01:00,24.4,36.0,3.7
ST_11,2024-11-18 02:00,7.4,83.9,2.8
ST_12,2024-11-18 03:00,-10.1,47.3,13.4
ST_13,2024-11-18 04:00,30.5,48.0,29.6
ST_14,2024-11-18 05:00,36.2,36.9,11.8
ST_15,2024-11-18 06:00,21.2,73.9,11.1
ST_16,2024-11-18 07:00,31.9,41.9,11.0
ST_17,2024-11-18 08:00,16.2,88.1,10.4
ST_18,2024-11-18 09:00,18.3,82.1,26.0
ST_19,2024-11-18 10:00,14.8,31.4,29.9
ST_20,2024-11-18 11:00,2.5,54.3,19.0
ST_01,2024-11-18 12:00,25.7,47.6,15.3
ST_02,2024-11-18 13:00,32.5,77.9,15.8
ST_03,2024-11-18 14:00,16.6,31.5,11.5
ST_04,2024-11-18 15:00,18.6,38.1,7.6
ST_05,2024-11-18 16:00,35.2,60.1,29.4
ST_06,2024-11-18 17:00,9.3,35.7,0.9
ST_07,2024-11-18 18:00,14.3,57.6,10.0
ST_08,2024-11-18 19:00,34.9,56.3,1.6
ST_09,2024-11-18 20:00,6.9,34.2,13.0
ST_10,2024-11-18 21:00,16.4,48.0,6.8
ST_11,2024-11-18 22:00,15.8,68.5,5.5
ST_12,2024-11-18 23:00,12.4,56.7,21.8
ST_13,2024-11-19 00:00,30.3,33.7,2.0
ST_14,2024-11-19 01:00,16.5,59.3,11.3
ST_15,2024-11-19 02:00,32.9,38.4,24.2
ST_16,2024-11-19 03:00,12.5,69.2,8.0
ST_17,2024-11-19 04:00,7.2,31.6,20.3
ST_18,2024-11-19 05:00,15.3,79.7,9.7
ST_19,2024-11-19 06:00,12.8,39.1,10.7
ST_20,2024-11-19 07:00,14.8,62.8,26.6
ST_01,2024-11-19 08:00,20.4,58.1,28.9
ST_02,2024-11-19 09:00,-0.9,69.2,3.1
ST_03,2024-11-19 10:00,-4.0,34.7,26.5
ST_04,2024-11-19 11:00,40.3,58.6,14.8
ST_05,2024-11-19 12:00,12.5,48.8,23.7
ST_06,2024-11-19 13:00,13.9,88.6,0.7
ST_07,2024-11-19 14:00,10.6,88.7,7.4
ST_08,2024-11-19 15:00,11.9,38.2,9.1
ST_09,2024-11-19 16:00,6.6,70.1,9.2
ST_10,2024-11-19 17:00,13.9,79.5,28.6
ST_11,2024-11-19 18:00,24.2,69.5,26.7
ST_12,2024-11-19 19:00,12.1,54.8,16.7
ST_13,2024-11-19 20:00,16.2,30.7,27.6
ST_14,2024-11-19 21:00,15.9,73.7,3.2
ST_15,2024-11-19 22:00,2.1,66.4,8.4
ST_16,2024-11-19 23:00,20.4,85.0,25.2
ST_17,2024-11-20 00:00,18.9,64.9,23.5
ST_18,2024-11-20 01:00,18.4,35.9,26.8
ST_19,2024-11-20 02:00,-10.5,66.2,0.0
ST_20,2024-11-20 03:00,9.9,31.8,8.8
ST_01,2024-11-20 04:00,17.8,87.8,3.1
ST_02,2024-11-20 05:00,21.5,78.0,14.0
ST_03,2024-11-20 06:00,8.3,34.4,4.0
ST_04,2024-11-20 07:00,9.3,49.8,3.6
ST_05,2024-11-20 08:00,17.0,38.3,20.9
ST_06,2024-11-20 09:00,2.8,45.6,9.7
ST_07,2024-11-20 10:00,18.6,31.1,2.8
ST_08,2024-11-20 11:00,15.5,75.8,15.1
ST_09,2024-11-20 12:00,11.0,30.8,21.3
ST_10,2024-11-20 13:00,26.3,90.0,26.8
ST_11,2024-11-20 14:00,45,81.7,28.3
ST_12,2024-11-20 15:00,9.9,66.4,22.3
ST_13,2024-11-20 16:00,11.9,37.4,17.0
ST_14,2024-11-20 17:00,26.2,82.3,25.5
ST_15,2024-11-20 18:00,9.1,62.4,9.6
ST_16,2024-11-20 19:00,21.0,75.2,15.5
ST_17,2024-11-20 20:00,8.0,34.7,28.0
ST_18,2024-11-20 21:00,10.5,71.9,21.5
ST_19,2024-11-20 22:00,17.1,70.1,9.8
ST_20,2024-11-20 23:00,9.3,33.0,23.0
ST_01,2024-11-21 00:00,4.2,44.6,27.5
ST_02,2024-11-21 01:00,15.8,50.2,17.4
ST_03,2024-11-21 02:00,11.2,60.3,11.1
ST_04,2024-11-21 03:00,22.6,59.4,26.1
ST_05,2024-11-21 04:00,31.0,77.7,5.6
ST_06,2024-11-21 05:00,7.1,48.1,19.5
ST_07,2024-11-21 06:00,6.5,61.6,23.9
ST_08,2024-11-21 07:00,29.0,43.5,28.7
ST_09,2024-11-21 08:00,8.2,63.3,20.0
ST_10,2024-11-21 09:00,17.1,49.6,21.7
ST_11,2024-11-21 10:00,23.8,53.4,14.2
ST_12,2024-11-21 11:00,1.9,72.7,19.1
ST_13,2024-11-21 12:00,20.8,41.6,17.4
ST_14,2024-11-21 13:00,5.9,87.0,29.1
ST_15,2024-11-21 14:00,8.7,34.8,8.7
ST_16,2024-11-21 15:00,-2.7,78.3,4.2
ST_17,2024-11-21 16:00,8.6,69.3,22.7
ST_18,2024-11-21 17:00,1.3,76.8,2.6
ST_19,2024-11-21 18:00,11.7,58.0,25.4
ST_20,2024-11-21 19:00,7.8,47.1,12.6
ST_01,2024-11-21 20:00,-9.8,84.2,16.8
ST_02,2024-11-21 21:00,22.6,62.2,18.0
ST_03,2024-11-21 22:00,3.2,62.7,10.4
ST_04,2024-11-21 23:00,15.3,35.2,16.4
ST_05,2024-11-22 00:00,20.9,31.5,20.8
ST_06,2024-11-22 01:00,19.7,57.1,3.7
ST_07,2024-11-22 02:00,-3.7,55.1,21.9
ST_08,2024-11-22 03:00,14.1,41.1,17.1
ST_09,2024-11-22 04:00,13.1,61.6,23.1
ST_10,2024-11-22 05:00,16.3,60.1,12.8
ST_11,2024-11-22 06:00,9.9,44.3,0.3
ST_12,2024-11-22 07:00,26.1,83.3,5.9
ST_13,2024-11-22 08:00,16.2,87.5,3.0
ST_14,2024-11-22 09:00,9.9,75.8,22.2
ST_15,2024-11-22 10:00,27.2,69.2,10.8
ST_16,2024-11-22 11:00,19.5,58.7,23.4
ST_17,2024-11-22 12:00,18.8,32.4,14.8
ST_18,2024-11-22 13:00,23.0,39.0,15.5
ST_19,2024-11-22 14:00,9.6,84.7,1.3
ST_20,2024-11-22 15:00,16.0,59.1,16.4
ST_01,2024-11-22 16:00,3.5,53.3,4.7
ST_02,2024-11-22 17:00,19.8,64.3,26.5
ST_03,2024-11-22 18:00,11.7,63.2,29.5
ST_04,2024-11-22 19:00,15.6,44.5,26.9
ST_05,2024-11-22 20:00,35.8,68.8,10.8
ST_06,2024-11-22 21:00,8.4,66.8,8.8
ST_07,2024-11-22 22:00,16.8,41.3,14.7
ST_08,2024-11-22 23:00,29.7,65.6,9.4
ST_09,2024-11-23 00:00,11.9,81.3,7.9
ST_10,2024-11-23 01:00,20.0,35.4,16.5
ST_11,2024-11-23 02:00,23.1,34.7,26.2
ST_12,2024-11-23 03:00,6.7,38.3,16.9
ST_13,2024-11-23 04:00,23.4,41.5,0.9
ST_14,2024-11-23 05:00,10.5,53.6,26.9
ST_15,2024-11-23 06:00,23.5,32.0,7.1
ST_16,2024-11-23 07:00,23.9,37.7,6.9
ST_17,2024-11-23 08:00,3.3,57.7,27.0
ST_18,2024-11-23 09:00,-2.0,83.1,10.9
ST_19,2024-11-23 10:00,20.0,31.2,26.7
ST_20,2024-11-23 11:00,4.7,76.3,28.2
ST_01,2024-11-23 12:00,11.2,48.1,5.6
ST_02,2024-11-23 13:00,7.9,81.7,7.9
ST_03,2024-11-23 14:00,-11.3,49.2,11.2
ST_04,2024-11-23 15:00,27.2,35.1,14.2
ST_05,2024-11-23 16:00,14.4,77.0,22.7
ST_06,2024-11-23 17:00,9.2,35.1,2.7
ST_07,2024-11-23 18:00,24.2,65.7,4.2
ST_08,2024-11-23 19:00,29.4,71.0,4.8
ST_09,2024-11-23 20:00,29.9,50.0,5.1
ST_10,2024-11-23 21:00,17.6,53.6,7.4
ST_11,2024-11-23 22:00,4.9,58.0,19.0
ST_12,2024-11-23 23:00,-3.0,73.7,6.3
ST_13,2024-11-24 00:00,19.9,47.2,27.8
ST_14,2024-11-24 01:00,12.5,31.3,3.7
ST_15,2024-11-24 02:00,19.6,85.5,28.6
ST_16,2024-11-24 03:00,26.1,45.3,2.0
ST_17,2024-11-24 04:00,5.2,86.6,4.6
ST_18,2024-11-24 05:00,38.8,34.9,17.7
ST_19,2024-11-24 06:00,19.1,39.5,4.0
ST_20,2024-11-24 07:00,17.1,78.2,17.9
ST_01,2024-11-24 08:00,13.6,31.9,3.1
ST_02,2024-11-24 09:00,12.5,32.8,18.9
ST_03,2024-11-24 10:00,29.8,67.2,22.1
ST_04,2024-11-24 11:00,12.3,83.9,17.1
ST_05,2024-11-24 12:00,0.9,69.7,28.8
ST_06,2024-11-24 13:00,14.5,85.4,13.9
ST_07,2024-11-24 14:00,8.9,45.0,5.8
ST_08,2024-11-24 15:00,26.0,77.2,19.0
ST_09,2024-11-24 16:00,6.9,85.7,8.5
ST_10,2024-11-24 17:00,9.5,61.3,23.6
ST_11,2024-11-24 18:00,17.1,87.0,9.0
ST_12,2024-11-24 19:00,16.7,31.4,23.7
ST_13,2024-11-24 20:00,13.2,34.6,16.8
ST_14,2024-11-24 21:00,22.4,31.9,20.3
ST_15,2024-11-24 22:00,4.8,31.9,0.4
ST_16,2024-11-24 23:00,19.2,71.6,13.9
ST_17,2024-11-25 00:00,13.6,37.3,11.7
ST_18,2024-11-25 01:00,13.5,74.7,16.2
ST_19,2024-11-25 02:00,-1.8,55.4,8.5
ST_20,2024-11-25 03:00,13.7,84.7,6.9
ST_01,2024-11-25 04:00,18.7,70.8,18.1
ST_02,2024-11-25 05:00,26.0,63.5,25.6
ST_03,2024-11-25 06:00,25.7,52.8,19.1
ST_04,2024-11-25 07:00,23.3,33.1,2.4
ST_05,2024-11-25 08:00,13.1,37.3,12.4
ST_06,2024-11-25 09:00,7.0,82.8,24.1
ST_07,2024-11-25 10:00,4.0,51.7,1.5
ST_08,2024-11-25 11:00,5.8,81.2,27.5
ST_09,2024-11-25 12:00,28.7,38.7,15.8
ST_10,2024-11-25 13:00,17.8,88.5,23.1
ST_11,2024-11-25 14:00,-20,32.9,24.7
ST_12,2024-11-25 15:00,21.2,70.3,16.7
ST_13,2024-11-25 16:00,14.8,30.7,3.8
ST_14,2024-11-25 17:00,6.7,67.6,21.2
ST_15,2024-11-25 18:00,28.9,42.7,13.7
ST_16,2024-11-25 19:00,9.4,68.9,24.3
ST_17,2024-11-25 20:00,10.3,87.8,18.4
ST_18,2024-11-25 21:00,11.8,55.2,2.2
ST_19,2024-11-25 22:00,20.5,85.7,24.9
ST_20,2024-11-25 23:00,12.5,59.5,22.2
ST_01,2024-11-26 00:00,-0.8,33.3,6.8
ST_02,2024-11-26 01:00,17.8,71.9,13.9
ST_03,2024-11-26 02:00,11.3,38.2,21.6
ST_04,2024-11-26 03:00,8.1,67.0,3.2
ST_05,2024-11-26 04:00,16.9,77.5,19.9
ST_06,2024-11-26 05:00,8.2,65.8,19.4
ST_07,2024-11-26 06:00,30.2,86.0,21.2
ST_08,2024-11-26 07:00,2.8,49.1,10.8
ST_09,2024-11-26 08:00,4.8,30.2,24.2
ST_10,2024-11-26 09:00,16.5,33.5,9.8
ST_11,2024-11-26 10:00,23.5,66.7,2.4
ST_12,2024-11-26 11:00,1.8,77.4,3.7
ST_13,2024-11-26 12:00,-0.9,40.5,19.2
ST_14,2024-11-26 13:00,12.3,55.7,29.9
ST_15,2024-11-26 14:00,10.9,74.1,0.1
ST_16,2024-11-26 15:00,19.4,42.6,24.3
ST_17,2024-11-26 16:00,9.0,64.8,18.2
ST_18,2024-11-26 17:00,10.1,79.9,26.6
ST_19,2024-11-26 18:00,18.8,65.3,13.8
ST_20,2024-11-26 19:00,25.5,77.8,25.9
ST_01,2024-11-26 20:00,25.7,88.8,26.8
ST_02,2024-11-26 21:00,7.0,43.9,29.7
ST_03,2024-11-26 22:00,16.9,73.6,2.4
ST_04,2024-11-26 23:00,26.7,31.5,29.9
ST_05,2024-11-27 00:00,18.2,56.6,12.1
ST_06,2024-11-27 01:00,25.0,39.4,27.0
ST_07,2024-11-27 02:00,17.9,47.7,25.7
ST_08,2024-11-27 03:00,45,71.1,29.6
ST_09,2024-11-27 04:00,5.9,42.9,17.0
ST_10,2024-11-27 05:00,-8.7,77.0,26.5
ST_11,2024-11-27 06:00,28.3,48.6,4.1
ST_12,2024-11-27 07:00,11.9,67.5,27.0
ST_13,2024-11-27 08:00,32.0,47.6,13.4
ST_14,2024-11-27 09:00,13.7,51.7,29.5
ST_15,2024-11-27 10:00,3.8,62.4,14.5
ST_16,2024-11-27 11:00,29.6,35.0,29.6
ST_17,2024-11-27 12:00,16.5,37.9,7.0
ST_18,2024-11-27 13:00,25.4,46.7,8.0
ST_19,2024-11-27 14:00,1.4,54.7,15.5
ST_20,2024-11-27 15:00,10.3,32.7,13.3
ST_01,2024-11-27 16:00,11.2,64.0,27.6
ST_02,2024-11-27 17:00,14.9,72.6,24.1
ST_03,2024-11-27 18:00,16.0,58.2,22.4
ST_04,2024-11-27 19:00,12.1,41.8,14.5
ST_05,2024-11-27 20:00,33.7,84.6,4.6
ST_06,2024-11-27 21:00,23.5,71.8,14.4
ST_07,2024-11-27 22:00,1.1,68.5,27.6
ST_08,2024-11-27 23:00,17.0,46.9,25.1
ST_09,2024-11-28 00:00,9.7,50.0,13.1
ST_10,2024-11-28 01:00,25.5,36.5,5.1
ST_11,2024-11-28 02:00,6.3,40.9,29.8
ST_12,2024-11-28 03:00,4.4,64.9,3.5
ST_13,2024-11-28 04:00,11.4,61.1,7.3
ST_14,2024-11-28 05:00,33.0,69.2,6.4
ST_15,2024-11-28 06:00,12.4,51.6,21.8
ST_16,2024-11-28 07:00,13.1,73.7,15.2
ST_17,2024-11-28 08:00,26.1,65.3,27.8
ST_18,2024-11-28 09:00,18.0,78.2,12.9
ST_19,2024-11-28 10:00,16.4,36.5,29.8
ST_20,2024-11-28 11:00,24.1,49.6,13.7
ST_01,2024-11-28 12:00,12.3,34.7,10.0
ST_02,2024-11-28 13:00,13.6,69.3,1.4
ST_03,2024-11-28 14:00,9.6,67.3,26.2
ST_04,2024-11-28 15:00,15.9,75.3,10.5
ST_05,2024-11-28 16:00,16.1,84.8,20.9
ST_06,2024-11-28 17:00,18.7,51.3,16.4
ST_07,2024-11-28 18:00,6.5,60.8,0.4
ST_08,2024-11-28 19:00,-1.8,57.6,10.4
ST_09,2024-11-28 20:00,33.5,32.5,29.8
ST_10,2024-11-28 21:00,-9.6,52.4,15.9
ST_11,2024-11-28 22:00,16.7,39.8,10.7
ST_12,2024-11-28 23:00,14.1,71.8,27.5
ST_13,2024-11-29 00:00,15.0,54.8,22.5
ST_14,2024-11-29 01:00,12.0,73.0,8.3
ST_15,2024-11-29 02:00,6.3,51.4,14.9
ST_16,2024-11-29 03:00,2.0,37.6,5.4
ST_17,2024-11-29 04:00,19.0,48.9,27.2
ST_18,2024-11-29 05:00,8.4,58.0,16.1
ST_19,2024-11-29 06:00,-7.6,61.9,12.3
ST_20,2024-11-29 07:00,45,82.3,7.7
ST_01,2024-11-29 08:00,4.6,82.4,25.3
ST_02,2024-11-29 09:00,32.4,74.3,0.4
ST_03,2024-11-29 10:00,26.5,32.4,17.8
ST_04,2024-11-29 11:00,29.9,82.0,14.0
ST_05,2024-11-29 12:00,30.6,65.9,4.1
ST_06,2024-11-29 13:00,19.8,46.7,12.0
ST_07,2024-11-29 14:00,26.0,75.1,13.0
ST_08,2024-11-29 15:00,1.0,82.9,24.2
ST_09,2024-11-29 16:00,20.7,83.6,26.2
ST_10,2024-11-29 17:00,1.2,78.5,6.7
ST_11,2024-11-29 18:00,22.3,58.0,10.1
ST_12,2024-11-29 19:00,20.5,31.1,22.2
ST_13,2024-11-29 20:00,0.9,85.0,4.6
ST_14,2024-11-29 21:00,-0.2,86.3,3.7
ST_15,2024-11-29 22:00,0.1,74.1,9.3
ST_16,2024-11-29 23:00,16.5,68.4,7.8
ST_17,2024-11-30 00:00,11.2,71.7,29.5
ST_18,2024-11-30 01:00,15.9,79.4,8.7
ST_19,2024-11-30 02:00,34.3,42.3,7.2
ST_20,2024-11-30 03:00,9.8,89.2,2.7
ST_01,2024-11-30 04:00,-14.7,53.2,8.0
ST_02,2024-11-30 05:00,17.9,51.5,28.7
ST_03,2024-11-30 06:00,-5.3,36.0,17.7
ST_04,2024-11-30 07:00,15.1,78.9,10.8
ST_05,2024-11-30 08:00,32.5,61.2,18.2
ST_06,2024-11-30 09:00,15.4,70.1,16.0
ST_07,2024-11-30 10:00,18.5,72.6,24.7
ST_08,2024-11-30 11:00,24.3,31.9,29.9
ST_09,2024-11-30 12:00,7.4,66.2,20.3
ST_10,2024-11-30 13:00,30.5,67.1,11.9
ST_11,2024-11-30 14:00,20.1,88.5,15.9
ST_12,2024-11-30 15:00,17.0,45.9,12.9
ST_13,2024-11-30 16:00,29.8,46.1,17.3
ST_14,2024-11-30 17:00,14.9,73.8,11.5
ST_15,2024-11-30 18:00,16.9,38.3,15.0
ST_16,2024-11-30 19:00,1.7,90.0,9.5
ST_17,2024-11-30 20:00,26.3,55.6,17.3
ST_18,2024-11-30 21:00,-6.7,62.1,10.1
ST_19,2024-11-30 22:00,11.8,85.9,11.5
ST_20,2024-11-30 23:00,27.1,33.5,8.3
ST_01,2024-12-01 00:00,19.7,59.7,1.6
ST_02,2024-12-01 01:00,15.3,48.9,23.2
ST_03,2024-12-01 02:00,25.2,77.3,15.1
ST_04,2024-12-01 03:00,14.1,61.6,21.9
ST_05,2024-12-01 04:00,1.4,67.8,28.1
ST_06,2024-12-01 05:00,12.4,59.8,18.0
ST_07,2024-12-01 06:00,21.1,72.0,29.4
ST_08,2024-12-01 07:00,7.8,56.2,5.2
ST_09,2024-12-01 08:00,9.0,53.8,28.8
ST_10,2024-12-01 09:00,1.5,73.2,13.1
ST_11,2024-12-01 10:00,24.4,72.1,29.3
ST_12,2024-12-01 11:00,6.7,80.2,26.5
ST_13,2024-12-01 12:00,18.1,73.7,12.3
ST_14,2024-12-01 13:00,13.3,86.7,26.0
ST_15,2024-12-01 14:00,7.4,51.5,28.1
ST_16,2024-12-01 15:00,23.7,87.7,25.4
ST_17,2024-12-01 16:00,-12.8,43.3,12.2
ST_18,2024-12-01 17:00,17.0,38.8,11.9
ST_19,2024-12-01 18:00,6.1,86.8,11.4
ST_20,2024-12-01 19:00,5.0,87.1,5.2
ST_01,2024-12-01 20:00,20.5,36.3,16.8
ST_02,2024-12-01 21:00,11.3,84.2,1.7
ST_03,2024-12-01 22:00,8.0,57.8,8.1
ST_04,2024-12-01 23:00,38.3,55.1,24.6
ST_05,2024-12-02 00:00,7.2,48.0,25.2
ST_06,2024-12-02 01:00,-1.9,63.1,8.1
ST_07,2024-12-02 02:00,15.7,74.3,23.0
ST_08,2024-12-02 03:00,15.4,76.9,2.1
ST_09,2024-12-02 04:00,3.2,55.2,0.6
ST_10,2024-12-02 05:00,19.0,83.4,25.7
ST_11,2024-12-02 06:00,24.1,88.6,8.4
ST_12,2024-12-02 07:00,21.1,66.7,12.9
ST_13,2024-12-02 08:00,9.8,52.1,2.7
ST_14,2024-12-02 09:00,20.9,38.9,16.7
ST_15,2024-12-02 10:00,18.2,46.7,21.6
ST_16,2024-12-02 11:00,13.9,58.6,0.9
ST_17,2024-12-02 12:00,22.9,45.3,6.8
ST_18,2024-12-02 13:00,8.6,52.0,24.8
ST_19,2024-12-02 14:00,0.7,50.7,17.4
ST_20,2024-12-02 15:00,4.3,88.6,15.4
ST_01,2024-12-02 16:00,22.0,56.9,2.9
ST_02,2024-12-02 17:00,17.4,80.4,15.2
ST_03,2024-12-02 18:00,23.9,43.4,3.5
ST_04,2024-12-02 19:00,15.6,77.9,29.6
ST_05,2024-12-02 20:00,16.9,52.3,7.8
ST_06,2024-12-02 21:00,32.4,74.6,7.0
ST_07,2024-12-02 22:00,7.4,77.1,15.0
ST_08,2024-12-02 23:00,-1.8,51.3,16.1
ST_09,2024-12-03 00:00,30.9,89.8,29.2
ST_10,2024-12-03 01:00,-15.5,76.0,16.4
ST_11,2024-12-03 02:00,17.2,42.8,8.3
ST_12,2024-12-03 03:00,14.3,59.9,9.3
ST_13,2024-12-03 04:00,20.7,58.3,29.9
ST_14,2024-12-03 05:00,33.8,71.5,11.8
ST_15,2024-12-03 06:00,-10.0,66.4,6.2
ST_16,2024-12-03 07:00,-5.2,44.6,8.4
ST_17,2024-12-03 08:00,12.1,38.5,16.9
ST_18,2024-12-03 09:00,35.5,63.4,26.1
ST_19,2024-12-03 10:00,12.0,41.3,25.7
ST_20,2024-12-03 11:00,31.0,78.5,5.5
ST_01,2024-12-03 12:00,14.3,51.4,19.9
ST_02,2024-12-03 13:00,14.8,64.2,23.4
ST_03,2024-12-03 14:00,33.5,52.8,14.1
ST_04,2024-12-03 15:00,25.8,47.5,24.6
ST_05,2024-12-03 16:00,12.9,41.1,1.4
ST_06,2024-12-03 17:00,-0.5,74.4,6.0
ST_07,2024-12-03 18:00,19.9,79.6,19.6
ST_08,2024-12-03 19:00,22.6,55.4,20.9
ST_09,2024-12-03 20:00,13.3,83.2,15.1
ST_10,2024-12-03 21:00,21.1,79.9,13.0
ST_11,2024-12-03 22:00,25.1,89.1,3.6
ST_12,2024-12-03 23:00,37.9,80.1,0.4
ST_13,2024-12-04 00:00,6.6,51.3,20.5
ST_14,2024-12-04 01:00,15.8,83.8,25.1
ST_15,2024-12-04 02:00,13.0,54.3,15.1
ST_16,2024-12-04 03:00,13.9,68.1,28.6
ST_17,2024-12-04 04:00,15.2,30.7,5.5
ST_18,2024-12-04 05:00,15.1,74.1,11.8
ST_19,2024-12-04 06:00,7.9,56.9,27.6
ST_20,2024-12-04 07:00,29.7,63.1,9.3
ST_01,2024-12-04 08:00,12.3,64.2,23.2
ST_02,2024-12-04 09:00,28.7,86.5,11.8
ST_03,2024-12-04 10:00,12.3,89.4,3.1
ST_04,2024-12-04 11:00,18.5,38.9,9.8
ST_05,2024-12-04 12:00,20.0,66.7,28.7
ST_06,2024-12-04 13:00,6.6,81.1,1.0
ST_07,2024-12-04 14:00,26.0,79.3,19.9
ST_08,2024-12-04 15:00,18.5,84.6,12.8
ST_09,2024-12-04 16:00,11.3,80.0,2.7
ST_10,2024-12-04 17:00,12.8,80.0,6.1
ST_11,2024-12-04 18:00,9.2,33.5,2.5
ST_12,2024-12-04 19:00,13.5,41.3,20.4
ST_13,2024-12-04 20:00,22.6,86.8,26.8
ST_14,2024-12-04 21:00,13.1,89.1,29.9
ST_15,2024-12-04 22:00,23.6,43.6,6.5
ST_16,2024-12-04 23:00,10.4,76.0,26.4
ST_17,2024-12-05 00:00,28.1,86.4,24.1
ST_18,2024-12-05 01:00,11.8,43.5,18.0
ST_19,2024-12-05 02:00,18.3,69.5,4.1
ST_20,2024-12-05 03:00,31.5,75.5,22.9
ST_01,2024-12-05 04:00,20.1,59.6,19.5
ST_02,2024-12-05 05:00,22.9,42.9,7.4
ST_03,2024-12-05 06:00,14.6,85.2,24.3
ST_04,2024-12-05 07:00,12.1,56.0,28.7
ST_05,2024-12-05 08:00,18.2,74.2,4.3
ST_06,2024-12-05 09:00,30.4,55.6,29.3
ST_07,2024-12-05 10:00,24.0,59.0,16.7
ST_08,2024-12-05 11:00,34.9,40.0,7.7
ST_09,2024-12-05 12:00,21.0,64.6,24.5
ST_10,2024-12-05 13:00,15.5,38.4,24.5
ST_11,2024-12-05 14:00,25.1,47.6,5.2
ST_12,2024-12-05 15:00,29.8,79.9,10.8
ST_13,2024-12-05 16:00,41.6,81.6,18.4
ST_14,2024-12-05 17:00,21.4,54.6,5.9
ST_15,2024-12-05 18:00,3.5,47.5,10.7
ST_16,2024-12-05 19:00,16.6,80.3,14.0
ST_17,2024-12-05 20:00,8.4,83.8,20.0
ST_18,2024-12-05 21:00,26.6,54.9,25.2
ST_19,2024-12-05 22:00,9.2,70.8,2.4
ST_20,2024-12-05 23:00,16.9,42.4,11.5
ST_01,2024-12-06 00:00,15.8,63.3,12.2
ST_02,2024-12-06 01:00,25.6,58.0,6.7
ST_03,2024-12-06 02:00,0.5,52.0,14.1
ST_04,2024-12-06 03:00,34.5,64.0,19.5
ST_05,2024-12-06 04:00,6.5,76.4,21.6
ST_06,2024-12-06 05:00,-5.3,48.7,28.0
ST_07,2024-12-06 06:00,20.7,54.2,25.6
ST_08,2024-12-06 07:00,16.5,68.0,29.7
ST_09,2024-12-06 08:00,28.3,34.5,9.0
ST_10,2024-12-06 09:00,15.9,38.6,9.0
ST_11,2024-12-06 10:00,31.5,31.9,26.7
ST_12,2024-12-06 11:00,2.7,30.2,24.8
ST_13,2024-12-06 12:00,7.9,59.6,22.0
ST_14,2024-12-06 13:00,31.8,58.0,3.5
ST_15,2024-12-06 14:00,10.9,65.1,28.0
ST_16,2024-12-06 15:00,15.0,53.8,11.7
ST_17,2024-12-06 16:00,17.8,50.1,21.4
ST_18,2024-12-06 17:00,29.0,42.5,25.6
ST_19,2024-12-06 18:00,15.7,73.9,10.3
ST_20,2024-12-06 19:00,25.2,66.6,10.6
ST_01,2024-12-06 20:00,14.3,57.6,8.5
ST_02,2024-12-06 21:00,-2.6,88.2,23.9
ST_03,2024-12-06 22:00,11.4,35.7,9.1
ST_04,2024-12-06 23:00,14.9,56.2,10.7
ST_05,2024-12-07 00:00,32.2,68.1,4.6
ST_06,2024-12-07 01:00,14.9,60.1,24.8
ST_07,2024-12-07 02:00,26.6,79.8,0.7
ST_08,2024-12-07 03:00,9.4,62.0,23.2
ST_09,2024-12-07 04:00,22.5,58.4,14.0
ST_10,2024-12-07 05:00,11.2,70.9,20.2
ST_11,2024-12-07 06:00,20.5,45.0,6.7
ST_12,2024-12-07 07:00,24.0,34.7,13.7
ST_13,2024-12-07 08:00,4.3,88.2,7.8
ST_14,2024-12-07 09:00,15.1,88.4,22.6
ST_15,2024-12-07 10:00,25.2,81.2,23.2
ST_16,2024-12-07 11:00,10.8,35.9,19.9
ST_17,2024-12-07 12:00,16.9,63.0,18.1
ST_18,2024-12-07 13:00,7.8,37.2,14.3
ST_19,2024-12-07 14:00,36.2,30.0,4.3
ST_20,2024-12-07 15:00,2.8,58.5,15.8
ST_01,2024-12-07 16:00,7.9,85.9,29.7
ST_02,2024-12-07 17:00,28.1,46.9,0.3
ST_03,2024-12-07 18:00,22.9,64.5,25.6
ST_04,2024-12-07 19:00,15.6,82.8,26.8
ST_05,2024-12-07 20:00,15.9,71.3,1.2
ST_06,2024-12-07 21:00,17.3,63.6,14.9
ST_07,2024-12-07 22:00,3.3,84.6,7.6
ST_08,2024-12-07 23:00,23.2,52.5,1.2
ST_09,2024-12-08 00:00,28.2,64.3,18.4
ST_10,2024-12-08 01:00,21.4,72.7,13.0
ST_11,2024-12-08 02:00,5.8,87.5,11.2
ST_12,2024-12-08 03:00,14.9,40.5,7.9
ST_13,2024-12-08 04:00,17.1,31.2,12.2
ST_14,2024-12-08 05:00,6.7,58.5,18.2
ST_15,2024-12-08 06:00,9.6,50.7,25.8
ST_16,2024-12-08 07:00,23.9,63.0,27.4
ST_17,2024-12-08 08:00,7.1,58.6,11.4
ST_18,2024-12-08 09:00,25.8,78.4,1.0
ST_19,2024-12-08 10:00,19.7,50.9,14.2
ST_20,2024-12-08 11:00,13.3,51.3,12.4
ST_01,2024-12-08 12:00,12.7,42.0,7.4
ST_02,2024-12-08 13:00,-2.4,46.0,10.4
ST_03,2024-12-08 14:00,15.4,32.5,4.1
ST_04,2024-12-08 15:00,3.3,90.0,10.3
ST_05,2024-12-08 16:00,10.1,80.9,23.4
ST_06,2024-12-08 17:00,25.4,38.6,8.8
ST_07,2024-12-08 18:00,9.7,42.4,19.3
ST_08,2024-12-08 19:00,19.2,39.3,23.9
ST_09,2024-12-08 20:00,17.1,79.8,17.5
ST_10,2024-12-08 21:00,38.5,35.5,1.6
ST_11,2024-12-08 22:00,14.5,36.2,21.2
ST_12,2024-12-08 23:00,21.9,61.8,17.0
ST_13,2024-12-09 00:00,18.5,59.6,24.6
ST_14,2024-12-09 01:00,13.4,87.2,2.1
ST_15,2024-12-09 02:00,9.3,52.5,13.7
ST_16,2024-12-09 03:00,42.9,49.9,11.3
ST_17,2024-12-09 04:00,5.2,55.4,21.9
ST_18,2024-12-09 05:00,9.1,44.6,27.0
ST_19,2024-12-09 06:00,11.2,60.2,20.5
ST_20,2024-12-09 07:00,7.0,44.2,5.6
ST_01,2024-12-09 08:00,12.6,50.1,17.1
ST_02,2024-12-09 09:00,26.0,30.5,24.0
ST_03,2024-12-09 10:00,36.1,61.4,20.2
ST_04,2024-12-09 11:00,26.1,36.2,19.4
ST_05,2024-12-09 12:00,14.7,30.3,15.7
ST_06,2024-12-09 13:00,17.0,33.9,27.7
ST_07,2024-12-09 14:00,18.3,33.8,28.8
ST_08,2024-12-09 15:00,35.5,67.6,10.2
ST_09,2024-12-09 16:00,1.9,73.6,24.8
ST_10,2024-12-09 17:00,24.9,44.6,16.7
ST_11,2024-12-09 18:00,19.5,33.9,13.5
ST_12,2024-12-09 19:00,1.2,35.1,29.7
ST_13,2024-12-09 20:00,1.1,48.2,9.3
ST_14,2024-12-09 21:00,17.4,83.2,13.7
ST_15,2024-12-09 22:00,18.3,54.5,15.6
ST_16,2024-12-09 23:00,0.3,69.3,4.0
ST_17,2024-12-10 00:00,-7.8,80.3,15.9
ST_18,2024-12-10 01:00,21.8,35.9,9.1
ST_19,2024-12-10 02:00,-2.1,71.5,3.4
ST_20,2024-12-10 03:00,11.4,89.6,8.9
ST_01,2024-12-10 04:00,11.4,73.4,12.7
ST_02,2024-12-10 05:00,5.3,56.3,25.0
ST_03,2024-12-10 06:00,19.6,37.8,10.1
ST_04,2024-12-10 07:00,17.3,77.4,21.3
ST_05,2024-12-10 08:00,15.2,67.4,20.8
ST_06,2024-12-10 09:00,-9.0,79.5,16.1
ST_07,2024-12-10 10:00,14.7,53.2,14.4
ST_08,2024-12-10 11:00,12.1,45.8,0.6
ST_09,2024-12-10 12:00,16.9,60.4,4.4
ST_10,2024-12-10 13:00,10.8,78.7,22.0
ST_11,2024-12-10 14:00,9.7,36.6,5.6
ST_12,2024-12-10 15:00,16.1,76.0,15.5
ST_13,2024-12-10 16:00,19.4,76.0,18.4
ST_14,2024-12-10 17:00,8.9,89.8,4.5
ST_15,2024-12-10 18:00,13.7,87.7,15.2
ST_16,2024-12-10 19:00,18.1,35.8,20.3
ST_17,2024-12-10 20:00,20.7,60.9,12.3
ST_18,2024-12-10 21:00,10.1,33.7,2.1
ST_19,2024-12-10 22:00,8.2,54.8,5.2
ST_20,2024-12-10 23:00,15.0,75.8,4.4
ST_01,2024-12-11 00:00,39.3,47.1,15.1
ST_02,2024-12-11 01:00,18.0,43.4,17.0
ST_03,2024-12-11 02:00,-0.5,31.2,28.1
ST_04,2024-12-11 03:00,3.4,66.1,21.0
ST_05,2024-12-11 04:00,9.8,35.6,11.6
ST_06,2024-12-11 05:00,19.5,45.3,12.7
ST_07,2024-12-11 06:00,18.7,60.1,3.4
ST_08,2024-12-11 07:00,2.0,72.1,8.8
ST_09,2024-12-11 08:00,32.5,57.5,21.6
ST_10,2024-12-11 09:00,17.7,87.8,3.1
ST_11,2024-12-11 10:00,32.4,34.3,21.4
ST_12,2024-12-11 11:00,1.1,35.2,19.1
ST_13,2024-12-11 12:00,2.9,53.4,2.4
ST_14,2024-12-11 13:00,1.1,84.2,29.5
ST_15,2024-12-11 14:00,27.8,56.5,19.9
ST_16,2024-12-11 15:00,19.8,36.9,4.6
ST_17,2024-12-11 16:00,3.0,39.1,6.9
ST_18,2024-12-11 17:00,17.4,60.7,16.7
ST_19,2024-12-11 18:00,13.4,58.2,8.9
ST_20,2024-12-11 19:00,35.5,73.0,2.6
ST_01,2024-12-11 20:00,16.3,30.8,21.6
ST_02,2024-12-11 21:00,3.8,54.7,20.4
ST_03,2024-12-11 22:00,24.3,77.6,19.3
ST_04,2024-12-11 23:00,9.8,80.6,21.7
ST_05,2024-12-12 00:00,15.0,50.1,20.9
ST_06,2024-12-12 01:00,2.8,32.3,26.8
ST_07,2024-12-12 02:00,7.8,43.1,26.8
ST_08,2024-12-12 03:00,28.9,69.0,1.1
ST_09,2024-12-12 04:00,14.3,82.5,8.6
ST_10,2024-12-12 05:00,1.6,79.0,10.2
ST_11,2024-12-12 06:00,29.5,42.6,14.5
ST_12,2024-12-12 07:00,14.8,83.4,6.7
ST_13,2024-12-12 08:00,10.5,81.3,20.2
ST_14,2024-12-12 09:00,31.3,59.0,2.2
ST_15,2024-12-12 10:00,-8.1,37.2,9.0
ST_16,2024-12-12 11:00,20.9,51.7,16.3
ST_17,2024-12-12 12:00,18.7,51.9,3.0
ST_18,2024-12-12 13:00,14.0,64.9,27.1
ST_19,2024-12-12 14:00,0.6,79.9,14.4
ST_20,2024-12-12 15:00,9.3,70.4,8.6
ST_01,2024-12-12 16:00,40.7,71.8,10.6
ST_02,2024-12-12 17:00,3.4,82.5,19.4
ST_03,2024-12-12 18:00,8.7,49.3,16.0
ST_04,2024-12-12 19:00,20.7,39.0,24.1
ST_05,2024-12-12 20:00,25.8,40.1,23.5
ST_06,2024-12-12 21:00,-6.6,41.6,21.8
ST_07,2024-12-12 22:00,28.9,81.4,2.5
ST_08,2024-12-12 23:00,26.3,38.1,15.6
ST_09,2024-12-13 00:00,21.1,33.3,3.3
ST_10,2024-12-13 01:00,8.3,31.7,1.5
ST_11,2024-12-13 02:00,12.1,62.5,0.5
ST_12,2024-12-13 03:00,-5.3,56.4,19.8
ST_13,2024-12-13 04:00,2.5,80.7,20.1
ST_14,2024-12-13 05:00,32.3,81.3,2.8
ST_15,2024-12-13 06:00,18.6,74.7,20.2
ST_16,2024-12-13 07:00,12.9,57.5,7.0
ST_17,2024-12-13 08:00,12.6,70.1,10.2
ST_18,2024-12-13 09:00,16.8,64.9,20.4
ST_19,2024-12-13 10:00,12.3,79.3,1.6
ST_20,2024-12-13 11:00,6.8,80.2,20.9
ST_01,2024-12-13 12:00,20.5,45.2,5.5
ST_02,2024-12-13 13:00,12.3,39.2,11.0
ST_03,2024-12-13 14:00,17.2,84.3,7.8
ST_04,2024-12-13 15:00,17.0,65.0,3.3
ST_05,2024-12-13 16:00,5.5,57.1,18.1
ST_06,2024-12-13 17:00,18.1,42.2,25.1
ST_07,2024-12-13 18:00,11.5,37.2,3.4
ST_08,2024-12-13 19:00,18.9,40.9,23.3
ST_09,2024-12-13 20:00,28.4,85.7,22.2
ST_10,2024-12-13 21:00,14.4,59.3,27.5
ST_11,2024-12-13 22:00,9.7,33.8,14.1
ST_12,2024-12-13 23:00,36.2,31.7,15.4
ST_13,2024-12-14 00:00,6.2,83.4,27.9
ST_14,2024-12-14 01:00,10.1,86.9,1.5
ST_15,2024-12-14 02:00,14.6,84.5,27.6
ST_16,2024-12-14 03:00,24.4,88.1,14.3
ST_17,2024-12-14 04:00,9.9,43.6,9.9
ST_18,2024-12-14 05:00,-0.7,89.1,7.2
ST_19,2024-12-14 06:00,7.6,30.2,24.2
ST_20,2024-12-14 07:00,7.3,49.5,23.1
ST_01,2024-12-14 08:00,-11.5,76.1,19.4
ST_02,2024-12-14 09:00,27.9,77.6,4.0
ST_03,2024-12-14 10:00,29.3,55.4,1.0
ST_04,2024-12-14 11:00,11.7,58.4,17.0
ST_05,2024-12-14 12:00,9.3,60.1,10.6
ST_06,2024-12-14 13:00,15.1,32.4,8.5
ST_07,2024-12-14 14:00,3.8,44.2,23.4
ST_08,2024-12-14 15:00,25.3,74.4,27.3
ST_09,2024-12-14 16:00,23.2,36.8,27.0
ST_10,2024-12-14 17:00,18.7,69.0,5.2
ST_11,2024-12-14 18:00,35.7,55.1,16.8
ST_12,2024-12-14 19:00,21.7,35.6,11.1
ST_13,2024-12-14 20:00,21.2,53.9,26.7
ST_14,2024-12-14 21:00,17.9,39.6,2.8
ST_15,2024-12-14 22:00,9.9,70.2,5.2
ST_16,2024-12-14 23:00,4.5,69.2,4.3
ST_17,2024-12-15 00:00,19.2,50.3,18.7
ST_18,2024-12-15 01:00,31.2,30.8,14.8
ST_19,2024-12-15 02:00,23.2,44.5,13.3
ST_20,2024-12-15 03:00,8.5,69.0,14.1
ST_01,2024-12-15 04:00,11.6,76.5,25.0
ST_02,2024-12-15 05:00,17.7,30.5,19.8
ST_03,2024-12-15 06:00,20.9,82.5,2.5
ST_04,2024-12-15 07:00,22.3,41.8,5.9
ST_05,2024-12-15 08:00,9.6,68.7,19.1
ST_06,2024-12-15 09:00,17.3,33.6,11.0
ST_07,2024-12-15 10:00,18.5,61.5,2.7
ST_08,2024-12-15 11:00,29.8,31.5,16.0
ST_09,2024-12-15 12:00,28.8,73.6,17.0
ST_10,2024-12-15 13:00,17.4,83.1,27.8
ST_11,2024-12-15 14:00,3.6,72.1,11.9
ST_12,2024-12-15 15:00,4.3,37.4,30.0
ST_13,2024-12-15 16:00,18.7,31.6,9.2
ST_14,2024-12-15 17:00,25.6,36.7,3.4
ST_15,2024-12-15 18:00,36.7,49.4,26.5
ST_16,2024-12-15 19:00,27.5,55.2,20.8
ST_17,2024-12-15 20:00,9.0,47.8,2.6
ST_18,2024-12-15 21:00,25.7,43.1,11.1
ST_19,2024-12-15 22:00,18.3,85.7,9.1
ST_20,2024-12-15 23:00,23.2,80.5,28.6
ST_01,2024-12-16 00:00,18.5,73.8,12.7
ST_02,2024-12-16 01:00,18.7,86.1,4.0
ST_03,2024-12-16 02:00,25.2,77.5,5.2
ST_04,2024-12-16 03:00,34.0,60.3,19.5
ST_05,2024-12-16 04:00,11.3,79.2,10.4
ST_06,2024-12-16 05:00,8.8,42.0,14.5
ST_07,2024-12-16 06:00,10.2,73.9,20.4
ST_08,2024-12-16 07:00,6.9,58.1,18.0
ST_09,2024-12-16 08:00,24.9,46.3,9.5
ST_10,2024-12-16 09:00,10.6,81.5,14.5
ST_11,2024-12-16 10:00,6.8,72.7,28.8
ST_12,2024-12-16 11:00,12.8,78.0,15.1
ST_13,2024-12-16 12:00,31.8,85.3,19.4
ST_14,2024-12-16 13:00,27.1,49.5,28.2
ST_15,2024-12-16 14:00,21.0,57.7,13.0
ST_16,2024-12-16 15:00,0.8,47.6,2.2
ST_17,2024-12-16 16:00,30.1,71.9,6.9
ST_18,2024-12-16 17:00,25.9,81.6,28.8
ST_19,2024-12-16 18:00,12.0,82.0,5.3
ST_20,2024-12-16 19:00,17.3,72.9,29.6
ST_01,2024-12-16 20:00,4.6,64.9,28.1
ST_02,2024-12-16 21:00,2.3,44.9,6.0
ST_03,2024-12-16 22:00,23.8,86.5,20.3
ST_04,2024-12-16 23:00,29.1,86.5,8.9
ST_05,2024-12-17 00:00,15.7,73.2,23.6
ST_06,2024-12-17 01:00,13.9,86.0,15.7
ST_07,2024-12-17 02:00,17.0,45.9,17.4
ST_08,2024-12-17 03:00,4.3,40.3,2.7
ST_09,2024-12-17 04:00,27.5,40.0,18.4
ST_10,2024-12-17 05:00,22.9,62.0,5.2
ST_11,2024-12-17 06:00,6.6,47.7,3.2
ST_12,2024-12-17 07:00,17.3,59.4,29.2
ST_13,2024-12-17 08:00,7.6,60.7,12.5
ST_14,2024-12-17 09:00,19.0,78.5,4.6
ST_15,2024-12-17 10:00,22.4,49.4,2.5
ST_16,2024-12-17 11:00,15.9,54.0,8.7
ST_17,2024-12-17 12:00,19.1,89.7,16.4
ST_18,2024-12-17 13:00,3.1,36.2,20.6
ST_19,2024-12-17 14:00,40.0,42.8,15.6
ST_20,2024-12-17 15:00,3.6,55.8,25.1
ST_01,2024-12-17 16:00,10.1,75.6,29.9
ST_02,2024-12-17 17:00,12.1,62.7,16.2
ST_03,2024-12-17 18:00,14.9,33.8,12.7
ST_04,2024-12-17 19:00,21.3,52.1,17.0
ST_05,2024-12-17 20:00,24.3,61.1,28.1
ST_06,2024-12-17 21:00,17.4,79.7,29.2
ST_07,2024-12-17 22:00,20.5,75.5,17.1
ST_08,2024-12-17 23:00,9.1,50.1,15.1
ST_09,2024-12-18 00:00,23.8,69.6,15.0
ST_10,2024-12-18 01:00,3.1,89.7,25.5
ST_11,2024-12-18 02:00,25.1,73.7,10.2
ST_12,2024-12-18 03:00,31.7,42.1,20.2
ST_13,2024-12-18 04:00,8.2,52.8,4.6
ST_14,2024-12-18 05:00,42.3,46.2,14.4
ST_15,2024-12-18 06:00,14.2,38.1,21.1
ST_16,2024-12-18 07:00,14.5,70.5,22.5
ST_17,2024-12-18 08:00,11.8,59.3,6.7
ST_18,2024-12-18 09:00,14.9,84.9,29.9
ST_19,2024-12-18 10:00,13.5,52.1,7.2
ST_20,2024-12-18 11:00,7.6,64.4,15.1
ST_01,2024-12-18 12:00,25.6,74.7,25.4
ST_02,2024-12-18 13:00,23.9,86.8,20.8
ST_03,2024-12-18 14:00,7.3,34.6,18.1
ST_04,2024-12-18 15:00,3.0,81.9,12.5
ST_05,2024-12-18 16:00,-3.1,78.6,21.7
ST_06,2024-12-18 17:00,18.8,73.5,6.8
ST_07,2024-12-18 18:00,18.1,64.2,19.0
ST_08,2024-12-18 19:00,5.4,56.1,27.6
ST_09,2024-12-18 20:00,24.3,33.5,0.7
ST_10,2024-12-18 21:00,17.6,58.4,8.5
ST_11,2024-12-18 22:00,21.6,54.4,25.9
ST_12,2024-12-18 23:00,2.2,62.1,20.3
ST_13,2024-12-19 00:00,27.1,71.7,18.1
ST_14,2024-12-19 01:00,16.3,30.7,9.0
ST_15,2024-12-19 02:00,21.9,41.7,10.8
ST_16,2024-12-19 03:00,-8.5,30.7,13.9
ST_17,2024-12-19 04:00,26.0,60.3,11.4
ST_18,2024-12-19 05:00,9.9,83.0,1.5
ST_19,2024-12-19 06:00,10.4,58.8,7.9
ST_20,2024-12-19 07:00,15.7,37.6,4.7
ST_01,2024-12-19 08:00,21.2,54.2,22.2
ST_02,2024-12-19 09:00,16.7,43.7,17.8
ST_03,2024-12-19 10:00,20.9,42.5,14.3
ST_04,2024-12-19 11:00,18.5,48.3,3.7
ST_05,2024-12-19 12:00,13.1,51.9,15.6
ST_06,2024-12-19 13:00,20.2,76.8,24.6
ST_07,2024-12-19 14:00,24.2,45.9,2.6
ST_08,2024-12-19 15:00,30.9,80.9,3.7
ST_09,2024-12-19 16:00,12.2,80.3,7.1
ST_10,2024-12-19 17:00,22.8,48.2,7.2
ST_11,2024-12-19 18:00,24.5,76.9,22.9
ST_12,2024-12-19 19:00,9.1,84.1,23.0
ST_13,2024-12-19 20:00,8.4,73.9,7.4
ST_14,2024-12-19 21:00,13.1,82.4,3.3
ST_15,2024-12-19 22:00,34.0,53.8,17.9
ST_16,2024-12-19 23:00,2.7,57.1,20.7
ST_17,2024-12-20 00:00,25.7,53.2,14.8
ST_18,2024-12-20 01:00,10.7,74.7,1.6
ST_19,2024-12-20 02:00,17.8,49.0,13.1
ST_20,2024-12-20 03:00,20.2,55.6,7.9
ST_01,2024-12-20 04:00,22.9,61.1,17.3
ST_02,2024-12-20 05:00,21.3,75.4,28.2
ST_03,2024-12-20 06:00,25.6,77.6,29.2
ST_04,2024-12-20 07:00,21.1,57.8,17.7
ST_05,2024-12-20 08:00,36.1,38.9,29.7
ST_06,2024-12-20 09:00,9.2,48.5,18.1
ST_07,2024-12-20 10:00,18.0,40.3,2.5
ST_08,2024-12-20 11:00,31.3,60.0,19.0
ST_09,2024-12-20 12:00,15.7,85.0,3.6
ST_10,2024-12-20 13:00,14.3,82.9,28.1
ST_11,2024-12-20 14:00,6.9,57.0,14.9
ST_12,2024-12-20 15:00,13.0,83.7,29.2
ST_13,2024-12-20 16:00,16.2,89.8,8.6
ST_14,2024-12-20 17:00,13.6,81.8,22.5
ST_15,2024-12-20 18:00,3.7,49.8,23.5
ST_16,2024-12-20 19:00,21.0,89.1,24.5
ST_17,2024-12-20 20:00,11.7,63.8,2.1
ST_18,2024-12-20 21:00,26.0,76.1,14.5
ST_19,2024-12-20 22:00,7.5,74.5,27.3
ST_20,2024-12-20 23:00,32.9,77.0,16.3
ST_01,2024-12-21 00:00,14.5,46.9,29.6
ST_02,2024-12-21 01:00,1.3,37.3,1.9
ST_03,2024-12-21 02:00,2.2,67.4,16.4
ST_04,2024-12-21 03:00,6.9,65.5,0.0
ST_05,2024-12-21 04:00,1.1,79.5,10.0
ST_06,2024-12-21 05:00,0.4,82.9,2.2
ST_07,2024-12-21 06:00,19.9,31.0,1.1
ST_08,2024-12-21 07:00,10.6,52.6,23.0
ST_09,2024-12-21 08:00,6.7,33.8,24.1
ST_10,2024-12-21 09:00,15.9,56.0,4.0
ST_11,2024-12-21 10:00,2.5,31.1,12.4
ST_12,2024-12-21 11:00,27.7,61.5,9.3
ST_13,2024-12-21 12:00,26.4,55.3,7.5
ST_14,2024-12-21 13:00,27.4,66.1,3.3
ST_15,2024-12-21 14:00,-4.4,60.9,2.7
ST_16,2024-12-21 15:00,23.9,80.8,9.8
ST_17,2024-12-21 16:00,42.5,46.5,13.4
ST_18,2024-12-21 17:00,37.8,57.6,9.5
ST_19,2024-12-21 18:00,30.6,46.6,2.5
ST_20,2024-12-21 19:00,19.0,51.2,29.4
ST_01,2024-12-21 20:00,-6.3,45.2,10.2
ST_02,2024-12-21 21:00,13.9,66.0,2.0
ST_03,2024-12-21 22:00,19.6,82.3,22.8
ST_04,2024-12-21 23:00,-1.2,53.6,22.9
ST_05,2024-12-22 00:00,7.5,36.2,9.4
ST_06,2024-12-22 01:00,15.8,76.3,24.9
ST_07,2024-12-22 02:00,10.0,52.0,8.2
ST_08,2024-12-22 03:00,24.1,59.0,21.7
ST_09,2024-12-22 04:00,16.7,68.1,1.7
ST_10,2024-12-22 05:00,10.3,50.2,8.8
ST_11,2024-12-22 06:00,11.2,61.0,20.2
ST_12,2024-12-22 07:00,2.5,40.8,13.2
ST_13,2024-12-22 08:00,15.8,75.5,19.6
ST_14,2024-12-22 09:00,35.0,33.0,21.4
ST_15,2024-12-22 10:00,20.0,51.3,16.3
ST_16,2024-12-22 11:00,18.2,41.7,27.9
ST_17,2024-12-22 12:00,26.8,59.5,23.7
ST_18,2024-12-22 13:00,30.3,81.8,5.5
ST_19,2024-12-22 14:00,20.8,40.8,0.2
ST_20,2024-12-22 15:00,18.5,33.1,4.8
ST_01,2024-12-22 16:00,13.2,84.1,1.3
ST_02,2024-12-22 17:00,14.2,32.1,12.9
ST_03,2024-12-22 18:00,15.0,55.8,4.0
ST_04,2024-12-22 19:00,28.7,82.5,4.4
ST_05,2024-12-22 20:00,23.1,34.6,29.2
ST_06,2024-12-22 21:00,13.3,77.4,13.5
ST_07,2024-12-22 22:00,26.8,60.2,16.8
ST_08,2024-12-22 23:00,21.1,77.4,9.7
ST_09,2024-12-23 00:00,12.6,66.9,21.3
ST_10,2024-12-23 01:00,37.9,60.9,11.5
ST_11,2024-12-23 02:00,15.0,31.3,10.8
ST_12,2024-12-23 03:00,3.5,81.9,8.3
ST_13,2024-12-23 04:00,18.9,79.7,17.5
ST_14,2024-12-23 05:00,20.7,44.9,24.7
ST_15,2024-12-23 06:00,-0.9,81.2,9.3
ST_16,2024-12-23 07:00,16.7,77.8,5.1
ST_17,2024-12-23 08:00,17.7,70.2,12.5
ST_18,2024-12-23 09:00,24.6,77.4,13.9
ST_19,2024-12-23 10:00,24.3,31.5,19.9
ST_20,2024-12-23 11:00,-1.4,32.4,27.1
ST_01,2024-12-23 12:00,13.6,47.6,8.3
ST_02,2024-12-23 13:00,22.9,72.7,10.2
ST_03,2024-12-23 14:00,22.1,75.5,10.3
ST_04,2024-12-23 15:00,30.0,55.6,10.5
ST_05,2024-12-23 16:00,28.2,53.1,6.1
ST_06,2024-12-23 17:00,17.4,33.7,15.1
ST_07,2024-12-23 18:00,17.3,43.1,6.3
ST_08,2024-12-23 19:00,13.6,82.2,15.2
ST_09,2024-12-23 20:00,4.7,43.4,13.9
ST_10,2024-12-23 21:00,28.2,38.5,23.1
ST_11,2024-12-23 22:00,12.3,42.4,20.9
ST_12,2024-12-23 23:00,11.2,62.6,22.7
ST_13,2024-12-24 00:00,11.9,65.0,19.2
ST_14,2024-12-24 01:00,9.5,64.8,13.7
ST_15,2024-12-24 02:00,6.6,54.7,8.2
ST_16,2024-12-24 03:00,3.5,30.6,19.0
ST_17,2024-12-24 04:00,20.2,42.1,3.1
ST_18,2024-12-24 05:00,16.8,31.6,1.9
ST_19,2024-12-24 06:00,7.6,30.5,0.6
ST_20,2024-12-24 07:00,6.8,45.5,16.4
ST_01,2024-12-24 08:00,10.2,76.5,3.4
ST_02,2024-12-24 09:00,12.1,43.0,1.9
ST_03,2024-12-24 10:00,17.5,76.9,24.5
ST_04,2024-12-24 11:00,5.8,69.5,4.4
ST_05,2024-12-24 12:00,4.2,85.8,6.7
ST_06,2024-12-24 13:00,25.2,66.9,19.3
ST_07,2024-12-24 14:00,11.6,89.0,9.0
ST_08,2024-12-24 15:00,16.9,39.6,1.2
ST_09,2024-12-24 16:00,12.0,77.0,4.3
ST_10,2024-12-24 17:00,25.5,58.9,26.2
ST_11,2024-12-24 18:00,12.5,88.7,18.7
ST_12,2024-12-24 19:00,20.3,80.6,9.3
ST_13,2024-12-24 20:00,22.8,56.5,2.5
ST_14,2024-12-24 21:00,22.0,89.2,22.9
ST_15,2024-12-24 22:00,2.9,67.0,4.8
ST_16,2024-12-24 23:00,23.5,42.0,2.6
ST_17,2024-12-25 00:00,31.0,32.3,16.7
ST_18,2024-12-25 01:00,2.1,51.9,0.3
ST_19,2024-12-25 02:00,14.8,77.0,21.9
ST_20,2024-12-25 03:00,29.2,51.2,8.3
ST_01,2024-12-25 04:00,6.2,42.8,4.0
ST_02,2024-12-25 05:00,27.0,30.6,14.3
ST_03,2024-12-25 06:00,25.1,41.3,24.2
ST_04,2024-12-25 07:00,4.3,73.7,4.0
ST_05,2024-12-25 08:00,15.6,65.5,7.5
ST_06,2024-12-25 09:00,11.5,54.0,22.0
ST_07,2024-12-25 10:00,25.3,85.4,23.3
ST_08,2024-12-25 11:00,19.1,31.2,11.6
ST_09,2024-12-25 12:00,5.0,54.3,4.5
ST_10,2024-12-25 13:00,21.3,60.4,8.3
ST_11,2024-12-25 14:00,25.9,56.9,11.1
ST_12,2024-12-25 15:00,30.6,72.2,17.8
ST_13,2024-12-25 16:00,24.5,87.3,19.9
ST_14,2024-12-25 17:00,9.5,44.7,15.3
ST_15,2024-12-25 18:00,-2.0,82.0,9.7
ST_16,2024-12-25 19:00,5.5,38.6,23.7
ST_17,2024-12-25 20:00,19.5,61.8,18.9
ST_18,2024-12-25 21:00,18.5,34.5,27.5
ST_19,2024-12-25 22:00,-7.3,52.1,2.2
ST_20,2024-12-25 23:00,42.6,60.7,26.9
ST_01,2024-12-26 00:00,24.2,70.7,16.2
ST_02,2024-12-26 01:00,30.9,78.4,23.9
ST_03,2024-12-26 02:00,12.3,40.8,7.6
ST_04,2024-12-26 03:00,-0.9,55.9,14.6
ST_05,2024-12-26 04:00,13.8,54.0,3.3
ST_06,2024-12-26 05:00,10.0,60.1,17.4
ST_07,2024-12-26 06:00,28.2,87.6,25.8
ST_08,2024-12-26 07:00,22.8,61.0,26.3
ST_09,2024-12-26 08:00,11.3,35.3,5.2
ST_10,2024-12-26 09:00,20.5,45.5,4.7
ST_11,2024-12-26 10:00,21.2,63.5,0.3
ST_12,2024-12-26 11:00,0.9,75.5,11.2
ST_13,2024-12-26 12:00,11.5,76.9,19.0
ST_14,2024-12-26 13:00,25.2,88.6,9.9
ST_15,2024-12-26 14:00,10.6,88.7,22.2
ST_16,2024-12-26 15:00,8.2,41.8,29.8
ST_17,2024-12-26 16:00,12.8,79.1,17.8
ST_18,2024-12-26 17:00,33.5,38.7,27.0
ST_19,2024-12-26 18:00,14.1,61.8,5.2
ST_20,2024-12-26 19:00,21.8,52.2,5.3
ST_01,2024-12-26 20:00,40.0,45.4,21.8
ST_02,2024-12-26 21:00,4.0,80.8,16.0
ST_03,2024-12-26 22:00,11.4,59.6,9.7
ST_04,2024-12-26 23:00,14.1,60.4,6.9
ST_05,2024-12-27 00:00,10.2,68.2,25.5
ST_06,2024-12-27 01:00,28.1,86.7,4.4
ST_07,2024-12-27 02:00,26.2,47.4,1.8
ST_08,2024-12-27 03:00,8.9,84.9,19.5
ST_09,2024-12-27 04:00,25.0,76.7,28.7
ST_10,2024-12-27 05:00,12.3,88.5,7.1
ST_11,2024-12-27 06:00,11.1,43.7,0.2
ST_12,2024-12-27 07:00,21.3,78.4,16.5
ST_13,2024-12-27 08:00,10.4,62.7,3.9
ST_14,2024-12-27 09:00,27.9,42.8,12.1
ST_15,2024-12-27 10:00,21.6,71.7,6.5
ST_16,2024-12-27 11:00,14.0,82.0,15.2
ST_17,2024-12-27 12:00,12.5,81.3,22.9
ST_18,2024-12-27 13:00,19.0,50.8,15.0
ST_19,2024-12-27 14:00,7.0,72.7,10.4
ST_20,2024-12-27 15:00,22.1,83.4,17.9
ST_01,2024-12-27 16:00,17.7,66.2,1.9
ST_02,2024-12-27 17:00,23.0,39.8,9.5
ST_03,2024-12-27 18:00,0.5,50.0,6.1
ST_04,2024-12-27 19:00,0.1,35.3,23.8
ST_05,2024-12-27 20:00,-2.0,54.1,24.3
ST_06,2024-12-27 21:00,9.6,43.1,3.1
ST_07,2024-12-27 22:00,11.0,51.5,20.2
ST_08,2024-12-27 23:00,-20,80.0,23.4
ST_09,2024-12-28 00:00,20.2,55.5,29.0
ST_10,2024-12-28 01:00,3.1,31.0,4.7
ST_11,2024-12-28 02:00,11.7,68.6,22.6
ST_12,2024-12-28 03:00,18.9,87.0,21.1
ST_13,2024-12-28 04:00,25.1,61.0,14.6
ST_14,2024-12-28 05:00,14.6,74.7,22.7
ST_15,2024-12-28 06:00,9.8,64.5,18.6
ST_16,2024-12-28 07:00,16.0,57.9,24.7
ST_17,2024-12-28 08:00,32.9,35.8,6.2
ST_18,2024-12-28 09:00,29.2,64.8,10.8
ST_19,2024-12-28 10:00,13.2,43.5,29.4
ST_20,2024-12-28 11:00,18.1,74.6,29.0
ST_01,2024-12-28 12:00,12.6,44.6,7.0
ST_02,2024-12-28 13:00,26.5,33.5,3.8
ST_03,2024-12-28 14:00,18.4,75.0,25.5
ST_04,2024-12-28 15:00,13.9,77.1,1.4
ST_05,2024-12-28 16:00,2.8,48.9,8.4
ST_06,2024-12-28 17:00,36.9,41.4,27.6
ST_07,2024-12-28 18:00,29.2,48.2,12.8
ST_08,2024-12-28 19:00,2.2,81.1,9.2
ST_09,2024-12-28 20:00,24.7,86.1,20.1
ST_10,2024-12-28 21:00,6.8,67.9,3.2
ST_11,2024-12-28 22:00,12.7,65.8,25.5
ST_12,2024-12-28 23:00,20.6,33.1,10.3
ST_13,2024-12-29 00:00,20.2,61.6,14.6
ST_14,2024-12-29 01:00,15.3,84.0,24.7
ST_15,2024-12-29 02:00,28.7,77.0,14.0
ST_16,2024-12-29 03:00,6.1,75.1,8.9
ST_17,2024-12-29 04:00,10.2,62.9,8.3
ST_18,2024-12-29 05:00,5.9,42.4,10.0
ST_19,2024-12-29 06:00,13.8,35.9,28.2
ST_20,2024-12-29 07:00,20.2,85.8,28.5
ST_01,2024-12-29 08:00,26.2,77.5,14.3
ST_02,2024-12-29 09:00,9.8,30.8,21.9
ST_03,2024-12-29 10:00,12.0,61.0,19.4
ST_04,2024-12-29 11:00,7.2,72.4,19.5
ST_05,2024-12-29 12:00,11.9,80.2,7.4
ST_06,2024-12-29 13:00,11.6,79.6,13.5
ST_07,2024-12-29 14:00,13.2,89.1,29.5
ST_08,2024-12-29 15:00,12.5,50.6,10.5
ST_09,2024-12-29 16:00,11.1,83.1,29.2
ST_10,2024-12-29 17:00,20.0,58.1,21.6
ST_11,2024-12-29 18:00,26.2,74.1,25.0
ST_12,2024-12-29 19:00,37.2,87.2,21.9
ST_13,2024-12-29 20:00,16.5,39.8,24.5
ST_14,2024-12-29 21:00,23.9,48.7,11.7
ST_15,2024-12-29 22:00,-6.3,73.2,17.1
ST_16,2024-12-29 23:00,-8.0,32.7,19.8
ST_17,2024-12-30 00:00,8.8,61.2,5.9
ST_18,2024-12-30 01:00,16.5,81.9,15.5
ST_19,2024-12-30 02:00,5.0,57.4,12.0
ST_20,2024-12-30 03:00,13.6,72.3,22.2
ST_01,2024-12-30 04:00,26.8,40.1,14.5
ST_02,2024-12-30 05:00,10.0,86.2,16.1
ST_03,2024-12-30 06:00,34.2,51.2,24.4
ST_04,2024-12-30 07:00,10.9,85.4,18.3
ST_05,2024-12-30 08:00,7.9,39.5,25.1
ST_06,2024-12-30 09:00,7.1,37.8,10.4
ST_07,2024-12-30 10:00,8.9,57.1,6.8
ST_08,2024-12-30 11:00,15.6,61.7,4.9
ST_09,2024-12-30 12:00,30.5,82.5,11.7
ST_10,2024-12-30 13:00,12.9,48.4,16.9
ST_11,2024-12-30 14:00,8.8,36.6,24.2
ST_12,2024-12-30 15:00,7.8,59.7,9.5
ST_13,2024-12-30 16:00,17.9,79.2,16.9
ST_14,2024-12-30 17:00,-10.8,47.3,25.7
ST_15,2024-12-30 18:00,18.0,85.9,4.2
ST_16,2024-12-30 19:00,12.3,85.9,19.3
ST_17,2024-12-30 20:00,18.3,35.8,15.6
ST_18,2024-12-30 21:00,24.9,76.7,5.3
ST_19,2024-12-30 22:00,13.6,46.2,17.2
ST_20,2024-12-30 23:00,16.1,86.7,4.9
ST_01,2024-12-31 00:00,20.9,72.7,13.6
ST_02,2024-12-31 01:00,11.8,81.6,9.6
ST_03,2024-12-31 02:00,20.9,81.6,2.0
ST_04,2024-12-31 03:00,11.3,59.0,10.8
ST_05,2024-12-31 04:00,23.9,68.2,4.2
ST_06,2024-12-31 05:00,24.5,39.3,26.7
ST_07,2024-12-31 06:00,12.8,80.1,10.0
ST_08,2024-12-31 07:00,28.3,57.7,0.8
ST_09,2024-12-31 08:00,16.6,80.4,14.3
ST_10,2024-12-31 09:00,12.0,51.3,7.0
ST_11,2024-12-31 10:00,20.5,73.5,19.6
ST_12,2024-12-31 11:00,12.2,54.6,10.0
ST_13,2024-12-31 12:00,22.2,72.2,4.1
ST_14,2024-12-31 13:00,19.9,59.1,3.7
ST_15,2024-12-31 14:00,22.7,35.2,17.5
ST_16,2024-12-31 15:00,4.5,85.6,11.2
ST_17,2024-12-31 16:00,16.0,36.8,16.4
ST_18,2024-12-31 17:00,8.9,31.8,1.7
ST_19,2024-12-31 18:00,45,83.0,24.0
ST_20,2024-12-31 19:00,8.4,65.3,23.1
ST_01,2024-12-31 20:00,13.0,32.1,1.5
ST_02,2024-12-31 21:00,7.3,61.2,4.5
ST_03,2024-12-31 22:00,10.7,33.5,15.1
ST_04,2024-12-31 23:00,40.8,81.2,13.4
ST_05,2025-01-01 00:00,9.1,37.5,18.4
ST_06,2025-01-01 01:00,16.4,89.7,29.6
ST_07,2025-01-01 02:00,9.2,80.4,22.3
ST_08,2025-01-01 03:00,4.6,60.4,13.1
ST_09,2025-01-01 04:00,18.2,63.8,2.0
ST_10,2025-01-01 05:00,22.3,35.2,18.2
ST_11,2025-01-01 06:00,6.7,74.3,14.0
ST_12,2025-01-01 07:00,21.2,34.0,4.9
ST_13,2025-01-01 08:00,20.0,49.3,24.6
ST_14,2025-01-01 09:00,20.8,82.5,9.3
ST_15,2025-01-01 10:00,6.3,44.7,15.5
ST_16,2025-01-01 11:00,3.3,74.9,18.7
ST_17,2025-01-01 12:00,20.5,73.1,6.4
ST_18,2025-01-01 13:00,10.0,41.0,13.2
ST_19,2025-01-01 14:00,23.4,84.1,6.9
ST_20,2025-01-01 15:00,15.4,72.0,3.2
ST_01,2025-01-01 16:00,10.9,59.3,14.7
ST_02,2025-01-01 17:00,18.0,83.8,28.7
ST_03,2025-01-01 18:00,-0.0,68.7,4.8
ST_04,2025-01-01 19:00,2.8,73.1,7.3
ST_05,2025-01-01 20:00,17.7,78.5,3.4
ST_06,2025-01-01 21:00,12.0,87.2,25.4
ST_07,2025-01-01 22:00,3.2,39.9,21.3
ST_08,2025-01-01 23:00,25.2,88.2,27.1
ST_09,2025-01-02 00:00,7.2,52.5,27.1
ST_10,2025-01-02 01:00,12.6,64.5,19.4
ST_11,2025-01-02 02:00,34.3,38.7,20.9
ST_12,2025-01-02 03:00,11.8,52.5,10.6
ST_13,2025-01-02 04:00,34.0,36.4,1.5
ST_14,2025-01-02 05:00,29.8,89.1,15.5
ST_15,2025-01-02 06:00,23.3,37.7,10.7
ST_16,2025-01-02 07:00,23.7,38.2,15.2
ST_17,2025-01-02 08:00,6.7,75.4,6.5
ST_18,2025-01-02 09:00,7.7,89.8,24.7
ST_19,2025-01-02 10:00,6.9,89.8,26.7
ST_20,2025-01-02 11:00,25.0,31.2,13.8
ST_01,2025-01-02 12:00,31.5,62.3,2.5
ST_02,2025-01-02 13:00,26.9,39.3,22.6
ST_03,2025-01-02 14:00,9.2,84.8,20.4
ST_04,2025-01-02 15:00,8.4,81.3,7.7
ST_05,2025-01-02 16:00,11.2,40.1,19.9
ST_06,2025-01-02 17:00,-0.5,88.3,18.8
ST_07,2025-01-02 18:00,1.4,73.5,24.9
ST_08,2025-01-02 19:00,20.0,57.8,28.2
ST_09,2025-01-02 20:00,27.9,70.0,22.7
ST_10,2025-01-02 21:00,31.9,73.8,3.9
ST_11,2025-01-02 22:00,6.0,84.3,18.6
ST_12,2025-01-02 23:00,19.9,81.1,6.7
ST_13,2025-01-03 00:00,27.4,52.2,22.8
ST_14,2025-01-03 01:00,21.5,81.2,11.5
ST_15,2025-01-03 02:00,2.8,34.8,12.1
ST_16,2025-01-03 03:00,32.0,84.8,3.9
ST_17,2025-01-03 04:00,39.5,84.3,5.7
ST_18,2025-01-03 05:00,8.1,80.4,11.8
ST_19,2025-01-03 06:00,16.3,82.1,14.8
ST_20,2025-01-03 07:00,17.5,35.5,18.8
ST_01,2025-01-03 08:00,25.9,71.1,29.5
ST_02,2025-01-03 09:00,25.3,67.8,24.8
ST_03,2025-01-03 10:00,7.3,61.3,14.1
ST_04,2025-01-03 11:00,19.0,47.8,1.7
ST_05,2025-01-03 12:00,23.0,59.9,22.0
ST_06,2025-01-03 13:00,34.8,63.7,14.1
ST_07,2025-01-03 14:00,8.2,51.7,24.4
ST_08,2025-01-03 15:00,7.9,64.9,20.2
ST_09,2025-01-03 16:00,10.0,44.8,20.4
ST_10,2025-01-03 17:00,17.2,53.1,4.5
ST_11,2025-01-03 18:00,20.2,54.4,11.5
ST_12,2025-01-03 19:00,7.5,58.2,2.0
ST_13,2025-01-03 20:00,18.1,45.7,4.7
ST_14,2025-01-03 21:00,12.6,32.6,8.9
ST_15,2025-01-03 22:00,6.2,50.7,17.4
ST_16,2025-01-03 23:00,21.1,80.0,21.9
ST_17,2025-01-04 00:00,6.2,88.6,23.4
ST_18,2025-01-04 01:00,5.4,87.2,25.9
ST_19,2025-01-04 02:00,30.5,31.9,14.9
ST_20,2025-01-04 03:00,-1.4,81.1,22.8
ST_01,2025-01-04 04:00,11.2,79.6,4.8
ST_02,2025-01-04 05:00,16.1,78.8,25.0
ST_03,2025-01-04 06:00,3.4,39.5,21.1
ST_04,2025-01-04 07:00,19.1,69.9,28.7
ST_05,2025-01-04 08:00,12.2,86.8,20.5
ST_06,2025-01-04 09:00,-3.0,46.4,22.2
ST_07,2025-01-04 10:00,21.8,43.0,2.0
ST_08,2025-01-04 11:00,12.2,34.7,9.7
ST_09,2025-01-04 12:00,23.4,68.8,14.7
ST_10,2025-01-04 13:00,13.2,45.4,27.5
ST_11,2025-01-04 14:00,21.3,72.4,12.3
ST_12,2025-01-04 15:00,22.2,86.3,3.2
ST_13,2025-01-04 16:00,3.3,57.6,23.0
ST_14,2025-01-04 17:00,16.1,68.3,20.9
ST_15,2025-01-04 18:00,31.3,83.7,14.6
ST_16,2025-01-04 19:00,21.4,68.4,12.9
ST_17,2025-01-04 20:00,17.1,70.3,6.6
ST_18,2025-01-04 21:00,5.7,52.1,16.6
ST_19,2025-01-04 22:00,3.1,44.7,5.9
ST_20,2025-01-04 23:00,12.1,47.8,8.2
ST_01,2025-01-05 00:00,-10.4,58.1,10.2
ST_02,2025-01-05 01:00,19.2,54.4,25.7
ST_03,2025-01-05 02:00,14.5,63.8,11.7
ST_04,2025-01-05 03:00,1.5,88.2,6.0
ST_05,2025-01-05 04:00,33.8,45.5,17.6
ST_06,2025-01-05 05:00,18.3,65.3,21.1
ST_07,2025-01-05 06:00,33.1,39.4,22.2
ST_08,2025-01-05 07:00,14.6,52.0,14.4
ST_09,2025-01-05 08:00,20.0,85.3,22.3
ST_10,2025-01-05 09:00,6.6,62.0,19.8
ST_11,2025-01-05 10:00,26.6,81.4,26.6
ST_12,2025-01-05 11:00,37.5,49.9,24.0
ST_13,2025-01-05 12:00,25.6,36.1,5.6
ST_14,2025-01-05 13:00,15.4,64.8,26.0
ST_15,2025-01-05 14:00,28.5,70.5,4.1
ST_16,2025-01-05 15:00,14.0,81.3,16.7
ST_17,2025-01-05 16:00,11.1,71.0,16.8
ST_18,2025-01-05 17:00,23.4,51.6,29.8
ST_19,2025-01-05 18:00,25.6,85.2,12.8
ST_20,2025-01-05 19:00,20.8,41.2,3.7
ST_01,2025-01-05 20:00,26.5,64.9,11.9
ST_02,2025-01-05 21:00,14.6,51.9,29.7
ST_03,2025-01-05 22:00,12.5,53.7,15.0
ST_04,2025-01-05 23:00,11.1,80.4,5.5
ST_05,2025-01-06 00:00,21.2,37.9,4.7
ST_06,2025-01-06 01:00,17.4,47.3,24.8
ST_07,2025-01-06 02:00,-9.1,71.5,20.1
ST_08,2025-01-06 03:00,24.1,32.9,12.5
ST_09,2025-01-06 04:00,17.9,85.0,22.0
ST_10,2025-01-06 05:00,26.7,68.7,16.9
ST_11,2025-01-06 06:00,1.5,34.4,1.2
ST_12,2025-01-06 07:00,14.2,49.2,24.1
ST_13,2025-01-06 08:00,13.1,67.6,28.3
ST_14,2025-01-06 09:00,25.0,77.1,9.6
ST_15,2025-01-06 10:00,18.8,62.1,17.8
ST_16,2025-01-06 11:00,8.6,83.3,17.7
ST_17,2025-01-06 12:00,26.3,43.3,7.6
ST_18,2025-01-06 13:00,9.1,49.0,9.0
ST_19,2025-01-06 14:00,11.0,41.8,29.9
ST_20,2025-01-06 15:00,12.8,30.7,13.9
ST_01,2025-01-06 16:00,11.2,38.1,2.6
ST_02,2025-01-06 17:00,3.0,79.1,5.9
ST_03,2025-01-06 18:00,22.2,89.4,7.6
ST_04,2025-01-06 19:00,26.1,59.0,28.0
ST_05,2025-01-06 20:00,24.6,38.2,28.9
ST_06,2025-01-06 21:00,7.0,44.6,19.5
ST_07,2025-01-06 22:00,9.2,75.9,1.6
ST_08,2025-01-06 23:00,-1.3,60.3,24.9
ST_09,2025-01-07 00:00,22.1,66.7,11.8
ST_10,2025-01-07 01:00,17.0,46.7,17.1
ST_11,2025-01-07 02:00,15.8,48.1,16.6
ST_12,2025-01-07 03:00,25.9,79.5,1.6
ST_13,2025-01-07 04:00,26.3,69.2,3.1
ST_14,2025-01-07 05:00,3.0,39.2,24.7
ST_15,2025-01-07 06:00,17.0,41.4,25.9
ST_16,2025-01-07 07:00,15.9,76.2,4.0
ST_17,2025-01-07 08:00,29.7,55.2,28.9
ST_18,2025-01-07 09:00,2.3,54.5,27.4
ST_19,2025-01-07 10:00,18.6,56.3,2.3
ST_20,2025-01-07 11:00,-7.1,36.8,14.1
ST_01,2025-01-07 12:00,18.1,89.2,13.4
ST_02,2025-01-07 13:00,3.7,71.1,8.0
ST_03,2025-01-07 14:00,4.2,54.6,2.8
ST_04,2025-01-07 15:00,32.7,75.6,8.0
ST_05,2025-01-07 16:00,-0.5,41.2,16.4
ST_06,2025-01-07 17:00,18.1,33.5,13.1
ST_07,2025-01-07 18:00,32.6,40.7,7.4
ST_08,2025-01-07 19:00,27.9,40.2,23.0
ST_09,2025-01-07 20:00,13.1,63.8,13.8
ST_10,2025-01-07 21:00,5.3,52.2,26.1
ST_11,2025-01-07 22:00,13.1,55.2,4.4
ST_12,2025-01-07 23:00,20.4,71.0,5.2
ST_13,2025-01-08 00:00,31.3,34.2,8.6
ST_14,2025-01-08 01:00,21.3,52.0,14.4
ST_15,2025-01-08 02:00,17.3,79.7,24.9
ST_16,2025-01-08 03:00,13.7,35.7,28.3
ST_17,2025-01-08 04:00,15.3,62.3,1.7
ST_18,2025-01-08 05:00,24.6,32.8,1.2
ST_19,2025-01-08 06:00,14.6,50.3,13.1
ST_20,2025-01-08 07:00,21.8,62.3,23.3
ST_01,2025-01-08 08:00,19.5,31.8,24.1
ST_02,2025-01-08 09:00,28.4,32.4,7.3
ST_03,2025-01-08 10:00,29.9,48.3,6.8
ST_04,2025-01-08 11:00,23.5,74.2,29.0
ST_05,2025-01-08 12:00,6.6,88.8,28.2
ST_06,2025-01-08 13:00,32.9,40.9,5.6
ST_07,2025-01-08 14:00,17.8,67.9,14.6
ST_08,2025-01-08 15:00,13.5,63.2,6.0
ST_09,2025-01-08 16:00,10.5,83.7,20.0
ST_10,2025-01-08 17:00,10.4,35.1,10.1
ST_11,2025-01-08 18:00,0.7,56.3,21.9
ST_12,2025-01-08 19:00,-2.4,51.6,26.7
ST_13,2025-01-08 20:00,6.0,58.7,28.7
ST_14,2025-01-08 21:00,11.9,71.7,17.7
ST_15,2025-01-08 22:00,-6.3,58.3,11.3
ST_16,2025-01-08 23:00,30.3,72.9,13.8
ST_17,2025-01-09 00:00,14.7,53.8,7.6
ST_18,2025-01-09 01:00,28.4,43.9,22.7
ST_19,2025-01-09 02:00,27.0,89.6,27.8
ST_20,2025-01-09 03:00,27.9,73.9,4.6
ST_01,2025-01-09 04:00,24.1,87.7,7.9
ST_02,2025-01-09 05:00,0.4,56.4,10.2
ST_03,2025-01-09 06:00,16.3,60.6,20.1
ST_04,2025-01-09 07:00,16.2,32.2,26.3
ST_05,2025-01-09 08:00,16.2,35.7,29.9
ST_06,2025-01-09 09:00,-12.9,58.8,4.8
ST_07,2025-01-09 10:00,22.5,71.7,4.4
ST_08,2025-01-09 11:00,8.9,48.8,11.9
ST_09,2025-01-09 12:00,6.7,49.8,8.0
ST_10,2025-01-09 13:00,6.6,81.0,9.4
ST_11,2025-01-09 14:00,9.1,30.3,14.2
ST_12,2025-01-09 15:00,5.2,52.8,7.6
ST_13,2025-01-09 16:00,1.6,40.1,26.2
ST_14,2025-01-09 17:00,7.5,45.6,5.8
ST_15,2025-01-09 18:00,4.0,61.7,17.7
ST_16,2025-01-09 19:00,4.0,35.7,18.2
ST_17,2025-01-09 20:00,31.7,52.1,25.8
ST_18,2025-01-09 21:00,29.2,81.9,15.0
ST_19,2025-01-09 22:00,14.4,39.2,13.6
ST_20,2025-01-09 23:00,19.1,80.6,19.7
ST_01,2025-01-10 00:00,24.8,73.4,2.7
ST_02,2025-01-10 01:00,-1.2,70.0,12.2
ST_03,2025-01-10 02:00,-0.7,57.2,23.8
ST_04,2025-01-10 03:00,10.0,46.8,1.7
ST_05,2025-01-10 04:00,19.8,36.6,18.1
ST_06,2025-01-10 05:00,10.7,84.5,24.9
ST_07,2025-01-10 06:00,1.5,84.1,15.5
ST_08,2025-01-10 07:00,22.8,74.0,15.9
ST_09,2025-01-10 08:00,10.2,62.6,24.7
ST_10,2025-01-10 09:00,17.5,63.0,0.2
ST_11,2025-01-10 10:00,12.3,76.4,4.3
ST_12,2025-01-10 11:00,8.9,32.0,16.3
ST_13,2025-01-10 12:00,21.1,32.6,3.5
ST_14,2025-01-10 13:00,4.9,66.3,12.5
ST_15,2025-01-10 14:00,16.6,34.9,15.2
ST_16,2025-01-10 15:00,13.2,79.1,16.1
ST_17,2025-01-10 16:00,9.1,80.8,6.9
ST_18,2025-01-10 17:00,4.1,76.5,12.4
ST_19,2025-01-10 18:00,-5.7,64.7,21.9
ST_20,2025-01-10 19:00,1.6,77.4,18.8
ST_01,2025-01-10 20:00,9.7,83.4,8.8
ST_02,2025-01-10 21:00,1.6,84.7,8.4
ST_03,2025-01-10 22:00,4.3,85.3,29.7
ST_04,2025-01-10 23:00,8.3,32.9,25.4
ST_05,2025-01-11 00:00,23.7,85.3,15.9
ST_06,2025-01-11 01:00,20.1,50.6,16.6
ST_07,2025-01-11 02:00,1.9,79.2,7.2
ST_08,2025-01-11 03:00,29.2,59.8,22.9
ST_09,2025-01-11 04:00,3.0,63.4,8.3
ST_10,2025-01-11 05:00,-10.6,34.3,9.0
ST_11,2025-01-11 06:00,16.2,46.5,17.9
ST_12,2025-01-11 07:00,34.7,43.9,10.6
ST_13,2025-01-11 08:00,17.5,43.8,14.3
ST_14,2025-01-11 09:00,13.2,39.5,12.4
ST_15,2025-01-11 10:00,17.8,44.4,3.4
ST_16,2025-01-11 11:00,32.2,45.4,16.1
ST_17,2025-01-11 12:00,21.6,73.7,3.3
ST_18,2025-01-11 13:00,30.1,40.2,5.9
ST_19,2025-01-11 14:00,13.7,72.6,3.1
ST_20,2025-01-11 15:00,24.8,68.7,16.3
ST_01,2025-01-11 16:00,12.3,82.1,19.0
ST_02,2025-01-11 17:00,9.6,82.5,26.1
ST_03,2025-01-11 18:00,31.4,63.7,8.1
ST_04,2025-01-11 19:00,8.9,46.0,24.3
ST_05,2025-01-11 20:00,21.6,57.6,26.8
ST_06,2025-01-11 21:00,8.6,70.0,13.1
ST_07,2025-01-11 22:00,38.5,64.7,18.2
ST_08,2025-01-11 23:00,20.5,83.3,4.7
ST_09,2025-01-12 00:00,9.6,83.7,9.9
ST_10,2025-01-12 01:00,17.5,40.7,8.2
ST_11,2025-01-12 02:00,1.3,87.1,11.0
ST_12,2025-01-12 03:00,17.0,84.5,27.5
ST_13,2025-01-12 04:00,34.8,44.4,21.5
ST_14,2025-01-12 05:00,11.1,79.7,23.0
ST_15,2025-01-12 06:00,4.9,35.8,29.5
ST_16,2025-01-12 07:00,16.1,71.7,14.8
ST_17,2025-01-12 08:00,19.7,52.1,0.3
ST_18,2025-01-12 09:00,12.2,80.2,7.4
ST_19,2025-01-12 10:00,10.4,85.9,7.9
ST_20,2025-01-12 11:00,17.6,62.4,27.6
ST_01,2025-01-12 12:00,15.1,46.0,29.4
ST_02,2025-01-12 13:00,17.6,47.5,2.4
ST_03,2025-01-12 14:00,19.7,42.8,23.9
ST_04,2025-01-12 15:00,16.6,86.6,10.5
ST_05,2025-01-12 16:00,24.1,87.2,20.3
ST_06,2025-01-12 17:00,16.6,87.3,17.2
ST_07,2025-01-12 18:00,13.0,63.4,7.8
ST_08,2025-01-12 19:00,8.8,32.2,6.7
ST_09,2025-01-12 20:00,14.4,67.5,26.4
ST_10,2025-01-12 21:00,19.4,76.2,8.5
ST_11,2025-01-12 22:00,8.9,34.8,5.6
ST_12,2025-01-12 23:00,8.0,69.1,23.9
ST_13,2025-01-13 00:00,12.3,72.0,26.5
ST_14,2025-01-13 01:00,4.5,70.5,10.6
ST_15,2025-01-13 02:00,23.6,80.4,19.0
ST_16,2025-01-13 03:00,9.8,79.0,0.9
ST_17,2025-01-13 04:00,21.8,55.7,29.5
ST_18,2025-01-13 05:00,3.8,58.1,28.7
ST_19,2025-01-13 06:00,5.1,48.2,16.2
ST_20,2025-01-13 07:00,-0.5,37.9,1.1
ST_01,2025-01-13 08:00,2.0,65.1,11.0
ST_02,2025-01-13 09:00,25.2,53.1,0.9
ST_03,2025-01-13 10:00,10.0,61.7,27.1
ST_04,2025-01-13 11:00,17.7,51.7,1.4
ST_05,2025-01-13 12:00,19.4,36.2,24.9
ST_06,2025-01-13 13:00,3.5,77.1,29.4
ST_07,2025-01-13 14:00,17.5,39.3,12.3
ST_08,2025-01-13 15:00,32.0,30.6,4.8
ST_09,2025-01-13 16:00,11.1,40.7,15.1
ST_10,2025-01-13 17:00,10.7,47.2,27.2
ST_11,2025-01-13 18:00,22.6,75.0,10.8
ST_12,2025-01-13 19:00,23.7,35.3,5.0
ST_13,2025-01-13 20:00,22.9,33.3,2.8
ST_14,2025-01-13 21:00,8.1,57.2,25.5
ST_15,2025-01-13 22:00,10.6,30.9,15.1
ST_16,2025-01-13 23:00,6.1,36.7,20.2
ST_17,2025-01-14 00:00,26.3,69.3,7.5
ST_18,2025-01-14 01:00,5.0,86.0,6.0
ST_19,2025-01-14 02:00,20.6,54.8,6.8
ST_20,2025-01-14 03:00,29.5,33.8,16.4
ST_01,2025-01-14 04:00,27.8,44.5,22.6
ST_02,2025-01-14 05:00,20.1,44.4,15.0
ST_03,2025-01-14 06:00,24.3,58.8,0.7
ST_04,2025-01-14 07:00,6.8,49.2,10.3
ST_05,2025-01-14 08:00,1.9,70.5,26.2
ST_06,2025-01-14 09:00,-2.1,72.3,26.4
ST_07,2025-01-14 10:00,4.3,60.5,28.0
ST_08,2025-01-14 11:00,28.3,31.5,28.4
ST_09,2025-01-14 12:00,9.6,60.8,21.6
ST_10,2025-01-14 13:00,-9.5,72.3,0.9
ST_11,2025-01-14 14:00,4.3,70.3,21.9
ST_12,2025-01-14 15:00,24.9,86.0,2.1
ST_13,2025-01-14 16:00,17.1,84.3,16.3
ST_14,2025-01-14 17:00,13.2,71.7,9.2
ST_15,2025-01-14 18:00,5.9,47.4,16.9
ST_16,2025-01-14 19:00,22.1,48.6,13.7
ST_17,2025-01-14 20:00,8.5,70.8,16.0
ST_18,2025-01-14 21:00,20.3,57.3,9.8
ST_19,2025-01-14 22:00,10.5,52.8,4.6
ST_20,2025-01-14 23:00,22.3,81.7,27.7
ST_01,2025-01-15 00:00,7.2,52.0,23.4
ST_02,2025-01-15 01:00,12.5,36.0,26.3
ST_03,2025-01-15 02:00,2.6,81.5,24.0
ST_04,2025-01-15 03:00,20.7,47.6,29.1
ST_05,2025-01-15 04:00,22.9,36.6,28.7
ST_06,2025-01-15 05:00,27.8,52.1,10.6
ST_07,2025-01-15 06:00,2.4,42.3,17.0
ST_08,2025-01-15 07:00,3.6,67.6,27.9
ST_09,2025-01-15 08:00,25.7,51.3,3.5
ST_10,2025-01-15 09:00,17.7,41.8,27.8
ST_11,2025-01-15 10:00,16.2,68.9,21.8
ST_12,2025-01-15 11:00,28.7,62.7,23.7
ST_13,2025-01-15 12:00,21.4,69.4,15.6
ST_14,2025-01-15 13:00,12.1,45.3,10.9
ST_15,2025-01-15 14:00,3.5,30.7,24.7
ST_16,2025-01-15 15:00,5.2,79.8,20.4
ST_17,2025-01-15 16:00,24.5,88.7,6.0
ST_18,2025-01-15 17:00,37.7,51.1,28.8
ST_19,2025-01-15 18:00,5.0,32.3,2.2
ST_20,2025-01-15 19:00,12.7,69.9,14.1
ST_01,2025-01-15 20:00,14.1,56.9,1.9
ST_02,2025-01-15 21:00,6.6,35.6,2.4
ST_03,2025-01-15 22:00,6.3,77.1,9.2
ST_04,2025-01-15 23:00,-10.8,74.0,27.1
ST_05,2025-01-16 00:00,12.3,55.5,4.6
ST_06,2025-01-16 01:00,17.1,53.1,5.2
ST_07,2025-01-16 02:00,8.6,59.1,26.3
ST_08,2025-01-16 03:00,13.8,55.3,3.4
ST_09,2025-01-16 04:00,14.4,83.1,3.6
ST_10,2025-01-16 05:00,11.8,75.3,26.5
ST_11,2025-01-16 06:00,15.4,62.6,17.1
ST_12,2025-01-16 07:00,23.2,31.4,20.3
ST_13,2025-01-16 08:00,17.1,50.9,10.0
ST_14,2025-01-16 09:00,6.5,81.0,25.3
ST_15,2025-01-16 10:00,27.1,76.2,16.4
ST_16,2025-01-16 11:00,22.4,48.1,30.0
ST_17,2025-01-16 12:00,24.3,44.9,15.7
ST_18,2025-01-16 13:00,19.7,64.0,28.6
ST_19,2025-01-16 14:00,20.0,76.3,28.0
ST_20,2025-01-16 15:00,21.0,76.6,13.7
ST_01,2025-01-16 16:00,28.2,75.8,7.6
ST_02,2025-01-16 17:00,-4.7,34.9,16.1
ST_03,2025-01-16 18:00,9.5,72.5,20.4
ST_04,2025-01-16 19:00,10.0,48.4,20.2
ST_05,2025-01-16 20:00,3.6,49.3,6.1
ST_06,2025-01-16 21:00,-4.9,83.1,24.9
ST_07,2025-01-16 22:00,5.9,50.3,29.0
ST_08,2025-01-16 23:00,1.0,62.7,3.4
ST_09,2025-01-17 00:00,19.0,53.0,9.2
ST_10,2025-01-17 01:00,4.2,86.7,24.8
ST_11,2025-01-17 02:00,13.4,45.7,24.2
ST_12,2025-01-17 03:00,23.2,82.1,23.9
ST_13,2025-01-17 04:00,10.4,49.6,18.3
ST_14,2025-01-17 05:00,15.8,47.1,0.6
ST_15,2025-01-17 06:00,13.8,89.4,28.0
ST_16,2025-01-17 07:00,26.3,77.4,13.7
ST_17,2025-01-17 08:00,6.5,49.6,22.8
ST_18,2025-01-17 09:00,27.7,30.9,28.6
ST_19,2025-01-17 10:00,15.4,73.3,10.7
ST_20,2025-01-17 11:00,18.1,66.9,26.8
ST_01,2025-01-17 12:00,10.9,65.5,19.0
ST_02,2025-01-17 13:00,34.0,30.8,18.5
ST_03,2025-01-17 14:00,24.6,44.2,23.4
ST_04,2025-01-17 15:00,27.4,79.8,19.1
ST_05,2025-01-17 16:00,14.4,70.8,4.5
ST_06,2025-01-17 17:00,13.0,84.7,0.3
ST_07,2025-01-17 18:00,14.7,45.4,2.0
ST_08,2025-01-17 19:00,4.0,78.6,24.2
ST_09,2025-01-17 20:00,-4.5,81.9,23.2
ST_10,2025-01-17 21:00,2.2,41.4,8.9
ST_11,2025-01-17 22:00,21.1,81.8,9.5
ST_12,2025-01-17 23:00,17.6,47.6,4.2
ST_13,2025-01-18 00:00,6.1,37.2,7.3
ST_14,2025-01-18 01:00,19.5,77.1,11.4
ST_15,2025-01-18 02:00,17.0,51.0,29.7
ST_16,2025-01-18 03:00,19.7,72.5,17.6
ST_17,2025-01-18 04:00,5.0,45.8,20.5
ST_18,2025-01-18 05:00,17.6,59.7,28.7
ST_19,2025-01-18 06:00,3.1,76.1,22.0
ST_20,2025-01-18 07:00,-2.3,38.0,15.7
ST_01,2025-01-18 08:00,12.4,62.5,19.0
ST_02,2025-01-18 09:00,25.3,60.5,23.5
ST_03,2025-01-18 10:00,23.4,74.0,15.4
ST_04,2025-01-18 11:00,13.8,35.7,22.0
ST_05,2025-01-18 12:00,4.5,81.7,19.3
ST_06,2025-01-18 13:00,8.8,65.8,14.4
ST_07,2025-01-18 14:00,13.4,40.5,23.3
ST_08,2025-01-18 15:00,18.1,33.8,1.6
ST_09,2025-01-18 16:00,-1.6,89.0,17.6
ST_10,2025-01-18 17:00,7.5,79.2,2.5
ST_11,2025-01-18 18:00,19.6,80.3,2.2
ST_12,2025-01-18 19:00,22.4,36.2,24.0
ST_13,2025-01-18 20:00,19.5,53.5,9.5
ST_14,2025-01-18 21:00,-2.8,41.6,7.2
ST_15,2025-01-18 22:00,3.3,84.2,18.8
ST_16,2025-01-18 23:00,34.5,69.8,26.2
ST_17,2025-01-19 00:00,9.1,57.5,6.6
ST_18,2025-01-19 01:00,17.6,58.1,29.7
ST_19,2025-01-19 02:00,7.7,47.7,29.0
ST_20,2025-01-19 03:00,20.3,59.9,21.8
ST_01,2025-01-19 04:00,5.5,62.4,0.2
ST_02,2025-01-19 05:00,9.6,66.4,25.0
ST_03,2025-01-19 06:00,22.6,55.4,1.5
ST_04,2025-01-19 07:00,25.3,75.0,20.5
ST_05,2025-01-19 08:00,27.4,59.8,21.4
ST_06,2025-01-19 09:00,15.3,38.0,26.6
ST_07,2025-01-19 10:00,15.5,34.0,11.7
ST_08,2025-01-19 11:00,13.7,35.3,23.0
ST_09,2025-01-19 12:00,19.7,50.1,10.2
ST_10,2025-01-19 13:00,28.2,51.4,16.7
ST_11,2025-01-19 14:00,14.0,86.0,29.3
ST_12,2025-01-19 15:00,23.0,56.4,22.4
ST_13,2025-01-19 16:00,-3.0,83.4,14.6
ST_14,2025-01-19 17:00,5.9,31.8,27.0
ST_15,2025-01-19 18:00,5.8,47.0,21.6
ST_16,2025-01-19 19:00,15.5,80.9,18.6
ST_17,2025-01-19 20:00,8.4,55.3,27.1
ST_18,2025-01-19 21:00,22.9,44.2,7.4
ST_19,2025-01-19 22:00,15.4,87.5,8.7
ST_20,2025-01-19 23:00,5.1,81.2,6.2
ST_01,2025-01-20 00:00,23.9,59.7,2.2
ST_02,2025-01-20 01:00,-6.9,82.4,0.3
ST_03,2025-01-20 02:00,8.7,35.1,20.2
ST_04,2025-01-20 03:00,7.3,39.7,25.2
ST_05,2025-01-20 04:00,13.6,40.8,24.3
ST_06,2025-01-20 05:00,10.0,63.0,6.4
ST_07,2025-01-20 06:00,24.9,70.2,3.1
ST_08,2025-01-20 07:00,12.1,72.0,0.9
ST_09,2025-01-20 08:00,16.3,34.0,22.1
ST_10,2025-01-20 09:00,11.9,72.1,17.3
ST_11,2025-01-20 10:00,-9.7,45.3,27.1
ST_12,2025-01-20 11:00,16.6,80.6,12.3
ST_13,2025-01-20 12:00,37.6,73.3,5.3
ST_14,2025-01-20 13:00,8.5,54.8,8.4
ST_15,2025-01-20 14:00,20.3,81.2,1.1
ST_16,2025-01-20 15:00,17.2,44.6,19.4
ST_17,2025-01-20 16:00,6.6,31.1,14.8
ST_18,2025-01-20 17:00,2.1,87.8,25.3
ST_19,2025-01-20 18:00,35.5,37.9,5.3
ST_20,2025-01-20 19:00,18.3,48.9,4.9
ST_01,2025-01-20 20:00,8.9,66.5,29.3
ST_02,2025-01-20 21:00,8.7,84.1,11.9
ST_03,2025-01-20 22:00,15.8,85.9,19.1
ST_04,2025-01-20 23:00,13.8,35.9,29.6
ST_05,2025-01-21 00:00,27.7,54.6,7.9
ST_06,2025-01-21 01:00,18.8,69.8,10.4
ST_07,2025-01-21 02:00,6.3,85.6,18.1
ST_08,2025-01-21 03:00,20.3,39.0,21.3
ST_09,2025-01-21 04:00,28.3,72.2,19.8
ST_10,2025-01-21 05:00,15.3,58.3,12.5
ST_11,2025-01-21 06:00,15.6,53.4,0.7
ST_12,2025-01-21 07:00,17.6,51.2,4.9
ST_13,2025-01-21 08:00,-6.3,35.7,12.8
ST_14,2025-01-21 09:00,16.4,54.0,22.1
ST_15,2025-01-21 10:00,10.1,38.9,11.8
ST_16,2025-01-21 11:00,13.1,62.1,15.9
ST_17,2025-01-21 12:00,17.3,37.6,0.1
ST_18,2025-01-21 13:00,18.9,62.8,19.5
ST_19,2025-01-21 14:00,22.9,69.1,29.7
ST_20,2025-01-21 15:00,16.7,43.6,5.8
ST_01,2025-01-21 16:00,19.7,50.9,13.8
ST_02,2025-01-21 17:00,9.1,85.4,7.2
ST_03,2025-01-21 18:00,17.8,54.9,12.0
ST_04,2025-01-21 19:00,5.0,89.0,4.3
ST_05,2025-01-21 20:00,13.5,70.8,18.7
ST_06,2025-01-21 21:00,7.2,81.6,29.5
ST_07,2025-01-21 22:00,4.8,70.8,22.3
ST_08,2025-01-21 23:00,17.3,64.6,6.2
ST_09,2025-01-22 00:00,24.1,44.8,21.9
ST_10,2025-01-22 01:00,20.2,37.1,15.8
ST_11,2025-01-22 02:00,3.6,83.3,24.7
ST_12,2025-01-22 03:00,13.7,61.2,5.1
ST_13,2025-01-22 04:00,10.4,69.0,21.2
ST_14,2025-01-22 05:00,24.4,69.1,3.6
ST_15,2025-01-22 06:00,15.8,50.2,29.8
ST_16,2025-01-22 07:00,20.9,89.7,7.7
ST_17,2025-01-22 08:00,16.1,31.0,24.5
ST_18,2025-01-22 09:00,31.0,39.5,0.2
ST_19,2025-01-22 10:00,17.3,49.7,3.5
ST_20,2025-01-22 11:00,32.8,88.0,5.0
ST_01,2025-01-22 12:00,8.7,87.3,9.5
ST_02,2025-01-22 13:00,14.3,30.1,13.6
ST_03,2025-01-22 14:00,19.8,89.3,11.2
ST_04,2025-01-22 15:00,25.6,49.9,18.1
ST_05,2025-01-22 16:00,22.6,87.4,28.8
ST_06,2025-01-22 17:00,10.1,79.9,18.2
ST_07,2025-01-22 18:00,3.1,43.6,27.2
ST_08,2025-01-22 19:00,9.0,64.9,5.8
ST_09,2025-01-22 20:00,12.3,59.5,17.2
ST_10,2025-01-22 21:00,24.1,61.7,19.1
ST_11,2025-01-22 22:00,13.0,32.1,1.4
ST_12,2025-01-22 23:00,22.9,64.8,0.1
ST_13,2025-01-23 00:00,4.0,70.5,11.0
ST_14,2025-01-23 01:00,10.8,49.5,1.8
ST_15,2025-01-23 02:00,9.8,50.9,7.2
ST_16,2025-01-23 03:00,4.1,58.9,27.9
ST_17,2025-01-23 04:00,10.4,72.9,29.0
ST_18,2025-01-23 05:00,21.3,56.7,11.6
ST_19,2025-01-23 06:00,15.2,32.5,18.0
ST_20,2025-01-23 07:00,12.6,58.6,26.1
ST_01,2025-01-23 08:00,4.6,75.8,15.2
ST_02,2025-01-23 09:00,2.6,69.4,24.4
ST_03,2025-01-23 10:00,9.1,62.5,9.6
ST_04,2025-01-23 11:00,23.1,44.5,12.5
ST_05,2025-01-23 12:00,26.4,72.3,8.3
ST_06,2025-01-23 13:00,16.4,88.4,7.0
ST_07,2025-01-23 14:00,14.5,48.6,13.4
ST_08,2025-01-23 15:00,-13.3,45.3,29.2
ST_09,2025-01-23 16:00,16.0,86.5,13.3
ST_10,2025-01-23 17:00,10.7,82.9,12.3
ST_11,2025-01-23 18:00,22.3,89.2,27.9
ST_12,2025-01-23 19:00,5.9,43.0,9.2
ST_13,2025-01-23 20:00,28.3,81.4,12.4
ST_14,2025-01-23 21:00,17.2,66.8,11.1
ST_15,2025-01-23 22:00,30.0,50.4,4.1
ST_16,2025-01-23 23:00,20.5,38.3,9.8
ST_17,2025-01-24 00:00,29.8,64.3,6.2
ST_18,2025-01-24 01:00,8.5,42.7,5.1
ST_19,2025-01-24 02:00,20.8,49.8,18.5
ST_20,2025-01-24 03:00,18.3,82.6,14.7
ST_01,2025-01-24 04:00,14.2,89.0,0.7
ST_02,2025-01-24 05:00,17.0,52.0,20.2
ST_03,2025-01-24 06:00,-4.1,36.0,4.4
ST_04,2025-01-24 07:00,-1.6,41.0,26.2
ST_05,2025-01-24 08:00,30.4,80.3,9.8
ST_06,2025-01-24 09:00,30.6,62.4,14.4
ST_07,2025-01-24 10:00,29.6,62.4,9.7
ST_08,2025-01-24 11:00,15.8,44.0,25.4
ST_09,2025-01-24 12:00,15.7,84.3,10.4
ST_10,2025-01-24 13:00,21.0,60.6,12.7
ST_11,2025-01-24 14:00,28.7,83.8,19.4
ST_12,2025-01-24 15:00,27.2,41.9,21.1
ST_13,2025-01-24 16:00,24.1,88.6,21.8
ST_14,2025-01-24 17:00,-6.1,75.5,7.2
ST_15,2025-01-24 18:00,29.7,68.8,4.7
ST_16,2025-01-24 19:00,2.3,47.2,22.9
ST_17,2025-01-24 20:00,19.7,49.7,4.8
ST_18,2025-01-24 21:00,16.4,56.5,22.7
ST_19,2025-01-24 22:00,8.4,68.5,8.7
ST_20,2025-01-24 23:00,18.4,82.8,5.9
ST_01,2025-01-25 00:00,16.0,30.8,20.1
ST_02,2025-01-25 01:00,-2.7,66.5,24.8
ST_03,2025-01-25 02:00,13.7,86.9,22.8
ST_04,2025-01-25 03:00,10.4,53.0,3.2
ST_05,2025-01-25 04:00,4.8,41.7,6.6
ST_06,2025-01-25 05:00,25.6,37.4,12.7
ST_07,2025-01-25 06:00,12.2,32.3,13.4
ST_08,2025-01-25 07:00,7.9,52.3,4.0
ST_09,2025-01-25 08:00,27.3,86.6,8.2
ST_10,2025-01-25 09:00,21.4,89.7,20.2
ST_11,2025-01-25 10:00,26.5,80.3,27.3
ST_12,2025-01-25 11:00,10.3,80.3,5.0
ST_13,2025-01-25 12:00,21.0,41.7,14.7
ST_14,2025-01-25 13:00,7.7,65.5,18.3
ST_15,2025-01-25 14:00,14.8,55.4,24.4
ST_16,2025-01-25 15:00,29.5,51.0,5.2
ST_17,2025-01-25 16:00,20.1,40.8,28.9
ST_18,2025-01-25 17:00,-0.3,42.4,26.3
ST_19,2025-01-25 18:00,10.5,86.7,16.0
ST_20,2025-01-25 19:00,18.5,77.5,0.7
ST_01,2025-01-25 20:00,10.0,80.3,0.5
ST_02,2025-01-25 21:00,5.8,58.6,8.9
ST_03,2025-01-25 22:00,13.5,44.1,13.9
ST_04,2025-01-25 23:00,16.2,30.3,18.6
ST_05,2025-01-26 00:00,7.0,63.0,29.3
ST_06,2025-01-26 01:00,24.3,56.4,3.9
ST_07,2025-01-26 02:00,-5.3,74.7,14.6
ST_08,2025-01-26 03:00,9.3,82.8,22.7
ST_09,2025-01-26 04:00,17.4,61.6,15.3
ST_10,2025-01-26 05:00,17.8,35.8,20.6
ST_11,2025-01-26 06:00,18.2,85.8,4.0
ST_12,2025-01-26 07:00,45,52.3,12.9
ST_13,2025-01-26 08:00,17.7,56.7,29.2
ST_14,2025-01-26 09:00,-6.0,62.1,8.0
ST_15,2025-01-26 10:00,36.2,63.6,20.6
ST_16,2025-01-26 11:00,18.5,81.8,10.5
ST_17,2025-01-26 12:00,-0.9,71.8,6.8
ST_18,2025-01-26 13:00,-2.2,70.8,5.9
ST_19,2025-01-26 14:00,4.7,50.0,9.7
ST_20,2025-01-26 15:00,9.0,73.4,21.2
ST_01,2025-01-26 16:00,18.3,43.1,5.2
ST_02,2025-01-26 17:00,25.4,65.0,2.1
ST_03,2025-01-26 18:00,6.7,63.0,16.5
ST_04,2025-01-26 19:00,-3.1,76.1,3.2
ST_05,2025-01-26 20:00,12.1,47.1,21.7
ST_06,2025-01-26 21:00,15.0,50.1,17.3
ST_07,2025-01-26 22:00,9.4,53.6,8.9
ST_08,2025-01-26 23:00,11.7,86.3,15.1
ST_09,2025-01-27 00:00,28.3,88.3,3.6
ST_10,2025-01-27 01:00,6.1,79.4,2.7
ST_11,2025-01-27 02:00,28.9,69.0,5.7
ST_12,2025-01-27 03:00,28.9,69.0,15.7
ST_13,2025-01-27 04:00,22.8,48.9,26.3
ST_14,2025-01-27 05:00,8.8,41.1,3.1
ST_15,2025-01-27 06:00,11.9,88.2,29.1
ST_16,2025-01-27 07:00,7.5,85.1,1.8
ST_17,2025-01-27 08:00,13.6,32.4,10.1
ST_18,2025-01-27 09:00,31.2,47.6,3.1
ST_19,2025-01-27 10:00,8.0,35.2,15.2
ST_20,2025-01-27 11:00,10.3,81.2,12.9
ST_01,2025-01-27 12:00,29.3,80.7,6.3
ST_02,2025-01-27 13:00,12.9,31.2,2.8
ST_03,2025-01-27 14:00,-5.2,62.9,0.9
ST_04,2025-01-27 15:00,10.5,32.0,13.3
ST_05,2025-01-27 16:00,21.7,76.4,7.0
ST_06,2025-01-27 17:00,9.2,79.1,4.9
ST_07,2025-01-27 18:00,18.1,77.9,23.0
ST_08,2025-01-27 19:00,28.9,56.0,26.3
ST_09,2025-01-27 20:00,38.1,87.2,20.9
ST_10,2025-01-27 21:00,18.8,87.3,22.1
ST_11,2025-01-27 22:00,17.9,32.2,26.6
ST_12,2025-01-27 23:00,7.9,89.6,4.5
ST_13,2025-01-28 00:00,29.1,87.2,7.4
ST_14,2025-01-28 01:00,-0.0,76.7,24.0
ST_15,2025-01-28 02:00,11.0,34.4,8.8
ST_16,2025-01-28 03:00,15.5,32.2,21.8
ST_17,2025-01-28 04:00,12.5,36.3,26.5
ST_18,2025-01-28 05:00,19.8,35.8,1.7
ST_19,2025-01-28 06:00,7.3,53.3,29.5
ST_20,2025-01-28 07:00,39.9,50.2,18.3
ST_01,2025-01-28 08:00,10.4,32.7,21.5
ST_02,2025-01-28 09:00,31.9,55.6,27.5
ST_03,2025-01-28 10:00,20.7,61.1,13.0
ST_04,2025-01-28 11:00,16.7,30.3,23.9
ST_05,2025-01-28 12:00,3.6,52.9,0.5
ST_06,2025-01-28 13:00,18.2,36.4,15.1
ST_07,2025-01-28 14:00,39.5,58.3,15.3
ST_08,2025-01-28 15:00,31.7,64.6,8.3
ST_09,2025-01-28 16:00,13.0,82.8,12.6
ST_10,2025-01-28 17:00,11.4,59.9,26.5
ST_11,2025-01-28 18:00,19.8,41.2,24.3
ST_12,2025-01-28 19:00,25.9,84.2,28.9
ST_13,2025-01-28 20:00,18.0,74.7,10.9
ST_14,2025-01-28 21:00,21.5,85.1,11.4
ST_15,2025-01-28 22:00,14.0,81.9,7.5
ST_16,2025-01-28 23:00,11.6,44.9,5.5
ST_17,2025-01-29 00:00,23.0,68.8,17.5
ST_18,2025-01-29 01:00,8.8,46.8,23.3
ST_19,2025-01-29 02:00,26.0,89.5,13.1
ST_20,2025-01-29 03:00,-3.4,42.3,15.0
ST_01,2025-01-29 04:00,21.2,46.3,9.1
ST_02,2025-01-29 05:00,17.0,81.3,8.5
ST_03,2025-01-29 06:00,26.9,34.6,8.4
ST_04,2025-01-29 07:00,21.7,56.4,18.7
ST_05,2025-01-29 08:00,23.0,79.0,19.4
ST_06,2025-01-29 09:00,8.5,73.7,21.4
ST_07,2025-01-29 10:00,28.1,35.8,29.6
ST_08,2025-01-29 11:00,12.0,34.0,20.8
ST_09,2025-01-29 12:00,28.2,77.1,25.3
ST_10,2025-01-29 13:00,24.3,66.0,25.5
ST_11,2025-01-29 14:00,-17.3,51.5,5.8
ST_12,2025-01-29 15:00,22.1,56.3,12.4
ST_13,2025-01-29 16:00,17.2,33.1,17.2
ST_14,2025-01-29 17:00,31.8,62.0,10.1
ST_15,2025-01-29 18:00,25.2,57.9,14.7
ST_16,2025-01-29 19:00,12.6,69.0,21.3
ST_17,2025-01-29 20:00,4.8,54.1,27.0
ST_18,2025-01-29 21:00,10.8,78.3,4.2
ST_19,2025-01-29 22:00,10.9,60.8,21.4
ST_20,2025-01-29 23:00,-5.0,55.0,0.2
ST_01,2025-01-30 00:00,11.6,55.2,10.6
ST_02,2025-01-30 01:00,1.9,45.3,28.4
ST_03,2025-01-30 02:00,12.4,88.5,25.4
ST_04,2025-01-30 03:00,23.5,53.1,23.2
ST_05,2025-01-30 04:00,3.0,65.1,29.6
ST_06,2025-01-30 05:00,7.0,34.2,14.8
ST_07,2025-01-30 06:00,6.3,62.8,1.6
ST_08,2025-01-30 07:00,4.5,86.6,16.0
ST_09,2025-01-30 08:00,20.1,71.3,26.6
ST_10,2025-01-30 09:00,8.1,62.9,22.1
ST_11,2025-01-30 10:00,12.8,52.9,3.5
ST_12,2025-01-30 11:00,15.4,63.3,23.2
ST_13,2025-01-30 12:00,16.7,89.2,28.9
ST_14,2025-01-30 13:00,0.1,46.6,21.0
ST_15,2025-01-30 14:00,18.7,78.1,25.1
ST_16,2025-01-30 15:00,13.6,76.4,10.1
ST_17,2025-01-30 16:00,10.4,41.8,16.4
ST_18,2025-01-30 17:00,27.9,51.5,8.8
ST_19,2025-01-30 18:00,5.6,39.9,2.2
ST_20,2025-01-30 19:00,31.9,66.2,11.6
ST_01,2025-01-30 20:00,38.3,34.7,22.9
ST_02,2025-01-30 21:00,16.8,34.1,6.8
ST_03,2025-01-30 22:00,6.4,64.7,25.6
ST_04,2025-01-30 23:00,19.9,46.9,21.0
ST_05,2025-01-31 00:00,0.4,88.0,13.9
ST_06,2025-01-31 01:00,16.4,55.2,22.9
ST_07,2025-01-31 02:00,15.3,59.2,22.6
ST_08,2025-01-31 03:00,29.0,38.4,16.5
ST_09,2025-01-31 04:00,17.1,32.8,13.5
ST_10,2025-01-31 05:00,32.6,77.0,2.9
ST_11,2025-01-31 06:00,12.7,43.9,17.6
ST_12,2025-01-31 07:00,14.4,38.6,3.8
ST_13,2025-01-31 08:00,18.2,80.9,19.7
ST_14,2025-01-31 09:00,28.3,38.7,11.2
ST_15,2025-01-31 10:00,9.2,52.6,0.1
ST_16,2025-01-31 11:00,21.5,63.0,17.6
ST_17,2025-01-31 12:00,18.7,65.0,21.9
ST_18,2025-01-31 13:00,6.1,43.1,20.7
ST_19,2025-01-31 14:00,29.1,51.5,24.6
ST_20,2025-01-31 15:00,14.6,55.9,17.1
ST_01,2025-01-31 16:00,10.4,46.3,23.9
ST_02,2025-01-31 17:00,32.7,46.4,18.8
ST_03,2025-01-31 18:00,23.4,72.9,25.2
ST_04,2025-01-31 19:00,13.3,37.4,2.0
ST_05,2025-01-31 20:00,28.3,69.6,6.7
ST_06,2025-01-31 21:00,18.6,42.7,18.1
ST_07,2025-01-31 22:00,19.6,72.9,27.8
ST_08,2025-01-31 23:00,26.3,34.8,27.0
ST_09,2025-02-01 00:00,11.4,87.8,28.1
ST_10,2025-02-01 01:00,10.4,73.5,2.9
ST_11,2025-02-01 02:00,24.5,51.5,29.7
ST_12,2025-02-01 03:00,22.0,70.7,1.6
ST_13,2025-02-01 04:00,9.8,34.1,19.1
ST_14,2025-02-01 05:00,19.7,62.5,26.8
ST_15,2025-02-01 06:00,16.3,40.8,11.4
ST_16,2025-02-01 07:00,16.6,54.4,25.0
ST_17,2025-02-01 08:00,4.7,53.6,29.0
ST_18,2025-02-01 09:00,18.7,37.6,24.2
ST_19,2025-02-01 10:00,2.7,78.3,13.5
ST_20,2025-02-01 11:00,10.1,38.0,8.0
ST_01,2025-02-01 12:00,8.0,76.5,11.0
ST_02,2025-02-01 13:00,10.4,68.9,11.8
ST_03,2025-02-01 14:00,26.4,70.5,22.1
ST_04,2025-02-01 15:00,23.0,44.8,11.0
ST_05,2025-02-01 16:00,7.9,86.8,23.3
ST_06,2025-02-01 17:00,11.6,69.9,12.8
ST_07,2025-02-01 18:00,4.0,89.1,9.9
ST_08,2025-02-01 19:00,1.9,75.6,19.5
ST_09,2025-02-01 20:00,19.4,86.4,0.8
ST_10,2025-02-01 21:00,13.2,63.1,14.1
ST_11,2025-02-01 22:00,17.7,47.6,26.7
ST_12,2025-02-01 23:00,28.1,39.6,21.1
ST_13,2025-02-02 00:00,38.4,54.9,4.6
ST_14,2025-02-02 01:00,15.9,61.7,0.5
ST_15,2025-02-02 02:00,11.8,59.5,11.4
ST_16,2025-02-02 03:00,6.6,50.3,20.7
ST_17,2025-02-02 04:00,18.7,67.2,0.8
ST_18,2025-02-02 05:00,20.5,65.7,26.3
ST_19,2025-02-02 06:00,4.3,69.4,24.0
ST_20,2025-02-02 07:00,24.5,48.1,22.5
ST_01,2025-02-02 08:00,17.1,47.8,19.3
ST_02,2025-02-02 09:00,15.6,74.0,17.6
ST_03,2025-02-02 10:00,14.4,61.8,13.5
ST_04,2025-02-02 11:00,44.5,86.8,26.4
ST_05,2025-02-02 12:00,0.6,65.9,9.2
ST_06,2025-02-02 13:00,8.5,70.9,19.0
ST_07,2025-02-02 14:00,19.5,60.5,26.1
ST_08,2025-02-02 15:00,4.9,71.1,2.1
ST_09,2025-02-02 16:00,20.4,75.6,7.9
ST_10,2025-02-02 17:00,0.4,76.4,4.7
ST_11,2025-02-02 18:00,26.0,63.9,1.7
ST_12,2025-02-02 19:00,17.5,36.3,7.5
ST_13,2025-02-02 20:00,23.2,56.6,14.0
ST_14,2025-02-02 21:00,3.7,80.9,10.3
ST_15,2025-02-02 22:00,11.5,61.4,9.2
ST_16,2025-02-02 23:00,20.0,34.7,18.9
ST_17,2025-02-03 00:00,11.4,77.8,0.7
ST_18,2025-02-03 01:00,26.7,33.8,2.0
ST_19,2025-02-03 02:00,13.9,58.8,15.7
ST_20,2025-02-03 03:00,5.8,59.2,21.9
ST_01,2025-02-03 04:00,15.0,42.3,8.3
ST_02,2025-02-03 05:00,13.1,48.9,6.5
ST_03,2025-02-03 06:00,9.3,85.9,25.4
ST_04,2025-02-03 07:00,0.0,46.2,29.8
ST_05,2025-02-03 08:00,5.9,72.6,5.2
ST_06,2025-02-03 09:00,1.7,75.3,10.2
ST_07,2025-02-03 10:00,12.3,73.4,19.0
ST_08,2025-02-03 11:00,11.4,77.5,7.6
ST_09,2025-02-03 12:00,17.7,49.1,2.0
ST_10,2025-02-03 13:00,16.1,84.5,21.6
ST_11,2025-02-03 14:00,9.2,40.1,16.0
ST_12,2025-02-03 15:00,7.9,62.5,24.6
ST_13,2025-02-03 16:00,24.1,33.6,0.4
ST_14,2025-02-03 17:00,35.9,45.9,4.9
ST_15,2025-02-03 18:00,2.7,54.8,26.5
ST_16,2025-02-03 19:00,15.3,53.9,11.4
ST_17,2025-02-03 20:00,10.0,65.5,22.5
ST_18,2025-02-03 21:00,-6.2,70.0,2.3
ST_19,2025-02-03 22:00,36.7,39.9,2.8
ST_20,2025-02-03 23:00,2.9,61.7,25.4
ST_01,2025-02-04 00:00,7.4,83.2,10.6
ST_02,2025-02-04 01:00,23.3,43.9,26.1
ST_03,2025-02-04 02:00,13.6,84.2,19.3
ST_04,2025-02-04 03:00,19.6,35.7,7.6
ST_05,2025-02-04 04:00,21.5,60.6,25.8
ST_06,2025-02-04 05:00,19.0,63.2,29.6
ST_07,2025-02-04 06:00,10.7,55.6,20.1
ST_08,2025-02-04 07:00,19.6,79.0,13.3
ST_09,2025-02-04 08:00,12.3,57.8,15.9
ST_10,2025-02-04 09:00,10.7,34.3,11.5
ST_11,2025-02-04 10:00,13.2,66.7,24.7
ST_12,2025-02-04 11:00,-9.8,53.8,0.2
ST_13,2025-02-04 12:00,6.9,35.6,21.7
ST_14,2025-02-04 13:00,17.3,61.7,26.4
ST_15,2025-02-04 14:00,15.0,87.9,27.7
ST_16,2025-02-04 15:00,-1.1,54.0,13.5
ST_17,2025-02-04 16:00,36.4,81.0,24.8
ST_18,2025-02-04 17:00,21.4,41.2,7.8
ST_19,2025-02-04 18:00,11.4,65.4,10.8
ST_20,2025-02-04 19:00,10.8,63.1,26.0
ST_01,2025-02-04 20:00,9.2,55.9,11.0
ST_02,2025-02-04 21:00,41.1,89.0,22.2
ST_03,2025-02-04 22:00,25.5,71.5,7.8
ST_04,2025-02-04 23:00,25.4,87.6,23.0
ST_05,2025-02-05 00:00,-8.8,50.7,21.8
ST_06,2025-02-05 01:00,0.5,89.0,21.1
ST_07,2025-02-05 02:00,34.4,82.4,11.7
ST_08,2025-02-05 03:00,5.5,56.8,10.8
ST_09,2025-02-05 04:00,25.9,31.7,4.9
ST_10,2025-02-05 05:00,13.6,48.3,16.3
ST_11,2025-02-05 06:00,4.6,71.3,20.4
ST_12,2025-02-05 07:00,28.4,79.3,2.4
ST_13,2025-02-05 08:00,16.6,34.8,14.6
ST_14,2025-02-05 09:00,7.6,85.5,26.5
ST_15,2025-02-05 10:00,-4.2,33.1,17.1
ST_16,2025-02-05 11:00,7.6,60.1,9.7
ST_17,2025-02-05 12:00,4.3,58.7,11.0
ST_18,2025-02-05 13:00,21.4,77.0,11.3
ST_19,2025-02-05 14:00,-3.0,36.1,13.6
ST_20,2025-02-05 15:00,20.6,85.8,24.1
ST_01,2025-02-05 16:00,7.4,48.5,14.8
ST_02,2025-02-05 17:00,32.3,55.3,6.5
ST_03,2025-02-05 18:00,-10.0,35.8,12.7
ST_04,2025-02-05 19:00,-0.7,44.1,26.8
ST_05,2025-02-05 20:00,21.4,41.2,8.7
ST_06,2025-02-05 21:00,23.5,66.6,17.2
ST_07,2025-02-05 22:00,10.7,63.4,24.0
ST_08,2025-02-05 23:00,15.0,85.3,24.1
ST_09,2025-02-06 00:00,33.0,54.2,13.7
ST_10,2025-02-06 01:00,22.3,36.0,26.0
ST_11,2025-02-06 02:00,18.5,81.1,6.8
ST_12,2025-02-06 03:00,-5.8,84.0,19.3
ST_13,2025-02-06 04:00,27.7,37.7,18.5
ST_14,2025-02-06 05:00,16.5,66.7,23.1
ST_15,2025-02-06 06:00,12.1,60.7,12.4
ST_16,2025-02-06 07:00,-2.1,41.4,20.8
ST_17,2025-02-06 08:00,14.9,61.1,10.2
ST_18,2025-02-06 09:00,6.4,35.1,23.0
ST_19,2025-02-06 10:00,19.2,34.0,27.5
ST_20,2025-02-06 11:00,19.9,82.0,19.8
ST_01,2025-02-06 12:00,10.7,48.7,18.2
ST_02,2025-02-06 13:00,31.2,35.1,23.6
ST_03,2025-02-06 14:00,11.1,66.0,14.3
ST_04,2025-02-06 15:00,8.3,85.8,8.0
ST_05,2025-02-06 16:00,8.5,58.0,19.6
ST_06,2025-02-06 17:00,-0.3,81.9,18.3
ST_07,2025-02-06 18:00,25.1,60.2,12.8
ST_08,2025-02-06 19:00,26.4,83.5,3.1
ST_09,2025-02-06 20:00,17.8,73.2,2.2
ST_10,2025-02-06 21:00,30.4,68.7,8.7
ST_11,2025-02-06 22:00,-1.8,37.3,1.7
ST_12,2025-02-06 23:00,-0.8,32.0,7.4
ST_13,2025-02-07 00:00,17.7,59.8,16.3
ST_14,2025-02-07 01:00,24.8,35.6,11.7
ST_15,2025-02-07 02:00,9.3,45.6,18.1
ST_16,2025-02-07 03:00,16.6,58.6,22.9
ST_17,2025-02-07 04:00,16.7,37.5,17.9
ST_18,2025-02-07 05:00,-6.3,40.7,14.4
ST_19,2025-02-07 06:00,20.7,88.0,23.5
ST_20,2025-02-07 07:00,17.0,81.6,12.9
ST_01,2025-02-07 08:00,20.4,80.8,12.3
ST_02,2025-02-07 09:00,7.3,78.8,0.3
ST_03,2025-02-07 10:00,10.0,70.4,18.6
ST_04,2025-02-07 11:00,24.6,67.6,10.5
ST_05,2025-02-07 12:00,22.3,38.5,11.5
ST_06,2025-02-07 13:00,24.8,37.4,18.5
ST_07,2025-02-07 14:00,3.1,81.7,23.4
ST_08,2025-02-07 15:00,33.6,65.1,27.8
ST_09,2025-02-07 16:00,11.6,88.4,23.4
ST_10,2025-02-07 17:00,8.2,33.1,29.4
ST_11,2025-02-07 18:00,24.1,78.3,1.4
ST_12,2025-02-07 19:00,6.7,62.8,26.9
ST_13,2025-02-07 20:00,25.8,53.7,19.7
ST_14,2025-02-07 21:00,31.3,49.2,17.3
ST_15,2025-02-07 22:00,20.9,47.8,26.5
ST_16,2025-02-07 23:00,26.6,33.0,4.2
ST_17,2025-02-08 00:00,1.5,49.1,28.5
ST_18,2025-02-08 01:00,1.1,34.6,8.4
ST_19,2025-02-08 02:00,9.1,43.3,8.9
ST_20,2025-02-08 03:00,12.6,41.1,13.8
ST_01,2025-02-08 04:00,11.8,43.6,23.4
ST_02,2025-02-08 05:00,28.0,70.2,28.5
ST_03,2025-02-08 06:00,9.4,64.1,9.5
ST_04,2025-02-08 07:00,6.7,68.9,19.5
ST_05,2025-02-08 08:00,17.5,61.9,10.3
ST_06,2025-02-08 09:00,27.1,78.2,3.8
ST_07,2025-02-08 10:00,4.2,77.9,1.2
ST_08,2025-02-08 11:00,17.5,33.4,7.1
ST_09,2025-02-08 12:00,20.4,38.9,2.8
ST_10,2025-02-08 13:00,3.9,81.3,10.8
ST_11,2025-02-08 14:00,5.9,89.4,17.4
ST_12,2025-02-08 15:00,28.5,89.3,17.5
ST_13,2025-02-08 16:00,4.8,32.2,13.5
ST_14,2025-02-08 17:00,11.9,46.6,29.2
ST_15,2025-02-08 18:00,-0.5,43.4,0.9
ST_16,2025-02-08 19:00,9.1,50.5,12.8
ST_17,2025-02-08 20:00,14.2,32.1,25.7
ST_18,2025-02-08 21:00,12.5,82.1,11.0
ST_19,2025-02-08 22:00,40.5,67.6,27.8
ST_20,2025-02-08 23:00,20.4,31.1,6.3
ST_01,2025-02-09 00:00,29.0,44.4,9.7
ST_02,2025-02-09 01:00,22.4,75.1,26.9
ST_03,2025-02-09 02:00,6.5,30.2,6.7
ST_04,2025-02-09 03:00,20.5,62.3,27.0
ST_05,2025-02-09 04:00,7.1,51.1,12.3
ST_06,2025-02-09 05:00,-0.7,61.5,10.0
ST_07,2025-02-09 06:00,-6.7,72.9,2.5
ST_08,2025-02-09 07:00,20.5,42.7,24.3
ST_09,2025-02-09 08:00,31.1,80.1,29.2
ST_10,2025-02-09 09:00,26.1,53.5,25.7
ST_11,2025-02-09 10:00,9.3,81.2,16.1
ST_12,2025-02-09 11:00,15.1,81.1,2.5
ST_13,2025-02-09 12:00,4.9,51.4,11.1
ST_14,2025-02-09 13:00,13.5,88.2,20.8
ST_15,2025-02-09 14:00,29.4,85.3,22.8
ST_16,2025-02-09 15:00,9.3,58.5,24.8
ST_17,2025-02-09 16:00,1.3,80.6,19.5
ST_18,2025-02-09 17:00,2.7,80.5,15.8
ST_19,2025-02-09 18:00,18.6,86.7,9.1
ST_20,2025-02-09 19:00,28.5,38.5,23.1
ST_01,2025-02-09 20:00,4.7,50.4,2.9
ST_02,2025-02-09 21:00,20.6,41.2,13.9
ST_03,2025-02-09 22:00,7.6,31.6,3.0
ST_04,2025-02-09 23:00,18.4,41.7,25.5
ST_05,2025-02-10 00:00,9.7,81.9,5.7
ST_06,2025-02-10 01:00,30.4,40.5,11.6
ST_07,2025-02-10 02:00,27.9,79.9,0.6
ST_08,2025-02-10 03:00,16.3,69.1,20.5
ST_09,2025-02-10 04:00,20.6,69.5,9.8
ST_10,2025-02-10 05:00,15.2,60.8,27.8
ST_11,2025-02-10 06:00,13.9,72.6,18.9
ST_12,2025-02-10 07:00,17.7,75.9,15.6
ST_13,2025-02-10 08:00,14.8,55.4,24.4
ST_14,2025-02-10 09:00,6.4,88.4,27.8
ST_15,2025-02-10 10:00,24.4,32.2,14.4
ST_16,2025-02-10 11:00,5.1,77.2,26.1
ST_17,2025-02-10 12:00,6.5,67.1,16.4
ST_18,2025-02-10 13:00,16.8,73.5,8.0
ST_19,2025-02-10 14:00,-0.7,61.1,9.6
ST_20,2025-02-10 15:00,21.4,84.9,5.9
ST_01,2025-02-10 16:00,2.2,85.8,23.3
ST_02,2025-02-10 17:00,21.4,37.6,20.6
ST_03,2025-02-10 18:00,20.6,85.8,1.9
ST_04,2025-02-10 19:00,17.6,45.5,26.6
ST_05,2025-02-10 20:00,4.7,45.9,29.7
ST_06,2025-02-10 21:00,11.6,50.8,20.6
ST_07,2025-02-10 22:00,23.0,77.7,13.7
ST_08,2025-02-10 23:00,15.2,57.9,14.5
ST_09,2025-02-11 00:00,32.9,52.1,5.4
ST_10,2025-02-11 01:00,33.4,58.2,13.4
ST_11,2025-02-11 02:00,3.9,33.7,15.1
ST_12,2025-02-11 03:00,9.3,81.6,15.3
ST_13,2025-02-11 04:00,9.6,62.7,26.6
ST_14,2025-02-11 05:00,28.5,72.4,27.6
ST_15,2025-02-11 06:00,6.2,78.5,27.9
ST_16,2025-02-11 07:00,23.0,57.2,22.0
ST_17,2025-02-11 08:00,1.8,33.2,19.9
ST_18,2025-02-11 09:00,21.2,53.8,27.7
ST_19,2025-02-11 10:00,9.6,63.3,16.2
ST_20,2025-02-11 11:00,21.7,69.8,1.6
ST_01,2025-02-11 12:00,26.3,36.6,8.7
ST_02,2025-02-11 13:00,12.4,43.3,14.0
ST_03,2025-02-11 14:00,1.4,35.5,23.4
ST_04,2025-02-11 15:00,18.2,61.9,16.3
ST_05,2025-02-11 16:00,22.0,76.2,20.0
ST_06,2025-02-11 17:00,-0.0,57.3,17.8
ST_07,2025-02-11 18:00,14.4,79.6,15.4
ST_08,2025-02-11 19:00,8.6,83.7,7.3
ST_09,2025-02-11 20:00,20.5,42.5,14.3
ST_10,2025-02-11 21:00,16.6,86.4,29.0
ST_11,2025-02-11 22:00,16.0,38.3,15.0
ST_12,2025-02-11 23:00,15.7,86.0,1.1
ST_13,2025-02-12 00:00,22.2,73.6,27.2
ST_14,2025-02-12 01:00,17.9,42.5,3.1
ST_15,2025-02-12 02:00,42.5,80.2,24.6
ST_16,2025-02-12 03:00,27.3,52.0,0.0
ST_17,2025-02-12 04:00,-3.4,37.2,10.0
ST_18,2025-02-12 05:00,2.5,72.3,24.1
ST_19,2025-02-12 06:00,18.4,35.7,9.7
ST_20,2025-02-12 07:00,-6.5,75.5,0.6
ST_01,2025-02-12 08:00,16.2,43.4,18.4
ST_02,2025-02-12 09:00,21.9,51.5,10.3
ST_03,2025-02-12 10:00,10.7,34.2,2.3
ST_04,2025-02-12 11:00,22.4,47.9,15.4
ST_05,2025-02-12 12:00,27.9,78.9,7.7
ST_06,2025-02-12 13:00,2.2,53.7,1.9
ST_07,2025-02-12 14:00,6.4,37.1,18.3
ST_08,2025-02-12 15:00,24.8,34.8,1.4
ST_09,2025-02-12 16:00,10.1,76.9,4.3
ST_10,2025-02-12 17:00,29.5,56.1,13.2
ST_11,2025-02-12 18:00,10.7,57.9,19.8
ST_12,2025-02-12 19:00,21.4,69.6,3.8
ST_13,2025-02-12 20:00,25.4,47.8,15.6
ST_14,2025-02-12 21:00,14.5,56.2,22.0
ST_15,2025-02-12 22:00,17.4,48.8,21.8
ST_16,2025-02-12 23:00,25.4,80.4,11.5
ST_17,2025-02-13 00:00,29.6,42.5,19.4
ST_18,2025-02-13 01:00,24.1,34.6,11.7
ST_19,2025-02-13 02:00,7.3,56.5,25.3
ST_20,2025-02-13 03:00,14.9,45.3,2.9
ST_01,2025-02-13 04:00,10.9,74.1,24.2
ST_02,2025-02-13 05:00,25.3,48.8,12.6
ST_03,2025-02-13 06:00,19.6,43.3,2.6
ST_04,2025-02-13 07:00,12.1,49.9,12.8
ST_05,2025-02-13 08:00,12.1,30.3,0.4
ST_06,2025-02-13 09:00,5.0,67.8,5.6
ST_07,2025-02-13 10:00,22.3,42.2,19.2
ST_08,2025-02-13 11:00,20.9,34.9,20.2
ST_09,2025-02-13 12:00,31.0,68.2,23.6
ST_10,2025-02-13 13:00,6.6,30.4,29.0
ST_11,2025-02-13 14:00,20.0,79.1,11.3
ST_12,2025-02-13 15:00,15.1,34.8,25.3
ST_13,2025-02-13 16:00,1.3,75.6,13.2
ST_14,2025-02-13 17:00,14.1,85.4,15.3
ST_15,2025-02-13 18:00,19.1,83.6,21.6
ST_16,2025-02-13 19:00,2.1,85.4,25.9
ST_17,2025-02-13 20:00,18.0,55.5,28.5
ST_18,2025-02-13 21:00,4.4,33.3,18.7
ST_19,2025-02-13 22:00,15.3,30.1,1.1
ST_20,2025-02-13 23:00,19.9,35.8,15.3
ST_01,2025-02-14 00:00,7.4,64.5,4.9
ST_02,2025-02-14 01:00,18.5,64.8,14.7
ST_03,2025-02-14 02:00,13.1,85.5,29.1
ST_04,2025-02-14 03:00,7.9,86.3,4.5
ST_05,2025-02-14 04:00,10.2,67.3,21.5
ST_06,2025-02-14 05:00,26.6,30.2,30.0
ST_07,2025-02-14 06:00,5.1,87.8,3.0
ST_08,2025-02-14 07:00,4.3,54.7,24.6
ST_09,2025-02-14 08:00,27.1,69.3,15.9
ST_10,2025-02-14 09:00,2.4,42.4,26.9
ST_11,2025-02-14 10:00,-5.6,46.6,6.2
ST_12,2025-02-14 11:00,6.3,71.2,9.9
ST_13,2025-02-14 12:00,36.2,76.2,1.7
ST_14,2025-02-14 13:00,20.2,75.4,12.3
ST_15,2025-02-14 14:00,-2.0,74.3,20.9
ST_16,2025-02-14 15:00,-7.6,57.4,13.6
ST_17,2025-02-14 16:00,-0.5,74.5,14.3
ST_18,2025-02-14 17:00,13.0,88.3,6.5
ST_19,2025-02-14 18:00,14.9,65.7,24.8
ST_20,2025-02-14 19:00,-1.6,72.8,22.7
ST_01,2025-02-14 20:00,22.1,83.0,1.0
ST_02,2025-02-14 21:00,21.8,44.7,2.6
ST_03,2025-02-14 22:00,11.0,72.4,3.8
ST_04,2025-02-14 23:00,-1.8,80.3,3.7
ST_05,2025-02-15 00:00,19.7,62.3,11.5
ST_06,2025-02-15 01:00,7.1,54.7,1.9
ST_07,2025-02-15 02:00,4.0,44.7,9.6
ST_08,2025-02-15 03:00,17.2,48.3,17.7
ST_09,2025-02-15 04:00,-0.3,52.0,22.2
ST_10,2025-02-15 05:00,25.7,46.5,1.8
ST_11,2025-02-15 06:00,7.1,32.8,22.0
ST_12,2025-02-15 07:00,1.4,76.1,19.5
ST_13,2025-02-15 08:00,21.7,44.0,13.1
ST_14,2025-02-15 09:00,21.2,64.2,5.9
ST_15,2025-02-15 10:00,15.4,85.6,7.8
ST_16,2025-02-15 11:00,8.1,45.8,15.7
ST_17,2025-02-15 12:00,28.7,55.0,14.6
ST_18,2025-02-15 13:00,-1.4,77.3,27.7
ST_19,2025-02-15 14:00,0.7,48.2,9.0
ST_20,2025-02-15 15:00,3.5,30.1,15.5
ST_01,2025-02-15 16:00,3.7,76.3,17.5
ST_02,2025-02-15 17:00,3.4,64.9,18.4
ST_03,2025-02-15 18:00,28.5,77.0,1.7
ST_04,2025-02-15 19:00,9.2,51.0,18.5
ST_05,2025-02-15 20:00,11.1,67.1,19.2
ST_06,2025-02-15 21:00,19.1,61.2,7.4
ST_07,2025-02-15 22:00,6.1,89.3,22.4
ST_08,2025-02-15 23:00,19.9,40.9,18.1
ST_09,2025-02-16 00:00,13.5,42.3,17.8
ST_10,2025-02-16 01:00,-5.3,83.4,16.2
ST_11,2025-02-16 02:00,16.7,85.4,24.6
ST_12,2025-02-16 03:00,15.9,80.3,0.4
ST_13,2025-02-16 04:00,16.0,36.2,20.4
ST_14,2025-02-16 05:00,16.9,38.3,10.6
ST_15,2025-02-16 06:00,23.3,74.1,22.0
ST_16,2025-02-16 07:00,9.4,89.5,15.2
ST_17,2025-02-16 08:00,24.0,74.6,7.2
ST_18,2025-02-16 09:00,24.5,44.1,9.7
ST_19,2025-02-16 10:00,13.2,52.8,8.8
ST_20,2025-02-16 11:00,26.7,35.6,15.2
ST_01,2025-02-16 12:00,11.0,80.3,26.0
ST_02,2025-02-16 13:00,24.2,61.5,25.8
ST_03,2025-02-16 14:00,4.7,46.4,24.8
ST_04,2025-02-16 15:00,24.6,75.0,10.9
ST_05,2025-02-16 16:00,18.5,65.0,27.9
ST_06,2025-02-16 17:00,13.5,81.5,11.2
ST_07,2025-02-16 18:00,28.8,40.7,3.7
ST_08,2025-02-16 19:00,34.8,33.7,7.7
ST_09,2025-02-16 20:00,28.0,89.2,22.8
ST_10,2025-02-16 21:00,9.8,49.5,22.6
ST_11,2025-02-16 22:00,24.0,86.4,17.0
ST_12,2025-02-16 23:00,7.4,68.3,7.6
ST_13,2025-02-17 00:00,15.9,53.4,9.6
ST_14,2025-02-17 01:00,32.6,37.2,4.6
ST_15,2025-02-17 02:00,8.7,68.6,28.1
ST_16,2025-02-17 03:00,20.5,51.2,18.6
ST_17,2025-02-17 04:00,15.8,62.5,8.0
ST_18,2025-02-17 05:00,12.1,69.6,21.1
ST_19,2025-02-17 06:00,23.3,76.3,16.5
ST_20,2025-02-17 07:00,3.9,62.5,19.5
ST_01,2025-02-17 08:00,26.7,59.0,2.6
ST_02,2025-02-17 09:00,14.5,75.5,22.2
ST_03,2025-02-17 10:00,14.3,37.6,21.6
ST_04,2025-02-17 11:00,21.5,32.4,0.1
ST_05,2025-02-17 12:00,34.0,48.2,10.2
ST_06,2025-02-17 13:00,10.6,86.1,10.3
ST_07,2025-02-17 14:00,6.5,80.2,24.9
ST_08,2025-02-17 15:00,16.9,88.6,26.7
ST_09,2025-02-17 16:00,-2.4,69.6,28.6
ST_10,2025-02-17 17:00,9.9,68.5,7.4
ST_11,2025-02-17 18:00,25.0,55.6,29.8
ST_12,2025-02-17 19:00,12.6,81.4,26.4
ST_13,2025-02-17 20:00,12.5,58.1,7.4
ST_14,2025-02-17 21:00,23.3,47.7,8.5
ST_15,2025-02-17 22:00,-0.6,81.9,9.9
ST_16,2025-02-17 23:00,8.1,67.2,28.6
ST_17,2025-02-18 00:00,27.8,43.8,29.4
ST_18,2025-02-18 01:00,10.2,51.3,14.5
ST_19,2025-02-18 02:00,20.3,56.7,22.7
ST_20,2025-02-18 03:00,4.4,73.6,1.8
ST_01,2025-02-18 04:00,35.3,85.9,14.1
ST_02,2025-02-18 05:00,6.2,46.0,8.7
ST_03,2025-02-18 06:00,10.4,85.9,6.1
ST_04,2025-02-18 07:00,13.7,88.5,2.0
ST_05,2025-02-18 08:00,31.2,54.6,18.2
ST_06,2025-02-18 09:00,22.6,78.2,24.4
ST_07,2025-02-18 10:00,12.5,50.4,20.6
ST_08,2025-02-18 11:00,18.3,58.7,19.4
ST_09,2025-02-18 12:00,-0.6,53.5,2.6
ST_10,2025-02-18 13:00,20.0,33.2,4.3
ST_11,2025-02-18 14:00,6.8,82.8,23.5
ST_12,2025-02-18 15:00,3.5,79.1,0.8
ST_13,2025-02-18 16:00,14.9,87.2,15.0
ST_14,2025-02-18 17:00,26.0,85.8,27.7
ST_15,2025-02-18 18:00,24.1,60.1,25.2
ST_16,2025-02-18 19:00,9.3,75.4,14.0
ST_17,2025-02-18 20:00,12.1,64.7,0.5
ST_18,2025-02-18 21:00,15.2,67.4,6.4
ST_19,2025-02-18 22:00,39.3,52.7,6.9
ST_20,2025-02-18 23:00,-1.3,49.1,3.4
ST_01,2025-02-19 00:00,34.5,66.5,6.3
ST_02,2025-02-19 01:00,17.4,37.7,13.1
ST_03,2025-02-19 02:00,29.1,87.4,3.6
ST_04,2025-02-19 03:00,11.9,55.0,6.4
ST_05,2025-02-19 04:00,0.6,46.1,10.0
ST_06,2025-02-19 05:00,32.1,36.7,20.6
ST_07,2025-02-19 06:00,19.5,32.6,3.2
ST_08,2025-02-19 07:00,15.5,59.1,26.8
ST_09,2025-02-19 08:00,21.3,72.6,1.7
ST_10,2025-02-19 09:00,19.3,71.4,11.4
ST_11,2025-02-19 10:00,27.9,33.6,18.3
ST_12,2025-02-19 11:00,13.2,86.6,18.6
ST_13,2025-02-19 12:00,2.5,78.3,17.0
ST_14,2025-02-19 13:00,4.5,62.1,27.4
ST_15,2025-02-19 14:00,13.6,32.9,9.1
ST_16,2025-02-19 15:00,31.5,57.7,11.2
ST_17,2025-02-19 16:00,24.4,43.8,1.4
ST_18,2025-02-19 17:00,11.0,71.4,9.1
ST_19,2025-02-19 18:00,23.1,65.0,15.1
ST_20,2025-02-19 19:00,6.5,63.6,25.3
ST_01,2025-02-19 20:00,2.1,61.0,21.3
ST_02,2025-02-19 21:00,8.3,61.9,25.8
ST_03,2025-02-19 22:00,32.3,31.9,16.7
ST_04,2025-02-19 23:00,22.8,35.7,0.7
ST_05,2025-02-20 00:00,-9.9,39.5,12.1
ST_06,2025-02-20 01:00,-2.9,51.7,18.0
ST_07,2025-02-20 02:00,17.5,64.7,4.0
ST_08,2025-02-20 03:00,34.8,40.7,8.2
ST_09,2025-02-20 04:00,12.1,40.0,27.2
ST_10,2025-02-20 05:00,5.3,52.7,21.3
ST_11,2025-02-20 06:00,18.2,69.5,13.1
ST_12,2025-02-20 07:00,2.5,32.8,21.1
ST_13,2025-02-20 08:00,18.5,44.7,4.6
ST_14,2025-02-20 09:00,7.8,34.2,20.5
ST_15,2025-02-20 10:00,16.5,65.8,2.6
ST_16,2025-02-20 11:00,1.3,32.2,24.9
ST_17,2025-02-20 12:00,20.4,49.9,15.1
ST_18,2025-02-20 13:00,12.6,79.0,1.1
ST_19,2025-02-20 14:00,13.7,31.4,3.6
ST_20,2025-02-20 15:00,2.0,40.8,8.2
ST_01,2025-02-20 16:00,24.5,76.0,11.9
