id,product,category,revenue,date
1,Sensor X2,Services,9011.61,2024-04-12
2,Widget Gamma,Electronics,10949.01,2024-05-08
3,Power Unit,Consulting,14078.73,2024-02-15
4,Sensor X2,Consulting,null,2024-10-28
5,Display Panel,Services,3228.23,2024-12-15
6,Widget Gamma,Consulting,"1,290.33",2024-06-22
7,Assembly Kit,Electronics,4779.86,2024-08-28
8,Module B,Electronics,(3096.28),2024-08-05
9,Module B,Electronics,7803.89,2024-08-24
10,Module A,Electronics,(1980.64),2024-07-02
11,Power Unit,Hardware,(8951.49),2024-08-14
12,Module B,Hardware,1691.4,2024-01-19
13,Assembly Kit,Services,"14,053.40",2024-02-11
14,Widget Gamma,Software,134.74,2024-11-12
15,Module B,Services,(13504.55),2024-04-12
16,Assembly Kit,Hardware,3900.77,2024-08-14
17,Control Board,Hardware,14123.22,2024-06-30
18,Widget Alpha,Hardware,11695.18,2024-11-03
19,Sensor X2,Electronics,1824.79,2024-02-19
20,Widget Gamma,Services,null,2024-03-15
21,Control Board,Services,12699.58,2024-04-29
22,Display Panel,Software,10190.95,2024-04-05
23,Widget Alpha,Consulting,5094.65,2024-01-25
24,Sensor X1,Services,6240.27,2024-07-16
25,Widget Beta,Hardware,"13,849.39",2024-01-20
26,Sensor X2,Services,"4,705.71",2024-04-27
27,Assembly Kit,Software,"13,119.74",2024-02-24
28,Gadget Pro,Hardware,$4480.83,2024-07-15
29,Widget Beta,Services,14458.91,2024-08-03
30,Module B,Software,$13125.17,2024-12-16
31,Module B,Hardware,6492.28,2024-05-11
32,Assembly Kit,Consulting,"4,270.25",2024-03-22
33,Component Z,Consulting,10736.64,2024-12-07
34,Sensor X1,Hardware,114.45,2024-06-25
35,Gadget Lite,Hardware,$10033.86,2024-12-06
36,Gadget Lite,Services,null,2024-12-27
37,Assembly Kit,Services,1729.37,2024-01-02
38,Widget Alpha,Consulting,(14251.04),2024-06-07
39,Widget Gamma,Consulting,13999.72,2024-08-15
40,Display Panel,Services,"8,427.58",2024-08-27
41,Control Board,Consulting,3044.25,2024-05-27
42,Widget Beta,Software,(8728.64),2024-02-08
43,Sensor X2,Software,"14,563.62",2024-07-08
44,Power Unit,Consulting,$4462.83,2024-10-21
45,Display Panel,Services,11849.26,2024-07-23
46,Sensor X1,Hardware,n/a,2024-03-07
47,Sensor X2,Consulting,5429.6,2024-04-01
48,Module A,Consulting,$5770.68,2024-12-24
49,Connector Set,Services,n/a,2024-10-20
50,Assembly Kit,Hardware,(7998.37),2024-02-08
51,Module B,Electronics,4979.71,2024-02-28
52,Sensor X1,Electronics,10225.41,2024-10-18
53,Widget Alpha,Consulting,6238.39,2024-06-12
54,Component Z,Electronics,590.32,2024-07-22
55,Gadget Pro,Consulting,2419.83,2024-05-29
56,Power Unit,Services,12090.05,2024-04-27
57,Widget Gamma,Software,9869.73,2024-05-21
58,Connector Set,Hardware,2645.92,2024-10-13
59,Display Panel,Consulting,11164.19,2024-02-11
60,Widget Gamma,Hardware,8202.58,2024-03-17
61,Module B,Services,$5340.93,2024-03-26
62,Gadget Pro,Consulting,"11,420.28",2024-11-07
63,Sensor X1,Electronics,12150.95,2024-06-24
64,Gadget Lite,Hardware,"2,241.16",2024-02-26
65,Module B,Electronics,"5,683.71",2024-04-28
66,Widget Beta,Hardware,$6685.54,2024-10-17
67,Display Panel,Electronics,$13137.72,2024-03-23
68,Control Board,Services,3832.38,2024-07-10
69,Component Z,Services,4544.53,2024-01-11
70,Widget Alpha,Software,4471.19,2024-10-11
71,Sensor X2,Electronics,"5,338.44",2024-01-21
72,Sensor X1,Software,$4937.98,2024-12-05
73,Widget Alpha,Services,9173.58,2024-05-18
74,Power Unit,Electronics,11097.29,2024-05-27
75,Power Unit,Hardware,(7885.59),2024-03-30
76,Gadget Pro,Hardware,$3934.11,2024-11-27
77,Widget Beta,Services,8505.15,2024-01-03
78,Gadget Pro,Hardware,9457.44,2024-04-02
79,Connector Set,Software,8717.33,2024-04-03
80,Widget Alpha,Electronics,(5967.59),2024-09-14
81,Module A,Electronics,8844.01,2024-03-25
82,Widget Gamma,Services,1410.36,2024-11-09
83,Gadget Pro,Consulting,n/a,2024-09-05
84,Component Z,Hardware,"2,062.48",2024-03-29
85,Gadget Pro,Hardware,"3,885.10",2024-12-17
86,Assembly Kit,Consulting,1204.87,2024-10-05
87,Gadget Pro,Services,7889.38,2024-07-21
88,Gadget Lite,Software,5046.13,2024-10-16
89,Control Board,Electronics,6579.53,2024-01-20
90,Connector Set,Electronics,4428.16,2024-12-05
91,Connector Set,Software,8679.95,2024-01-06
92,Power Unit,Software,2431.47,2024-02-28
93,Power Unit,Software,3942.65,2024-09-28
94,Widget Alpha,Software,2159.99,2024-04-28
95,Display Panel,Services,5414.61,2024-01-10
96,Sensor X2,Hardware,2343.92,2024-10-02
97,Widget Alpha,Hardware,"3,370.68",2024-04-18
98,Control Board,Electronics,61.1,2024-11-26
99,Sensor X2,Electronics,"12,668.09",2024-12-20
100,Module A,Services,$13147.41,2024-10-12
101,Connector Set,Software,$10695.52,2024-06-16
102,Gadget Lite,Consulting,1013.14,2024-05-04
103,Gadget Lite,Software,-,2024-11-13
104,Component Z,Hardware,6661.86,2024-04-18
105,Widget Alpha,Consulting,1210.66,2024-05-14
106,Power Unit,Electronics,n/a,2024-05-24
107,Sensor X2,Software,"14,945.77",2024-09-17
108,Module B,Electronics,6005.72,2024-05-26
109,Component Z,Software,11153.36,2024-08-20
110,Component Z,Electronics,346.57,2024-12-22
111,Assembly Kit,Hardware,-,2024-07-28
112,Component Z,Electronics,1864.38,2024-01-11
113,Gadget Pro,Electronics,$14959.54,2024-01-07
114,Connector Set,Software,$12576.69,2024-04-03
115,Power Unit,Software,10599.67,2024-03-31
116,Display Panel,Hardware,5822.99,2024-08-02
117,Gadget Lite,Consulting,(3790.35),2024-06-04
118,Widget Gamma,Software,575.14,2024-03-04
119,Widget Beta,Software,-,2024-08-30
120,Module A,Hardware,4634.15,2024-09-13
121,Module B,Software,2806.3,2024-11-20
122,Gadget Pro,Software,1974.83,2024-09-18
123,Component Z,Software,7764.89,2024-11-04
124,Sensor X2,Hardware,55.02,2024-10-20
125,Power Unit,Services,11911.8,2024-10-24
126,Widget Beta,Services,1644.53,2024-08-22
127,Display Panel,Electronics,4515.85,2024-05-03
128,Power Unit,Software,$4692.06,2024-12-28
129,Assembly Kit,Hardware,9265.45,2024-02-15
130,Display Panel,Hardware,6097.54,2024-06-01
131,Module A,Software,8156.81,2024-09-02
132,Sensor X1,Hardware,"10,560.80",2024-01-23
133,Module B,Hardware,"12,173.94",2024-04-16
134,Component Z,Services,"14,409.95",2024-08-31
135,Module B,Hardware,12681.95,2024-09-22
136,Widget Alpha,Electronics,8922.68,2024-11-06
137,Sensor X2,Electronics,(8032.32),2024-02-04
138,Module B,Software,2636.17,2024-07-04
139,Control Board,Electronics,"4,468.99",2024-10-08
140,Sensor X1,Services,9553.89,2024-04-11
141,Assembly Kit,Electronics,-,2024-08-31
142,Sensor X2,Software,null,2024-10-30
143,Widget Beta,Hardware,2062.48,2024-06-29
144,Widget Beta,Electronics,5887.08,2024-07-07
145,Component Z,Electronics,9978.56,2024-11-05
146,Connector Set,Software,13432.44,2024-07-27
147,Connector Set,Hardware,"14,552.62",2024-05-27
148,Control Board,Electronics,7642.35,2024-10-07
149,Gadget Pro,Services,8308.49,2024-09-25
150,Sensor X2,Services,12572.58,2024-02-17
151,Connector Set,Services,7197.94,2024-04-26
152,Connector Set,Software,(11703.42),2024-05-03
153,Widget Gamma,Services,13853.64,2024-02-05
154,Widget Gamma,Software,14658.52,2024-10-01
155,Display Panel,Hardware,"6,793.01",2024-01-08
156,Control Board,Services,9550.64,2024-09-11
157,Power Unit,Electronics,(3341.53),2024-11-06
158,Sensor X2,Hardware,-,2024-03-05
159,Module A,Software,$361.55,2024-11-07
160,Display Panel,Electronics,895.23,2024-06-03
161,Gadget Pro,Consulting,n/a,2024-07-20
162,Control Board,Hardware,"8,629.52",2024-05-25
163,Widget Gamma,Electronics,8661.57,2024-06-17
164,Display Panel,Hardware,"6,252.79",2024-12-07
165,Widget Gamma,Consulting,7205.22,2024-05-10
166,Power Unit,Services,14372.49,2024-05-13
167,Widget Alpha,Consulting,11566.62,2024-03-29
168,Gadget Lite,Hardware,N/A,2024-03-29
169,Widget Gamma,Consulting,4531.3,2024-04-23
170,Sensor X1,Services,13269.14,2024-03-23
171,Widget Gamma,Electronics,8226.82,2024-03-20
172,Power Unit,Services,"4,811.83",2024-11-18
173,Sensor X1,Consulting,10376.58,2024-03-13
174,Sensor X2,Consulting,$8832.59,2024-12-08
175,Module A,Hardware,"1,809.84",2024-09-13
176,Sensor X1,Services,(4777.57),2024-09-29
177,Power Unit,Electronics,"3,396.43",2024-02-15
178,Gadget Pro,Services,"14,581.84",2024-03-21
179,Gadget Pro,Software,"2,809.01",2024-02-11
180,Widget Beta,Services,(3268.33),2024-07-13
181,Module A,Software,153.45,2024-09-15
182,Module B,Services,13089.47,2024-11-01
183,Gadget Lite,Hardware,13866.49,2024-11-14
184,Sensor X1,Hardware,14871.99,2024-09-04
185,Module A,Consulting,8974.46,2024-09-06
186,Module A,Consulting,11696.11,2024-08-25
187,Connector Set,Services,1863.51,2024-04-08
188,Sensor X2,Services,"12,433.88",2024-06-09
189,Widget Gamma,Electronics,6473.24,2024-10-07
190,Control Board,Electronics,"1,938.67",2024-02-27
191,Widget Gamma,Hardware,352.37,2024-05-09
192,Widget Alpha,Electronics,632.72,2024-04-12
193,Component Z,Hardware,7780.14,2024-04-19
194,Module A,Software,5319.13,2024-08-31
195,Connector Set,Software,"4,419.46",2024-05-04
196,Widget Beta,Hardware,$14328.08,2024-10-24
197,Connector Set,Hardware,13716.04,2024-07-23
198,Display Panel,Software,"2,833.48",2024-06-23
199,Sensor X1,Software,7227.47,2024-11-26
200,Module A,Electronics,8062.34,2024-05-10
201,Widget Beta,Electronics,N/A,2024-08-05
202,Widget Gamma,Software,5512.48,2024-07-02
203,Gadget Lite,Software,"5,882.17",2024-05-15
204,Gadget Pro,Software,"1,227.61",2024-10-02
205,Widget Beta,Electronics,3072.9,2024-12-14
206,Display Panel,Software,12880.25,2024-04-23
207,Widget Gamma,Consulting,12054.86,2024-05-08
208,Display Panel,Electronics,4750.0,2024-06-23
209,Module A,Hardware,13175.26,2024-03-27
210,Connector Set,Electronics,973.88,2024-12-02
211,Sensor X1,Services,942.89,2024-03-15
212,Sensor X1,Consulting,N/A,2024-05-12
213,Gadget Pro,Software,$13997.53,2024-08-08
214,Widget Beta,Consulting,65.04,2024-03-31
215,Gadget Pro,Software,5797.79,2024-09-07
216,Component Z,Hardware,$13949.2,2024-04-19
217,Module A,Software,n/a,2024-08-01
218,Gadget Pro,Software,609.45,2024-09-22
219,Sensor X1,Services,"1,551.69",2024-04-15
220,Widget Alpha,Hardware,14838.27,2024-01-17
221,Display Panel,Services,1106.69,2024-01-08
222,Gadget Pro,Electronics,1164.03,2024-03-04
223,Power Unit,Software,11699.71,2024-07-09
224,Sensor X2,Consulting,6453.88,2024-01-25
225,Module B,Services,13854.1,2024-06-13
226,Power Unit,Software,12319.15,2024-12-03
227,Assembly Kit,Hardware,3047.79,2024-12-09
228,Sensor X1,Hardware,7034.29,2024-11-09
229,Module B,Services,1900.81,2024-04-18
230,Control Board,Electronics,3066.22,2024-04-03
231,Sensor X2,Electronics,N/A,2024-10-28
232,Control Board,Hardware,$12505.4,2024-04-16
233,Module B,Electronics,"9,274.61",2024-12-12
234,Module A,Consulting,(11174.03),2024-05-18
235,Module B,Services,"8,416.45",2024-03-07
236,Module A,Consulting,$14010.73,2024-06-25
237,Control Board,Hardware,9137.96,2024-09-19
238,Widget Gamma,Electronics,"1,090.35",2024-11-24
239,Connector Set,Consulting,7875.46,2024-03-05
240,Assembly Kit,Software,4266.52,2024-01-09
241,Sensor X1,Consulting,1128.54,2024-01-27
242,Module B,Software,2033.67,2024-07-03
243,Control Board,Services,8553.2,2024-06-27
244,Widget Gamma,Software,10117.41,2024-07-09
245,Gadget Lite,Software,9186.96,2024-04-23
246,Power Unit,Services,8605.84,2024-12-23
247,Assembly Kit,Software,,2024-08-23
248,Connector Set,Consulting,11284.32,2024-06-04
249,Gadget Lite,Electronics,,2024-07-05
250,Component Z,Consulting,8444.37,2024-05-19
251,Control Board,Consulting,9105.29,2024-10-20
252,Gadget Pro,Hardware,11920.51,2024-01-13
253,Widget Beta,Consulting,4609.69,2024-08-10
254,Connector Set,Services,"13,165.61",2024-10-26
255,Widget Alpha,Consulting,-,2024-02-12
256,Sensor X1,Hardware,"4,891.30",2024-06-25
257,Widget Alpha,Electronics,"11,211.48",2024-03-23
258,Connector Set,Consulting,11969.24,2024-04-16
259,Control Board,Electronics,$3315.63,2024-06-07
260,Module A,Software,2688.13,2024-01-30
261,Widget Beta,Services,"8,016.34",2024-04-04
262,Widget Gamma,Hardware,6440.52,2024-10-18
263,Widget Beta,Electronics,$12432.23,2024-02-05
264,Widget Gamma,Hardware,13933.1,2024-09-15
265,Gadget Pro,Consulting,null,2024-05-29
266,Component Z,Services,"9,081.12",2024-10-28
267,Module A,Hardware,2169.05,2024-04-28
268,Gadget Lite,Software,5724.66,2024-12-21
269,Module B,Electronics,"7,386.93",2024-04-19
270,Widget Alpha,Services,13160.99,2024-12-13
271,Assembly Kit,Hardware,n/a,2024-02-17
272,Module A,Electronics,3413.71,2024-04-06
273,Assembly Kit,Services,2150.08,2024-03-28
274,Sensor X2,Software,$1000.17,2024-12-22
275,Assembly Kit,Services,11331.44,2024-01-17
276,Sensor X2,Hardware,13444.35,2024-01-06
277,Gadget Pro,Software,1875.48,2024-07-05
278,Module A,Software,,2024-11-15
279,Connector Set,Electronics,(12365.36),2024-02-07
280,Module B,Electronics,"13,613.67",2024-09-24
281,Module B,Software,$590.5,2024-08-25
282,Widget Alpha,Services,2392.4,2024-04-05
283,Assembly Kit,Services,595.42,2024-06-17
284,Component Z,Services,"8,720.12",2024-10-18
285,Widget Alpha,Hardware,13066.72,2024-11-02
286,Widget Gamma,Hardware,10747.78,2024-03-24
287,Widget Beta,Services,(1693.89),2024-09-13
288,Component Z,Consulting,924.07,2024-03-15
289,Sensor X2,Hardware,,2024-04-25
290,Assembly Kit,Hardware,3898.46,2024-01-11
291,Control Board,Hardware,null,2024-07-14
292,Widget Beta,Consulting,N/A,2024-09-12
293,Assembly Kit,Software,9703.69,2024-04-26
294,Widget Alpha,Electronics,2034.47,2024-12-18
295,Sensor X1,Consulting,n/a,2024-08-10
296,Power Unit,Software,11527.26,2024-04-27
297,Component Z,Hardware,$13527.39,2024-11-11
298,Control Board,Electronics,5314.87,2024-10-06
299,Power Unit,Software,2265.82,2024-05-11
300,Assembly Kit,Electronics,1502.03,2024-05-26
301,Display Panel,Services,1628.98,2024-09-24
302,Connector Set,Services,2367.4,2024-04-24
303,Sensor X1,Electronics,14574.12,2024-06-15
304,Display Panel,Services,$3236.63,2024-02-06
305,Component Z,Services,"2,845.21",2024-12-20
306,Module B,Consulting,$13358.08,2024-05-17
307,Display Panel,Electronics,264.34,2024-11-03
308,Widget Beta,Hardware,7697.6,2024-06-25
309,Connector Set,Consulting,11192.96,2024-11-22
310,Module A,Hardware,7502.55,2024-04-11
311,Display Panel,Services,62.96,2024-03-03
312,Sensor X1,Services,13274.46,2024-05-09
313,Power Unit,Electronics,8739.7,2024-03-07
314,Control Board,Consulting,8681.29,2024-06-22
315,Gadget Pro,Services,3185.21,2024-03-29
316,Power Unit,Electronics,500.39,2024-06-15
317,Gadget Lite,Software,$8069.25,2024-04-08
318,Gadget Pro,Consulting,13477.95,2024-05-20
319,Display Panel,Electronics,14243.11,2024-06-21
320,Widget Beta,Electronics,10192.41,2024-11-07
321,Display Panel,Services,3394.25,2024-04-03
322,Widget Beta,Consulting,n/a,2024-05-07
323,Widget Gamma,Software,3086.64,2024-07-25
324,Module A,Software,-,2024-06-27
325,Component Z,Consulting,"10,980.31",2024-04-22
326,Module B,Hardware,"3,274.94",2024-07-09
327,Module B,Services,14336.87,2024-12-05
328,Gadget Lite,Software,5403.73,2024-06-05
329,Gadget Lite,Electronics,(798.8),2024-06-01
330,Assembly Kit,Consulting,N/A,2024-04-09
331,Sensor X2,Hardware,1492.53,2024-07-19
332,Module A,Hardware,459.37,2024-01-28
333,Module B,Consulting,565.54,2024-04-21
334,Module A,Consulting,8917.19,2024-04-28
335,Gadget Lite,Software,12372.2,2024-10-24
336,Widget Beta,Services,13269.0,2024-03-29
337,Gadget Pro,Electronics,-,2024-03-15
338,Gadget Pro,Software,$4474.97,2024-03-17
339,Control Board,Electronics,5115.9,2024-07-06
340,Gadget Pro,Consulting,9556.97,2024-07-05
341,Connector Set,Hardware,4368.99,2024-06-14
342,Module B,Electronics,6079.93,2024-10-20
343,Component Z,Electronics,null,2024-09-12
344,Widget Gamma,Hardware,7015.99,2024-08-09
345,Widget Gamma,Services,5773.95,2024-08-30
346,Control Board,Services,8828.08,2024-04-06
347,Display Panel,Electronics,9923.01,2024-10-25
348,Display Panel,Software,11988.84,2024-03-27
349,Sensor X2,Electronics,8969.46,2024-01-08
350,Widget Alpha,Electronics,149.43,2024-10-23
351,Display Panel,Software,4940.06,2024-11-01
352,Module B,Hardware,11843.89,2024-08-13
353,Gadget Pro,Hardware,948.71,2024-12-09
354,Connector Set,Software,14981.37,2024-01-20
355,Widget Gamma,Electronics,8631.46,2024-07-23
356,Power Unit,Hardware,5371.08,2024-11-24
357,Gadget Lite,Consulting,"7,759.47",2024-03-02
358,Widget Alpha,Software,"2,115.34",2024-12-08
359,Power Unit,Electronics,"7,147.29",2024-08-16
360,Widget Gamma,Services,1719.84,2024-02-19
361,Control Board,Hardware,n/a,2024-02-09
362,Sensor X2,Hardware,12757.54,2024-06-27
363,Gadget Lite,Hardware,$10446.9,2024-10-18
364,Widget Alpha,Consulting,$10470.94,2024-10-09
365,Component Z,Software,8977.98,2024-11-21
366,Widget Alpha,Hardware,4562.72,2024-07-10
367,Sensor X1,Electronics,"2,076.22",2024-02-21
368,Power Unit,Software,10256.42,2024-04-12
369,Gadget Lite,Services,14137.36,2024-09-15
370,Widget Gamma,Services,10608.25,2024-06-04
371,Module B,Hardware,5681.06,2024-10-01
372,Widget Beta,Hardware,6546.24,2024-05-30
373,Component Z,Electronics,$5284.48,2024-05-04
374,Widget Beta,Software,"11,190.25",2024-04-26
375,Component Z,Services,n/a,2024-11-05
376,Widget Alpha,Consulting,11899.73,2024-09-25
377,Display Panel,Electronics,9828.88,2024-02-28
378,Sensor X1,Electronics,"13,619.46",2024-06-11
379,Gadget Lite,Services,6874.91,2024-04-07
380,Assembly Kit,Hardware,(1458.87),2024-08-07
381,Connector Set,Hardware,"5,228.50",2024-09-05
382,Sensor X1,Consulting,11882.92,2024-08-01
383,Widget Gamma,Hardware,10353.06,2024-01-12
384,Control Board,Software,"8,788.05",2024-02-19
385,Connector Set,Electronics,,2024-10-08
386,Sensor X2,Hardware,6912.91,2024-02-12
387,Module A,Hardware,"3,471.11",2024-02-26
388,Display Panel,Services,12674.01,2024-02-05
389,Sensor X1,Software,null,2024-08-20
390,Sensor X1,Electronics,6731.41,2024-08-16
391,Assembly Kit,Services,6626.93,2024-05-07
392,Gadget Lite,Consulting,2033.93,2024-02-05
393,Assembly Kit,Consulting,4886.16,2024-03-13
394,Control Board,Software,5187.76,2024-02-01
395,Gadget Pro,Hardware,669.32,2024-01-07
396,Connector Set,Services,$6375.47,2024-03-25
397,Display Panel,Consulting,"4,561.51",2024-04-07
398,Assembly Kit,Software,849.03,2024-02-07
399,Control Board,Services,-,2024-08-16
400,Connector Set,Software,"9,636.08",2024-01-09
401,Display Panel,Services,null,2024-01-13
402,Power Unit,Electronics,6919.7,2024-08-07
403,Sensor X1,Electronics,-,2024-04-05
404,Connector Set,Services,2072.93,2024-07-19
405,Assembly Kit,Services,"4,751.96",2024-02-02
406,Connector Set,Services,8098.21,2024-03-28
407,Module A,Hardware,-,2024-01-19
408,Sensor X1,Hardware,1700.55,2024-07-25
409,Sensor X1,Software,620.49,2024-02-04
410,Widget Gamma,Software,3947.84,2024-11-15
411,Component Z,Consulting,3227.82,2024-06-02
412,Display Panel,Hardware,"11,128.67",2024-12-23
413,Display Panel,Software,2497.31,2024-09-08
414,Module A,Electronics,"2,791.07",2024-09-21
415,Gadget Lite,Consulting,null,2024-02-17
416,Display Panel,Consulting,null,2024-03-27
417,Power Unit,Hardware,1486.68,2024-10-29
418,Component Z,Electronics,$12086.15,2024-04-09
419,Control Board,Consulting,$1291.29,2024-03-16
420,Widget Alpha,Hardware,6340.1,2024-02-17
421,Sensor X1,Services,7224.46,2024-01-13
422,Display Panel,Electronics,$1597.67,2024-08-24
423,Gadget Pro,Hardware,2859.81,2024-06-26
424,Widget Alpha,Software,3421.5,2024-09-23
425,Power Unit,Services,"7,096.84",2024-11-13
426,Widget Alpha,Electronics,12293.4,2024-10-17
427,Connector Set,Hardware,,2024-06-25
428,Widget Beta,Electronics,14335.49,2024-09-20
429,Display Panel,Hardware,5650.28,2024-09-24
430,Control Board,Software,"8,711.74",2024-12-01
431,Widget Alpha,Hardware,852.98,2024-04-23
432,Assembly Kit,Software,"8,438.27",2024-04-30
433,Module B,Electronics,n/a,2024-11-26
434,Gadget Lite,Consulting,$4315.75,2024-06-19
435,Sensor X2,Services,-,2024-10-06
436,Gadget Pro,Hardware,"12,049.34",2024-05-09
437,Widget Alpha,Services,(6060.02),2024-05-19
438,Widget Alpha,Hardware,3498.64,2024-08-28
439,Assembly Kit,Services,12904.76,2024-09-18
440,Sensor X2,Services,"12,980.92",2024-05-11
441,Widget Gamma,Hardware,$14351.64,2024-03-15
442,Display Panel,Consulting,"8,238.67",2024-07-13
443,Power Unit,Hardware,$13043.6,2024-08-18
444,Module B,Services,1654.05,2024-05-31
445,Component Z,Services,11916.25,2024-11-27
446,Module A,Consulting,9442.98,2024-10-20
447,Component Z,Hardware,1094.64,2024-05-18
448,Widget Gamma,Software,14010.96,2024-05-09
449,Assembly Kit,Hardware,(6208.46),2024-03-15
450,Display Panel,Software,6673.24,2024-06-12
451,Module B,Hardware,1912.15,2024-11-09
452,Control Board,Services,4338.68,2024-06-11
453,Sensor X1,Hardware,4103.29,2024-02-01
454,Gadget Lite,Hardware,7460.28,2024-09-26
455,Connector Set,Electronics,12052.69,2024-09-12
456,Widget Beta,Services,12254.71,2024-07-25
457,Connector Set,Electronics,1200.05,2024-09-10
458,Control Board,Software,14415.41,2024-09-26
459,Display Panel,Consulting,11838.67,2024-09-29
460,Sensor X2,Services,14109.98,2024-07-05
461,Widget Gamma,Services,8538.98,2024-09-28
462,Module B,Consulting,n/a,2024-04-29
463,Assembly Kit,Hardware,$3534.41,2024-05-29
464,Module B,Services,13654.35,2024-08-27
465,Gadget Lite,Hardware,6064.58,2024-02-27
466,Connector Set,Hardware,n/a,2024-07-17
467,Sensor X2,Consulting,13747.49,2024-05-12
468,Gadget Pro,Services,11888.25,2024-02-17
469,Module B,Consulting,null,2024-04-18
470,Power Unit,Consulting,826.18,2024-06-16
471,Sensor X1,Services,"9,806.06",2024-03-20
472,Widget Gamma,Consulting,12988.5,2024-04-01
473,Sensor X2,Electronics,7345.72,2024-12-07
474,Widget Beta,Hardware,"7,401.11",2024-05-01
475,Module B,Software,"14,639.02",2024-10-09
476,Sensor X2,Electronics,$10393.25,2024-09-09
477,Widget Alpha,Consulting,755.32,2024-05-07
478,Widget Alpha,Electronics,12679.04,2024-08-19
479,Component Z,Services,14732.4,2024-11-29
480,Widget Beta,Electronics,"8,978.19",2024-08-15
481,Gadget Lite,Software,$11626.92,2024-09-06
482,Sensor X1,Services,"3,859.15",2024-10-07
483,Module A,Software,null,2024-01-21
484,Assembly Kit,Services,12603.7,2024-10-20
485,Module A,Consulting,9027.97,2024-10-05
486,Widget Alpha,Consulting,(9243.89),2024-12-20
487,Gadget Pro,Services,1468.5,2024-09-29
488,Connector Set,Software,$7174.19,2024-06-26
489,Widget Gamma,Electronics,$12336.82,2024-03-15
490,Widget Beta,Consulting,5694.84,2024-10-25
491,Power Unit,Consulting,5394.65,2024-05-26
492,Component Z,Hardware,10029.31,2024-08-18
493,Sensor X2,Software,"14,828.56",2024-04-05
494,Widget Gamma,Hardware,"6,183.07",2024-01-11
495,Widget Beta,Software,$7505.14,2024-07-22
496,Assembly Kit,Hardware,$10873.83,2024-11-30
497,Power Unit,Electronics,"7,976.00",2024-12-24
498,Sensor X1,Hardware,12474.62,2024-06-30
499,Sensor X1,Software,$10680.85,2024-06-01
500,Sensor X2,Hardware,9377.97,2024-10-15
501,Sensor X2,Consulting,14005.93,2024-12-05
502,Power Unit,Hardware,12071.35,2024-07-31
503,Sensor X1,Software,,2024-04-24
504,Widget Beta,Services,14822.26,2024-05-20
505,Widget Alpha,Electronics,8515.43,2024-04-04
506,Module A,Electronics,1020.18,2024-02-06
507,Connector Set,Consulting,"14,759.24",2024-01-06
508,Component Z,Services,3958.49,2024-03-30
509,Control Board,Electronics,"9,512.65",2024-07-05
510,Widget Beta,Services,13507.76,2024-08-28
511,Sensor X1,Hardware,13562.58,2024-12-15
512,Module A,Electronics,658.83,2024-12-15
513,Widget Gamma,Consulting,(8576.76),2024-06-27
514,Gadget Lite,Consulting,9186.29,2024-07-21
515,Sensor X1,Consulting,"4,406.42",2024-04-18
516,Widget Alpha,Hardware,"10,419.77",2024-08-25
517,Module A,Electronics,"1,170.50",2024-01-13
518,Component Z,Hardware,$9987.21,2024-05-20
519,Component Z,Electronics,9386.87,2024-05-25
520,Widget Gamma,Consulting,$11545.66,2024-10-29
521,Widget Gamma,Services,6646.73,2024-04-12
522,Component Z,Software,"12,233.21",2024-04-03
523,Display Panel,Software,$10191.55,2024-12-02
524,Control Board,Services,4914.71,2024-09-15
525,Sensor X2,Electronics,2030.02,2024-08-19
526,Widget Beta,Software,12182.45,2024-08-13
527,Widget Alpha,Services,"3,411.94",2024-03-06
528,Module B,Consulting,14907.23,2024-04-01
529,Module B,Hardware,"14,387.39",2024-01-01
530,Gadget Pro,Software,N/A,2024-10-07
531,Widget Gamma,Services,6220.51,2024-09-15
532,Power Unit,Consulting,"12,935.24",2024-02-25
533,Widget Beta,Consulting,(7744.28),2024-02-12
534,Sensor X2,Electronics,13304.4,2024-10-30
535,Assembly Kit,Electronics,(9524.36),2024-06-25
536,Assembly Kit,Services,"12,682.10",2024-06-10
537,Display Panel,Software,1053.54,2024-05-25
538,Assembly Kit,Consulting,-,2024-04-21
539,Connector Set,Consulting,1006.19,2024-07-10
540,Module B,Services,13527.98,2024-01-04
541,Component Z,Services,"14,134.90",2024-03-22
542,Gadget Lite,Services,13099.79,2024-08-02
543,Sensor X2,Software,3596.84,2024-04-20
544,Connector Set,Software,2318.22,2024-06-13
545,Display Panel,Consulting,null,2024-11-27
546,Gadget Pro,Hardware,8324.51,2024-05-15
547,Display Panel,Consulting,"14,311.15",2024-04-02
548,Module B,Consulting,"14,072.52",2024-06-12
549,Module A,Software,95.26,2024-09-26
550,Gadget Pro,Services,(1725.81),2024-07-22
551,Module B,Electronics,"10,710.09",2024-01-23
552,Gadget Pro,Services,669.19,2024-06-02
553,Widget Beta,Software,,2024-04-26
554,Sensor X1,Hardware,5818.18,2024-06-22
555,Assembly Kit,Software,$3747.52,2024-07-04
556,Control Board,Consulting,13360.14,2024-06-11
557,Module A,Services,5675.68,2024-07-23
558,Widget Gamma,Electronics,4216.96,2024-07-16
559,Power Unit,Services,6224.09,2024-11-01
560,Connector Set,Software,8765.4,2024-06-04
561,Assembly Kit,Software,,2024-03-03
562,Control Board,Electronics,n/a,2024-10-27
563,Sensor X2,Services,4211.52,2024-08-23
564,Connector Set,Services,"3,581.83",2024-09-01
565,Connector Set,Electronics,$14834.68,2024-11-10
566,Display Panel,Services,2719.82,2024-03-05
567,Connector Set,Consulting,9676.44,2024-04-13
568,Module B,Consulting,(9987.7),2024-06-02
569,Component Z,Electronics,"13,625.47",2024-01-07
570,Component Z,Consulting,"12,507.53",2024-04-13
571,Display Panel,Services,9019.71,2024-04-14
572,Sensor X1,Electronics,"1,154.09",2024-09-28
573,Assembly Kit,Services,9000.08,2024-03-20
574,Gadget Lite,Software,10735.83,2024-02-25
575,Power Unit,Consulting,2845.79,2024-02-15
576,Control Board,Services,"11,258.47",2024-12-18
577,Connector Set,Services,2349.62,2024-10-16
578,Control Board,Electronics,7770.88,2024-04-11
579,Component Z,Consulting,3593.52,2024-09-10
580,Assembly Kit,Electronics,7046.82,2024-08-24
581,Gadget Pro,Software,5771.83,2024-01-24
582,Component Z,Hardware,"5,020.79",2024-10-10
583,Power Unit,Consulting,4377.22,2024-09-18
584,Widget Gamma,Electronics,3567.02,2024-02-25
585,Component Z,Services,N/A,2024-10-22
586,Widget Beta,Consulting,$2048.4,2024-09-19
587,Sensor X1,Hardware,"7,817.91",2024-03-10
588,Component Z,Software,"1,465.06",2024-09-07
589,Gadget Lite,Electronics,n/a,2024-09-17
590,Power Unit,Software,4286.64,2024-01-10
591,Connector Set,Electronics,10769.29,2024-05-23
592,Module A,Software,8034.87,2024-01-11
593,Display Panel,Hardware,$11601.0,2024-01-20
594,Control Board,Consulting,$14484.12,2024-01-18
595,Gadget Lite,Software,N/A,2024-04-06
596,Gadget Lite,Hardware,"9,353.36",2024-02-07
597,Module B,Consulting,-,2024-06-24
598,Connector Set,Consulting,6414.17,2024-09-04
599,Module B,Hardware,(5341.48),2024-10-31
600,Widget Gamma,Consulting,5793.04,2024-07-11
601,Sensor X1,Services,"12,420.95",2024-10-06
602,Control Board,Electronics,8692.31,2024-11-25
603,Widget Beta,Electronics,6301.46,2024-01-30
604,Component Z,Electronics,2626.75,2024-06-09
605,Power Unit,Services,12194.81,2024-09-22
606,Sensor X1,Consulting,"6,221.31",2024-06-19
607,Assembly Kit,Services,14731.35,2024-09-26
608,Connector Set,Hardware,12491.91,2024-11-27
609,Component Z,Electronics,12009.81,2024-01-18
610,Widget Gamma,Software,10617.99,2024-12-29
611,Widget Alpha,Electronics,10578.78,2024-04-27
612,Component Z,Consulting,6625.46,2024-07-05
613,Gadget Pro,Software,6189.15,2024-10-21
614,Module A,Hardware,14630.45,2024-09-29
615,Module B,Services,2449.88,2024-02-19
616,Sensor X1,Electronics,$13121.5,2024-05-13
617,Gadget Lite,Services,12745.41,2024-04-28
618,Power Unit,Electronics,6183.78,2024-04-21
619,Gadget Pro,Hardware,$5756.72,2024-08-09
620,Sensor X2,Services,null,2024-06-21
621,Module A,Electronics,$13875.96,2024-07-21
622,Module A,Services,10356.59,2024-01-16
623,Sensor X1,Consulting,11761.59,2024-01-26
624,Connector Set,Hardware,3269.6,2024-01-29
625,Gadget Pro,Consulting,12664.13,2024-05-12
626,Gadget Lite,Hardware,1784.63,2024-02-22
627,Power Unit,Software,7545.23,2024-10-30
628,Widget Beta,Services,"14,381.54",2024-12-09
629,Widget Beta,Electronics,11271.56,2024-02-02
630,Power Unit,Software,7655.95,2024-07-19
631,Gadget Lite,Electronics,"7,842.95",2024-08-31
632,Widget Beta,Electronics,$917.96,2024-10-19
633,Gadget Pro,Software,8832.06,2024-06-19
634,Component Z,Consulting,12414.84,2024-11-02
635,Sensor X1,Services,$5479.95,2024-01-26
636,Module A,Services,4342.44,2024-06-26
637,Gadget Lite,Electronics,9382.39,2024-03-20
638,Module B,Services,$5276.93,2024-05-23
639,Widget Beta,Services,"14,745.83",2024-11-07
640,Module A,Hardware,"11,268.09",2024-12-16
641,Display Panel,Consulting,2280.31,2024-03-04
642,Widget Beta,Software,"10,695.17",2024-08-09
643,Control Board,Services,9335.85,2024-07-08
644,Module A,Hardware,"2,851.33",2024-07-30
645,Display Panel,Hardware,2139.98,2024-11-07
646,Component Z,Software,"7,484.25",2024-04-06
647,Power Unit,Consulting,-,2024-02-08
648,Module B,Electronics,8440.32,2024-10-24
649,Sensor X2,Hardware,2560.33,2024-04-26
650,Sensor X1,Hardware,(14516.21),2024-06-09
651,Gadget Lite,Hardware,6881.46,2024-11-12
652,Display Panel,Services,10835.98,2024-06-17
653,Module A,Software,9005.79,2024-02-17
654,Widget Beta,Services,4789.05,2024-01-28
655,Power Unit,Software,null,2024-06-07
656,Widget Beta,Hardware,11774.5,2024-02-19
657,Component Z,Consulting,13369.24,2024-07-07
658,Control Board,Software,"7,816.91",2024-06-07
659,Sensor X1,Software,13756.32,2024-10-24
660,Gadget Pro,Software,"6,381.97",2024-10-26
661,Gadget Lite,Software,3932.38,2024-02-12
662,Widget Alpha,Services,8469.89,2024-07-01
663,Gadget Lite,Software,7240.89,2024-04-02
664,Gadget Pro,Services,7735.11,2024-01-05
665,Widget Alpha,Consulting,14177.59,2024-07-17
666,Widget Beta,Software,"2,167.74",2024-07-15
667,Widget Gamma,Electronics,14093.37,2024-09-25
668,Assembly Kit,Electronics,671.74,2024-02-27
669,Module B,Consulting,6179.32,2024-08-16
670,Power Unit,Hardware,14007.28,2024-11-20
671,Module A,Electronics,"10,520.80",2024-08-03
672,Sensor X2,Software,"8,882.41",2024-09-28
673,Widget Gamma,Services,13634.15,2024-01-08
674,Widget Alpha,Hardware,3838.49,2024-01-04
675,Power Unit,Services,13370.87,2024-04-26
676,Widget Alpha,Services,N/A,2024-06-03
677,Connector Set,Consulting,3325.74,2024-04-10
678,Power Unit,Software,$11402.76,2024-12-03
679,Display Panel,Hardware,$2716.39,2024-05-22
680,Widget Gamma,Electronics,9142.27,2024-03-28
681,Sensor X1,Services,10949.53,2024-12-24
682,Gadget Lite,Electronics,13431.32,2024-09-23
683,Sensor X2,Services,(14934.06),2024-09-28
684,Widget Alpha,Hardware,-,2024-12-04
685,Gadget Pro,Consulting,,2024-12-06
686,Module A,Software,7737.39,2024-01-01
687,Gadget Lite,Hardware,$10634.64,2024-08-03
688,Sensor X1,Hardware,947.13,2024-04-16
689,Control Board,Software,7568.5,2024-01-31
690,Control Board,Consulting,(3710.56),2024-12-22
691,Power Unit,Services,4717.22,2024-07-04
692,Connector Set,Consulting,-,2024-07-09
693,Widget Gamma,Services,$7457.34,2024-08-19
694,Connector Set,Hardware,$6711.66,2024-12-11
695,Power Unit,Hardware,4913.93,2024-10-07
696,Widget Alpha,Consulting,12592.77,2024-01-12
697,Module B,Services,"4,321.74",2024-05-15
698,Module A,Consulting,9184.06,2024-09-04
699,Assembly Kit,Hardware,348.78,2024-06-28
700,Sensor X2,Services,"2,119.61",2024-03-19
701,Component Z,Hardware,4161.88,2024-06-19
702,Gadget Pro,Electronics,"11,755.36",2024-11-09
703,Module A,Software,$11932.36,2024-10-13
704,Gadget Lite,Consulting,n/a,2024-03-06
705,Display Panel,Electronics,n/a,2024-01-14
706,Control Board,Software,"13,171.49",2024-01-14
707,Gadget Pro,Software,3044.64,2024-03-29
708,Power Unit,Consulting,2577.79,2024-08-30
709,Sensor X2,Software,"5,898.05",2024-07-01
710,Gadget Pro,Electronics,6756.58,2024-07-02
711,Component Z,Electronics,6100.48,2024-06-02
712,Gadget Pro,Electronics,$7131.87,2024-02-11
713,Widget Beta,Electronics,10906.95,2024-09-15
714,Display Panel,Software,null,2024-12-08
715,Gadget Pro,Software,8307.99,2024-06-08
716,Sensor X1,Services,12534.93,2024-08-30
717,Display Panel,Hardware,2846.6,2024-11-19
718,Component Z,Software,8169.97,2024-09-26
719,Display Panel,Services,"2,930.80",2024-05-23
720,Connector Set,Services,null,2024-12-13
721,Module A,Electronics,6689.33,2024-11-19
722,Sensor X2,Consulting,11305.19,2024-02-24
723,Display Panel,Consulting,3856.34,2024-10-27
724,Widget Beta,Electronics,$10487.46,2024-10-29
725,Module A,Services,7203.53,2024-06-08
726,Sensor X2,Electronics,6777.91,2024-03-24
727,Component Z,Software,"1,881.31",2024-12-23
728,Control Board,Consulting,n/a,2024-03-11
729,Power Unit,Consulting,11501.59,2024-08-13
730,Widget Alpha,Software,9748.65,2024-05-15
731,Widget Beta,Hardware,"4,395.39",2024-03-14
732,Connector Set,Software,8710.14,2024-07-07
733,Widget Gamma,Consulting,1543.84,2024-09-11
734,Widget Gamma,Consulting,14723.26,2024-01-10
735,Connector Set,Services,n/a,2024-10-09
736,Gadget Pro,Software,2066.05,2024-08-12
737,Widget Gamma,Hardware,14079.39,2024-08-21
738,Display Panel,Services,N/A,2024-02-12
739,Widget Gamma,Hardware,5313.64,2024-12-14
740,Module B,Services,5358.07,2024-03-11
741,Gadget Pro,Services,8889.29,2024-02-22
742,Gadget Lite,Software,(14021.22),2024-10-06
743,Gadget Lite,Software,-,2024-03-31
744,Assembly Kit,Software,9929.78,2024-05-08
745,Module A,Hardware,n/a,2024-07-20
746,Connector Set,Hardware,"10,775.10",2024-11-12
747,Gadget Pro,Electronics,13608.13,2024-08-07
748,Display Panel,Hardware,"11,104.60",2024-08-01
749,Widget Beta,Software,"1,771.30",2024-05-26
750,Assembly Kit,Consulting,7272.75,2024-03-05
751,Widget Gamma,Electronics,11458.87,2024-09-19
752,Module B,Services,9137.75,2024-04-24
753,Power Unit,Services,null,2024-09-29
754,Sensor X1,Software,9062.37,2024-07-30
755,Connector Set,Consulting,13827.56,2024-07-29
756,Sensor X1,Electronics,4424.21,2024-02-15
757,Module A,Electronics,3165.48,2024-07-28
758,Assembly Kit,Hardware,"7,229.99",2024-01-05
759,Connector Set,Software,"2,390.88",2024-08-03
760,Gadget Pro,Electronics,5350.17,2024-12-12
761,Sensor X1,Electronics,768.78,2024-06-27
762,Widget Gamma,Software,5099.29,2024-06-12
763,Module B,Software,13368.99,2024-02-08
764,Display Panel,Consulting,4894.44,2024-12-02
765,Sensor X2,Services,6757.68,2024-03-17
766,Module A,Services,n/a,2024-09-19
767,Gadget Lite,Services,(7289.64),2024-06-22
768,Sensor X1,Hardware,12632.88,2024-03-08
769,Display Panel,Services,4650.85,2024-07-15
770,Component Z,Consulting,6099.29,2024-05-24
771,Widget Beta,Software,1556.91,2024-12-15
772,Gadget Pro,Consulting,11895.49,2024-08-19
773,Widget Gamma,Hardware,(11280.6),2024-01-01
774,Gadget Pro,Services,(1898.83),2024-02-07
775,Widget Beta,Software,7346.66,2024-11-04
776,Connector Set,Electronics,N/A,2024-04-07
777,Widget Gamma,Electronics,2901.28,2024-05-30
778,Module A,Consulting,"1,049.88",2024-10-21
779,Component Z,Hardware,(10159.08),2024-09-10
780,Assembly Kit,Services,13004.99,2024-04-21
781,Component Z,Software,4987.16,2024-05-09
782,Control Board,Services,9968.0,2024-07-19
783,Gadget Lite,Consulting,4272.97,2024-01-09
784,Module A,Hardware,"11,081.66",2024-11-15
785,Gadget Pro,Hardware,"13,398.25",2024-06-11
786,Control Board,Electronics,-,2024-08-07
787,Gadget Pro,Software,2507.54,2024-01-06
788,Assembly Kit,Hardware,"10,201.20",2024-11-27
789,Gadget Pro,Hardware,2012.26,2024-05-25
790,Assembly Kit,Consulting,"5,502.21",2024-04-30
791,Component Z,Hardware,4837.41,2024-06-24
792,Sensor X2,Electronics,1136.1,2024-05-21
793,Connector Set,Hardware,$13097.83,2024-11-24
794,Power Unit,Software,10634.0,2024-11-26
795,Sensor X2,Consulting,1627.25,2024-12-10
796,Power Unit,Software,3917.08,2024-05-12
797,Widget Gamma,Software,,2024-08-02
798,Connector Set,Services,806.87,2024-03-14
799,Component Z,Software,9400.47,2024-10-22
800,Component Z,Electronics,13120.84,2024-04-17
801,Control Board,Electronics,8415.99,2024-11-25
802,Control Board,Services,6788.85,2024-01-21
803,Component Z,Services,"10,381.92",2024-01-07
804,Display Panel,Services,3913.25,2024-02-19
805,Gadget Pro,Electronics,12398.77,2024-06-19
806,Sensor X1,Hardware,$14352.8,2024-03-11
807,Gadget Lite,Hardware,2166.77,2024-12-22
808,Gadget Pro,Electronics,4803.92,2024-05-10
809,Sensor X1,Hardware,$4705.65,2024-02-28
810,Widget Gamma,Electronics,"1,937.59",2024-02-26
811,Sensor X2,Hardware,$1587.99,2024-05-16
812,Sensor X1,Electronics,4725.23,2024-07-03
813,Widget Gamma,Services,810.19,2024-05-12
814,Widget Gamma,Software,282.56,2024-09-10
815,Module B,Software,14797.63,2024-04-29
816,Gadget Pro,Consulting,"4,761.16",2024-11-17
817,Connector Set,Consulting,7714.62,2024-11-16
818,Module B,Consulting,6789.53,2024-04-21
819,Module B,Software,$6080.54,2024-06-16
820,Widget Alpha,Services,$4929.57,2024-10-10
821,Connector Set,Consulting,978.35,2024-12-26
822,Widget Gamma,Services,10841.56,2024-05-28
823,Widget Gamma,Software,2988.27,2024-01-18
824,Display Panel,Hardware,"5,083.16",2024-09-25
825,Widget Gamma,Hardware,4246.26,2024-02-17
826,Widget Gamma,Hardware,10187.87,2024-10-09
827,Assembly Kit,Consulting,10577.54,2024-08-22
828,Component Z,Hardware,9119.41,2024-03-09
829,Component Z,Hardware,"3,113.02",2024-01-28
830,Module B,Services,12324.02,2024-09-17
831,Control Board,Software,n/a,2024-02-27
832,Widget Alpha,Consulting,$12239.05,2024-10-26
833,Control Board,Consulting,"14,222.22",2024-12-28
834,Control Board,Services,8307.28,2024-08-26
835,Module B,Electronics,"5,811.64",2024-06-14
836,Control Board,Services,14055.75,2024-03-16
837,Control Board,Software,12365.49,2024-05-24
838,Sensor X2,Hardware,1969.22,2024-02-10
839,Module B,Hardware,"14,083.82",2024-01-13
840,Connector Set,Services,$5331.43,2024-03-28
841,Display Panel,Consulting,14837.43,2024-03-06
842,Power Unit,Software,12751.27,2024-10-16
843,Power Unit,Consulting,14959.65,2024-08-01
844,Widget Beta,Software,13225.61,2024-01-03
845,Sensor X1,Software,3112.92,2024-10-06
846,Gadget Pro,Software,$12602.19,2024-06-30
847,Sensor X2,Software,14031.21,2024-01-11
848,Module B,Services,(8010.07),2024-02-23
849,Gadget Pro,Electronics,13999.58,2024-06-09
850,Sensor X1,Hardware,7015.92,2024-01-01
851,Control Board,Software,7985.65,2024-08-10
852,Component Z,Consulting,10977.33,2024-02-22
853,Gadget Lite,Hardware,9160.65,2024-07-24
854,Control Board,Hardware,4358.18,2024-03-19
855,Connector Set,Hardware,1782.83,2024-08-11
856,Module A,Consulting,1939.37,2024-02-05
857,Sensor X1,Consulting,13189.86,2024-10-08
858,Connector Set,Electronics,12344.11,2024-08-28
859,Widget Alpha,Consulting,10086.46,2024-04-23
860,Widget Gamma,Electronics,12211.85,2024-01-25
861,Component Z,Services,(11975.92),2024-07-10
862,Gadget Pro,Services,13390.96,2024-03-05
863,Module B,Software,2394.34,2024-12-21
864,Gadget Lite,Services,(14984.89),2024-06-28
865,Gadget Pro,Hardware,11808.23,2024-02-15
866,Widget Gamma,Services,4224.01,2024-08-21
867,Widget Gamma,Services,-,2024-02-09
868,Power Unit,Hardware,14791.05,2024-06-22
869,Control Board,Consulting,$11090.57,2024-05-19
870,Assembly Kit,Software,8534.7,2024-04-14
871,Gadget Pro,Services,2738.0,2024-08-10
872,Gadget Pro,Consulting,11259.38,2024-03-18
873,Connector Set,Software,"4,334.41",2024-04-22
874,Gadget Pro,Services,4158.58,2024-11-06
875,Module A,Services,10692.01,2024-03-12
876,Connector Set,Consulting,$1628.13,2024-02-28
877,Sensor X1,Services,1602.47,2024-05-13
878,Sensor X2,Services,2552.52,2024-01-12
879,Component Z,Electronics,4937.58,2024-06-24
880,Connector Set,Hardware,(1365.58),2024-05-23
881,Power Unit,Consulting,9067.15,2024-02-21
882,Connector Set,Software,4870.51,2024-04-29
883,Widget Alpha,Hardware,2793.07,2024-08-07
884,Assembly Kit,Electronics,1306.79,2024-11-14
885,Gadget Pro,Consulting,12074.6,2024-05-26
886,Sensor X1,Hardware,11556.15,2024-07-19
887,Widget Alpha,Hardware,82.2,2024-11-03
888,Module B,Electronics,13949.85,2024-11-10
889,Control Board,Consulting,N/A,2024-06-06
890,Control Board,Consulting,8504.38,2024-10-12
891,Gadget Lite,Hardware,10077.6,2024-07-20
892,Module B,Consulting,$7891.4,2024-01-13
893,Power Unit,Consulting,9254.26,2024-07-05
894,Connector Set,Services,"9,488.24",2024-06-20
895,Sensor X2,Software,null,2024-02-07
896,Gadget Pro,Consulting,$3205.31,2024-11-26
897,Assembly Kit,Consulting,2206.36,2024-04-15
898,Power Unit,Software,10315.75,2024-07-03
899,Module A,Consulting,3582.2,2024-02-25
900,Module A,Software,-,2024-05-03
901,Module B,Software,6195.97,2024-08-15
902,Gadget Lite,Software,5160.57,2024-07-03
903,Power Unit,Consulting,7836.48,2024-06-08
904,Module A,Services,2766.07,2024-03-28
905,Gadget Pro,Software,(11547.86),2024-12-07
906,Assembly Kit,Services,6620.32,2024-06-28
907,Widget Beta,Electronics,3469.34,2024-04-23
908,Gadget Lite,Electronics,2828.69,2024-06-05
909,Widget Gamma,Software,10438.76,2024-04-26
910,Gadget Lite,Electronics,9924.43,2024-10-11
911,Widget Beta,Software,7605.2,2024-10-03
912,Connector Set,Electronics,N/A,2024-04-25
913,Assembly Kit,Consulting,"2,899.02",2024-09-27
914,Module A,Software,6309.08,2024-07-22
915,Gadget Pro,Consulting,,2024-12-30
916,Module A,Electronics,4740.95,2024-08-15
917,Gadget Pro,Consulting,12616.64,2024-09-01
918,Widget Beta,Software,"4,963.45",2024-10-06
919,Module B,Hardware,502.14,2024-05-28
920,Gadget Pro,Services,11799.94,2024-06-09
921,Sensor X1,Services,"4,088.84",2024-06-29
922,Power Unit,Hardware,(5622.96),2024-08-30
923,Module B,Services,13698.21,2024-03-23
924,Widget Beta,Hardware,(4824.65),2024-11-30
925,Module B,Consulting,$8503.62,2024-11-12
926,Gadget Pro,Software,N/A,2024-08-01
927,Assembly Kit,Services,"10,524.55",2024-06-06
928,Module A,Electronics,13912.39,2024-09-26
929,Sensor X1,Services,(1266.24),2024-09-19
930,Sensor X1,Electronics,4201.76,2024-07-10
931,Sensor X1,Consulting,3780.92,2024-06-20
932,Module B,Electronics,2693.59,2024-11-26
933,Connector Set,Hardware,n/a,2024-02-10
934,Power Unit,Services,,2024-03-19
935,Connector Set,Services,null,2024-05-20
936,Widget Alpha,Hardware,$3863.16,2024-06-19
937,Control Board,Software,12529.47,2024-07-01
938,Display Panel,Electronics,5209.52,2024-06-05
939,Sensor X1,Electronics,"4,893.64",2024-11-21
940,Display Panel,Electronics,"4,354.93",2024-02-07
941,Gadget Lite,Hardware,"9,658.77",2024-10-09
942,Module A,Services,4830.97,2024-08-29
943,Connector Set,Services,"8,220.32",2024-05-16
944,Control Board,Consulting,11465.32,2024-08-09
945,Control Board,Consulting,5644.5,2024-05-20
946,Connector Set,Electronics,"6,288.63",2024-10-30
947,Widget Alpha,Hardware,14729.63,2024-05-25
948,Gadget Pro,Electronics,2847.74,2024-12-11
949,Sensor X1,Software,$12288.91,2024-07-14
950,Display Panel,Software,11733.1,2024-07-24
951,Assembly Kit,Services,9580.03,2024-05-08
952,Module B,Consulting,$10854.74,2024-02-12
953,Gadget Pro,Software,"10,278.13",2024-05-14
954,Component Z,Electronics,10821.44,2024-05-29
955,Widget Gamma,Consulting,"7,450.42",2024-06-14
956,Gadget Lite,Software,12968.38,2024-04-28
957,Power Unit,Consulting,5744.6,2024-01-08
958,Sensor X2,Consulting,(6254.46),2024-08-06
959,Widget Gamma,Software,$4731.24,2024-03-16
960,Widget Beta,Consulting,3443.94,2024-06-21
961,Display Panel,Electronics,null,2024-12-09
962,Control Board,Software,461.52,2024-08-02
963,Connector Set,Consulting,4906.86,2024-01-21
964,Sensor X1,Services,14569.06,2024-11-04
965,Assembly Kit,Hardware,$1184.05,2024-12-10
966,Control Board,Consulting,100.02,2024-07-06
967,Module A,Electronics,11467.71,2024-11-19
968,Widget Beta,Hardware,9101.39,2024-12-03
969,Gadget Pro,Hardware,7839.09,2024-08-06
970,Assembly Kit,Electronics,14158.69,2024-12-06
971,Module A,Hardware,6334.86,2024-03-17
972,Power Unit,Hardware,12140.73,2024-05-16
973,Sensor X1,Software,14892.6,2024-08-31
974,Widget Beta,Electronics,13419.02,2024-04-09
975,Power Unit,Services,13415.89,2024-04-28
976,Widget Gamma,Software,478.54,2024-04-10
977,Widget Beta,Electronics,14033.77,2024-06-23
978,Display Panel,Hardware,9384.75,2024-04-22
979,Power Unit,Electronics,14842.17,2024-03-23
980,Component Z,Software,"7,074.12",2024-09-29
981,Module A,Consulting,(3908.85),2024-06-02
982,Module A,Software,"6,633.83",2024-05-02
983,Gadget Lite,Software,3655.79,2024-12-25
984,Sensor X1,Consulting,"4,990.70",2024-05-18
985,Display Panel,Software,467.79,2024-02-21
986,Widget Beta,Software,1952.62,2024-09-24
987,Module A,Software,$2754.63,2024-11-18
988,Sensor X2,Electronics,-,2024-07-15
989,Sensor X2,Software,$5274.12,2024-01-27
990,Power Unit,Consulting,$6589.34,2024-02-15
991,Connector Set,Electronics,(9939.23),2024-09-19
992,Widget Alpha,Services,(3700.21),2024-07-21
993,Gadget Pro,Services,(7264.4),2024-04-21
994,Connector Set,Consulting,N/A,2024-10-11
995,Widget Alpha,Consulting,7152.36,2024-01-09
996,Widget Beta,Software,"9,286.89",2024-08-05
997,Power Unit,Services,,2024-06-21
998,Connector Set,Hardware,11539.75,2024-01-11
999,Widget Beta,Services,"2,418.07",2024-05-13
1000,Gadget Pro,Consulting,1180.75,2024-02-02
1001,Sensor X2,Electronics,9605.83,2024-03-22
1002,Sensor X1,Consulting,$7357.73,2024-08-14
1003,Assembly Kit,Services,4905.8,2024-03-28
1004,Widget Beta,Consulting,8725.22,2024-09-16
1005,Connector Set,Consulting,3539.36,2024-08-14
1006,Sensor X2,Electronics,"13,131.81",2024-10-04
1007,Sensor X2,Hardware,5203.08,2024-02-27
1008,Gadget Pro,Consulting,"12,983.86",2024-10-24
1009,Gadget Pro,Software,2177.53,2024-03-05
1010,Connector Set,Consulting,12855.45,2024-11-08
1011,Gadget Pro,Software,10904.83,2024-04-29
1012,Gadget Lite,Electronics,-,2024-01-13
1013,Power Unit,Software,6673.21,2024-03-05
1014,Widget Alpha,Software,(10466.89),2024-09-23
1015,Gadget Lite,Services,9595.56,2024-10-01
1016,Control Board,Electronics,193.00,2024-04-06
1017,Component Z,Services,11589.46,2024-11-14
1018,Component Z,Consulting,5692.91,2024-11-03
1019,Widget Gamma,Electronics,373.59,2024-12-06
1020,Module B,Hardware,10212.09,2024-12-13
1021,Sensor X1,Consulting,406.4,2024-11-11
1022,Display Panel,Consulting,N/A,2024-10-02
1023,Sensor X1,Software,-,2024-12-10
1024,Assembly Kit,Services,$12675.09,2024-04-07
1025,Widget Alpha,Consulting,392.64,2024-12-13
1026,Display Panel,Hardware,-,2024-05-27
1027,Assembly Kit,Consulting,731.72,2024-06-14
1028,Widget Beta,Consulting,"10,207.26",2024-10-07
1029,Module A,Software,5593.6,2024-04-30
1030,Display Panel,Services,,2024-03-11
1031,Component Z,Hardware,12773.34,2024-07-06
1032,Widget Beta,Hardware,6260.6,2024-03-20
1033,Sensor X2,Electronics,$9185.29,2024-01-14
1034,Widget Gamma,Hardware,$6815.92,2024-02-04
1035,Sensor X2,Software,4326.8,2024-09-15
1036,Gadget Pro,Services,3156.43,2024-12-05
1037,Connector Set,Hardware,11272.19,2024-12-09
1038,Sensor X1,Software,1439.27,2024-04-09
1039,Sensor X2,Electronics,4152.96,2024-12-10
1040,Gadget Pro,Hardware,1857.88,2024-08-27
1041,Module A,Software,14315.46,2024-05-20
1042,Gadget Lite,Hardware,14835.76,2024-10-22
1043,Control Board,Hardware,13548.49,2024-11-26
1044,Module A,Electronics,$2453.24,2024-04-26
1045,Module B,Software,3750.68,2024-10-20
1046,Sensor X1,Services,10116.99,2024-07-03
1047,Component Z,Electronics,"5,183.50",2024-03-24
1048,Assembly Kit,Software,12997.45,2024-04-26
1049,Module B,Services,9194.58,2024-04-11
1050,Component Z,Services,n/a,2024-07-28
1051,Widget Alpha,Software,5502.82,2024-08-22
1052,Assembly Kit,Software,2449.8,2024-12-20
1053,Component Z,Consulting,11137.24,2024-07-22
1054,Connector Set,Hardware,6143.96,2024-05-06
1055,Control Board,Software,7952.12,2024-07-19
1056,Connector Set,Consulting,10676.19,2024-04-17
1057,Sensor X1,Hardware,9659.73,2024-06-25
1058,Gadget Pro,Hardware,"12,417.26",2024-05-26
1059,Module A,Hardware,12763.82,2024-03-24
1060,Control Board,Electronics,14772.69,2024-10-25
1061,Widget Gamma,Services,12912.05,2024-08-07
1062,Widget Alpha,Electronics,"8,276.16",2024-01-07
1063,Assembly Kit,Services,2458.57,2024-04-28
1064,Sensor X1,Electronics,11391.83,2024-02-01
1065,Widget Alpha,Services,6501.65,2024-06-24
1066,Gadget Pro,Services,N/A,2024-06-27
1067,Assembly Kit,Software,(7009.43),2024-11-21
1068,Widget Gamma,Software,2184.27,2024-04-16
1069,Display Panel,Software,12666.6,2024-09-29
1070,Widget Alpha,Consulting,5207.3,2024-01-21
1071,Widget Alpha,Electronics,7170.62,2024-03-20
1072,Module B,Services,5971.65,2024-07-23
1073,Module A,Consulting,-,2024-09-06
1074,Gadget Lite,Services,9789.66,2024-04-10
1075,Assembly Kit,Electronics,"14,254.81",2024-06-10
1076,Module A,Hardware,4834.72,2024-12-15
1077,Component Z,Electronics,5720.13,2024-03-08
1078,Display Panel,Software,13695.14,2024-02-23
1079,Component Z,Software,"1,488.56",2024-11-03
1080,Control Board,Hardware,12438.9,2024-08-21
1081,Display Panel,Consulting,14686.55,2024-07-11
1082,Power Unit,Services,"1,389.37",2024-12-14
1083,Widget Beta,Consulting,10821.56,2024-08-03
1084,Gadget Lite,Electronics,3799.12,2024-02-12
1085,Gadget Lite,Services,(8539.8),2024-08-18
1086,Gadget Pro,Consulting,10396.55,2024-12-01
1087,Control Board,Software,,2024-02-05
1088,Gadget Pro,Electronics,"10,347.19",2024-04-28
1089,Gadget Pro,Services,9011.03,2024-08-20
1090,Connector Set,Services,12364.59,2024-05-02
1091,Module A,Hardware,null,2024-12-06
1092,Gadget Lite,Electronics,10822.84,2024-09-23
1093,Widget Beta,Services,"2,682.45",2024-04-27
1094,Widget Alpha,Consulting,14654.02,2024-07-23
1095,Sensor X2,Consulting,8236.26,2024-12-22
1096,Assembly Kit,Electronics,-,2024-10-31
1097,Power Unit,Software,-,2024-02-15
1098,Gadget Lite,Services,5297.92,2024-10-13
1099,Gadget Lite,Consulting,3145.67,2024-02-18
1100,Gadget Lite,Consulting,10770.85,2024-09-11
1101,Gadget Lite,Software,10189.36,2024-06-19
1102,Power Unit,Consulting,"3,525.32",2024-08-12
1103,Display Panel,Services,13307.49,2024-04-15
1104,Gadget Pro,Electronics,"3,394.86",2024-12-17
1105,Assembly Kit,Hardware,9148.97,2024-04-18
1106,Module B,Hardware,"12,645.31",2024-05-03
1107,Component Z,Hardware,"10,827.73",2024-02-19
1108,Control Board,Services,9903.04,2024-02-15
1109,Module A,Hardware,1725.96,2024-02-13
1110,Gadget Pro,Consulting,$12240.03,2024-12-04
1111,Power Unit,Consulting,3760.37,2024-09-26
1112,Gadget Lite,Consulting,8836.68,2024-03-17
1113,Gadget Pro,Electronics,7867.17,2024-12-25
1114,Display Panel,Software,8886.42,2024-09-19
1115,Widget Gamma,Consulting,5079.69,2024-06-24
1116,Widget Gamma,Hardware,12542.31,2024-11-27
1117,Assembly Kit,Software,2290.25,2024-08-18
1118,Widget Alpha,Electronics,9128.32,2024-10-02
1119,Connector Set,Consulting,$9959.43,2024-09-03
1120,Widget Gamma,Software,842.89,2024-12-23
1121,Component Z,Consulting,"13,323.89",2024-01-20
1122,Gadget Pro,Electronics,"3,226.53",2024-04-16
1123,Sensor X1,Software,4641.2,2024-08-24
1124,Module B,Consulting,N/A,2024-02-28
1125,Component Z,Electronics,14162.17,2024-11-29
1126,Sensor X2,Consulting,"14,895.84",2024-07-17
1127,Sensor X1,Services,6459.33,2024-08-13
1128,Sensor X2,Consulting,12702.56,2024-09-30
1129,Sensor X2,Software,7622.46,2024-05-18
1130,Gadget Pro,Software,$9579.91,2024-04-19
1131,Power Unit,Electronics,"6,504.84",2024-10-16
1132,Component Z,Electronics,2128.45,2024-05-06
1133,Widget Beta,Services,(14409.07),2024-08-29
1134,Gadget Lite,Consulting,13020.9,2024-06-13
1135,Module B,Software,11743.54,2024-04-04
1136,Display Panel,Electronics,4824.89,2024-08-18
1137,Power Unit,Software,"3,694.44",2024-08-24
1138,Sensor X2,Electronics,13013.08,2024-04-23
1139,Sensor X2,Services,(2924.49),2024-07-05
1140,Widget Alpha,Electronics,$8071.49,2024-12-23
1141,Component Z,Electronics,12645.6,2024-07-15
1142,Assembly Kit,Consulting,1124.22,2024-10-23
1143,Sensor X2,Electronics,5658.0,2024-10-29
1144,Gadget Pro,Software,9185.04,2024-03-06
1145,Widget Beta,Consulting,9710.15,2024-11-27
1146,Sensor X2,Consulting,n/a,2024-09-30
1147,Module B,Services,9183.13,2024-07-28
1148,Widget Alpha,Services,"12,481.30",2024-08-10
1149,Widget Gamma,Hardware,3452.7,2024-11-03
1150,Gadget Lite,Services,6575.07,2024-04-14
1151,Control Board,Electronics,13439.83,2024-06-04
1152,Gadget Lite,Services,14676.95,2024-07-05
1153,Assembly Kit,Services,6568.16,2024-12-24
1154,Widget Gamma,Software,5046.34,2024-03-15
1155,Widget Alpha,Software,n/a,2024-05-21
1156,Sensor X1,Hardware,10670.72,2024-03-22
1157,Widget Beta,Services,"9,096.53",2024-06-15
1158,Sensor X1,Electronics,2497.55,2024-04-06
1159,Widget Alpha,Electronics,"14,832.41",2024-10-11
1160,Sensor X1,Services,14087.17,2024-11-12
1161,Sensor X1,Hardware,11323.98,2024-01-18
1162,Module B,Software,6423.96,2024-08-20
1163,Widget Gamma,Electronics,"3,152.88",2024-07-18
1164,Component Z,Hardware,12324.49,2024-06-10
1165,Component Z,Electronics,(1081.43),2024-10-05
1166,Module B,Services,6817.91,2024-01-04
1167,Connector Set,Software,5178.44,2024-09-23
1168,Control Board,Software,14442.36,2024-12-24
1169,Display Panel,Electronics,386.15,2024-11-13
1170,Assembly Kit,Software,4993.85,2024-11-05
1171,Gadget Lite,Software,3626.34,2024-09-22
1172,Gadget Pro,Electronics,"4,383.02",2024-12-16
1173,Module B,Electronics,7166.51,2024-10-29
1174,Sensor X1,Software,7231.67,2024-09-03
1175,Gadget Pro,Services,10893.58,2024-09-09
1176,Assembly Kit,Electronics,7836.81,2024-06-08
1177,Display Panel,Electronics,4653.51,2024-09-28
1178,Gadget Lite,Electronics,2028.22,2024-09-29
1179,Module A,Hardware,8242.08,2024-10-27
1180,Connector Set,Electronics,4167.91,2024-04-05
1181,Display Panel,Software,1151.26,2024-09-14
1182,Assembly Kit,Hardware,$10276.66,2024-07-07
1183,Power Unit,Hardware,11423.62,2024-08-20
1184,Widget Gamma,Services,10954.78,2024-12-22
1185,Module B,Consulting,(10378.45),2024-09-24
1186,Gadget Lite,Hardware,6366.8,2024-10-02
1187,Widget Beta,Electronics,9828.27,2024-12-01
1188,Widget Beta,Electronics,"7,709.29",2024-02-05
1189,Gadget Pro,Electronics,"5,556.55",2024-11-01
1190,Display Panel,Consulting,"1,567.55",2024-08-05
1191,Power Unit,Services,14628.02,2024-04-18
1192,Sensor X2,Software,2902.4,2024-03-18
1193,Module B,Services,-,2024-08-02
1194,Widget Beta,Software,(1007.95),2024-12-21
1195,Power Unit,Consulting,n/a,2024-03-10
1196,Sensor X1,Services,,2024-09-13
1197,Control Board,Electronics,"13,592.48",2024-11-09
1198,Power Unit,Hardware,9721.2,2024-12-25
1199,Sensor X2,Consulting,4491.3,2024-12-19
1200,Power Unit,Hardware,14434.54,2024-04-13
1201,Control Board,Consulting,6559.21,2024-01-22
1202,Widget Beta,Services,11416.98,2024-02-02
1203,Module B,Services,$9542.37,2024-10-22
1204,Gadget Pro,Electronics,403.56,2024-09-01
1205,Module A,Software,$10173.75,2024-02-03
1206,Connector Set,Services,1582.58,2024-08-16
1207,Widget Alpha,Electronics,(6957.43),2024-10-02
1208,Connector Set,Electronics,"11,596.88",2024-01-31
1209,Sensor X1,Electronics,8655.15,2024-08-22
1210,Module A,Consulting,4665.91,2024-09-29
1211,Display Panel,Software,"1,111.20",2024-12-10
1212,Sensor X1,Hardware,7899.15,2024-07-12
1213,Module B,Electronics,7204.71,2024-08-05
1214,Assembly Kit,Hardware,9530.9,2024-01-26
1215,Sensor X1,Hardware,11468.28,2024-02-24
1216,Sensor X2,Hardware,8084.93,2024-12-29
1217,Widget Alpha,Hardware,10607.5,2024-05-31
1218,Gadget Lite,Electronics,2822.19,2024-05-25
1219,Module B,Services,n/a,2024-12-08
1220,Sensor X1,Electronics,11458.17,2024-05-17
1221,Widget Beta,Software,$6515.86,2024-09-02
1222,Module B,Hardware,13371.53,2024-01-08
1223,Connector Set,Electronics,2609.59,2024-04-23
1224,Widget Gamma,Consulting,null,2024-10-03
1225,Assembly Kit,Services,11598.23,2024-10-10
1226,Sensor X2,Services,(11777.85),2024-07-24
1227,Sensor X1,Services,12720.15,2024-09-06
1228,Module B,Services,5912.23,2024-09-22
1229,Sensor X2,Software,8824.46,2024-08-28
1230,Sensor X2,Software,$4986.28,2024-10-23
1231,Gadget Pro,Consulting,13530.58,2024-08-09
1232,Connector Set,Software,12909.44,2024-01-26
1233,Power Unit,Consulting,2224.42,2024-05-21
1234,Control Board,Software,1103.15,2024-04-04
1235,Gadget Lite,Software,10383.05,2024-04-12
1236,Power Unit,Software,N/A,2024-12-07
1237,Module A,Consulting,4171.94,2024-05-12
1238,Widget Beta,Electronics,"1,048.81",2024-04-29
1239,Widget Gamma,Software,7880.55,2024-09-18
1240,Display Panel,Services,5159.87,2024-06-28
1241,Power Unit,Consulting,337.48,2024-12-11
1242,Gadget Pro,Electronics,1426.41,2024-07-21
1243,Sensor X1,Hardware,$12253.22,2024-09-22
1244,Sensor X2,Consulting,n/a,2024-07-30
1245,Assembly Kit,Consulting,$14352.22,2024-10-28
1246,Widget Beta,Hardware,11107.04,2024-03-07
1247,Widget Beta,Hardware,1552.19,2024-01-23
1248,Widget Beta,Software,6099.96,2024-04-27
1249,Sensor X1,Hardware,$3649.25,2024-07-14
1250,Power Unit,Services,$1131.86,2024-09-05
1251,Sensor X1,Services,4108.24,2024-09-17
1252,Module B,Consulting,10679.23,2024-10-02
1253,Widget Beta,Software,(9537.56),2024-11-16
1254,Connector Set,Hardware,10268.57,2024-05-04
1255,Assembly Kit,Software,11414.6,2024-09-29
1256,Connector Set,Consulting,6402.4,2024-02-14
1257,Sensor X1,Electronics,4588.74,2024-04-08
1258,Widget Gamma,Hardware,"14,045.04",2024-10-09
1259,Sensor X2,Hardware,859.36,2024-04-01
1260,Widget Beta,Services,11053.31,2024-06-23
1261,Power Unit,Electronics,N/A,2024-02-16
1262,Control Board,Hardware,68.45,2024-03-05
1263,Widget Gamma,Electronics,11049.19,2024-10-06
1264,Assembly Kit,Consulting,7714.88,2024-05-02
1265,Power Unit,Software,7709.84,2024-04-16
1266,Gadget Lite,Electronics,"3,462.86",2024-10-29
1267,Widget Alpha,Hardware,75.46,2024-01-19
1268,Module B,Hardware,6177.54,2024-06-16
1269,Component Z,Hardware,"4,807.84",2024-05-02
1270,Control Board,Consulting,$5873.29,2024-06-22
1271,Widget Gamma,Hardware,"5,968.55",2024-06-11
1272,Power Unit,Hardware,13510.6,2024-03-27
1273,Assembly Kit,Software,(8902.6),2024-02-26
1274,Display Panel,Electronics,n/a,2024-01-24
1275,Power Unit,Hardware,6354.18,2024-07-01
1276,Connector Set,Services,10929.47,2024-05-14
1277,Module B,Software,N/A,2024-07-16
1278,Component Z,Consulting,$8818.69,2024-02-17
1279,Connector Set,Consulting,1637.56,2024-10-16
1280,Widget Beta,Services,(214.74),2024-11-04
1281,Component Z,Consulting,10700.53,2024-10-30
1282,Widget Beta,Electronics,2808.43,2024-06-04
1283,Module A,Services,"13,080.61",2024-12-06
1284,Gadget Lite,Electronics,4066.81,2024-01-04
1285,Widget Alpha,Electronics,14779.74,2024-10-14
1286,Control Board,Electronics,8512.78,2024-11-22
1287,Gadget Pro,Software,14083.38,2024-07-03
1288,Sensor X1,Electronics,$11122.66,2024-10-24
1289,Module A,Electronics,6045.43,2024-02-10
1290,Module B,Services,null,2024-05-22
1291,Sensor X2,Hardware,10025.69,2024-01-22
1292,Component Z,Electronics,"3,985.44",2024-01-19
1293,Assembly Kit,Consulting,6292.07,2024-04-06
1294,Module A,Software,13438.29,2024-03-03
1295,Display Panel,Hardware,n/a,2024-04-17
1296,Power Unit,Hardware,11549.64,2024-06-12
1297,Gadget Lite,Services,(7157.99),2024-02-27
1298,Control Board,Software,-,2024-07-30
1299,Module A,Electronics,"13,421.55",2024-01-09
1300,Widget Alpha,Software,8067.09,2024-09-17
1301,Gadget Lite,Software,1271.76,2024-03-20
1302,Gadget Lite,Services,4935.53,2024-05-05
1303,Control Board,Electronics,5564.82,2024-08-09
1304,Module B,Consulting,$10606.53,2024-12-15
1305,Widget Alpha,Hardware,n/a,2024-10-09
1306,Sensor X1,Electronics,11129.67,2024-04-27
1307,Gadget Pro,Hardware,11725.59,2024-03-07
1308,Widget Alpha,Services,9028.13,2024-10-10
1309,Control Board,Services,2930.34,2024-02-23
1310,Module A,Hardware,null,2024-03-28
1311,Component Z,Services,,2024-02-28
1312,Control Board,Electronics,943.06,2024-10-08
1313,Widget Beta,Services,5193.26,2024-04-16
1314,Widget Beta,Hardware,4696.68,2024-06-19
1315,Widget Gamma,Electronics,$5548.76,2024-06-15
1316,Module B,Hardware,10493.1,2024-07-09
1317,Display Panel,Hardware,3379.85,2024-01-31
1318,Module B,Electronics,367.31,2024-07-20
1319,Widget Beta,Services,"1,474.20",2024-02-06
1320,Widget Beta,Electronics,null,2024-05-30
1321,Component Z,Services,3163.7,2024-04-10
1322,Control Board,Electronics,210.66,2024-06-09
1323,Module B,Hardware,9802.4,2024-05-02
1324,Widget Alpha,Hardware,$11471.81,2024-05-07
1325,Widget Gamma,Electronics,7352.94,2024-08-26
1326,Assembly Kit,Consulting,12200.88,2024-08-21
1327,Widget Gamma,Electronics,13733.05,2024-10-31
1328,Widget Alpha,Consulting,"14,655.30",2024-05-07
1329,Widget Alpha,Electronics,"1,132.17",2024-12-06
1330,Widget Alpha,Electronics,4463.58,2024-11-19
1331,Assembly Kit,Hardware,(3486.1),2024-05-30
1332,Power Unit,Electronics,9700.12,2024-04-22
1333,Connector Set,Services,n/a,2024-08-17
1334,Gadget Lite,Hardware,5568.51,2024-12-14
1335,Gadget Pro,Consulting,-,2024-07-10
1336,Module B,Consulting,8531.73,2024-08-04
1337,Sensor X1,Software,"9,791.66",2024-03-21
1338,Widget Gamma,Consulting,N/A,2024-05-23
1339,Control Board,Electronics,2507.87,2024-04-08
1340,Widget Beta,Services,1989.62,2024-01-30
1341,Display Panel,Software,,2024-06-29
1342,Module B,Services,10567.76,2024-06-09
1343,Component Z,Software,$10781.61,2024-02-15
1344,Display Panel,Hardware,14373.44,2024-04-11
1345,Display Panel,Software,10159.17,2024-11-15
1346,Power Unit,Software,1547.46,2024-02-21
1347,Power Unit,Consulting,3723.21,2024-08-12
1348,Component Z,Consulting,,2024-10-02
1349,Module B,Electronics,"8,832.75",2024-05-13
1350,Assembly Kit,Software,"3,951.60",2024-04-26
1351,Module B,Electronics,13789.79,2024-02-03
1352,Module B,Software,12745.0,2024-05-05
1353,Gadget Pro,Consulting,(14498.56),2024-10-03
1354,Widget Alpha,Software,11460.82,2024-10-16
1355,Power Unit,Electronics,5840.76,2024-04-30
1356,Sensor X1,Hardware,5462.94,2024-07-11
1357,Module B,Services,$6041.19,2024-03-15
1358,Gadget Lite,Hardware,12821.68,2024-03-31
1359,Component Z,Software,n/a,2024-08-12
1360,Widget Alpha,Software,1997.08,2024-02-06
1361,Connector Set,Consulting,7380.21,2024-05-21
1362,Module B,Services,$9485.06,2024-10-12
1363,Widget Gamma,Hardware,4932.59,2024-09-18
1364,Widget Gamma,Hardware,9770.62,2024-12-14
1365,Sensor X2,Electronics,9178.04,2024-02-09
1366,Widget Gamma,Hardware,14522.38,2024-08-14
1367,Module B,Consulting,9215.51,2024-07-05
1368,Widget Beta,Consulting,(269.47),2024-02-10
1369,Sensor X1,Consulting,10248.08,2024-06-21
1370,Display Panel,Electronics,10018.23,2024-08-07
1371,Module B,Hardware,$2194.5,2024-05-17
1372,Module B,Services,(12896.77),2024-01-29
1373,Module B,Electronics,2020.42,2024-06-22
1374,Connector Set,Services,"5,306.97",2024-07-08
1375,Widget Gamma,Services,1339.27,2024-03-26
1376,Component Z,Services,"6,079.38",2024-10-14
1377,Gadget Pro,Electronics,$8404.69,2024-08-25
1378,Widget Beta,Hardware,$4502.48,2024-12-21
1379,Widget Beta,Software,8107.31,2024-04-17
1380,Gadget Pro,Hardware,"4,728.62",2024-11-28
1381,Assembly Kit,Consulting,"7,420.77",2024-10-15
1382,Sensor X2,Hardware,10071.67,2024-06-03
1383,Power Unit,Software,$12867.7,2024-08-05
1384,Sensor X1,Services,6764.78,2024-01-31
1385,Control Board,Consulting,5644.73,2024-05-03
1386,Sensor X1,Hardware,7360.63,2024-05-04
1387,Power Unit,Consulting,13127.31,2024-06-18
1388,Module A,Electronics,$8078.05,2024-01-19
1389,Widget Beta,Software,(4190.83),2024-07-03
1390,Widget Gamma,Consulting,1733.37,2024-06-13
1391,Sensor X2,Electronics,13514.96,2024-05-29
1392,Widget Gamma,Electronics,14568.08,2024-08-24
1393,Assembly Kit,Software,1136.56,2024-08-12
1394,Module B,Consulting,3616.27,2024-12-14
1395,Widget Alpha,Consulting,"13,281.83",2024-04-23
1396,Assembly Kit,Electronics,9325.1,2024-12-25
1397,Sensor X1,Software,$3792.04,2024-09-21
1398,Module A,Electronics,9812.57,2024-04-09
1399,Display Panel,Consulting,14788.71,2024-11-29
1400,Module A,Hardware,7597.48,2024-11-17
1401,Widget Beta,Electronics,5894.33,2024-12-01
1402,Module B,Consulting,14442.3,2024-01-22
1403,Connector Set,Consulting,$4297.38,2024-08-12
1404,Module A,Software,4377.6,2024-04-02
1405,Assembly Kit,Consulting,11293.27,2024-03-31
1406,Sensor X1,Software,2223.83,2024-12-08
1407,Gadget Pro,Electronics,$4583.07,2024-09-26
1408,Module B,Software,13074.97,2024-10-05
1409,Widget Gamma,Services,$11536.73,2024-04-27
1410,Widget Gamma,Electronics,3056.86,2024-04-18
1411,Widget Beta,Consulting,11913.72,2024-05-14
1412,Gadget Pro,Services,11943.53,2024-04-13
1413,Assembly Kit,Software,7396.38,2024-05-31
1414,Gadget Lite,Consulting,-,2024-03-22
1415,Widget Gamma,Consulting,5683.69,2024-03-19
1416,Connector Set,Software,"11,735.48",2024-08-17
1417,Control Board,Services,5744.43,2024-09-02
1418,Module B,Software,5914.77,2024-07-29
1419,Component Z,Electronics,4566.98,2024-07-29
1420,Component Z,Software,$13484.6,2024-10-14
1421,Power Unit,Electronics,$9969.89,2024-09-03
1422,Module B,Software,(13813.57),2024-11-29
1423,Module A,Software,14498.43,2024-09-14
1424,Assembly Kit,Hardware,12696.58,2024-10-08
1425,Widget Beta,Services,9739.74,2024-09-19
1426,Widget Alpha,Software,516.44,2024-03-27
1427,Module A,Hardware,"1,523.90",2024-03-24
1428,Component Z,Services,3599.48,2024-09-02
1429,Gadget Pro,Consulting,1870.31,2024-02-23
1430,Component Z,Consulting,$5820.95,2024-04-19
1431,Sensor X1,Consulting,$8375.92,2024-11-26
1432,Display Panel,Hardware,"10,175.23",2024-02-21
1433,Component Z,Services,2733.78,2024-02-16
1434,Component Z,Consulting,447.44,2024-12-08
1435,Module B,Consulting,12123.08,2024-07-10
1436,Module B,Consulting,"11,617.57",2024-04-04
1437,Gadget Lite,Services,5435.7,2024-06-26
1438,Gadget Pro,Consulting,N/A,2024-05-20
1439,Component Z,Hardware,909.47,2024-11-09
1440,Module B,Software,8761.24,2024-10-18
1441,Module B,Consulting,1180.9,2024-05-03
1442,Module A,Hardware,5242.91,2024-08-01
1443,Widget Gamma,Hardware,7488.52,2024-10-20
1444,Control Board,Hardware,2292.27,2024-05-02
1445,Sensor X1,Hardware,3018.1,2024-04-09
1446,Sensor X1,Software,1326.78,2024-03-30
1447,Gadget Lite,Software,12856.33,2024-12-18
1448,Module B,Services,"7,601.19",2024-10-03
1449,Connector Set,Software,7928.03,2024-04-03
1450,Module B,Services,"9,028.10",2024-08-29
1451,Display Panel,Electronics,"12,824.69",2024-04-06
1452,Connector Set,Software,"9,186.17",2024-07-30
1453,Component Z,Consulting,1620.32,2024-12-10
1454,Sensor X2,Services,"1,238.04",2024-08-29
1455,Sensor X1,Consulting,10494.73,2024-02-01
1456,Widget Beta,Software,3018.23,2024-08-12
1457,Widget Alpha,Software,4968.31,2024-05-26
1458,Power Unit,Services,,2024-03-02
1459,Gadget Pro,Consulting,N/A,2024-03-14
1460,Component Z,Hardware,12194.43,2024-09-17
1461,Gadget Lite,Hardware,n/a,2024-01-03
1462,Gadget Pro,Hardware,3989.6,2024-04-24
1463,Sensor X1,Software,7017.11,2024-11-05
1464,Power Unit,Services,966.15,2024-12-03
1465,Module B,Software,3960.04,2024-10-26
1466,Component Z,Hardware,"10,913.83",2024-04-22
1467,Gadget Pro,Hardware,9706.79,2024-11-09
1468,Widget Beta,Software,"8,471.55",2024-01-08
1469,Sensor X1,Software,$12595.09,2024-07-29
1470,Widget Alpha,Hardware,"6,485.75",2024-10-10
1471,Widget Gamma,Services,(2263.22),2024-02-17
1472,Gadget Pro,Services,3760.52,2024-03-19
1473,Module B,Services,$496.23,2024-12-02
1474,Widget Alpha,Consulting,(9351.81),2024-03-08
1475,Control Board,Hardware,(1151.61),2024-07-24
1476,Sensor X1,Software,null,2024-03-24
1477,Sensor X2,Consulting,$1354.85,2024-11-30
1478,Widget Alpha,Electronics,(6577.41),2024-03-26
1479,Gadget Lite,Hardware,"14,215.74",2024-12-12
1480,Component Z,Software,$5506.07,2024-05-12
1481,Display Panel,Hardware,14962.22,2024-06-13
1482,Control Board,Electronics,(6566.35),2024-10-23
1483,Widget Gamma,Hardware,1572.77,2024-02-18
1484,Module B,Consulting,$1674.42,2024-04-21
1485,Display Panel,Services,"14,766.01",2024-10-12
1486,Control Board,Consulting,3744.62,2024-11-26
1487,Display Panel,Services,11352.96,2024-09-23
1488,Gadget Pro,Services,"4,396.68",2024-10-12
1489,Gadget Lite,Consulting,374.66,2024-03-01
1490,Gadget Pro,Services,"14,193.22",2024-06-28
1491,Component Z,Consulting,"14,097.82",2024-10-15
1492,Display Panel,Electronics,13450.63,2024-07-27
1493,Sensor X2,Electronics,5530.23,2024-04-17
1494,Widget Beta,Hardware,12347.34,2024-09-27
1495,Gadget Lite,Consulting,12730.57,2024-05-02
1496,Assembly Kit,Consulting,4799.36,2024-08-27
1497,Sensor X2,Services,13265.16,2024-01-16
1498,Power Unit,Software,98.81,2024-04-16
1499,Control Board,Services,13697.85,2024-11-12
1500,Widget Gamma,Hardware,4934.37,2024-04-29
1501,Control Board,Software,2059.13,2024-05-29
1502,Component Z,Consulting,12596.16,2024-05-13
1503,Control Board,Electronics,12752.44,2024-12-18
1504,Sensor X2,Software,n/a,2024-11-19
1505,Widget Alpha,Electronics,"8,308.71",2024-05-04
1506,Control Board,Electronics,738.13,2024-06-30
1507,Display Panel,Software,"14,438.89",2024-03-04
1508,Sensor X1,Software,"9,191.09",2024-01-15
1509,Sensor X2,Services,"1,590.42",2024-04-18
1510,Gadget Pro,Consulting,2245.22,2024-03-19
1511,Control Board,Consulting,$14835.69,2024-01-20
1512,Module B,Electronics,10041.77,2024-01-31
1513,Display Panel,Electronics,n/a,2024-10-14
1514,Module B,Consulting,818.6,2024-06-11
1515,Assembly Kit,Electronics,6830.51,2024-03-19
1516,Gadget Lite,Services,943.55,2024-04-05
1517,Sensor X1,Software,2988.05,2024-06-27
1518,Assembly Kit,Electronics,(3934.92),2024-10-16
1519,Component Z,Hardware,-,2024-04-26
1520,Widget Gamma,Software,10458.84,2024-10-12
1521,Module B,Services,"12,366.39",2024-06-05
1522,Widget Gamma,Hardware,14805.13,2024-07-04
1523,Sensor X2,Electronics,10745.1,2024-08-08
1524,Widget Gamma,Hardware,"12,581.46",2024-11-22
1525,Component Z,Software,"8,582.40",2024-06-03
1526,Gadget Lite,Electronics,"10,283.17",2024-11-27
1527,Gadget Pro,Electronics,10914.96,2024-08-04
1528,Sensor X1,Software,12146.24,2024-07-04
1529,Control Board,Hardware,$7657.8,2024-05-01
1530,Module B,Services,14173.83,2024-07-29
1531,Gadget Lite,Services,10488.33,2024-03-04
1532,Widget Alpha,Consulting,5079.89,2024-06-07
1533,Sensor X2,Services,"1,866.48",2024-04-12
1534,Module B,Services,7052.83,2024-07-02
1535,Widget Gamma,Consulting,n/a,2024-07-15
1536,Assembly Kit,Hardware,8501.43,2024-01-10
1537,Control Board,Services,1948.59,2024-03-09
1538,Module A,Services,(778.47),2024-11-15
1539,Widget Gamma,Hardware,-,2024-02-22
1540,Power Unit,Consulting,"14,074.81",2024-03-05
1541,Gadget Lite,Software,9390.51,2024-07-31
1542,Widget Beta,Electronics,3962.86,2024-06-10
1543,Component Z,Software,"8,695.68",2024-01-21
1544,Widget Beta,Electronics,"5,759.26",2024-09-22
1545,Component Z,Hardware,13040.34,2024-03-09
1546,Connector Set,Hardware,"6,585.45",2024-11-12
1547,Connector Set,Electronics,4983.25,2024-04-22
1548,Display Panel,Consulting,(9431.58),2024-02-14
1549,Widget Gamma,Services,"6,643.54",2024-03-15
1550,Display Panel,Consulting,"14,965.71",2024-01-20
1551,Widget Gamma,Services,12077.96,2024-09-05
1552,Widget Beta,Services,null,2024-03-29
1553,Control Board,Electronics,(5197.19),2024-12-04
1554,Sensor X1,Software,-,2024-02-26
1555,Sensor X2,Consulting,$9583.29,2024-12-30
1556,Widget Beta,Hardware,8491.22,2024-02-23
1557,Power Unit,Services,(320.4),2024-05-07
1558,Control Board,Hardware,5940.56,2024-01-14
1559,Sensor X2,Consulting,"1,935.07",2024-05-17
1560,Widget Gamma,Software,7409.46,2024-10-27
1561,Sensor X1,Electronics,"10,675.52",2024-01-22
1562,Module A,Electronics,,2024-01-15
1563,Widget Gamma,Software,6287.26,2024-04-28
1564,Gadget Lite,Electronics,(1990.19),2024-11-03
1565,Gadget Lite,Electronics,-,2024-04-29
1566,Sensor X2,Electronics,11605.35,2024-04-22
1567,Display Panel,Services,2027.25,2024-01-07
1568,Display Panel,Services,"12,066.77",2024-10-30
1569,Widget Alpha,Electronics,10863.46,2024-08-27
1570,Sensor X1,Electronics,N/A,2024-03-18
1571,Display Panel,Electronics,"11,731.13",2024-06-24
1572,Display Panel,Electronics,10141.75,2024-12-27
1573,Module A,Services,"9,850.98",2024-10-12
1574,Module A,Services,"5,914.06",2024-03-12
1575,Widget Alpha,Software,9999.96,2024-02-20
1576,Widget Alpha,Consulting,"11,337.84",2024-12-26
1577,Power Unit,Consulting,$1276.36,2024-07-31
1578,Assembly Kit,Services,"6,988.17",2024-09-09
1579,Gadget Lite,Services,(10885.15),2024-11-28
1580,Widget Alpha,Consulting,"9,137.11",2024-04-04
1581,Module A,Electronics,"4,883.37",2024-07-12
1582,Sensor X1,Electronics,$14546.09,2024-04-27
1583,Widget Alpha,Services,12402.13,2024-09-12
1584,Widget Beta,Hardware,-,2024-10-06
1585,Module B,Software,-,2024-01-28
1586,Power Unit,Software,$1628.74,2024-11-04
1587,Widget Gamma,Software,14380.58,2024-07-02
1588,Module B,Consulting,$8308.46,2024-10-30
1589,Gadget Lite,Services,750.94,2024-12-29
1590,Gadget Pro,Consulting,741.7,2024-01-26
1591,Power Unit,Services,8719.35,2024-07-29
1592,Widget Beta,Consulting,3685.56,2024-10-05
1593,Power Unit,Services,3267.68,2024-08-22
1594,Gadget Pro,Consulting,7872.71,2024-01-21
1595,Assembly Kit,Services,10911.34,2024-01-13
1596,Connector Set,Electronics,10535.15,2024-09-16
1597,Widget Gamma,Services,14066.54,2024-07-14
1598,Power Unit,Software,4303.65,2024-11-21
1599,Sensor X1,Electronics,,2024-03-15
1600,Control Board,Services,$13497.76,2024-03-06
1601,Component Z,Electronics,8737.33,2024-11-17
1602,Control Board,Software,"3,990.24",2024-10-05
1603,Widget Alpha,Software,5156.66,2024-08-25
1604,Widget Gamma,Electronics,"5,464.83",2024-02-06
1605,Sensor X2,Hardware,11622.0,2024-10-03
1606,Sensor X2,Hardware,$12973.27,2024-11-10
1607,Display Panel,Services,1327.17,2024-05-02
1608,Sensor X1,Consulting,9587.39,2024-04-14
1609,Component Z,Software,(10395.24),2024-11-07
1610,Power Unit,Electronics,3064.55,2024-05-21
1611,Widget Alpha,Hardware,10450.35,2024-06-18
1612,Gadget Pro,Software,11249.89,2024-02-08
1613,Module A,Hardware,(6198.81),2024-10-13
1614,Control Board,Services,6689.91,2024-01-01
1615,Widget Gamma,Consulting,9041.11,2024-12-09
1616,Sensor X2,Services,6621.56,2024-11-11
1617,Widget Alpha,Electronics,"1,084.97",2024-12-09
1618,Gadget Pro,Services,"3,096.84",2024-07-21
1619,Gadget Pro,Services,"12,344.36",2024-08-09
1620,Control Board,Consulting,N/A,2024-11-08
1621,Sensor X1,Software,3757.78,2024-10-21
1622,Gadget Lite,Consulting,14269.35,2024-05-04
1623,Component Z,Electronics,"5,435.68",2024-06-20
1624,Module A,Consulting,10024.68,2024-03-25
1625,Control Board,Services,"11,385.83",2024-04-15
1626,Display Panel,Hardware,8650.68,2024-07-17
1627,Sensor X2,Consulting,2930.05,2024-08-03
1628,Widget Beta,Services,2466.59,2024-04-08
1629,Gadget Lite,Hardware,(11037.4),2024-10-13
1630,Control Board,Hardware,N/A,2024-11-29
1631,Power Unit,Consulting,8119.33,2024-07-09
1632,Connector Set,Software,13695.31,2024-11-17
1633,Component Z,Services,453.98,2024-06-25
1634,Widget Beta,Services,$8235.32,2024-06-20
1635,Module B,Consulting,14209.01,2024-04-05
1636,Widget Beta,Services,13070.62,2024-12-21
1637,Widget Gamma,Electronics,N/A,2024-11-19
1638,Display Panel,Consulting,14285.72,2024-01-11
1639,Module A,Electronics,3568.15,2024-11-21
1640,Sensor X1,Software,8585.85,2024-02-28
1641,Module B,Software,6311.5,2024-01-22
1642,Control Board,Software,11145.55,2024-08-17
1643,Module B,Software,"7,117.67",2024-04-08
1644,Widget Beta,Services,$3715.33,2024-12-28
1645,Gadget Lite,Software,1504.11,2024-08-21
1646,Component Z,Software,13971.62,2024-04-04
1647,Module A,Services,"10,400.31",2024-11-14
1648,Display Panel,Hardware,7345.27,2024-12-09
1649,Sensor X1,Services,9609.45,2024-02-26
1650,Sensor X1,Electronics,12333.52,2024-05-14
1651,Power Unit,Hardware,4664.82,2024-03-11
1652,Widget Gamma,Hardware,11603.38,2024-11-20
1653,Gadget Lite,Services,5674.38,2024-11-04
1654,Control Board,Consulting,4313.88,2024-08-21
1655,Assembly Kit,Electronics,$14979.19,2024-03-05
1656,Power Unit,Hardware,6872.11,2024-07-22
1657,Widget Alpha,Software,3313.49,2024-10-15
1658,Module B,Hardware,"6,160.05",2024-11-16
1659,Widget Gamma,Consulting,,2024-04-01
1660,Widget Alpha,Electronics,11214.94,2024-02-03
1661,Sensor X1,Hardware,"3,384.19",2024-09-15
1662,Gadget Lite,Hardware,14699.09,2024-01-26
1663,Sensor X2,Electronics,12100.08,2024-03-20
1664,Gadget Lite,Services,-,2024-01-23
1665,Widget Gamma,Hardware,1197.7,2024-06-13
1666,Sensor X1,Software,(6241.11),2024-03-27
1667,Module B,Consulting,1389.81,2024-01-07
1668,Gadget Pro,Consulting,12232.05,2024-10-20
1669,Connector Set,Services,7920.44,2024-12-21
1670,Module A,Consulting,13983.36,2024-02-08
1671,Assembly Kit,Electronics,"11,364.73",2024-01-15
1672,Component Z,Services,1278.42,2024-05-19
1673,Widget Gamma,Services,N/A,2024-05-29
1674,Display Panel,Hardware,"2,755.11",2024-10-29
1675,Gadget Pro,Services,4249.57,2024-03-29
1676,Control Board,Hardware,9335.35,2024-03-19
1677,Sensor X1,Hardware,N/A,2024-08-16
1678,Widget Beta,Hardware,4457.39,2024-04-24
1679,Assembly Kit,Software,$6603.88,2024-05-14
1680,Module A,Software,null,2024-04-28
1681,Sensor X2,Electronics,$9454.91,2024-05-08
1682,Widget Beta,Electronics,"3,382.72",2024-07-08
1683,Control Board,Software,13263.54,2024-11-03
1684,Power Unit,Consulting,1232.85,2024-06-01
1685,Sensor X2,Electronics,12551.87,2024-11-19
1686,Control Board,Hardware,4901.15,2024-11-05
1687,Component Z,Electronics,-,2024-03-04
1688,Module B,Services,10271.56,2024-03-12
1689,Power Unit,Services,"2,022.67",2024-06-08
1690,Widget Gamma,Software,N/A,2024-01-18
1691,Assembly Kit,Electronics,688.38,2024-03-17
1692,Module B,Software,"8,881.20",2024-09-08
1693,Gadget Pro,Hardware,"8,424.76",2024-04-15
1694,Module B,Services,3253.67,2024-09-19
1695,Assembly Kit,Consulting,4678.55,2024-08-20
1696,Power Unit,Services,$8297.95,2024-03-15
1697,Assembly Kit,Hardware,$1913.12,2024-06-08
1698,Sensor X2,Electronics,$2148.46,2024-06-20
1699,Module B,Software,$3914.1,2024-02-21
1700,Module B,Services,4028.98,2024-05-23
1701,Sensor X2,Consulting,$7692.27,2024-02-19
1702,Assembly Kit,Electronics,"10,919.85",2024-11-07
1703,Power Unit,Electronics,5605.66,2024-05-25
1704,Assembly Kit,Electronics,-,2024-08-23
1705,Sensor X2,Software,,2024-01-22
1706,Power Unit,Hardware,,2024-12-17
1707,Widget Gamma,Consulting,$12497.03,2024-10-06
1708,Module B,Hardware,4510.88,2024-07-14
1709,Widget Gamma,Consulting,566.27,2024-06-13
1710,Module B,Software,"1,068.64",2024-02-09
1711,Component Z,Electronics,532.1,2024-07-07
1712,Connector Set,Services,2655.08,2024-07-03
1713,Gadget Lite,Hardware,6754.44,2024-10-27
1714,Sensor X2,Services,-,2024-04-17
1715,Widget Beta,Consulting,6626.44,2024-04-04
1716,Gadget Lite,Software,"9,508.52",2024-03-17
1717,Widget Beta,Services,3582.84,2024-02-09
1718,Sensor X2,Consulting,9131.77,2024-10-11
1719,Component Z,Software,-,2024-01-14
1720,Module B,Services,9719.58,2024-01-03
1721,Module A,Services,10824.39,2024-03-03
1722,Module B,Consulting,11380.85,2024-05-07
1723,Widget Gamma,Consulting,6910.82,2024-05-29
1724,Control Board,Software,$10786.76,2024-01-23
1725,Connector Set,Consulting,"12,999.86",2024-08-05
1726,Power Unit,Software,1958.31,2024-09-26
1727,Module A,Services,3988.69,2024-11-20
1728,Connector Set,Services,3065.43,2024-11-04
1729,Widget Gamma,Hardware,9087.13,2024-02-01
1730,Sensor X1,Services,9252.67,2024-09-06
1731,Gadget Pro,Services,54.18,2024-08-01
1732,Widget Gamma,Electronics,-,2024-08-09
1733,Widget Alpha,Electronics,(12702.51),2024-01-21
1734,Control Board,Electronics,"7,723.30",2024-01-20
1735,Widget Alpha,Software,$8739.99,2024-07-22
1736,Gadget Pro,Software,5192.18,2024-03-09
1737,Gadget Pro,Services,"9,888.77",2024-11-26
1738,Sensor X2,Software,"11,987.77",2024-01-22
1739,Gadget Lite,Hardware,(4385.89),2024-11-09
1740,Assembly Kit,Electronics,2000.0,2024-01-08
1741,Power Unit,Consulting,(7496.73),2024-05-03
1742,Display Panel,Services,9712.04,2024-10-10
1743,Display Panel,Hardware,"4,048.18",2024-08-13
1744,Widget Gamma,Software,"8,446.35",2024-07-23
1745,Module B,Software,$8444.64,2024-01-21
1746,Connector Set,Services,13574.81,2024-10-09
1747,Sensor X1,Electronics,4549.59,2024-11-11
1748,Connector Set,Hardware,"6,829.45",2024-06-28
1749,Module B,Consulting,10050.43,2024-07-16
1750,Power Unit,Hardware,12119.53,2024-04-21
1751,Display Panel,Consulting,null,2024-03-20
1752,Module B,Electronics,"7,092.97",2024-04-25
1753,Assembly Kit,Consulting,11494.52,2024-06-15
1754,Widget Alpha,Electronics,"5,403.37",2024-04-29
1755,Gadget Pro,Consulting,9725.17,2024-11-09
1756,Module A,Services,676.82,2024-02-19
1757,Connector Set,Consulting,10125.5,2024-04-02
1758,Sensor X2,Software,2403.43,2024-08-01
1759,Connector Set,Services,"1,534.67",2024-05-15
1760,Component Z,Services,4052.16,2024-11-12
1761,Gadget Lite,Software,13990.49,2024-05-22
1762,Widget Beta,Software,10369.1,2024-11-24
1763,Component Z,Consulting,,2024-03-06
1764,Widget Alpha,Electronics,$14743.08,2024-02-15
1765,Widget Beta,Software,13873.82,2024-07-08
1766,Gadget Lite,Services,$10556.1,2024-08-20
1767,Power Unit,Services,$7610.08,2024-04-07
1768,Module B,Services,n/a,2024-02-20
1769,Module B,Software,9834.76,2024-04-10
1770,Connector Set,Electronics,"13,557.62",2024-02-18
1771,Sensor X1,Software,(7683.81),2024-12-26
1772,Component Z,Services,11778.15,2024-08-20
1773,Control Board,Hardware,13645.42,2024-12-05
1774,Widget Gamma,Electronics,3573.35,2024-11-09
1775,Assembly Kit,Electronics,4132.31,2024-02-15
1776,Module B,Software,14193.37,2024-11-26
1777,Module B,Hardware,11471.9,2024-07-20
1778,Widget Gamma,Services,n/a,2024-02-24
1779,Sensor X2,Hardware,"6,573.11",2024-04-16
1780,Sensor X2,Electronics,null,2024-05-08
1781,Sensor X1,Electronics,"5,914.95",2024-07-17
1782,Gadget Lite,Hardware,4924.42,2024-10-04
1783,Power Unit,Electronics,10026.56,2024-03-29
1784,Connector Set,Electronics,"4,834.51",2024-03-07
1785,Widget Beta,Hardware,"2,605.10",2024-02-13
1786,Gadget Lite,Electronics,(490.87),2024-03-24
1787,Component Z,Consulting,"11,539.57",2024-03-25
1788,Display Panel,Electronics,2775.35,2024-08-11
1789,Widget Gamma,Consulting,5584.95,2024-04-25
1790,Power Unit,Services,null,2024-06-16
1791,Connector Set,Electronics,3847.63,2024-10-07
1792,Display Panel,Software,(13492.6),2024-11-12
1793,Sensor X1,Electronics,6963.19,2024-07-07
1794,Module A,Hardware,(14703.4),2024-03-15
1795,Gadget Lite,Electronics,8967.89,2024-11-21
1796,Display Panel,Services,(8162.47),2024-08-02
1797,Power Unit,Services,2951.96,2024-05-11
1798,Control Board,Services,11463.08,2024-02-04
1799,Display Panel,Hardware,14078.95,2024-03-19
1800,Power Unit,Hardware,"11,686.69",2024-09-24
1801,Power Unit,Hardware,3997.47,2024-03-02
1802,Control Board,Hardware,(10556.93),2024-02-09
1803,Sensor X2,Consulting,(12352.64),2024-03-06
1804,Assembly Kit,Consulting,10789.79,2024-08-25
1805,Gadget Pro,Electronics,12441.54,2024-04-23
1806,Component Z,Consulting,13707.13,2024-10-28
1807,Widget Alpha,Electronics,4059.09,2024-04-11
1808,Module A,Electronics,9647.33,2024-09-26
1809,Display Panel,Software,"1,454.66",2024-03-16
1810,Widget Gamma,Hardware,8034.53,2024-05-11
1811,Connector Set,Software,1543.44,2024-06-16
1812,Component Z,Hardware,11214.78,2024-09-18
1813,Sensor X1,Services,10031.95,2024-05-14
1814,Gadget Pro,Services,N/A,2024-11-28
1815,Module A,Hardware,(265.45),2024-09-17
1816,Module B,Hardware,4148.91,2024-06-25
1817,Component Z,Software,8634.39,2024-06-19
1818,Connector Set,Consulting,$1711.92,2024-11-29
1819,Display Panel,Consulting,2534.94,2024-07-08
1820,Sensor X1,Software,4330.91,2024-07-04
1821,Widget Beta,Hardware,776.01,2024-05-06
1822,Module A,Services,$4344.08,2024-11-10
1823,Gadget Lite,Services,7623.96,2024-03-03
1824,Module B,Consulting,13099.64,2024-07-13
1825,Sensor X2,Consulting,1972.03,2024-07-10
1826,Assembly Kit,Electronics,(12742.12),2024-03-12
1827,Gadget Lite,Software,1543.09,2024-09-19
1828,Widget Alpha,Services,8283.96,2024-07-16
1829,Widget Beta,Software,3052.62,2024-10-25
1830,Sensor X1,Electronics,4945.18,2024-10-24
1831,Sensor X1,Software,10487.8,2024-12-27
1832,Module A,Services,3089.64,2024-05-27
1833,Gadget Lite,Hardware,,2024-03-03
1834,Sensor X2,Consulting,11029.36,2024-09-01
1835,Sensor X2,Consulting,"13,642.29",2024-07-13
1836,Widget Alpha,Software,(14573.74),2024-02-28
1837,Power Unit,Software,"7,900.03",2024-07-22
1838,Sensor X2,Electronics,10251.22,2024-02-03
1839,Component Z,Software,"3,822.56",2024-01-05
1840,Display Panel,Software,10532.44,2024-03-07
1841,Sensor X2,Electronics,3662.11,2024-11-28
1842,Power Unit,Hardware,2011.73,2024-01-11
1843,Sensor X1,Services,(3617.97),2024-04-14
1844,Display Panel,Hardware,8812.44,2024-09-22
1845,Widget Gamma,Consulting,690.91,2024-01-18
1846,Gadget Pro,Hardware,4564.94,2024-12-25
1847,Gadget Lite,Services,4486.06,2024-03-31
1848,Widget Alpha,Electronics,"10,427.01",2024-03-25
1849,Gadget Lite,Hardware,10959.62,2024-08-06
1850,Assembly Kit,Electronics,6269.08,2024-11-06
1851,Module B,Consulting,10007.09,2024-04-09
1852,Sensor X1,Consulting,10494.0,2024-09-29
1853,Display Panel,Consulting,3080.93,2024-11-20
1854,Gadget Pro,Consulting,"11,183.05",2024-05-28
1855,Sensor X2,Consulting,10573.52,2024-09-28
1856,Gadget Lite,Consulting,(14781.7),2024-10-16
1857,Gadget Lite,Electronics,6492.87,2024-10-03
1858,Gadget Lite,Electronics,"12,543.42",2024-04-26
1859,Gadget Pro,Consulting,"9,894.32",2024-10-04
1860,Display Panel,Consulting,5813.66,2024-08-18
1861,Gadget Lite,Electronics,"14,938.64",2024-12-19
1862,Module A,Electronics,8132.77,2024-07-17
1863,Module A,Hardware,2929.57,2024-05-18
1864,Power Unit,Electronics,3777.27,2024-08-21
1865,Widget Gamma,Consulting,7291.74,2024-01-05
1866,Module B,Consulting,4378.4,2024-09-21
1867,Sensor X2,Consulting,245.18,2024-11-09
1868,Display Panel,Software,$11528.81,2024-05-14
1869,Widget Alpha,Consulting,10744.7,2024-05-25
1870,Display Panel,Consulting,384.64,2024-06-16
1871,Display Panel,Consulting,9185.86,2024-05-28
1872,Connector Set,Electronics,"14,065.42",2024-08-15
1873,Connector Set,Software,6015.7,2024-07-11
1874,Widget Beta,Services,13507.24,2024-12-25
1875,Assembly Kit,Software,816.80,2024-03-10
1876,Widget Gamma,Software,4558.1,2024-08-04
1877,Gadget Pro,Services,6922.48,2024-08-07
1878,Power Unit,Hardware,"7,876.69",2024-09-02
1879,Gadget Pro,Electronics,6520.61,2024-05-20
1880,Sensor X2,Consulting,"5,187.15",2024-01-26
1881,Widget Gamma,Hardware,"7,453.16",2024-05-01
1882,Control Board,Consulting,14213.7,2024-07-01
1883,Module A,Consulting,$10749.41,2024-12-06
1884,Module A,Hardware,"8,335.27",2024-01-18
1885,Sensor X2,Consulting,"12,352.21",2024-10-19
1886,Display Panel,Consulting,6250.2,2024-08-06
1887,Module A,Electronics,8261.23,2024-11-05
1888,Gadget Lite,Software,$3376.1,2024-08-13
1889,Sensor X2,Hardware,4515.49,2024-09-04
1890,Sensor X1,Electronics,(374.01),2024-11-04
1891,Module B,Consulting,14006.66,2024-03-17
1892,Gadget Lite,Consulting,969.26,2024-06-16
1893,Gadget Pro,Electronics,$12802.78,2024-05-25
1894,Component Z,Consulting,71.77,2024-07-20
1895,Module B,Software,14448.25,2024-10-20
1896,Control Board,Consulting,7472.91,2024-11-24
1897,Component Z,Software,"13,206.10",2024-09-18
1898,Sensor X1,Hardware,"13,439.36",2024-07-29
1899,Sensor X1,Hardware,$3308.25,2024-01-07
1900,Widget Alpha,Hardware,"1,271.32",2024-10-03
1901,Display Panel,Software,"4,302.68",2024-07-14
1902,Widget Alpha,Software,"7,987.40",2024-07-29
1903,Display Panel,Consulting,(13967.05),2024-08-03
1904,Widget Alpha,Consulting,7579.24,2024-09-23
1905,Component Z,Consulting,13229.37,2024-05-08
1906,Control Board,Electronics,11648.99,2024-03-28
1907,Widget Gamma,Software,14946.46,2024-11-06
1908,Module A,Electronics,$12649.96,2024-01-30
1909,Sensor X1,Hardware,$8391.43,2024-05-14
1910,Sensor X1,Hardware,"8,623.99",2024-04-23
1911,Control Board,Hardware,9964.08,2024-05-21
1912,Control Board,Consulting,"11,229.21",2024-02-23
1913,Widget Beta,Consulting,-,2024-12-11
1914,Widget Gamma,Services,5613.74,2024-10-19
1915,Gadget Lite,Electronics,11167.52,2024-12-05
1916,Assembly Kit,Software,"7,642.15",2024-06-15
1917,Module A,Consulting,8521.64,2024-04-18
1918,Assembly Kit,Software,"11,071.90",2024-04-01
1919,Sensor X2,Electronics,3593.46,2024-04-03
1920,Widget Alpha,Services,"6,455.19",2024-05-15
1921,Assembly Kit,Hardware,1933.83,2024-10-02
1922,Widget Gamma,Consulting,"14,201.80",2024-05-12
1923,Gadget Lite,Consulting,$13347.26,2024-06-13
1924,Module B,Consulting,,2024-09-22
1925,Sensor X2,Electronics,(4041.49),2024-05-19
1926,Widget Gamma,Services,1118.41,2024-08-07
1927,Connector Set,Hardware,"6,022.74",2024-09-29
1928,Display Panel,Consulting,11909.99,2024-04-15
1929,Gadget Lite,Software,14582.75,2024-06-16
1930,Module A,Hardware,14278.78,2024-12-15
1931,Power Unit,Hardware,9300.17,2024-05-18
1932,Control Board,Hardware,$7584.26,2024-09-04
1933,Module B,Consulting,6451.56,2024-08-31
1934,Sensor X2,Consulting,"2,969.27",2024-10-04
1935,Widget Gamma,Services,11699.68,2024-10-08
1936,Component Z,Electronics,"12,181.69",2024-02-22
1937,Gadget Pro,Electronics,3026.16,2024-11-28
1938,Connector Set,Hardware,"10,800.46",2024-03-18
1939,Component Z,Hardware,"3,397.23",2024-11-13
1940,Connector Set,Software,"2,744.18",2024-11-08
1941,Module B,Services,-,2024-12-05
1942,Module A,Software,"12,882.41",2024-08-23
1943,Assembly Kit,Electronics,524.98,2024-08-24
1944,Connector Set,Software,12826.54,2024-06-27
1945,Gadget Pro,Electronics,N/A,2024-05-13
1946,Sensor X2,Consulting,13615.63,2024-08-22
1947,Gadget Pro,Services,4472.97,2024-11-06
1948,Widget Gamma,Software,"13,994.51",2024-09-09
1949,Assembly Kit,Hardware,$5722.04,2024-03-23
1950,Assembly Kit,Services,3528.23,2024-10-12
1951,Widget Beta,Electronics,5383.98,2024-05-30
1952,Component Z,Consulting,4357.65,2024-10-21
1953,Component Z,Electronics,14252.25,2024-05-06
1954,Power Unit,Services,(914.99),2024-08-12
1955,Control Board,Services,$3859.79,2024-04-25
1956,Module A,Hardware,14364.98,2024-08-09
1957,Gadget Lite,Hardware,$13277.95,2024-06-10
1958,Power Unit,Consulting,5811.04,2024-03-19
1959,Assembly Kit,Software,$13831.54,2024-05-23
1960,Assembly Kit,Hardware,7415.06,2024-12-29
1961,Sensor X1,Software,"12,463.75",2024-02-29
1962,Widget Alpha,Consulting,7489.65,2024-07-06
1963,Gadget Lite,Services,10097.82,2024-03-05
1964,Gadget Lite,Consulting,3032.14,2024-04-24
1965,Connector Set,Software,$8795.07,2024-06-13
1966,Display Panel,Services,N/A,2024-11-18
1967,Widget Alpha,Services,"12,632.88",2024-09-23
1968,Assembly Kit,Hardware,3198.99,2024-08-11
1969,Connector Set,Hardware,7836.16,2024-05-26
1970,Display Panel,Hardware,n/a,2024-03-04
1971,Widget Alpha,Consulting,978.42,2024-02-25
1972,Module A,Software,,2024-05-08
1973,Widget Beta,Software,8319.91,2024-09-09
1974,Module A,Electronics,"5,266.61",2024-10-06
1975,Assembly Kit,Software,13873.23,2024-02-20
1976,Power Unit,Consulting,10734.64,2024-07-13
1977,Widget Beta,Software,9414.73,2024-03-24
1978,Assembly Kit,Hardware,"6,662.35",2024-08-23
1979,Gadget Pro,Services,12834.71,2024-07-26
1980,Connector Set,Hardware,6740.9,2024-10-12
1981,Component Z,Services,"1,794.58",2024-09-03
1982,Gadget Pro,Software,(5284.49),2024-09-14
1983,Widget Alpha,Consulting,9819.9,2024-11-28
1984,Gadget Pro,Consulting,13271.41,2024-08-27
1985,Gadget Pro,Software,(5032.31),2024-11-23
1986,Power Unit,Hardware,$12956.76,2024-08-23
1987,Gadget Lite,Services,n/a,2024-08-14
1988,Sensor X2,Services,8275.55,2024-11-11
1989,Component Z,Consulting,4576.83,2024-03-20
1990,Gadget Lite,Electronics,1652.89,2024-10-31
1991,Component Z,Consulting,1330.64,2024-11-30
1992,Display Panel,Software,3801.94,2024-04-19
1993,Gadget Pro,Consulting,10052.26,2024-05-14
1994,Display Panel,Services,12918.99,2024-09-06
1995,Assembly Kit,Electronics,"13,552.46",2024-05-23
1996,Sensor X1,Services,"1,361.10",2024-11-30
1997,Power Unit,Services,$11960.69,2024-04-17
1998,Widget Beta,Software,"10,819.30",2024-02-27
1999,Widget Gamma,Software,14648.91,2024-03-29
2000,Gadget Lite,Electronics,12520.87,2024-08-22
2001,Assembly Kit,Consulting,13699.72,2024-05-26
2002,Sensor X2,Software,10281.01,2024-12-16
2003,Widget Gamma,Software,11094.36,2024-07-23
2004,Power Unit,Software,10000.79,2024-05-13
2005,Module A,Electronics,$8239.17,2024-07-02
2006,Widget Gamma,Software,11376.14,2024-11-12
2007,Widget Alpha,Software,12323.02,2024-12-18
2008,Widget Beta,Services,7188.12,2024-05-10
2009,Sensor X1,Electronics,5107.95,2024-11-15
2010,Widget Alpha,Consulting,6732.47,2024-10-29
2011,Sensor X1,Consulting,3357.4,2024-03-01
2012,Connector Set,Consulting,$4571.28,2024-07-31
2013,Widget Beta,Consulting,"9,714.40",2024-01-18
2014,Widget Alpha,Hardware,13583.37,2024-08-02
2015,Power Unit,Hardware,1355.15,2024-12-26
2016,Widget Beta,Software,4879.9,2024-08-25
2017,Gadget Lite,Consulting,7724.59,2024-03-31
2018,Gadget Pro,Software,,2024-08-14
2019,Module A,Hardware,333.43,2024-04-07
2020,Module B,Electronics,13326.11,2024-11-21
2021,Display Panel,Services,9939.28,2024-01-19
2022,Module A,Consulting,952.65,2024-11-19
2023,Connector Set,Consulting,$8460.85,2024-01-24
2024,Display Panel,Electronics,138.15,2024-11-08
2025,Module B,Electronics,"13,336.62",2024-07-31
2026,Widget Alpha,Services,$10940.12,2024-10-19
2027,Widget Beta,Electronics,"4,813.63",2024-11-29
2028,Connector Set,Consulting,4040.11,2024-04-20
2029,Component Z,Services,$13812.57,2024-01-13
2030,Module A,Hardware,3849.48,2024-07-05
2031,Module A,Consulting,$917.54,2024-05-22
2032,Connector Set,Software,(2991.56),2024-12-26
2033,Gadget Pro,Hardware,608.35,2024-11-11
2034,Assembly Kit,Hardware,,2024-11-23
2035,Module B,Software,n/a,2024-02-19
2036,Widget Alpha,Consulting,1565.42,2024-11-28
2037,Widget Gamma,Software,1424.41,2024-09-03
2038,Module A,Software,5433.76,2024-11-06
2039,Assembly Kit,Software,null,2024-01-31
2040,Gadget Pro,Hardware,"13,363.64",2024-07-07
2041,Assembly Kit,Consulting,1059.56,2024-10-07
2042,Power Unit,Services,$5943.86,2024-12-04
2043,Gadget Pro,Software,N/A,2024-03-02
2044,Gadget Lite,Hardware,"4,248.70",2024-07-13
2045,Sensor X1,Services,$11817.23,2024-08-01
2046,Gadget Lite,Software,"8,537.00",2024-06-22
2047,Display Panel,Services,(132.79),2024-10-19
2048,Widget Alpha,Hardware,$10159.05,2024-03-11
2049,Widget Beta,Software,3318.6,2024-03-23
2050,Sensor X2,Software,$11278.36,2024-04-09
2051,Connector Set,Services,8370.31,2024-09-27
2052,Widget Beta,Hardware,$1447.01,2024-09-25
2053,Control Board,Consulting,$13855.47,2024-03-03
2054,Widget Gamma,Consulting,"7,854.80",2024-09-30
2055,Display Panel,Software,"10,395.00",2024-03-17
2056,Module B,Services,null,2024-01-16
2057,Widget Gamma,Hardware,12575.06,2024-01-30
2058,Sensor X1,Software,9164.6,2024-08-11
2059,Component Z,Hardware,(8275.65),2024-01-07
2060,Power Unit,Software,$2239.52,2024-01-22
2061,Sensor X2,Software,9062.14,2024-07-01
2062,Module A,Electronics,13874.05,2024-12-22
2063,Sensor X2,Electronics,"5,828.86",2024-01-19
2064,Gadget Lite,Electronics,$8311.05,2024-08-21
2065,Module A,Software,6726.05,2024-09-11
2066,Widget Beta,Software,"5,171.79",2024-10-23
2067,Module A,Hardware,7410.05,2024-01-18
2068,Sensor X1,Electronics,$1540.59,2024-06-08
2069,Connector Set,Software,14308.53,2024-04-18
2070,Gadget Pro,Software,3582.98,2024-05-11
2071,Connector Set,Software,5636.83,2024-09-27
2072,Module B,Software,8285.82,2024-11-23
2073,Assembly Kit,Hardware,2851.91,2024-10-16
2074,Control Board,Electronics,12762.27,2024-07-02
2075,Control Board,Services,149.43,2024-05-18
2076,Gadget Pro,Hardware,$14892.88,2024-02-07
2077,Widget Gamma,Services,(5259.64),2024-12-04
2078,Display Panel,Hardware,"11,687.23",2024-10-19
2079,Sensor X2,Software,4368.79,2024-12-09
2080,Widget Beta,Consulting,-,2024-02-22
2081,Widget Alpha,Services,$6683.44,2024-01-11
2082,Widget Gamma,Consulting,"11,236.63",2024-07-08
2083,Gadget Pro,Services,9335.14,2024-12-10
2084,Gadget Lite,Services,(12031.38),2024-10-26
2085,Display Panel,Software,4299.56,2024-06-27
2086,Sensor X2,Consulting,-,2024-11-26
2087,Control Board,Consulting,"1,999.24",2024-08-31
2088,Assembly Kit,Electronics,13636.34,2024-12-01
2089,Gadget Lite,Services,1457.53,2024-04-21
2090,Module A,Electronics,14409.67,2024-05-07
2091,Module B,Hardware,13355.01,2024-07-20
2092,Display Panel,Electronics,5836.55,2024-03-02
2093,Display Panel,Electronics,4555.27,2024-01-03
2094,Gadget Lite,Consulting,12515.26,2024-05-17
2095,Component Z,Electronics,12964.69,2024-03-06
2096,Component Z,Electronics,"14,907.08",2024-04-02
2097,Power Unit,Services,13045.43,2024-10-29
2098,Widget Alpha,Services,12907.16,2024-08-03
2099,Widget Alpha,Consulting,12847.94,2024-06-23
2100,Power Unit,Services,1158.89,2024-06-03
2101,Sensor X2,Hardware,7282.11,2024-01-28
2102,Display Panel,Hardware,"4,767.10",2024-05-17
2103,Module A,Hardware,$4236.61,2024-07-14
2104,Sensor X2,Consulting,9381.17,2024-12-13
2105,Control Board,Consulting,"3,700.79",2024-07-13
2106,Gadget Lite,Software,8049.24,2024-08-31
2107,Widget Gamma,Electronics,3045.14,2024-01-17
2108,Component Z,Consulting,(14579.03),2024-05-20
2109,Display Panel,Hardware,"3,572.27",2024-01-27
2110,Module A,Electronics,12497.72,2024-11-01
2111,Module B,Electronics,"5,718.02",2024-12-01
2112,Sensor X1,Consulting,7100.73,2024-01-11
2113,Module B,Electronics,6523.43,2024-08-28
2114,Power Unit,Electronics,"5,456.70",2024-04-20
2115,Assembly Kit,Consulting,$12917.75,2024-07-25
2116,Power Unit,Services,"5,952.23",2024-03-13
2117,Gadget Pro,Consulting,N/A,2024-08-27
2118,Module A,Software,(1700.67),2024-03-30
2119,Widget Gamma,Consulting,4526.47,2024-09-29
2120,Power Unit,Consulting,$8525.85,2024-01-07
2121,Power Unit,Services,(7542.35),2024-01-09
2122,Widget Beta,Services,5882.78,2024-06-14
2123,Gadget Lite,Hardware,,2024-07-15
2124,Control Board,Services,6884.75,2024-12-10
2125,Assembly Kit,Consulting,-,2024-06-02
2126,Assembly Kit,Electronics,7761.04,2024-07-26
2127,Module B,Electronics,3510.36,2024-09-27
2128,Module A,Electronics,"3,143.96",2024-02-24
2129,Assembly Kit,Consulting,2239.93,2024-11-11
2130,Module B,Services,7760.7,2024-10-05
2131,Widget Beta,Electronics,7385.61,2024-09-14
2132,Component Z,Hardware,13474.01,2024-04-20
2133,Gadget Lite,Electronics,null,2024-11-09
2134,Control Board,Hardware,1325.81,2024-08-03
2135,Power Unit,Software,11013.36,2024-04-01
2136,Widget Alpha,Services,13779.9,2024-08-05
2137,Widget Beta,Electronics,-,2024-10-01
2138,Widget Alpha,Electronics,2881.27,2024-01-21
2139,Sensor X1,Hardware,(13134.39),2024-01-27
2140,Assembly Kit,Consulting,286.55,2024-03-29
2141,Component Z,Consulting,11405.42,2024-08-23
2142,Widget Beta,Consulting,6734.8,2024-08-10
2143,Gadget Pro,Electronics,3964.01,2024-10-19
2144,Sensor X2,Electronics,7638.38,2024-10-05
2145,Sensor X1,Services,11427.26,2024-06-17
2146,Display Panel,Electronics,"2,327.70",2024-05-21
2147,Gadget Lite,Hardware,9010.48,2024-10-27
2148,Module A,Services,3406.79,2024-09-09
2149,Widget Beta,Services,8773.67,2024-09-10
2150,Component Z,Consulting,"8,989.61",2024-08-22
2151,Widget Gamma,Services,(461.9),2024-01-15
2152,Control Board,Electronics,$9128.68,2024-03-30
2153,Control Board,Software,$2352.42,2024-07-09
2154,Widget Gamma,Hardware,"3,434.36",2024-09-08
2155,Widget Beta,Hardware,12790.4,2024-04-29
2156,Gadget Lite,Services,"3,161.90",2024-10-12
2157,Control Board,Consulting,14554.77,2024-06-18
2158,Module A,Consulting,(7778.93),2024-12-11
2159,Control Board,Consulting,8788.85,2024-09-03
2160,Connector Set,Consulting,5379.48,2024-08-30
2161,Sensor X1,Consulting,(6858.61),2024-07-16
2162,Sensor X1,Consulting,null,2024-03-24
2163,Connector Set,Electronics,"13,385.55",2024-11-15
2164,Widget Gamma,Hardware,(1033.84),2024-07-25
2165,Connector Set,Software,6193.26,2024-11-28
2166,Gadget Pro,Consulting,12210.38,2024-10-23
2167,Module A,Electronics,6662.03,2024-01-25
2168,Display Panel,Services,,2024-05-17
2169,Power Unit,Services,null,2024-03-11
2170,Widget Alpha,Electronics,$12632.31,2024-09-04
2171,Sensor X1,Consulting,"2,782.76",2024-03-10
2172,Widget Beta,Consulting,9009.31,2024-06-04
2173,Control Board,Electronics,1548.75,2024-06-15
2174,Widget Gamma,Hardware,5694.46,2024-05-11
2175,Sensor X1,Hardware,11252.79,2024-07-10
2176,Display Panel,Consulting,"12,039.58",2024-01-06
2177,Widget Gamma,Electronics,"12,911.54",2024-10-06
2178,Widget Alpha,Consulting,-,2024-09-08
2179,Power Unit,Electronics,933.73,2024-10-18
2180,Gadget Lite,Electronics,1771.78,2024-09-13
2181,Gadget Pro,Consulting,"2,068.48",2024-04-10
2182,Module B,Services,2787.72,2024-12-18
2183,Widget Beta,Services,$8585.88,2024-12-30
2184,Control Board,Hardware,13838.86,2024-03-11
2185,Connector Set,Electronics,6868.15,2024-01-03
2186,Sensor X2,Services,11484.65,2024-03-04
2187,Gadget Lite,Electronics,"10,810.01",2024-07-19
2188,Gadget Pro,Software,9843.99,2024-08-11
2189,Display Panel,Electronics,6588.81,2024-02-18
2190,Gadget Lite,Services,3865.97,2024-03-16
2191,Widget Alpha,Software,12550.03,2024-01-02
2192,Sensor X2,Software,3100.73,2024-03-04
2193,Connector Set,Consulting,1092.89,2024-11-22
2194,Sensor X1,Consulting,$14961.42,2024-11-09
2195,Component Z,Software,"8,131.59",2024-03-18
2196,Module A,Services,N/A,2024-05-07
2197,Sensor X1,Software,1832.53,2024-06-12
2198,Gadget Pro,Software,(1581.34),2024-12-01
2199,Power Unit,Consulting,1212.82,2024-02-04
2200,Control Board,Software,10170.14,2024-10-23
2201,Connector Set,Electronics,"10,434.53",2024-11-28
2202,Gadget Lite,Consulting,4295.99,2024-05-04
2203,Gadget Pro,Electronics,11721.96,2024-11-07
2204,Widget Beta,Software,1436.66,2024-04-26
2205,Sensor X1,Electronics,13752.83,2024-08-06
2206,Module A,Software,13903.58,2024-09-12
2207,Gadget Pro,Services,"13,473.45",2024-06-27
2208,Component Z,Consulting,7622.62,2024-04-24
2209,Power Unit,Consulting,$5752.6,2024-10-17
2210,Connector Set,Software,4216.12,2024-04-24
2211,Display Panel,Consulting,4192.74,2024-03-29
2212,Gadget Pro,Software,402.02,2024-03-28
2213,Sensor X1,Electronics,12646.14,2024-12-15
2214,Widget Alpha,Software,657.03,2024-06-19
2215,Widget Beta,Hardware,$5470.61,2024-01-21
2216,Sensor X2,Software,11733.76,2024-07-27
2217,Widget Gamma,Hardware,(4776.59),2024-02-04
2218,Component Z,Consulting,2387.47,2024-03-17
2219,Assembly Kit,Software,"3,816.04",2024-05-01
2220,Power Unit,Services,$6804.78,2024-12-14
2221,Widget Alpha,Services,"1,994.96",2024-12-23
2222,Widget Gamma,Electronics,12790.13,2024-11-08
2223,Display Panel,Software,9243.2,2024-07-03
2224,Power Unit,Services,6777.2,2024-09-17
2225,Module B,Consulting,6271.16,2024-02-07
2226,Gadget Pro,Software,14362.28,2024-06-23
2227,Module B,Consulting,14082.18,2024-01-31
2228,Power Unit,Hardware,"14,529.20",2024-11-01
2229,Widget Beta,Consulting,10381.55,2024-11-02
2230,Widget Gamma,Consulting,"4,463.89",2024-09-06
2231,Widget Gamma,Services,5859.67,2024-05-12
2232,Sensor X2,Electronics,N/A,2024-09-02
2233,Component Z,Consulting,6255.66,2024-10-11
2234,Control Board,Electronics,4089.76,2024-03-14
2235,Connector Set,Hardware,6511.8,2024-11-04
2236,Control Board,Consulting,$14342.24,2024-03-21
2237,Power Unit,Software,1338.26,2024-12-07
2238,Gadget Pro,Hardware,"7,853.67",2024-11-24
2239,Assembly Kit,Electronics,$738.51,2024-10-27
2240,Widget Alpha,Electronics,1618.35,2024-12-30
2241,Widget Beta,Services,(12755.45),2024-07-29
2242,Assembly Kit,Consulting,7875.61,2024-10-26
2243,Connector Set,Hardware,4532.76,2024-12-22
2244,Power Unit,Consulting,13753.35,2024-06-27
2245,Power Unit,Consulting,2210.1,2024-07-20
2246,Assembly Kit,Services,,2024-10-22
2247,Module B,Consulting,12606.56,2024-08-01
2248,Widget Gamma,Services,$9899.08,2024-04-05
2249,Module B,Services,10128.02,2024-04-14
2250,Gadget Lite,Consulting,5188.42,2024-05-03
2251,Widget Gamma,Electronics,"2,890.01",2024-04-26
2252,Widget Alpha,Software,$5333.36,2024-10-21
2253,Gadget Pro,Services,4920.01,2024-07-13
2254,Module B,Software,null,2024-01-05
2255,Assembly Kit,Electronics,"8,030.52",2024-06-14
2256,Assembly Kit,Software,"13,429.19",2024-11-23
2257,Control Board,Software,$4417.63,2024-04-21
2258,Sensor X1,Software,9545.94,2024-09-05
2259,Component Z,Hardware,9304.6,2024-11-23
2260,Connector Set,Software,8229.83,2024-02-06
2261,Connector Set,Software,4898.96,2024-07-24
2262,Module B,Hardware,11963.83,2024-02-25
2263,Gadget Lite,Consulting,1776.38,2024-02-09
2264,Widget Beta,Electronics,n/a,2024-03-06
2265,Control Board,Hardware,2435.58,2024-03-20
2266,Sensor X1,Hardware,11122.28,2024-05-23
2267,Widget Gamma,Electronics,1506.41,2024-09-17
2268,Control Board,Consulting,"13,201.89",2024-04-25
2269,Sensor X1,Hardware,$5927.5,2024-06-16
2270,Gadget Lite,Consulting,"14,994.80",2024-05-26
2271,Gadget Lite,Software,4026.09,2024-04-27
2272,Display Panel,Electronics,9691.58,2024-08-13
2273,Assembly Kit,Hardware,,2024-01-12
2274,Module B,Electronics,2645.56,2024-01-04
2275,Gadget Pro,Software,(3891.63),2024-11-05
2276,Gadget Pro,Software,14627.24,2024-02-20
2277,Component Z,Software,,2024-05-31
2278,Assembly Kit,Hardware,5165.09,2024-06-04
2279,Sensor X2,Hardware,6124.96,2024-01-20
2280,Gadget Lite,Electronics,(9016.25),2024-08-20
2281,Module B,Consulting,3219.25,2024-05-10
2282,Connector Set,Electronics,"4,188.62",2024-09-27
2283,Module B,Services,"4,077.09",2024-02-17
2284,Widget Alpha,Electronics,8577.64,2024-11-12
2285,Display Panel,Services,"2,128.91",2024-01-29
2286,Widget Alpha,Services,14448.69,2024-10-09
2287,Widget Beta,Software,11627.95,2024-04-07
2288,Display Panel,Software,13370.77,2024-06-27
2289,Control Board,Services,(9239.54),2024-08-12
2290,Power Unit,Consulting,3297.2,2024-06-21
2291,Widget Beta,Hardware,711.47,2024-10-14
2292,Widget Gamma,Electronics,7854.59,2024-01-03
2293,Gadget Pro,Software,4113.3,2024-12-26
2294,Control Board,Software,14141.34,2024-03-17
2295,Module B,Services,12177.15,2024-08-24
2296,Widget Gamma,Hardware,"12,868.45",2024-04-01
2297,Control Board,Electronics,$8198.58,2024-05-30
2298,Sensor X2,Services,$7553.31,2024-02-24
2299,Widget Gamma,Hardware,11357.72,2024-12-02
2300,Assembly Kit,Software,14417.24,2024-03-17
2301,Widget Gamma,Software,N/A,2024-02-21
2302,Sensor X2,Electronics,$12305.5,2024-08-05
2303,Control Board,Electronics,N/A,2024-07-12
2304,Widget Gamma,Electronics,7545.12,2024-03-17
2305,Widget Alpha,Consulting,8482.66,2024-06-10
2306,Widget Beta,Consulting,3306.81,2024-07-23
2307,Sensor X1,Electronics,"9,765.41",2024-12-23
2308,Module B,Consulting,9674.41,2024-06-29
2309,Power Unit,Hardware,12509.19,2024-01-03
2310,Display Panel,Hardware,8067.13,2024-07-21
2311,Connector Set,Electronics,13334.07,2024-12-11
2312,Gadget Pro,Consulting,3484.71,2024-05-05
2313,Display Panel,Consulting,2012.96,2024-06-16
2314,Sensor X2,Services,3725.63,2024-04-05
2315,Control Board,Electronics,1133.85,2024-01-09
2316,Widget Gamma,Electronics,7479.73,2024-10-17
2317,Assembly Kit,Electronics,8208.7,2024-12-05
2318,Sensor X1,Consulting,$8219.97,2024-02-29
2319,Module B,Software,1878.28,2024-12-05
2320,Widget Alpha,Electronics,6335.98,2024-10-30
2321,Power Unit,Hardware,10742.38,2024-07-10
2322,Display Panel,Electronics,12785.15,2024-01-29
2323,Control Board,Electronics,n/a,2024-10-25
2324,Sensor X1,Services,$10511.99,2024-01-28
2325,Sensor X1,Software,"1,706.24",2024-05-02
2326,Power Unit,Consulting,11818.26,2024-05-12
2327,Power Unit,Electronics,5052.23,2024-06-01
2328,Widget Gamma,Services,"14,603.50",2024-06-18
2329,Module A,Software,173.17,2024-07-08
2330,Display Panel,Software,$3878.68,2024-07-18
2331,Widget Beta,Consulting,13720.19,2024-11-05
2332,Module A,Services,$10957.62,2024-01-07
2333,Connector Set,Hardware,5656.51,2024-02-28
2334,Assembly Kit,Software,6274.18,2024-01-20
2335,Sensor X2,Consulting,null,2024-01-17
2336,Module A,Software,851.27,2024-09-25
2337,Control Board,Consulting,"13,169.14",2024-03-18
2338,Widget Alpha,Software,1798.01,2024-08-01
2339,Gadget Lite,Services,7062.2,2024-08-12
2340,Widget Alpha,Electronics,5733.97,2024-02-21
2341,Widget Beta,Electronics,"9,814.77",2024-11-15
2342,Display Panel,Consulting,9044.09,2024-03-29
2343,Module B,Hardware,N/A,2024-02-19
2344,Component Z,Consulting,1332.17,2024-08-25
2345,Widget Beta,Software,,2024-01-17
2346,Component Z,Electronics,8137.39,2024-04-03
2347,Gadget Lite,Consulting,13354.0,2024-09-23
2348,Module B,Software,"6,620.58",2024-11-06
2349,Widget Alpha,Software,-,2024-04-25
2350,Widget Beta,Hardware,"9,241.14",2024-02-19
2351,Gadget Lite,Services,13738.74,2024-11-20
2352,Gadget Pro,Services,3934.57,2024-01-29
2353,Widget Beta,Software,5815.71,2024-11-03
2354,Gadget Pro,Hardware,6847.88,2024-06-12
2355,Gadget Lite,Services,8619.96,2024-05-12
2356,Sensor X2,Electronics,13449.8,2024-07-13
2357,Sensor X2,Services,14728.09,2024-08-05
2358,Gadget Lite,Software,null,2024-11-12
2359,Control Board,Services,7620.58,2024-03-27
2360,Module B,Consulting,10362.41,2024-12-24
2361,Module A,Hardware,4614.88,2024-10-30
2362,Power Unit,Electronics,2505.25,2024-07-09
2363,Display Panel,Electronics,3381.95,2024-06-29
2364,Module A,Hardware,(8472.43),2024-02-29
2365,Display Panel,Hardware,10078.57,2024-01-18
2366,Control Board,Consulting,2199.28,2024-06-27
2367,Widget Gamma,Electronics,-,2024-12-30
2368,Control Board,Electronics,6261.44,2024-06-01
2369,Widget Gamma,Consulting,"5,368.89",2024-10-26
2370,Connector Set,Hardware,265.94,2024-01-13
2371,Gadget Lite,Software,9134.69,2024-05-17
2372,Assembly Kit,Electronics,(14706.97),2024-02-28
2373,Module B,Electronics,$11374.42,2024-09-15
2374,Widget Alpha,Hardware,1565.2,2024-04-02
2375,Power Unit,Services,"11,495.96",2024-09-20
2376,Sensor X1,Electronics,"2,011.39",2024-02-11
2377,Sensor X1,Software,N/A,2024-12-19
2378,Control Board,Hardware,null,2024-12-27
2379,Widget Beta,Electronics,"12,884.11",2024-05-07
2380,Display Panel,Electronics,4128.96,2024-05-18
2381,Connector Set,Hardware,5996.46,2024-06-07
2382,Gadget Lite,Electronics,13135.17,2024-09-18
2383,Sensor X2,Electronics,2034.19,2024-11-15
2384,Sensor X1,Services,7741.97,2024-01-09
2385,Connector Set,Services,3297.23,2024-09-04
2386,Connector Set,Consulting,$666.05,2024-11-24
2387,Module B,Hardware,13313.02,2024-11-26
2388,Widget Gamma,Hardware,8427.4,2024-03-13
2389,Module B,Services,"4,252.35",2024-08-18
2390,Widget Gamma,Hardware,N/A,2024-09-01
2391,Module A,Services,null,2024-01-26
2392,Connector Set,Consulting,2902.87,2024-10-07
2393,Gadget Pro,Services,$14356.69,2024-05-07
2394,Widget Gamma,Software,$6230.93,2024-07-27
2395,Sensor X2,Hardware,11826.25,2024-06-16
2396,Power Unit,Services,8241.77,2024-09-12
2397,Gadget Pro,Hardware,11526.63,2024-06-12
2398,Sensor X1,Electronics,"1,427.11",2024-10-30
2399,Widget Alpha,Software,6797.73,2024-01-03
2400,Display Panel,Services,"6,312.63",2024-04-07
2401,Widget Gamma,Services,14723.67,2024-10-11
2402,Gadget Pro,Services,1217.86,2024-04-23
2403,Display Panel,Services,(7989.32),2024-12-17
2404,Module A,Consulting,$6213.77,2024-09-16
2405,Widget Alpha,Hardware,12149.77,2024-04-15
2406,Widget Gamma,Services,(3058.98),2024-03-23
2407,Connector Set,Services,5646.42,2024-06-30
2408,Module A,Consulting,$8430.96,2024-01-05
2409,Sensor X2,Software,8652.37,2024-10-23
2410,Connector Set,Software,14799.12,2024-05-31
2411,Widget Beta,Electronics,10158.44,2024-02-07
2412,Gadget Pro,Services,5039.28,2024-08-01
2413,Power Unit,Consulting,n/a,2024-04-30
2414,Power Unit,Consulting,5496.12,2024-02-21
2415,Widget Alpha,Services,$8013.21,2024-10-09
2416,Widget Gamma,Software,5664.79,2024-07-16
2417,Sensor X1,Electronics,3887.2,2024-08-10
2418,Connector Set,Consulting,9291.73,2024-12-21
2419,Module B,Consulting,11091.7,2024-01-15
2420,Component Z,Hardware,$4653.82,2024-08-15
2421,Widget Gamma,Services,7548.94,2024-08-13
2422,Gadget Pro,Services,12644.46,2024-10-02
2423,Connector Set,Electronics,8680.81,2024-04-10
2424,Assembly Kit,Software,$4276.76,2024-03-02
2425,Module A,Services,n/a,2024-05-13
2426,Sensor X1,Services,5720.4,2024-08-25
2427,Display Panel,Consulting,13824.25,2024-05-24
2428,Assembly Kit,Software,8909.77,2024-03-06
2429,Gadget Lite,Electronics,$8367.73,2024-12-09
2430,Display Panel,Hardware,(8831.27),2024-05-26
2431,Widget Gamma,Hardware,"11,162.33",2024-06-04
2432,Display Panel,Software,1802.63,2024-04-26
2433,Widget Beta,Consulting,14516.79,2024-01-02
2434,Gadget Lite,Electronics,"14,330.30",2024-06-04
2435,Module A,Electronics,8805.93,2024-12-07
2436,Power Unit,Consulting,"10,332.66",2024-05-19
2437,Control Board,Hardware,8567.51,2024-02-16
2438,Connector Set,Electronics,"7,215.91",2024-06-04
2439,Gadget Pro,Consulting,"13,069.77",2024-12-30
2440,Widget Beta,Hardware,10336.01,2024-06-17
2441,Widget Gamma,Services,1679.18,2024-03-07
2442,Component Z,Services,8077.71,2024-07-19
2443,Gadget Lite,Services,740.84,2024-06-30
2444,Assembly Kit,Hardware,"9,514.72",2024-10-19
2445,Gadget Pro,Services,(11424.81),2024-03-01
2446,Assembly Kit,Consulting,"2,971.41",2024-12-04
2447,Module B,Electronics,(11905.53),2024-09-05
2448,Control Board,Consulting,6986.03,2024-07-19
2449,Gadget Pro,Hardware,11729.02,2024-08-11
2450,Gadget Pro,Consulting,7970.08,2024-07-15
2451,Module B,Services,"2,624.88",2024-05-18
2452,Widget Beta,Software,-,2024-06-12
2453,Widget Alpha,Software,-,2024-11-29
2454,Sensor X1,Consulting,"12,657.10",2024-02-14
2455,Connector Set,Software,3881.26,2024-02-15
2456,Sensor X2,Services,276.65,2024-07-23
2457,Widget Gamma,Hardware,"6,828.57",2024-07-27
2458,Widget Beta,Services,11181.07,2024-07-28
2459,Widget Gamma,Services,215.36,2024-11-22
2460,Gadget Pro,Electronics,6763.14,2024-10-11
2461,Widget Beta,Electronics,"13,792.90",2024-05-01
2462,Module A,Hardware,2156.41,2024-11-08
2463,Connector Set,Hardware,406.1,2024-11-18
2464,Control Board,Electronics,n/a,2024-11-09
2465,Module B,Services,5941.42,2024-08-08
2466,Sensor X1,Electronics,"6,566.94",2024-08-12
2467,Component Z,Electronics,430.54,2024-06-06
2468,Component Z,Services,$4290.42,2024-12-30
2469,Control Board,Software,"13,779.78",2024-04-24
2470,Gadget Lite,Electronics,4772.04,2024-06-21
2471,Sensor X1,Hardware,8905.53,2024-08-04
2472,Module A,Software,11121.35,2024-02-19
2473,Control Board,Hardware,"7,870.70",2024-01-09
2474,Assembly Kit,Electronics,null,2024-02-10
2475,Widget Gamma,Electronics,-,2024-08-17
2476,Gadget Lite,Services,10300.45,2024-08-09
2477,Assembly Kit,Services,9463.78,2024-07-11
2478,Module B,Hardware,2404.98,2024-12-21
2479,Component Z,Electronics,(13217.91),2024-12-02
2480,Sensor X1,Consulting,8652.2,2024-08-08
2481,Widget Alpha,Electronics,9985.58,2024-01-11
2482,Connector Set,Electronics,13682.47,2024-03-29
2483,Display Panel,Consulting,$10765.03,2024-06-11
2484,Display Panel,Electronics,n/a,2024-06-08
2485,Gadget Lite,Consulting,$11564.25,2024-06-13
2486,Assembly Kit,Consulting,(14070.87),2024-12-22
2487,Power Unit,Services,-,2024-11-11
2488,Gadget Pro,Services,4326.29,2024-12-09
2489,Module B,Electronics,2379.01,2024-09-14
2490,Display Panel,Electronics,(4185.47),2024-01-23
2491,Connector Set,Software,1405.69,2024-11-28
2492,Module B,Services,,2024-06-09
2493,Sensor X1,Electronics,7695.63,2024-10-26
2494,Control Board,Electronics,n/a,2024-10-07
2495,Widget Gamma,Services,"4,204.67",2024-04-02
2496,Module B,Software,$7408.0,2024-01-05
2497,Connector Set,Consulting,5551.64,2024-03-03
2498,Display Panel,Consulting,1352.52,2024-05-03
2499,Component Z,Hardware,6983.87,2024-09-30
2500,Component Z,Services,$2010.17,2024-10-19
2501,Power Unit,Services,$3113.94,2024-01-29
2502,Component Z,Services,10909.04,2024-09-04
2503,Display Panel,Electronics,N/A,2024-08-07
2504,Component Z,Services,10277.06,2024-08-28
2505,Module B,Software,11967.67,2024-05-04
2506,Widget Alpha,Services,"5,549.71",2024-08-10
2507,Sensor X1,Hardware,3567.18,2024-07-27
2508,Sensor X2,Software,-,2024-11-23
2509,Control Board,Services,5173.29,2024-07-05
2510,Widget Alpha,Software,6987.76,2024-10-14
2511,Widget Beta,Consulting,n/a,2024-09-13
2512,Module B,Hardware,3678.17,2024-08-05
2513,Widget Alpha,Electronics,null,2024-01-17
2514,Connector Set,Hardware,8154.02,2024-04-14
2515,Gadget Lite,Software,9953.13,2024-10-09
2516,Module B,Hardware,n/a,2024-06-10
2517,Widget Beta,Services,"7,044.10",2024-01-02
2518,Module A,Electronics,,2024-03-12
2519,Display Panel,Software,"8,212.32",2024-08-15
2520,Module B,Electronics,"7,349.86",2024-10-18
2521,Display Panel,Software,N/A,2024-12-16
2522,Assembly Kit,Software,3026.11,2024-06-22
2523,Module B,Services,6227.86,2024-11-04
2524,Sensor X2,Electronics,14041.58,2024-11-09
2525,Component Z,Consulting,9766.43,2024-03-04
2526,Control Board,Services,$11583.52,2024-02-03
2527,Sensor X1,Services,"3,494.03",2024-01-10
2528,Connector Set,Hardware,$6074.24,2024-10-17
2529,Gadget Pro,Electronics,9325.73,2024-03-29
2530,Widget Gamma,Software,$4412.68,2024-12-11
2531,Control Board,Consulting,-,2024-09-13
2532,Widget Alpha,Software,"3,921.19",2024-01-09
2533,Assembly Kit,Consulting,7884.28,2024-06-16
2534,Widget Beta,Consulting,(5458.02),2024-08-01
2535,Component Z,Software,$9214.01,2024-11-05
2536,Module A,Consulting,8722.55,2024-02-06
2537,Sensor X2,Electronics,"10,007.27",2024-04-08
2538,Power Unit,Electronics,"13,427.85",2024-03-05
2539,Display Panel,Services,11775.27,2024-12-06
2540,Connector Set,Hardware,(7570.92),2024-11-20
2541,Module B,Electronics,"1,030.47",2024-05-25
2542,Component Z,Services,"7,442.45",2024-06-06
2543,Control Board,Hardware,$8022.65,2024-01-21
2544,Widget Gamma,Software,8588.89,2024-05-14
2545,Widget Alpha,Software,14397.37,2024-09-06
2546,Gadget Lite,Consulting,11417.13,2024-05-08
2547,Display Panel,Hardware,5063.45,2024-10-25
2548,Power Unit,Consulting,$12218.87,2024-09-12
2549,Widget Beta,Consulting,6184.69,2024-11-17
2550,Widget Alpha,Hardware,485.93,2024-10-13
2551,Assembly Kit,Software,1397.01,2024-01-17
2552,Assembly Kit,Hardware,4765.76,2024-06-03
2553,Control Board,Software,14029.38,2024-01-20
2554,Gadget Lite,Hardware,11584.27,2024-07-28
2555,Control Board,Services,$13373.01,2024-11-11
2556,Widget Gamma,Hardware,$3940.93,2024-10-09
2557,Assembly Kit,Electronics,9515.08,2024-01-11
2558,Power Unit,Software,"11,864.59",2024-03-24
2559,Assembly Kit,Software,976.1,2024-10-29
2560,Control Board,Consulting,8897.1,2024-09-03
2561,Module B,Consulting,N/A,2024-07-21
2562,Widget Gamma,Services,"8,601.75",2024-02-09
2563,Sensor X1,Hardware,,2024-11-21
2564,Widget Gamma,Consulting,14475.13,2024-10-21
2565,Module B,Consulting,n/a,2024-12-11
2566,Connector Set,Software,1455.15,2024-05-02
2567,Gadget Pro,Services,n/a,2024-05-28
2568,Power Unit,Hardware,5878.83,2024-01-21
2569,Widget Beta,Services,$12006.97,2024-01-19
2570,Module B,Services,$340.06,2024-08-31
2571,Gadget Pro,Hardware,"6,633.60",2024-04-19
2572,Assembly Kit,Electronics,355.39,2024-09-02
2573,Control Board,Electronics,3693.41,2024-03-13
2574,Gadget Pro,Hardware,"7,497.24",2024-12-15
2575,Module B,Software,(11835.25),2024-06-20
2576,Gadget Pro,Consulting,4405.25,2024-05-24
2577,Widget Alpha,Consulting,8596.95,2024-08-07
2578,Power Unit,Software,6563.82,2024-04-30
2579,Gadget Pro,Services,6452.35,2024-12-01
2580,Module B,Electronics,6667.25,2024-04-19
2581,Widget Alpha,Hardware,(3485.85),2024-07-28
2582,Gadget Pro,Services,5197.3,2024-03-10
2583,Widget Beta,Electronics,9864.93,2024-04-13
2584,Connector Set,Services,$3037.58,2024-02-20
2585,Widget Beta,Electronics,8448.52,2024-04-04
2586,Widget Beta,Consulting,5879.19,2024-08-05
2587,Gadget Pro,Electronics,(6780.39),2024-12-25
2588,Connector Set,Electronics,14277.54,2024-03-21
2589,Module A,Electronics,11628.51,2024-04-10
2590,Assembly Kit,Services,$9143.89,2024-03-04
2591,Gadget Lite,Services,8748.02,2024-12-14
2592,Widget Beta,Software,14116.67,2024-03-02
2593,Widget Gamma,Electronics,"8,479.56",2024-06-10
2594,Widget Beta,Hardware,14261.56,2024-06-09
2595,Sensor X1,Hardware,6920.72,2024-02-04
2596,Display Panel,Software,"9,661.54",2024-06-30
2597,Widget Alpha,Services,"11,014.14",2024-01-28
2598,Display Panel,Services,,2024-04-29
2599,Widget Alpha,Services,13218.74,2024-04-16
2600,Widget Beta,Electronics,(7304.72),2024-11-05
2601,Widget Beta,Services,7563.87,2024-10-15
2602,Module B,Electronics,9542.58,2024-11-29
2603,Module A,Services,2571.86,2024-07-11
2604,Control Board,Consulting,$4081.18,2024-02-19
2605,Widget Beta,Software,"9,191.55",2024-11-07
2606,Component Z,Services,6814.63,2024-09-17
2607,Widget Beta,Consulting,"1,612.93",2024-06-11
2608,Widget Beta,Hardware,(9587.4),2024-05-16
2609,Widget Alpha,Electronics,3393.87,2024-11-15
2610,Widget Alpha,Consulting,$5247.24,2024-04-20
2611,Gadget Pro,Electronics,13066.0,2024-11-24
2612,Module B,Hardware,4894.24,2024-05-11
2613,Widget Gamma,Electronics,"5,071.69",2024-08-24
2614,Display Panel,Software,"9,644.56",2024-06-05
2615,Assembly Kit,Services,4704.7,2024-12-25
2616,Sensor X2,Software,6873.74,2024-06-26
2617,Sensor X1,Consulting,14082.36,2024-03-30
2618,Gadget Pro,Software,1243.89,2024-10-20
2619,Gadget Pro,Software,$13560.57,2024-11-18
2620,Gadget Lite,Software,12879.06,2024-03-27
2621,Widget Alpha,Consulting,11476.75,2024-12-21
2622,Sensor X1,Hardware,8135.28,2024-05-10
2623,Gadget Lite,Consulting,"13,262.02",2024-03-08
2624,Widget Beta,Consulting,3774.94,2024-09-11
2625,Widget Alpha,Hardware,8159.41,2024-06-17
2626,Component Z,Consulting,5314.83,2024-06-15
2627,Sensor X2,Hardware,$9779.86,2024-04-21
2628,Sensor X2,Electronics,7476.48,2024-06-14
2629,Widget Beta,Electronics,"1,633.17",2024-01-09
2630,Module B,Software,$2316.89,2024-03-28
2631,Gadget Pro,Consulting,4920.31,2024-11-22
2632,Module B,Software,10586.83,2024-10-05
2633,Gadget Lite,Services,$7945.29,2024-08-18
2634,Component Z,Software,10387.3,2024-03-22
2635,Gadget Lite,Hardware,5254.44,2024-09-26
2636,Power Unit,Consulting,$5477.32,2024-06-25
2637,Control Board,Services,10076.65,2024-11-27
2638,Widget Alpha,Hardware,$7280.22,2024-03-16
2639,Component Z,Software,3708.0,2024-06-24
2640,Display Panel,Services,$7523.35,2024-10-23
2641,Gadget Lite,Hardware,(2396.27),2024-10-24
2642,Gadget Pro,Services,3051.15,2024-05-20
2643,Gadget Pro,Hardware,2571.93,2024-07-17
2644,Gadget Lite,Consulting,"6,643.69",2024-07-22
2645,Module A,Software,n/a,2024-08-14
2646,Assembly Kit,Consulting,$6840.58,2024-10-22
2647,Control Board,Electronics,4309.11,2024-03-02
2648,Assembly Kit,Electronics,9085.17,2024-11-18
2649,Widget Gamma,Consulting,10369.17,2024-08-10
2650,Widget Beta,Consulting,"6,762.05",2024-12-21
2651,Component Z,Electronics,(5823.14),2024-09-07
2652,Widget Beta,Hardware,1301.23,2024-07-13
2653,Display Panel,Services,n/a,2024-12-23
2654,Sensor X2,Hardware,n/a,2024-07-10
2655,Display Panel,Hardware,"5,368.92",2024-08-28
2656,Module A,Hardware,12270.52,2024-09-13
2657,Display Panel,Hardware,1182.75,2024-11-28
2658,Module A,Software,856.57,2024-07-16
2659,Module B,Software,-,2024-02-09
2660,Assembly Kit,Software,"8,466.64",2024-06-09
2661,Connector Set,Consulting,"13,024.68",2024-05-16
2662,Control Board,Consulting,3855.95,2024-12-16
2663,Assembly Kit,Consulting,478.87,2024-12-17
2664,Control Board,Hardware,2939.73,2024-09-13
2665,Module A,Services,$6548.87,2024-03-29
2666,Assembly Kit,Software,14817.83,2024-12-30
2667,Module A,Services,14302.46,2024-04-27
2668,Widget Alpha,Consulting,4253.98,2024-03-11
2669,Sensor X1,Hardware,10708.81,2024-11-02
2670,Assembly Kit,Electronics,$255.94,2024-02-13
2671,Control Board,Services,(10454.4),2024-09-03
2672,Widget Alpha,Software,6520.35,2024-08-19
2673,Connector Set,Services,"4,536.76",2024-05-27
2674,Power Unit,Hardware,7853.7,2024-09-16
2675,Gadget Lite,Consulting,8481.58,2024-01-03
2676,Module B,Electronics,$14868.02,2024-01-09
2677,Gadget Pro,Services,(3361.75),2024-05-15
2678,Module B,Services,"14,651.74",2024-03-13
2679,Component Z,Hardware,"13,217.25",2024-03-03
2680,Connector Set,Services,$1316.72,2024-08-10
2681,Display Panel,Services,4377.95,2024-04-19
2682,Connector Set,Software,10593.68,2024-07-21
2683,Widget Alpha,Services,2611.51,2024-12-23
2684,Assembly Kit,Hardware,685.37,2024-10-19
2685,Gadget Lite,Software,4849.0,2024-04-18
2686,Gadget Pro,Electronics,(7423.63),2024-12-06
2687,Gadget Pro,Consulting,14868.89,2024-05-04
2688,Widget Gamma,Software,(10055.13),2024-08-29
2689,Widget Alpha,Electronics,$9166.66,2024-09-24
2690,Component Z,Software,80.87,2024-05-19
2691,Power Unit,Services,1690.88,2024-07-03
2692,Widget Gamma,Software,6472.9,2024-07-11
2693,Sensor X2,Hardware,"5,070.14",2024-06-30
2694,Connector Set,Electronics,"5,459.02",2024-04-17
2695,Sensor X1,Electronics,7717.18,2024-05-09
2696,Assembly Kit,Services,1973.65,2024-06-28
2697,Display Panel,Electronics,3741.95,2024-05-11
2698,Widget Alpha,Hardware,234.08,2024-04-26
2699,Gadget Lite,Hardware,7878.24,2024-05-20
2700,Display Panel,Hardware,14243.18,2024-09-08
2701,Connector Set,Services,2045.53,2024-01-30
2702,Connector Set,Hardware,14207.63,2024-10-08
2703,Widget Gamma,Consulting,9613.66,2024-12-30
2704,Module A,Services,7220.96,2024-02-06
2705,Component Z,Hardware,6175.1,2024-01-04
2706,Widget Gamma,Consulting,13664.81,2024-11-21
2707,Widget Alpha,Consulting,14096.24,2024-02-28
2708,Connector Set,Consulting,9056.68,2024-04-15
2709,Widget Alpha,Services,11333.55,2024-06-18
2710,Display Panel,Hardware,13059.6,2024-07-31
2711,Gadget Lite,Consulting,$14051.8,2024-03-20
2712,Connector Set,Services,4318.87,2024-08-24
2713,Gadget Lite,Services,6101.23,2024-11-10
2714,Widget Gamma,Software,$13139.17,2024-08-23
2715,Module A,Electronics,5700.99,2024-04-19
2716,Display Panel,Consulting,11257.72,2024-01-16
2717,Gadget Lite,Hardware,$7986.71,2024-11-05
2718,Widget Beta,Consulting,n/a,2024-01-27
2719,Control Board,Consulting,null,2024-11-22
2720,Connector Set,Electronics,9804.96,2024-10-10
2721,Widget Beta,Software,14348.36,2024-04-11
2722,Sensor X1,Hardware,$13741.19,2024-05-18
2723,Widget Beta,Services,11971.64,2024-09-16
2724,Component Z,Consulting,-,2024-12-26
2725,Control Board,Hardware,10311.08,2024-04-12
2726,Power Unit,Consulting,N/A,2024-05-01
2727,Power Unit,Software,(5226.54),2024-04-22
2728,Sensor X2,Services,6776.34,2024-07-04
2729,Widget Alpha,Hardware,$13469.51,2024-07-30
2730,Display Panel,Electronics,12629.86,2024-06-04
2731,Module B,Services,2268.08,2024-10-15
2732,Assembly Kit,Services,n/a,2024-04-30
2733,Assembly Kit,Services,$14528.89,2024-06-26
2734,Module A,Software,11041.68,2024-01-10
2735,Power Unit,Hardware,733.22,2024-05-24
2736,Connector Set,Hardware,"4,358.81",2024-06-14
2737,Component Z,Services,11844.67,2024-07-17
2738,Gadget Pro,Hardware,5621.86,2024-02-16
2739,Module B,Services,"6,574.20",2024-10-11
2740,Widget Gamma,Software,$870.44,2024-10-19
2741,Sensor X1,Software,4325.46,2024-11-14
2742,Connector Set,Software,4651.9,2024-09-09
2743,Widget Beta,Software,-,2024-05-25
2744,Control Board,Hardware,8938.89,2024-11-26
2745,Gadget Pro,Services,11408.69,2024-09-29
2746,Component Z,Services,(13835.42),2024-10-09
2747,Widget Gamma,Services,"3,502.11",2024-04-18
2748,Widget Alpha,Software,8324.16,2024-07-15
2749,Sensor X2,Electronics,13236.76,2024-03-04
2750,Module B,Services,14259.66,2024-03-20
2751,Module A,Hardware,(566.88),2024-01-04
2752,Connector Set,Electronics,5010.17,2024-10-15
2753,Sensor X1,Hardware,13927.66,2024-12-24
2754,Gadget Lite,Electronics,null,2024-03-13
2755,Module A,Software,6863.33,2024-01-28
2756,Module A,Consulting,"7,650.83",2024-06-24
2757,Component Z,Services,(14167.8),2024-11-24
2758,Widget Gamma,Electronics,"8,621.93",2024-03-30
2759,Sensor X1,Consulting,1889.67,2024-05-14
2760,Widget Beta,Hardware,N/A,2024-05-05
2761,Display Panel,Consulting,"8,096.80",2024-01-30
2762,Control Board,Consulting,4474.76,2024-05-17
2763,Widget Alpha,Services,$7565.73,2024-10-01
2764,Module B,Consulting,3518.11,2024-01-29
2765,Assembly Kit,Electronics,n/a,2024-12-16
2766,Widget Gamma,Electronics,(6460.78),2024-09-29
2767,Assembly Kit,Electronics,"4,238.75",2024-02-08
2768,Sensor X2,Services,1294.69,2024-01-10
2769,Sensor X1,Hardware,2603.77,2024-02-09
2770,Assembly Kit,Hardware,10944.54,2024-06-24
2771,Power Unit,Services,810.95,2024-02-21
2772,Connector Set,Consulting,5181.39,2024-08-15
2773,Sensor X2,Hardware,7183.11,2024-01-22
2774,Connector Set,Hardware,"8,670.27",2024-01-26
2775,Module B,Software,6400.09,2024-03-25
2776,Gadget Lite,Consulting,10793.03,2024-09-21
2777,Power Unit,Services,1075.04,2024-12-26
2778,Assembly Kit,Services,$13942.99,2024-07-11
2779,Module B,Software,10033.9,2024-09-16
2780,Widget Gamma,Software,$9710.53,2024-02-08
2781,Connector Set,Services,"13,024.33",2024-05-02
2782,Gadget Pro,Electronics,$2909.59,2024-04-09
2783,Module B,Electronics,10247.46,2024-07-30
2784,Widget Alpha,Consulting,5932.42,2024-04-30
2785,Module B,Hardware,2702.34,2024-08-06
2786,Display Panel,Electronics,5902.17,2024-03-16
2787,Gadget Pro,Hardware,(14719.74),2024-08-30
2788,Control Board,Software,13624.69,2024-06-03
2789,Display Panel,Electronics,280.17,2024-04-03
2790,Gadget Lite,Electronics,"6,591.78",2024-06-05
2791,Sensor X2,Consulting,"8,334.32",2024-11-17
2792,Gadget Pro,Software,11439.7,2024-04-18
2793,Widget Beta,Hardware,9645.81,2024-12-14
2794,Module A,Software,$3008.89,2024-11-08
2795,Display Panel,Electronics,"8,121.29",2024-08-03
2796,Module A,Software,1857.25,2024-04-12
2797,Display Panel,Software,13413.4,2024-07-13
2798,Widget Gamma,Services,4330.15,2024-04-21
2799,Power Unit,Services,14837.9,2024-05-05
2800,Sensor X2,Electronics,628.6,2024-07-19
2801,Widget Beta,Electronics,N/A,2024-08-11
2802,Gadget Lite,Software,"5,249.38",2024-01-21
2803,Gadget Pro,Electronics,8238.48,2024-10-22
2804,Power Unit,Services,"14,606.13",2024-01-15
2805,Display Panel,Services,12980.75,2024-12-17
2806,Control Board,Software,10518.06,2024-07-06
2807,Control Board,Electronics,$8696.75,2024-05-16
2808,Connector Set,Electronics,"1,588.73",2024-03-20
2809,Gadget Lite,Consulting,"14,216.83",2024-11-26
2810,Control Board,Consulting,5927.48,2024-12-19
2811,Gadget Pro,Services,13956.15,2024-11-29
2812,Module B,Services,9013.56,2024-11-01
2813,Module B,Software,3324.96,2024-02-22
2814,Control Board,Consulting,14347.93,2024-08-31
2815,Gadget Pro,Software,null,2024-12-27
2816,Control Board,Software,12705.02,2024-05-03
2817,Sensor X2,Electronics,"5,072.77",2024-05-26
2818,Display Panel,Software,7868.33,2024-08-23
2819,Display Panel,Consulting,$5186.8,2024-04-04
2820,Display Panel,Consulting,(13752.43),2024-03-15
2821,Sensor X1,Electronics,"7,154.08",2024-07-30
2822,Control Board,Electronics,401.32,2024-01-01
2823,Control Board,Services,6904.01,2024-05-29
2824,Gadget Lite,Hardware,"11,962.35",2024-04-20
2825,Sensor X1,Services,11931.13,2024-05-15
2826,Gadget Lite,Hardware,10685.71,2024-05-21
2827,Component Z,Electronics,3423.85,2024-01-18
2828,Widget Beta,Software,n/a,2024-04-08
2829,Connector Set,Electronics,2990.1,2024-10-02
2830,Power Unit,Hardware,(4291.4),2024-05-04
2831,Widget Beta,Consulting,2543.9,2024-03-29
2832,Component Z,Consulting,7923.12,2024-12-03
2833,Connector Set,Hardware,12855.05,2024-05-09
2834,Widget Beta,Software,(13721.38),2024-06-05
2835,Control Board,Services,,2024-06-13
2836,Gadget Pro,Consulting,7197.05,2024-02-16
2837,Sensor X1,Consulting,-,2024-08-08
2838,Connector Set,Consulting,7255.16,2024-02-19
2839,Sensor X1,Electronics,14498.67,2024-11-25
2840,Control Board,Electronics,14764.73,2024-11-17
2841,Connector Set,Hardware,13562.3,2024-10-07
2842,Module B,Hardware,null,2024-06-03
2843,Widget Gamma,Software,"2,831.59",2024-12-28
2844,Assembly Kit,Services,8118.9,2024-06-30
2845,Gadget Lite,Hardware,"13,586.03",2024-02-12
2846,Component Z,Electronics,11223.06,2024-06-06
2847,Gadget Lite,Software,9311.01,2024-04-06
2848,Control Board,Consulting,"9,737.33",2024-09-28
2849,Sensor X1,Consulting,$11644.35,2024-12-02
2850,Widget Gamma,Hardware,5017.54,2024-01-02
2851,Display Panel,Electronics,2067.01,2024-07-10
2852,Module B,Electronics,2786.73,2024-03-15
2853,Module B,Services,7891.23,2024-12-12
2854,Widget Alpha,Consulting,"2,579.99",2024-06-28
2855,Control Board,Consulting,(6030.34),2024-08-18
2856,Widget Beta,Consulting,13832.8,2024-08-19
2857,Widget Alpha,Software,(10943.75),2024-10-03
2858,Control Board,Software,"3,122.17",2024-12-13
2859,Widget Gamma,Services,6891.41,2024-06-25
2860,Sensor X2,Hardware,13009.58,2024-07-04
2861,Gadget Pro,Electronics,8072.37,2024-12-13
2862,Sensor X1,Services,"10,977.07",2024-07-13
2863,Display Panel,Software,$346.31,2024-07-09
2864,Sensor X1,Consulting,7041.18,2024-05-25
2865,Module A,Software,13465.98,2024-02-09
2866,Connector Set,Consulting,"11,416.19",2024-03-15
2867,Widget Alpha,Software,4185.08,2024-11-05
2868,Module B,Consulting,6980.21,2024-04-11
2869,Control Board,Hardware,9313.64,2024-11-29
2870,Module A,Electronics,13846.76,2024-08-22
2871,Widget Alpha,Services,(2862.98),2024-11-15
2872,Widget Beta,Hardware,"10,217.21",2024-02-05
2873,Gadget Pro,Software,,2024-03-31
2874,Display Panel,Consulting,"11,715.08",2024-12-21
2875,Gadget Pro,Services,10412.01,2024-11-14
2876,Power Unit,Services,10218.83,2024-11-12
2877,Widget Alpha,Services,11321.9,2024-10-03
2878,Widget Alpha,Services,"10,622.66",2024-11-16
2879,Widget Alpha,Hardware,11126.1,2024-09-20
2880,Sensor X1,Services,14960.29,2024-03-09
2881,Module A,Electronics,"3,905.74",2024-08-12
2882,Module A,Hardware,14243.99,2024-01-19
2883,Control Board,Hardware,1446.58,2024-06-05
2884,Connector Set,Hardware,11290.27,2024-08-08
2885,Widget Alpha,Services,$12724.28,2024-06-06
2886,Widget Gamma,Services,6048.81,2024-10-29
2887,Sensor X2,Software,7125.36,2024-01-23
2888,Assembly Kit,Electronics,3682.26,2024-04-27
2889,Module A,Software,(1044.85),2024-06-08
2890,Control Board,Services,6532.65,2024-10-12
2891,Gadget Pro,Hardware,5381.31,2024-06-12
2892,Assembly Kit,Software,$6744.19,2024-06-23
2893,Assembly Kit,Software,$4279.94,2024-12-12
2894,Gadget Lite,Services,n/a,2024-02-01
2895,Widget Alpha,Consulting,801.08,2024-05-15
2896,Display Panel,Services,$5928.73,2024-12-17
2897,Widget Beta,Consulting,4544.32,2024-09-30
2898,Connector Set,Hardware,9396.52,2024-08-27
2899,Gadget Lite,Hardware,"7,839.97",2024-05-27
2900,Module A,Consulting,12762.33,2024-01-06
2901,Module A,Services,$1321.52,2024-08-09
2902,Gadget Pro,Hardware,(1234.22),2024-02-25
2903,Control Board,Electronics,14692.0,2024-09-04
2904,Display Panel,Consulting,921.2,2024-10-21
2905,Module B,Services,14196.43,2024-08-12
2906,Sensor X1,Electronics,"10,370.01",2024-02-19
2907,Widget Alpha,Software,"7,598.83",2024-03-03
2908,Sensor X2,Electronics,(686.02),2024-02-21
2909,Display Panel,Consulting,9870.81,2024-07-26
2910,Sensor X2,Software,"1,956.23",2024-05-22
2911,Gadget Pro,Services,(14734.91),2024-02-06
2912,Widget Gamma,Electronics,"1,892.28",2024-09-12
2913,Power Unit,Consulting,7685.26,2024-07-03
2914,Module A,Electronics,"11,075.59",2024-12-17
2915,Component Z,Services,10752.18,2024-09-04
2916,Sensor X2,Software,8357.28,2024-07-24
2917,Gadget Lite,Hardware,"11,277.39",2024-01-29
2918,Assembly Kit,Hardware,12293.44,2024-09-01
2919,Widget Beta,Software,2955.97,2024-12-10
2920,Display Panel,Software,2165.86,2024-02-22
2921,Module B,Software,,2024-09-10
2922,Sensor X2,Hardware,"5,785.47",2024-12-02
2923,Widget Alpha,Hardware,8880.97,2024-05-02
2924,Power Unit,Services,768.19,2024-11-24
2925,Widget Beta,Services,N/A,2024-11-25
2926,Module B,Software,$4287.26,2024-07-16
2927,Widget Beta,Hardware,,2024-05-17
2928,Component Z,Software,11231.01,2024-07-02
2929,Module B,Software,$3686.35,2024-11-24
2930,Widget Gamma,Services,(11518.68),2024-09-05
2931,Gadget Pro,Electronics,N/A,2024-02-01
2932,Widget Alpha,Electronics,"13,312.85",2024-09-28
2933,Display Panel,Software,1690.36,2024-07-13
2934,Display Panel,Hardware,10582.7,2024-02-26
2935,Gadget Lite,Software,"12,520.79",2024-10-24
2936,Sensor X2,Consulting,"1,674.99",2024-04-18
2937,Module A,Software,9721.44,2024-01-10
2938,Module B,Software,6192.04,2024-01-14
2939,Control Board,Hardware,6112.24,2024-01-23
2940,Module A,Consulting,4066.83,2024-10-26
2941,Control Board,Software,3329.42,2024-11-05
2942,Assembly Kit,Services,null,2024-12-13
2943,Sensor X1,Services,5245.96,2024-06-08
2944,Sensor X2,Software,"13,606.40",2024-09-08
2945,Module A,Hardware,$6737.71,2024-06-29
2946,Widget Gamma,Consulting,-,2024-12-08
2947,Component Z,Consulting,$3513.84,2024-10-09
2948,Gadget Pro,Software,7746.69,2024-12-27
2949,Gadget Pro,Hardware,"3,798.13",2024-07-11
2950,Module B,Services,14082.5,2024-01-14
2951,Component Z,Hardware,3083.14,2024-12-24
2952,Widget Alpha,Electronics,$11400.14,2024-11-16
2953,Widget Beta,Software,-,2024-04-03
2954,Sensor X2,Electronics,10274.88,2024-01-05
2955,Module A,Electronics,11171.81,2024-04-19
2956,Sensor X1,Services,8133.38,2024-06-26
2957,Component Z,Hardware,-,2024-11-04
2958,Assembly Kit,Consulting,11082.0,2024-12-16
2959,Power Unit,Hardware,(6377.51),2024-11-25
2960,Widget Beta,Consulting,6563.04,2024-03-16
2961,Component Z,Services,1093.33,2024-02-14
2962,Control Board,Services,10881.68,2024-12-05
2963,Gadget Pro,Software,12631.94,2024-06-10
2964,Power Unit,Hardware,"1,745.24",2024-02-25
2965,Widget Gamma,Electronics,$780.88,2024-11-18
2966,Display Panel,Consulting,N/A,2024-09-29
2967,Gadget Lite,Electronics,4889.93,2024-11-21
2968,Module A,Software,3129.28,2024-01-14
2969,Power Unit,Electronics,4051.01,2024-10-29
2970,Power Unit,Services,-,2024-12-13
2971,Module B,Consulting,,2024-07-11
2972,Assembly Kit,Services,8707.39,2024-08-21
2973,Display Panel,Software,1515.39,2024-01-14
2974,Gadget Lite,Consulting,"14,554.83",2024-05-08
2975,Gadget Pro,Software,"6,936.49",2024-02-12
2976,Connector Set,Hardware,$12403.66,2024-01-26
2977,Module A,Hardware,4843.25,2024-01-11
2978,Sensor X1,Software,2607.07,2024-11-18
2979,Widget Alpha,Electronics,2411.74,2024-01-20
2980,Widget Beta,Electronics,9765.57,2024-04-15
2981,Control Board,Services,7935.72,2024-09-21
2982,Connector Set,Consulting,4049.32,2024-12-01
2983,Connector Set,Electronics,N/A,2024-08-16
2984,Control Board,Hardware,"2,142.91",2024-06-24
2985,Sensor X1,Consulting,5189.29,2024-08-19
2986,Control Board,Hardware,12067.69,2024-07-07
2987,Module A,Services,6949.87,2024-11-04
2988,Control Board,Hardware,255.39,2024-05-23
2989,Gadget Pro,Software,9989.71,2024-09-19
2990,Gadget Pro,Services,5206.6,2024-09-15
2991,Gadget Pro,Services,11196.08,2024-02-10
2992,Assembly Kit,Services,8952.72,2024-07-03
2993,Widget Beta,Software,$58.04,2024-01-27
2994,Gadget Pro,Services,13094.56,2024-11-20
2995,Sensor X2,Software,5326.73,2024-08-30
2996,Gadget Lite,Hardware,1926.07,2024-09-04
2997,Widget Alpha,Electronics,896.84,2024-01-22
2998,Module B,Software,4118.67,2024-02-06
2999,Module A,Consulting,"3,503.75",2024-11-19
3000,Assembly Kit,Consulting,12898.82,2024-11-09
3001,Widget Alpha,Software,9598.66,2024-08-24
3002,Display Panel,Electronics,7978.99,2024-12-19
3003,Display Panel,Electronics,6869.11,2024-08-20
3004,Assembly Kit,Hardware,"6,484.95",2024-07-19
3005,Module B,Software,14831.58,2024-01-17
3006,Widget Alpha,Electronics,$11702.76,2024-05-09
3007,Component Z,Services,"13,149.93",2024-10-01
3008,Sensor X1,Electronics,1418.3,2024-04-30
3009,Widget Alpha,Software,"1,423.89",2024-08-08
3010,Module B,Consulting,$6563.76,2024-03-23
3011,Component Z,Hardware,"9,762.01",2024-06-30
3012,Component Z,Electronics,"4,347.49",2024-04-13
3013,Widget Beta,Services,10008.52,2024-12-11
3014,Widget Alpha,Hardware,(3729.84),2024-03-07
3015,Gadget Lite,Hardware,,2024-06-03
3016,Connector Set,Electronics,206.45,2024-07-04
3017,Display Panel,Consulting,"2,522.49",2024-11-01
3018,Sensor X1,Software,2943.46,2024-07-14
3019,Display Panel,Services,6505.59,2024-09-20
3020,Gadget Pro,Consulting,$14619.19,2024-09-21
3021,Widget Gamma,Software,11841.95,2024-04-12
3022,Widget Beta,Software,(5363.11),2024-01-23
3023,Module A,Electronics,$1455.98,2024-03-03
3024,Module A,Software,9731.88,2024-03-07
3025,Sensor X2,Services,10790.69,2024-07-01
3026,Sensor X2,Software,3321.45,2024-04-08
3027,Module B,Hardware,$1144.6,2024-08-13
3028,Widget Gamma,Services,3015.2,2024-10-15
3029,Sensor X1,Electronics,5097.82,2024-01-01
3030,Gadget Pro,Services,"8,286.27",2024-05-04
3031,Sensor X2,Consulting,"10,661.38",2024-05-27
3032,Sensor X1,Hardware,"13,766.70",2024-02-02
3033,Gadget Pro,Electronics,(8070.33),2024-01-24
3034,Sensor X2,Consulting,3771.43,2024-03-02
3035,Module A,Hardware,null,2024-12-06
3036,Widget Beta,Services,11768.33,2024-10-07
3037,Widget Gamma,Hardware,2292.29,2024-05-26
3038,Component Z,Electronics,n/a,2024-12-08
3039,Sensor X2,Electronics,$10633.35,2024-07-28
3040,Widget Beta,Software,$5179.38,2024-06-24
3041,Widget Beta,Hardware,"7,828.56",2024-11-20
3042,Gadget Lite,Software,n/a,2024-10-11
3043,Control Board,Electronics,9695.12,2024-01-23
3044,Display Panel,Hardware,9999.76,2024-10-24
3045,Widget Alpha,Consulting,$5454.84,2024-04-17
3046,Widget Alpha,Electronics,827.04,2024-05-11
3047,Widget Gamma,Electronics,"9,023.65",2024-07-26
3048,Connector Set,Software,5278.5,2024-11-24
3049,Gadget Lite,Electronics,13352.5,2024-01-16
3050,Widget Alpha,Consulting,9574.28,2024-01-02
3051,Power Unit,Services,595.53,2024-09-22
3052,Widget Beta,Electronics,5715.72,2024-07-09
3053,Widget Gamma,Services,14817.86,2024-01-20
3054,Widget Gamma,Hardware,4200.89,2024-09-01
3055,Widget Gamma,Consulting,12606.45,2024-11-26
3056,Gadget Pro,Services,"1,536.24",2024-08-19
3057,Gadget Lite,Software,1910.48,2024-11-08
3058,Power Unit,Hardware,null,2024-07-26
3059,Gadget Lite,Services,"5,231.18",2024-05-15
3060,Module A,Hardware,9124.93,2024-12-29
3061,Gadget Lite,Software,3488.65,2024-12-02
3062,Module A,Services,6351.08,2024-06-10
3063,Sensor X1,Hardware,$771.7,2024-10-31
3064,Power Unit,Electronics,$7327.42,2024-11-05
3065,Module A,Electronics,12513.74,2024-04-04
3066,Connector Set,Consulting,12824.73,2024-12-10
3067,Module A,Software,9606.97,2024-09-10
3068,Widget Gamma,Electronics,3548.37,2024-12-22
3069,Sensor X2,Software,"6,566.99",2024-05-21
3070,Gadget Lite,Software,null,2024-03-24
3071,Gadget Pro,Consulting,1268.13,2024-01-24
3072,Sensor X2,Electronics,12974.87,2024-02-07
3073,Sensor X2,Services,5871.58,2024-10-13
3074,Control Board,Consulting,9811.62,2024-12-27
3075,Display Panel,Consulting,11518.38,2024-03-29
3076,Widget Gamma,Consulting,$3599.68,2024-06-03
3077,Connector Set,Electronics,N/A,2024-06-07
3078,Sensor X1,Services,$5258.24,2024-05-13
3079,Widget Gamma,Software,6800.03,2024-07-30
3080,Control Board,Consulting,null,2024-07-13
3081,Display Panel,Electronics,5181.24,2024-05-31
3082,Widget Gamma,Software,2151.21,2024-05-25
3083,Control Board,Electronics,6409.63,2024-11-23
3084,Widget Alpha,Consulting,7232.09,2024-04-20
3085,Module B,Consulting,3189.99,2024-10-26
3086,Module B,Consulting,10822.92,2024-08-24
3087,Power Unit,Software,$13177.37,2024-11-30
3088,Module B,Software,14637.17,2024-03-05
3089,Module B,Consulting,10373.28,2024-05-18
3090,Gadget Pro,Services,$9375.76,2024-12-30
3091,Module B,Hardware,3362.02,2024-06-09
3092,Component Z,Consulting,$11095.22,2024-07-31
3093,Widget Alpha,Software,$10073.78,2024-11-21
3094,Connector Set,Consulting,4796.0,2024-02-19
3095,Sensor X1,Hardware,14749.72,2024-03-13
3096,Gadget Pro,Software,6849.72,2024-07-18
3097,Component Z,Electronics,11856.31,2024-09-17
3098,Gadget Lite,Electronics,10865.7,2024-02-03
3099,Sensor X2,Services,$3053.76,2024-04-28
3100,Display Panel,Software,-,2024-08-10
3101,Display Panel,Software,4635.65,2024-05-06
3102,Widget Gamma,Electronics,5118.97,2024-04-12
3103,Widget Beta,Hardware,4975.38,2024-12-28
3104,Widget Gamma,Electronics,8304.44,2024-03-22
3105,Control Board,Electronics,n/a,2024-06-06
3106,Module B,Hardware,6432.84,2024-05-30
3107,Module B,Consulting,$7470.45,2024-01-06
3108,Widget Beta,Consulting,14915.08,2024-03-14
3109,Module A,Software,(8993.23),2024-11-10
3110,Connector Set,Hardware,N/A,2024-03-06
3111,Widget Beta,Hardware,(5925.75),2024-10-01
3112,Gadget Pro,Electronics,6887.29,2024-05-31
3113,Display Panel,Services,n/a,2024-06-26
3114,Module A,Electronics,10568.27,2024-11-02
3115,Widget Alpha,Services,N/A,2024-08-24
3116,Sensor X1,Consulting,4109.34,2024-06-21
3117,Gadget Pro,Hardware,9992.05,2024-07-04
3118,Module A,Electronics,$14291.32,2024-11-27
3119,Connector Set,Hardware,624.81,2024-03-02
3120,Component Z,Consulting,8226.33,2024-04-17
3121,Widget Gamma,Software,9728.55,2024-02-16
3122,Assembly Kit,Software,216.39,2024-12-08
3123,Power Unit,Consulting,2535.8,2024-09-03
3124,Power Unit,Services,8767.1,2024-11-03
3125,Module A,Consulting,636.03,2024-04-17
3126,Component Z,Services,$14287.5,2024-01-02
3127,Module B,Consulting,$926.46,2024-08-29
3128,Display Panel,Software,7089.95,2024-06-09
3129,Gadget Lite,Software,7146.11,2024-06-02
3130,Gadget Lite,Hardware,$109.95,2024-09-19
3131,Module A,Services,(564.82),2024-01-25
3132,Widget Gamma,Electronics,13807.58,2024-03-28
3133,Widget Alpha,Consulting,6888.71,2024-02-27
3134,Widget Beta,Hardware,9849.03,2024-11-02
3135,Sensor X1,Software,"2,097.17",2024-08-01
3136,Gadget Pro,Consulting,11043.9,2024-10-14
3137,Gadget Lite,Electronics,$7094.33,2024-10-17
3138,Gadget Lite,Software,13886.69,2024-07-18
3139,Module B,Software,4038.82,2024-04-07
3140,Component Z,Electronics,4559.53,2024-12-09
3141,Module A,Consulting,10616.54,2024-08-06
3142,Module B,Services,11008.2,2024-10-26
3143,Control Board,Hardware,3359.89,2024-09-16
3144,Gadget Pro,Electronics,10092.82,2024-05-30
3145,Module A,Services,1671.74,2024-09-02
3146,Control Board,Software,4621.89,2024-10-13
3147,Module B,Consulting,"12,647.86",2024-02-21
3148,Module A,Software,9373.69,2024-03-16
3149,Module A,Software,$6083.89,2024-08-17
3150,Module B,Software,"11,246.78",2024-10-29
3151,Widget Beta,Electronics,14310.45,2024-04-24
3152,Display Panel,Electronics,"10,574.00",2024-06-27
3153,Sensor X2,Electronics,14288.22,2024-08-28
3154,Display Panel,Consulting,552.37,2024-05-02
3155,Module B,Consulting,$5944.49,2024-12-22
3156,Sensor X2,Hardware,4179.55,2024-11-18
3157,Component Z,Services,"2,599.19",2024-04-15
3158,Module B,Consulting,13868.14,2024-09-13
3159,Power Unit,Services,9844.97,2024-11-01
3160,Connector Set,Services,"11,826.49",2024-05-12
3161,Module A,Services,$5027.96,2024-07-29
3162,Widget Beta,Consulting,-,2024-09-05
3163,Widget Gamma,Services,353.26,2024-09-10
3164,Gadget Lite,Software,9617.55,2024-08-23
3165,Power Unit,Software,-,2024-01-03
3166,Connector Set,Consulting,5667.17,2024-12-09
3167,Widget Gamma,Consulting,$3896.15,2024-12-20
3168,Sensor X2,Software,3850.26,2024-12-19
3169,Power Unit,Software,$5259.88,2024-09-12
3170,Widget Gamma,Consulting,7760.32,2024-10-02
3171,Component Z,Consulting,7002.38,2024-11-06
3172,Module B,Consulting,1464.4,2024-03-03
3173,Sensor X2,Hardware,$7364.07,2024-02-10
3174,Power Unit,Hardware,$4507.96,2024-12-02
3175,Control Board,Services,(7486.06),2024-02-01
3176,Module B,Electronics,-,2024-09-17
3177,Power Unit,Services,"10,990.73",2024-12-02
3178,Gadget Pro,Consulting,9360.06,2024-01-09
3179,Power Unit,Consulting,7874.29,2024-01-06
3180,Sensor X1,Hardware,(4819.09),2024-08-16
3181,Power Unit,Hardware,11577.23,2024-02-15
3182,Control Board,Services,n/a,2024-08-23
3183,Power Unit,Services,"1,633.30",2024-02-14
3184,Widget Beta,Software,6910.76,2024-11-22
3185,Sensor X2,Consulting,2432.88,2024-09-22
3186,Widget Gamma,Software,206.86,2024-12-10
3187,Widget Gamma,Software,n/a,2024-05-15
3188,Control Board,Hardware,12257.15,2024-02-05
3189,Assembly Kit,Consulting,11981.65,2024-08-20
3190,Widget Beta,Hardware,4617.81,2024-09-04
3191,Display Panel,Hardware,12514.16,2024-01-13
3192,Power Unit,Software,n/a,2024-09-02
3193,Gadget Pro,Software,13975.31,2024-07-02
3194,Connector Set,Services,N/A,2024-07-20
3195,Control Board,Electronics,"11,363.27",2024-05-29
3196,Connector Set,Services,$2751.49,2024-02-06
3197,Module A,Hardware,"4,338.73",2024-07-03
3198,Widget Alpha,Electronics,(9773.02),2024-05-24
3199,Module B,Electronics,13262.75,2024-08-28
3200,Control Board,Services,N/A,2024-04-28
3201,Gadget Pro,Software,13850.46,2024-06-26
3202,Module B,Consulting,$521.26,2024-01-01
3203,Power Unit,Services,3253.13,2024-11-21
3204,Sensor X2,Electronics,8399.52,2024-01-21
3205,Module A,Software,n/a,2024-06-24
3206,Connector Set,Consulting,5369.38,2024-05-20
3207,Gadget Pro,Consulting,$7693.06,2024-01-21
3208,Connector Set,Services,5224.89,2024-11-26
3209,Module A,Consulting,4812.19,2024-10-07
3210,Assembly Kit,Software,12289.71,2024-10-21
3211,Display Panel,Consulting,"14,013.51",2024-05-03
3212,Sensor X1,Software,null,2024-08-11
3213,Gadget Lite,Electronics,10446.15,2024-12-12
3214,Power Unit,Services,1142.67,2024-05-17
3215,Module B,Software,n/a,2024-03-23
3216,Gadget Lite,Electronics,13885.0,2024-01-10
3217,Sensor X1,Electronics,12266.04,2024-01-04
3218,Widget Alpha,Software,null,2024-07-30
3219,Module B,Services,14958.6,2024-12-10
3220,Display Panel,Electronics,,2024-08-30
3221,Gadget Pro,Consulting,4254.74,2024-08-10
3222,Sensor X2,Software,$1440.25,2024-07-14
3223,Display Panel,Consulting,1256.41,2024-05-18
3224,Widget Beta,Hardware,291.30,2024-01-21
3225,Widget Beta,Software,null,2024-10-14
3226,Gadget Pro,Software,2412.75,2024-09-24
3227,Widget Beta,Software,-,2024-01-15
3228,Power Unit,Hardware,$5905.48,2024-01-26
3229,Gadget Lite,Services,5540.4,2024-01-02
3230,Widget Alpha,Hardware,8476.16,2024-05-11
3231,Widget Alpha,Electronics,14752.76,2024-01-30
3232,Display Panel,Software,11996.66,2024-10-04
3233,Module A,Software,$9674.79,2024-08-09
3234,Power Unit,Hardware,$8968.09,2024-05-31
3235,Gadget Lite,Consulting,2693.54,2024-04-03
3236,Component Z,Services,"7,481.73",2024-06-27
3237,Sensor X2,Software,5514.62,2024-12-09
3238,Module B,Consulting,1546.92,2024-04-26
3239,Module A,Electronics,2785.37,2024-03-04
3240,Assembly Kit,Hardware,4895.83,2024-11-12
3241,Sensor X2,Services,8600.01,2024-08-10
3242,Widget Alpha,Hardware,13486.45,2024-04-08
3243,Power Unit,Consulting,9899.64,2024-11-15
3244,Widget Beta,Consulting,-,2024-09-26
3245,Control Board,Electronics,8761.68,2024-02-04
3246,Gadget Pro,Electronics,$2738.78,2024-05-09
3247,Control Board,Consulting,-,2024-09-28
3248,Module B,Consulting,n/a,2024-11-07
3249,Widget Gamma,Software,4683.46,2024-03-18
3250,Display Panel,Hardware,(801.31),2024-10-01
3251,Sensor X1,Consulting,9867.95,2024-07-01
3252,Module A,Hardware,"12,820.53",2024-02-17
3253,Gadget Pro,Software,661.32,2024-08-05
3254,Gadget Lite,Hardware,11568.04,2024-06-06
3255,Module B,Consulting,14767.57,2024-08-10
3256,Connector Set,Hardware,"3,224.72",2024-12-03
3257,Widget Gamma,Electronics,"9,120.91",2024-06-18
3258,Gadget Lite,Services,$5587.63,2024-04-23
3259,Gadget Lite,Software,7593.85,2024-09-05
3260,Widget Beta,Hardware,12752.82,2024-07-12
3261,Sensor X1,Services,-,2024-03-03
3262,Control Board,Consulting,"12,758.45",2024-05-09
3263,Display Panel,Electronics,7288.56,2024-05-10
3264,Widget Alpha,Services,267.57,2024-06-16
3265,Gadget Lite,Consulting,"10,527.91",2024-04-05
3266,Gadget Lite,Services,66.77,2024-03-21
3267,Sensor X2,Software,$14786.09,2024-03-07
3268,Display Panel,Consulting,,2024-08-28
3269,Gadget Pro,Services,2395.43,2024-03-11
3270,Module B,Electronics,N/A,2024-05-19
3271,Widget Gamma,Services,5131.7,2024-10-01
3272,Control Board,Services,,2024-03-06
3273,Sensor X1,Software,(13261.98),2024-06-04
3274,Display Panel,Software,9856.18,2024-09-05
3275,Sensor X2,Services,208.40,2024-11-13
3276,Sensor X1,Hardware,4766.91,2024-12-23
3277,Module A,Hardware,3231.46,2024-07-30
3278,Power Unit,Software,10549.01,2024-05-23
3279,Display Panel,Electronics,$11138.59,2024-07-27
3280,Gadget Lite,Services,855.16,2024-06-05
3281,Sensor X2,Electronics,"5,722.75",2024-03-31
3282,Sensor X1,Hardware,6438.12,2024-02-07
3283,Sensor X1,Services,1482.72,2024-11-29
3284,Control Board,Electronics,-,2024-09-29
3285,Control Board,Consulting,6883.75,2024-01-24
3286,Assembly Kit,Software,null,2024-01-01
3287,Sensor X2,Consulting,2654.08,2024-03-24
3288,Component Z,Software,$14267.15,2024-10-11
3289,Display Panel,Consulting,13348.53,2024-07-14
3290,Display Panel,Consulting,$13643.15,2024-07-11
3291,Power Unit,Consulting,9182.38,2024-09-23
3292,Power Unit,Hardware,"2,298.37",2024-09-19
3293,Widget Alpha,Electronics,7543.81,2024-03-06
3294,Gadget Lite,Electronics,5270.04,2024-09-20
3295,Gadget Pro,Software,3822.7,2024-09-30
3296,Widget Alpha,Electronics,14961.0,2024-01-08
3297,Connector Set,Electronics,"6,683.68",2024-10-23
3298,Widget Gamma,Services,12066.15,2024-07-04
3299,Gadget Lite,Electronics,5687.17,2024-08-25
3300,Connector Set,Consulting,2095.09,2024-01-14
3301,Component Z,Hardware,-,2024-08-06
3302,Control Board,Hardware,"11,332.84",2024-02-07
3303,Widget Gamma,Services,N/A,2024-08-06
3304,Connector Set,Services,4554.44,2024-02-17
3305,Control Board,Electronics,"11,113.46",2024-09-26
3306,Assembly Kit,Software,9089.5,2024-06-10
3307,Widget Beta,Hardware,3109.76,2024-12-11
3308,Module B,Software,7625.97,2024-04-02
3309,Widget Alpha,Consulting,"8,877.67",2024-10-05
3310,Assembly Kit,Consulting,,2024-12-24
3311,Control Board,Services,$7539.33,2024-04-02
3312,Connector Set,Consulting,n/a,2024-06-22
3313,Widget Gamma,Hardware,11097.65,2024-03-15
3314,Sensor X1,Software,$6688.6,2024-10-10
3315,Module B,Services,12803.19,2024-06-24
3316,Widget Alpha,Software,5954.39,2024-05-31
3317,Assembly Kit,Electronics,12530.97,2024-10-31
3318,Assembly Kit,Electronics,14922.87,2024-06-02
3319,Control Board,Hardware,14358.2,2024-01-27
3320,Sensor X1,Hardware,"11,968.84",2024-01-19
3321,Gadget Lite,Software,7601.01,2024-01-03
3322,Gadget Lite,Services,13911.88,2024-09-12
3323,Connector Set,Services,$10946.11,2024-12-11
3324,Module A,Electronics,11002.63,2024-12-13
3325,Component Z,Services,6835.95,2024-03-22
3326,Gadget Pro,Hardware,$3420.38,2024-11-13
3327,Widget Alpha,Electronics,-,2024-02-21
3328,Gadget Lite,Services,"7,563.12",2024-06-22
3329,Module B,Services,975.02,2024-03-14
3330,Component Z,Services,6180.96,2024-05-16
3331,Display Panel,Hardware,14880.94,2024-11-13
3332,Connector Set,Consulting,"13,812.98",2024-02-14
3333,Module A,Electronics,"11,143.56",2024-02-02
3334,Component Z,Electronics,"6,133.54",2024-08-05
3335,Display Panel,Consulting,4647.91,2024-05-27
3336,Sensor X1,Services,13460.39,2024-04-28
3337,Sensor X1,Consulting,5367.92,2024-10-07
3338,Control Board,Electronics,230.7,2024-10-07
3339,Widget Gamma,Services,(13174.87),2024-03-30
3340,Connector Set,Consulting,$13619.2,2024-01-13
3341,Sensor X2,Services,(12371.45),2024-11-01
3342,Assembly Kit,Consulting,6643.02,2024-03-27
3343,Display Panel,Hardware,13951.77,2024-07-30
3344,Control Board,Hardware,12191.21,2024-02-13
3345,Power Unit,Electronics,12282.36,2024-03-08
3346,Gadget Pro,Electronics,7976.32,2024-04-24
3347,Component Z,Consulting,13531.11,2024-07-31
3348,Assembly Kit,Electronics,(1280.61),2024-07-09
3349,Module A,Electronics,11856.85,2024-11-02
3350,Connector Set,Electronics,8728.69,2024-01-04
3351,Gadget Lite,Consulting,7210.67,2024-06-03
3352,Widget Gamma,Software,5936.26,2024-07-13
3353,Module A,Hardware,9582.26,2024-06-21
3354,Module B,Services,3457.61,2024-03-03
3355,Sensor X1,Hardware,10667.95,2024-03-07
3356,Component Z,Hardware,512.85,2024-03-17
3357,Display Panel,Electronics,7822.39,2024-07-26
3358,Gadget Pro,Hardware,-,2024-05-26
3359,Widget Alpha,Consulting,8336.23,2024-04-04
3360,Gadget Lite,Hardware,-,2024-10-27
3361,Widget Beta,Electronics,10904.87,2024-05-22
3362,Assembly Kit,Electronics,9530.34,2024-01-05
3363,Power Unit,Hardware,901.97,2024-05-28
3364,Gadget Pro,Services,10068.21,2024-05-18
3365,Sensor X2,Hardware,n/a,2024-06-18
3366,Assembly Kit,Software,10331.1,2024-09-19
3367,Gadget Lite,Software,10035.87,2024-12-01
3368,Module A,Software,14489.31,2024-06-14
3369,Widget Alpha,Services,992.34,2024-02-11
3370,Sensor X2,Consulting,,2024-02-11
3371,Power Unit,Services,5959.36,2024-07-15
3372,Module B,Software,"14,979.04",2024-06-02
3373,Control Board,Services,"7,625.61",2024-10-07
3374,Widget Beta,Services,5502.1,2024-05-20
3375,Widget Beta,Software,6225.37,2024-05-19
3376,Power Unit,Consulting,N/A,2024-07-09
3377,Power Unit,Hardware,,2024-01-08
3378,Power Unit,Electronics,5484.79,2024-07-22
3379,Display Panel,Electronics,(7461.61),2024-05-21
3380,Control Board,Services,"8,835.21",2024-01-17
3381,Sensor X2,Software,7959.23,2024-01-03
3382,Sensor X1,Software,6185.63,2024-01-27
3383,Connector Set,Software,"3,098.19",2024-11-01
3384,Widget Gamma,Software,"4,248.98",2024-12-11
3385,Connector Set,Consulting,$13564.8,2024-06-27
3386,Connector Set,Hardware,4075.62,2024-06-02
3387,Sensor X2,Software,"8,548.72",2024-10-19
3388,Widget Gamma,Software,9457.82,2024-07-23
3389,Widget Gamma,Software,9753.51,2024-02-17
3390,Gadget Pro,Consulting,12200.75,2024-03-16
3391,Widget Gamma,Electronics,"13,693.87",2024-01-08
3392,Connector Set,Services,"1,709.93",2024-12-23
3393,Widget Gamma,Services,"7,577.88",2024-12-07
3394,Sensor X2,Services,7057.45,2024-05-27
3395,Control Board,Services,n/a,2024-03-21
3396,Sensor X2,Consulting,3715.44,2024-12-02
3397,Widget Gamma,Software,9180.98,2024-06-10
3398,Sensor X2,Electronics,13884.97,2024-01-12
3399,Power Unit,Services,"4,172.20",2024-07-11
3400,Widget Beta,Electronics,$8188.15,2024-11-13
3401,Control Board,Software,$10888.58,2024-08-14
3402,Display Panel,Software,"8,197.34",2024-04-09
3403,Gadget Pro,Electronics,n/a,2024-03-17
3404,Power Unit,Hardware,8144.3,2024-09-01
3405,Gadget Pro,Consulting,9131.15,2024-01-24
3406,Connector Set,Consulting,13689.38,2024-02-09
3407,Control Board,Hardware,5809.87,2024-04-10
3408,Module B,Consulting,N/A,2024-04-05
3409,Component Z,Electronics,8176.24,2024-02-18
3410,Control Board,Consulting,,2024-12-28
3411,Module B,Hardware,1646.17,2024-07-24
3412,Sensor X2,Consulting,(3790.18),2024-03-22
3413,Power Unit,Software,14323.66,2024-10-16
3414,Connector Set,Software,317.03,2024-11-21
3415,Gadget Lite,Electronics,11514.1,2024-12-01
3416,Widget Beta,Hardware,5684.42,2024-01-23
3417,Module A,Consulting,4809.76,2024-05-29
3418,Sensor X2,Hardware,1696.07,2024-03-04
3419,Power Unit,Hardware,N/A,2024-12-04
3420,Control Board,Services,8888.57,2024-11-23
3421,Module A,Services,1057.11,2024-10-21
3422,Connector Set,Consulting,9807.4,2024-09-15
3423,Module A,Electronics,"7,848.86",2024-09-25
3424,Sensor X1,Software,$4509.41,2024-03-03
3425,Control Board,Software,10373.01,2024-05-19
3426,Widget Gamma,Consulting,n/a,2024-09-24
3427,Control Board,Software,null,2024-01-03
3428,Module B,Electronics,13392.98,2024-05-11
3429,Module B,Services,308.76,2024-03-23
3430,Widget Gamma,Consulting,14740.77,2024-02-01
3431,Connector Set,Consulting,(3094.14),2024-05-05
3432,Assembly Kit,Hardware,N/A,2024-09-28
3433,Gadget Pro,Consulting,4371.45,2024-03-04
3434,Sensor X1,Consulting,$7729.59,2024-06-28
3435,Control Board,Electronics,5182.27,2024-05-21
3436,Component Z,Hardware,11653.0,2024-12-14
3437,Gadget Pro,Software,8516.61,2024-11-03
3438,Widget Gamma,Hardware,7786.2,2024-05-09
3439,Sensor X1,Consulting,14082.86,2024-03-20
3440,Module A,Consulting,"8,367.65",2024-12-15
3441,Gadget Pro,Software,7609.54,2024-11-03
3442,Widget Gamma,Electronics,n/a,2024-07-02
3443,Component Z,Hardware,$5958.36,2024-04-14
3444,Widget Beta,Software,6774.96,2024-11-25
3445,Module B,Electronics,-,2024-02-04
3446,Widget Alpha,Electronics,$111.81,2024-05-08
3447,Module B,Electronics,n/a,2024-09-17
3448,Power Unit,Services,12857.01,2024-11-26
3449,Component Z,Electronics,"3,337.17",2024-04-14
3450,Module B,Consulting,10039.14,2024-12-28
3451,Display Panel,Electronics,11706.52,2024-01-26
3452,Sensor X1,Consulting,$1845.8,2024-10-17
3453,Component Z,Consulting,6848.84,2024-12-04
3454,Gadget Pro,Services,3184.71,2024-01-04
3455,Gadget Pro,Hardware,"7,025.48",2024-02-19
3456,Control Board,Consulting,null,2024-09-11
3457,Widget Beta,Software,7816.72,2024-09-24
3458,Sensor X1,Software,12782.32,2024-06-16
3459,Module B,Electronics,13242.81,2024-08-31
3460,Sensor X1,Services,$9631.53,2024-11-19
3461,Widget Beta,Services,"7,270.49",2024-02-17
3462,Module B,Hardware,6553.62,2024-06-18
3463,Widget Beta,Electronics,10468.07,2024-07-28
3464,Power Unit,Consulting,N/A,2024-12-15
3465,Sensor X1,Electronics,-,2024-07-30
3466,Assembly Kit,Services,$5556.95,2024-01-14
3467,Gadget Lite,Electronics,11734.08,2024-07-02
3468,Control Board,Electronics,378.59,2024-08-16
3469,Module B,Consulting,2329.84,2024-01-31
3470,Gadget Lite,Software,2631.05,2024-10-08
3471,Module A,Services,10742.18,2024-03-06
3472,Display Panel,Software,14272.4,2024-04-06
3473,Widget Alpha,Software,4414.78,2024-01-13
3474,Display Panel,Hardware,9107.14,2024-02-27
3475,Assembly Kit,Software,547.26,2024-12-04
3476,Widget Alpha,Electronics,8084.32,2024-02-12
3477,Connector Set,Software,$12374.87,2024-08-17
3478,Module A,Software,N/A,2024-12-18
3479,Module A,Consulting,(5130.62),2024-01-05
3480,Gadget Lite,Consulting,"13,836.69",2024-07-29
3481,Power Unit,Electronics,$4464.98,2024-07-04
3482,Display Panel,Services,6017.46,2024-01-27
3483,Gadget Pro,Services,null,2024-08-11
3484,Module A,Consulting,5555.0,2024-05-16
3485,Assembly Kit,Services,"14,622.26",2024-12-22
3486,Widget Beta,Electronics,(5947.62),2024-04-05
3487,Module A,Services,$7596.5,2024-12-07
3488,Component Z,Services,"13,380.21",2024-11-19
3489,Display Panel,Hardware,4617.76,2024-12-18
3490,Widget Gamma,Consulting,"3,486.25",2024-02-06
3491,Widget Alpha,Consulting,7872.6,2024-07-27
3492,Gadget Lite,Hardware,"9,285.99",2024-12-18
3493,Control Board,Electronics,N/A,2024-06-15
3494,Widget Gamma,Consulting,2321.71,2024-12-03
3495,Widget Gamma,Hardware,4873.51,2024-04-06
3496,Assembly Kit,Software,10321.86,2024-08-27
3497,Widget Gamma,Electronics,"5,573.54",2024-06-26
3498,Gadget Pro,Services,7782.72,2024-10-17
3499,Component Z,Consulting,11870.58,2024-04-12
3500,Widget Gamma,Hardware,(1703.55),2024-05-24
3501,Power Unit,Software,$5609.42,2024-08-24
3502,Module A,Hardware,7089.05,2024-07-10
3503,Connector Set,Hardware,n/a,2024-08-14
3504,Component Z,Software,7804.69,2024-09-21
3505,Module A,Services,14864.98,2024-06-22
3506,Module A,Services,-,2024-06-04
3507,Sensor X2,Hardware,982.05,2024-09-10
3508,Control Board,Consulting,(9758.51),2024-01-25
3509,Power Unit,Services,5620.44,2024-11-02
3510,Gadget Pro,Services,9071.98,2024-05-18
3511,Gadget Lite,Software,11117.32,2024-04-21
3512,Widget Beta,Services,13445.95,2024-06-24
3513,Control Board,Consulting,13882.88,2024-10-16
3514,Module A,Services,$13413.63,2024-03-29
3515,Display Panel,Services,935.71,2024-01-12
3516,Assembly Kit,Services,1192.53,2024-02-03
3517,Widget Beta,Software,"9,123.24",2024-12-28
3518,Sensor X1,Electronics,12672.37,2024-06-10
3519,Gadget Lite,Electronics,"12,564.10",2024-10-12
3520,Assembly Kit,Consulting,(6641.3),2024-02-04
3521,Widget Gamma,Services,1385.33,2024-09-11
3522,Connector Set,Software,1794.39,2024-04-19
3523,Gadget Lite,Services,N/A,2024-09-07
3524,Module B,Consulting,"11,505.23",2024-01-29
3525,Sensor X2,Consulting,6067.29,2024-03-22
3526,Connector Set,Services,6466.66,2024-07-27
3527,Gadget Lite,Consulting,10239.04,2024-11-29
3528,Component Z,Electronics,(11159.99),2024-09-03
3529,Connector Set,Consulting,13733.66,2024-06-25
3530,Control Board,Electronics,14145.83,2024-04-16
3531,Widget Gamma,Consulting,9964.34,2024-01-30
3532,Display Panel,Software,1719.87,2024-09-22
3533,Sensor X2,Electronics,null,2024-07-25
3534,Connector Set,Software,null,2024-09-23
3535,Widget Beta,Hardware,3661.16,2024-05-31
3536,Display Panel,Hardware,2561.16,2024-03-19
3537,Assembly Kit,Electronics,N/A,2024-02-06
3538,Sensor X1,Consulting,2302.01,2024-06-05
3539,Control Board,Services,"14,960.34",2024-10-17
3540,Module B,Hardware,12669.74,2024-02-15
3541,Widget Gamma,Hardware,"10,797.96",2024-08-04
3542,Assembly Kit,Services,5793.97,2024-08-24
3543,Gadget Pro,Services,227.13,2024-06-13
3544,Power Unit,Electronics,8051.71,2024-03-25
3545,Power Unit,Software,11780.9,2024-01-20
3546,Component Z,Consulting,3657.09,2024-07-31
3547,Display Panel,Electronics,-,2024-04-23
3548,Gadget Pro,Consulting,7020.44,2024-04-14
3549,Module A,Hardware,7164.48,2024-11-28
3550,Module B,Services,"1,313.53",2024-01-28
3551,Control Board,Electronics,"7,088.73",2024-08-15
3552,Module B,Consulting,"12,385.16",2024-09-03
3553,Gadget Lite,Software,3384.59,2024-03-20
3554,Control Board,Services,(10767.21),2024-04-12
3555,Control Board,Services,1631.91,2024-12-27
3556,Gadget Pro,Services,N/A,2024-12-11
3557,Widget Gamma,Consulting,1964.74,2024-06-06
3558,Gadget Pro,Consulting,(449.63),2024-04-03
3559,Sensor X2,Consulting,(12792.03),2024-01-08
3560,Sensor X2,Hardware,"5,878.98",2024-07-05
3561,Widget Gamma,Hardware,10838.52,2024-10-24
3562,Component Z,Electronics,13544.76,2024-10-06
3563,Widget Beta,Electronics,7270.92,2024-02-18
3564,Control Board,Electronics,6601.41,2024-08-17
3565,Widget Beta,Services,1477.62,2024-12-14
3566,Sensor X1,Services,$126.37,2024-02-01
3567,Widget Alpha,Services,14377.16,2024-05-20
3568,Sensor X1,Hardware,402.04,2024-12-22
3569,Widget Gamma,Electronics,-,2024-01-10
3570,Control Board,Software,,2024-07-24
3571,Connector Set,Hardware,null,2024-02-17
3572,Gadget Lite,Consulting,6128.95,2024-06-01
3573,Control Board,Electronics,1650.44,2024-07-14
3574,Sensor X2,Software,,2024-11-15
3575,Display Panel,Services,$13184.43,2024-04-12
3576,Display Panel,Consulting,"3,296.16",2024-06-06
3577,Gadget Pro,Software,8937.89,2024-12-10
3578,Sensor X2,Hardware,12969.48,2024-08-01
3579,Control Board,Services,$14033.41,2024-02-04
3580,Component Z,Electronics,$956.42,2024-10-21
3581,Widget Gamma,Software,$10235.6,2024-08-08
3582,Gadget Pro,Hardware,,2024-07-17
3583,Sensor X2,Software,9765.13,2024-07-07
3584,Gadget Pro,Services,14714.87,2024-04-11
3585,Gadget Pro,Services,$4098.35,2024-06-29
3586,Gadget Pro,Hardware,6518.03,2024-10-25
3587,Module A,Software,8448.5,2024-11-13
3588,Widget Alpha,Hardware,9353.03,2024-09-24
3589,Display Panel,Software,$2896.65,2024-01-01
3590,Widget Beta,Hardware,12313.95,2024-07-03
3591,Control Board,Electronics,8036.45,2024-04-17
3592,Connector Set,Hardware,14588.48,2024-10-15
3593,Widget Gamma,Electronics,355.20,2024-03-31
3594,Connector Set,Electronics,6227.53,2024-06-30
3595,Connector Set,Services,"3,791.37",2024-01-18
3596,Module B,Electronics,13593.47,2024-09-11
3597,Widget Alpha,Services,"5,001.41",2024-12-18
3598,Display Panel,Consulting,9746.03,2024-06-17
3599,Sensor X2,Services,5990.23,2024-07-03
3600,Power Unit,Services,91.85,2024-11-30
3601,Widget Alpha,Hardware,4548.11,2024-11-26
3602,Widget Beta,Electronics,null,2024-07-10
3603,Module A,Consulting,4158.58,2024-07-26
3604,Control Board,Software,3141.63,2024-09-11
3605,Sensor X2,Consulting,"10,497.13",2024-01-01
3606,Connector Set,Services,"14,110.41",2024-01-24
3607,Power Unit,Consulting,5530.95,2024-05-10
3608,Sensor X2,Hardware,14582.78,2024-06-02
3609,Assembly Kit,Consulting,$10878.28,2024-05-15
3610,Module A,Electronics,$8833.87,2024-05-11
3611,Widget Gamma,Electronics,$11056.37,2024-08-09
3612,Module A,Electronics,13326.56,2024-04-18
3613,Widget Gamma,Hardware,-,2024-01-20
3614,Gadget Pro,Services,10743.81,2024-01-28
3615,Connector Set,Consulting,N/A,2024-11-17
3616,Gadget Pro,Services,11986.69,2024-06-06
3617,Assembly Kit,Services,10221.03,2024-09-15
3618,Sensor X1,Software,6082.01,2024-08-06
3619,Control Board,Electronics,1862.52,2024-02-16
3620,Component Z,Software,$6886.74,2024-08-17
3621,Power Unit,Hardware,3440.64,2024-03-09
3622,Sensor X2,Services,N/A,2024-10-09
3623,Connector Set,Software,14091.92,2024-07-17
3624,Module A,Software,3845.74,2024-02-03
3625,Widget Gamma,Hardware,3278.34,2024-02-02
3626,Widget Alpha,Hardware,6960.61,2024-11-05
3627,Display Panel,Software,$11851.9,2024-03-20
3628,Sensor X2,Consulting,(7152.53),2024-03-05
3629,Widget Alpha,Electronics,697.73,2024-05-08
3630,Gadget Pro,Services,n/a,2024-03-15
3631,Control Board,Software,N/A,2024-08-17
3632,Gadget Pro,Consulting,(2072.82),2024-03-11
3633,Assembly Kit,Hardware,9877.35,2024-06-30
3634,Component Z,Hardware,11624.25,2024-05-14
3635,Sensor X2,Services,10247.0,2024-08-28
3636,Power Unit,Hardware,"1,887.10",2024-06-07
3637,Widget Beta,Hardware,"11,880.79",2024-06-06
3638,Sensor X1,Hardware,-,2024-02-10
3639,Connector Set,Electronics,(5830.26),2024-12-13
3640,Control Board,Hardware,7505.63,2024-02-24
3641,Connector Set,Services,8858.56,2024-09-17
3642,Widget Alpha,Electronics,2363.53,2024-02-21
3643,Power Unit,Services,7178.36,2024-06-10
3644,Module A,Software,216.6,2024-04-26
3645,Module A,Software,n/a,2024-08-18
3646,Connector Set,Software,"2,998.63",2024-10-16
3647,Sensor X1,Services,11123.47,2024-10-26
3648,Gadget Lite,Electronics,3078.6,2024-03-11
3649,Sensor X2,Electronics,7764.36,2024-01-02
3650,Gadget Pro,Software,10876.61,2024-08-27
3651,Widget Beta,Services,7625.73,2024-03-29
3652,Module B,Hardware,,2024-06-12
3653,Control Board,Software,10570.5,2024-01-14
3654,Widget Alpha,Hardware,12808.8,2024-08-15
3655,Module B,Software,10720.33,2024-04-26
3656,Module B,Software,(12615.32),2024-01-05
3657,Module A,Consulting,9372.08,2024-05-15
3658,Widget Alpha,Software,11879.38,2024-07-11
3659,Gadget Pro,Electronics,1873.75,2024-07-01
3660,Display Panel,Services,3847.96,2024-10-30
3661,Module A,Consulting,7862.25,2024-05-10
3662,Gadget Lite,Consulting,14055.5,2024-07-02
3663,Component Z,Hardware,11753.32,2024-11-26
3664,Widget Alpha,Software,3857.86,2024-12-05
3665,Widget Gamma,Software,n/a,2024-04-20
3666,Widget Alpha,Software,5915.05,2024-06-02
3667,Assembly Kit,Consulting,"13,230.67",2024-09-01
3668,Gadget Lite,Hardware,3100.83,2024-08-03
3669,Gadget Lite,Hardware,14224.04,2024-11-06
3670,Component Z,Software,$5259.48,2024-03-13
3671,Module A,Electronics,(8601.79),2024-04-22
3672,Control Board,Services,13210.69,2024-10-10
3673,Display Panel,Services,1922.39,2024-08-12
3674,Gadget Lite,Consulting,3362.62,2024-04-29
3675,Widget Beta,Services,6048.11,2024-04-17
3676,Widget Gamma,Software,13769.1,2024-05-16
3677,Component Z,Consulting,3985.85,2024-08-21
3678,Widget Gamma,Services,n/a,2024-07-17
3679,Gadget Lite,Services,8980.85,2024-05-08
3680,Display Panel,Services,"2,905.62",2024-09-24
3681,Widget Gamma,Consulting,"10,092.71",2024-03-19
3682,Widget Beta,Consulting,"4,350.41",2024-12-13
3683,Widget Alpha,Electronics,9722.87,2024-07-22
3684,Power Unit,Hardware,9355.61,2024-05-22
3685,Module A,Services,8510.33,2024-12-01
3686,Widget Gamma,Consulting,4247.3,2024-08-09
3687,Widget Beta,Software,$3129.83,2024-04-10
3688,Component Z,Services,$9019.89,2024-11-12
3689,Widget Beta,Software,n/a,2024-02-14
3690,Widget Alpha,Software,null,2024-05-03
3691,Module B,Services,14590.87,2024-10-07
3692,Display Panel,Consulting,$1877.05,2024-05-11
3693,Module B,Electronics,4628.98,2024-01-26
3694,Module B,Electronics,6793.68,2024-11-10
3695,Module A,Hardware,"2,810.18",2024-11-12
3696,Gadget Pro,Electronics,14059.57,2024-01-31
3697,Widget Alpha,Hardware,9316.44,2024-10-24
3698,Gadget Lite,Software,10598.62,2024-09-10
3699,Module B,Consulting,8489.69,2024-12-15
3700,Connector Set,Electronics,$13512.37,2024-09-24
3701,Sensor X2,Services,13977.64,2024-05-30
3702,Gadget Pro,Services,"13,680.49",2024-10-17
3703,Gadget Lite,Consulting,N/A,2024-07-21
3704,Widget Gamma,Electronics,"1,952.66",2024-12-01
3705,Module B,Services,$1842.21,2024-05-19
3706,Assembly Kit,Consulting,5432.56,2024-12-09
3707,Widget Beta,Consulting,12673.79,2024-04-24
3708,Widget Alpha,Consulting,13971.41,2024-04-18
3709,Widget Gamma,Software,6242.93,2024-12-07
3710,Control Board,Consulting,,2024-07-12
3711,Power Unit,Electronics,"11,304.14",2024-04-30
3712,Sensor X1,Consulting,2548.6,2024-06-22
3713,Widget Beta,Hardware,14379.17,2024-12-25
3714,Module A,Services,12926.24,2024-06-21
3715,Module A,Software,1985.56,2024-04-04
3716,Power Unit,Consulting,9217.11,2024-10-15
3717,Widget Beta,Consulting,2912.78,2024-12-14
3718,Component Z,Electronics,$9551.23,2024-10-14
3719,Widget Gamma,Electronics,(2870.09),2024-02-29
3720,Gadget Lite,Consulting,$11702.46,2024-03-19
3721,Power Unit,Hardware,N/A,2024-03-25
3722,Sensor X1,Services,"1,133.51",2024-09-18
3723,Module A,Electronics,6419.11,2024-11-06
3724,Display Panel,Services,6555.42,2024-05-24
3725,Widget Gamma,Services,"4,946.09",2024-12-24
3726,Power Unit,Consulting,1843.79,2024-02-06
3727,Component Z,Electronics,2385.8,2024-07-20
3728,Component Z,Consulting,2506.51,2024-12-13
3729,Component Z,Electronics,$1489.95,2024-06-19
3730,Display Panel,Consulting,(1243.32),2024-02-22
3731,Control Board,Electronics,$6527.13,2024-07-20
3732,Widget Gamma,Electronics,(5667.08),2024-04-15
3733,Widget Gamma,Services,(13443.63),2024-07-14
3734,Sensor X2,Electronics,95.74,2024-09-08
3735,Widget Gamma,Electronics,$517.2,2024-05-10
3736,Gadget Lite,Services,4867.45,2024-06-14
3737,Gadget Lite,Services,(6689.1),2024-01-21
3738,Gadget Lite,Consulting,$664.98,2024-09-13
3739,Gadget Lite,Services,14877.69,2024-11-27
3740,Control Board,Hardware,8410.24,2024-08-13
3741,Control Board,Electronics,2023.19,2024-04-11
3742,Control Board,Services,9576.11,2024-06-28
3743,Module B,Electronics,4035.05,2024-07-01
3744,Module A,Consulting,14396.5,2024-01-22
3745,Widget Alpha,Electronics,6669.74,2024-06-19
3746,Sensor X1,Software,$613.67,2024-10-20
3747,Power Unit,Services,10488.12,2024-07-09
3748,Component Z,Electronics,14428.54,2024-12-10
3749,Connector Set,Services,4794.38,2024-02-11
3750,Widget Gamma,Services,4961.6,2024-11-07
3751,Module A,Electronics,5113.12,2024-01-12
3752,Gadget Pro,Consulting,14016.09,2024-03-14
3753,Widget Beta,Hardware,1545.39,2024-12-16
3754,Connector Set,Hardware,"2,982.03",2024-01-13
3755,Connector Set,Electronics,14555.67,2024-09-24
3756,Gadget Lite,Electronics,3138.93,2024-08-20
3757,Connector Set,Consulting,(9648.24),2024-08-24
3758,Control Board,Services,(126.88),2024-05-14
3759,Power Unit,Electronics,4995.74,2024-06-29
3760,Connector Set,Services,$4280.0,2024-04-01
3761,Gadget Lite,Software,2569.07,2024-01-29
3762,Widget Gamma,Hardware,"12,821.47",2024-04-20
3763,Widget Gamma,Consulting,8214.89,2024-10-07
3764,Module B,Services,$11980.44,2024-11-25
3765,Widget Alpha,Electronics,204.0,2024-02-29
3766,Gadget Pro,Services,13477.13,2024-11-13
3767,Sensor X2,Consulting,$4239.99,2024-05-21
3768,Component Z,Electronics,"5,568.60",2024-04-01
3769,Widget Gamma,Hardware,13894.68,2024-04-03
3770,Sensor X2,Electronics,"2,892.46",2024-06-05
3771,Gadget Lite,Consulting,"2,559.04",2024-10-07
3772,Component Z,Electronics,"14,408.49",2024-09-06
3773,Widget Gamma,Hardware,276.86,2024-05-22
3774,Widget Gamma,Hardware,1422.56,2024-04-09
3775,Assembly Kit,Services,n/a,2024-01-02
3776,Gadget Lite,Services,9446.8,2024-08-05
3777,Sensor X1,Software,6603.69,2024-11-03
3778,Module A,Consulting,"3,574.62",2024-01-09
3779,Module A,Consulting,9067.21,2024-09-17
3780,Power Unit,Hardware,$4912.63,2024-07-22
3781,Sensor X2,Services,2860.39,2024-04-29
3782,Power Unit,Software,9204.87,2024-09-04
3783,Module B,Software,null,2024-07-24
3784,Display Panel,Software,,2024-12-06
3785,Module A,Consulting,6990.05,2024-12-09
3786,Component Z,Electronics,,2024-02-19
3787,Widget Beta,Software,8348.55,2024-11-25
3788,Control Board,Consulting,$4184.12,2024-12-22
3789,Gadget Lite,Services,2503.3,2024-08-02
3790,Power Unit,Software,6568.94,2024-01-26
3791,Module A,Electronics,4409.27,2024-04-30
3792,Widget Alpha,Electronics,"1,361.35",2024-12-12
3793,Component Z,Electronics,1955.86,2024-01-05
3794,Power Unit,Consulting,(13563.85),2024-12-26
3795,Widget Beta,Services,,2024-12-10
3796,Assembly Kit,Services,13946.91,2024-09-28
3797,Assembly Kit,Hardware,2480.59,2024-01-20
3798,Module A,Software,4055.15,2024-04-03
3799,Gadget Lite,Software,"1,101.22",2024-06-03
3800,Power Unit,Electronics,3463.57,2024-05-17
3801,Module B,Electronics,11942.23,2024-03-26
3802,Gadget Lite,Electronics,"10,712.26",2024-10-08
3803,Sensor X1,Hardware,(12363.32),2024-01-27
3804,Widget Gamma,Hardware,12274.5,2024-11-20
3805,Connector Set,Software,"10,935.56",2024-05-21
3806,Assembly Kit,Electronics,"6,957.23",2024-02-13
3807,Display Panel,Services,6630.74,2024-09-04
3808,Module B,Consulting,1190.46,2024-02-06
3809,Sensor X2,Software,(11143.8),2024-04-24
3810,Control Board,Services,(2038.75),2024-04-11
3811,Widget Alpha,Services,13849.0,2024-03-14
3812,Gadget Lite,Services,$14656.19,2024-03-25
3813,Display Panel,Electronics,11072.29,2024-08-18
3814,Module B,Software,12872.98,2024-11-29
3815,Widget Alpha,Consulting,13727.11,2024-11-13
3816,Sensor X2,Consulting,null,2024-12-04
3817,Module B,Services,14026.71,2024-07-03
3818,Display Panel,Consulting,7814.47,2024-01-14
3819,Display Panel,Consulting,null,2024-01-11
3820,Gadget Pro,Services,2940.03,2024-04-24
3821,Widget Beta,Software,1530.46,2024-09-13
3822,Power Unit,Consulting,12097.81,2024-12-16
3823,Control Board,Software,"4,339.77",2024-02-02
3824,Module A,Electronics,10916.33,2024-06-16
3825,Connector Set,Services,null,2024-12-30
3826,Component Z,Services,8448.06,2024-09-17
3827,Assembly Kit,Consulting,7677.43,2024-08-14
3828,Control Board,Services,"7,025.45",2024-02-17
3829,Module A,Services,11218.95,2024-02-09
3830,Power Unit,Services,10125.55,2024-03-21
3831,Widget Gamma,Hardware,N/A,2024-01-05
3832,Component Z,Software,9547.17,2024-01-29
3833,Control Board,Hardware,1058.26,2024-11-07
3834,Sensor X1,Software,$7714.89,2024-01-31
3835,Control Board,Services,4342.31,2024-02-23
3836,Module B,Hardware,13907.88,2024-08-05
3837,Assembly Kit,Software,"8,947.09",2024-09-09
3838,Widget Gamma,Consulting,null,2024-02-03
3839,Sensor X2,Services,13632.4,2024-11-30
3840,Module A,Electronics,$3952.31,2024-07-31
3841,Gadget Lite,Services,"2,052.66",2024-09-21
3842,Control Board,Software,12341.42,2024-09-25
3843,Power Unit,Electronics,10657.69,2024-03-22
3844,Widget Beta,Electronics,(3284.85),2024-07-03
3845,Display Panel,Hardware,"2,519.48",2024-11-05
3846,Sensor X2,Hardware,$7418.51,2024-08-30
3847,Display Panel,Electronics,346.17,2024-02-18
3848,Display Panel,Electronics,"3,485.81",2024-11-19
3849,Control Board,Consulting,1368.2,2024-10-25
3850,Gadget Pro,Software,-,2024-12-16
3851,Widget Beta,Consulting,"14,250.84",2024-01-31
3852,Display Panel,Software,$1642.2,2024-05-30
3853,Gadget Lite,Consulting,"5,485.95",2024-12-16
3854,Widget Beta,Software,6511.95,2024-12-12
3855,Power Unit,Hardware,521.98,2024-07-23
3856,Control Board,Software,13468.0,2024-01-28
3857,Power Unit,Hardware,7851.04,2024-01-18
3858,Gadget Pro,Services,11511.82,2024-04-29
3859,Widget Beta,Software,"11,992.59",2024-07-28
3860,Sensor X1,Electronics,4951.28,2024-03-21
3861,Control Board,Consulting,"10,067.23",2024-06-03
3862,Widget Alpha,Software,13815.56,2024-07-22
3863,Gadget Pro,Services,1281.81,2024-10-30
3864,Module A,Consulting,13668.37,2024-08-16
3865,Widget Alpha,Consulting,9106.72,2024-05-24
3866,Sensor X2,Consulting,"5,291.90",2024-12-05
3867,Power Unit,Services,10563.12,2024-09-09
3868,Display Panel,Software,10420.29,2024-09-07
3869,Control Board,Software,"7,212.22",2024-10-26
3870,Connector Set,Hardware,8878.68,2024-10-31
3871,Component Z,Services,8686.6,2024-10-21
3872,Widget Gamma,Software,null,2024-11-23
3873,Widget Alpha,Hardware,7451.05,2024-10-19
3874,Module B,Services,,2024-05-26
3875,Power Unit,Software,9168.7,2024-09-06
3876,Widget Beta,Software,13067.64,2024-11-10
3877,Connector Set,Hardware,"7,055.63",2024-08-24
3878,Connector Set,Hardware,$2387.1,2024-11-29
3879,Assembly Kit,Software,754.61,2024-01-28
3880,Display Panel,Electronics,N/A,2024-12-15
3881,Power Unit,Services,"9,106.69",2024-08-31
3882,Gadget Pro,Services,11403.73,2024-04-10
3883,Connector Set,Software,3249.66,2024-09-22
3884,Gadget Pro,Electronics,4361.98,2024-05-27
3885,Component Z,Hardware,$13298.94,2024-07-16
3886,Control Board,Services,11825.49,2024-09-25
3887,Connector Set,Hardware,13777.16,2024-07-25
3888,Control Board,Electronics,6744.66,2024-08-20
3889,Sensor X2,Software,14549.99,2024-03-13
3890,Widget Alpha,Software,8187.32,2024-12-24
3891,Widget Beta,Software,n/a,2024-04-14
3892,Power Unit,Electronics,n/a,2024-12-02
3893,Gadget Lite,Services,7582.53,2024-01-27
3894,Assembly Kit,Electronics,"2,550.67",2024-01-21
3895,Module A,Services,8168.09,2024-11-16
3896,Control Board,Electronics,3743.12,2024-10-24
3897,Sensor X1,Services,5075.14,2024-08-25
3898,Display Panel,Services,"9,155.58",2024-07-06
3899,Module A,Consulting,,2024-11-03
3900,Sensor X2,Services,165.43,2024-05-26
3901,Component Z,Electronics,null,2024-11-05
3902,Widget Beta,Hardware,13494.96,2024-11-18
3903,Widget Alpha,Electronics,12984.4,2024-11-18
3904,Control Board,Electronics,N/A,2024-10-01
3905,Widget Gamma,Software,13510.57,2024-06-03
3906,Gadget Pro,Consulting,,2024-03-24
3907,Connector Set,Electronics,"7,436.44",2024-10-20
3908,Sensor X1,Consulting,7182.81,2024-11-04
3909,Component Z,Services,"14,802.73",2024-03-16
3910,Component Z,Software,9059.93,2024-05-12
3911,Module B,Services,6176.41,2024-09-17
3912,Gadget Lite,Software,$11245.3,2024-05-16
3913,Gadget Pro,Services,"8,014.98",2024-07-31
3914,Sensor X1,Services,7524.9,2024-12-13
3915,Widget Beta,Services,$9562.67,2024-06-13
3916,Widget Beta,Software,(3726.3),2024-05-11
3917,Sensor X2,Electronics,"12,456.67",2024-01-03
3918,Gadget Lite,Electronics,$13062.42,2024-08-11
3919,Sensor X1,Hardware,5866.74,2024-09-22
3920,Control Board,Hardware,4017.36,2024-03-20
3921,Widget Beta,Software,"5,892.32",2024-08-17
3922,Widget Alpha,Services,11162.58,2024-04-24
3923,Display Panel,Services,null,2024-05-21
3924,Control Board,Consulting,2533.22,2024-12-21
3925,Power Unit,Electronics,12270.77,2024-12-14
3926,Display Panel,Consulting,3676.2,2024-04-10
3927,Widget Beta,Electronics,3005.52,2024-02-27
3928,Power Unit,Services,"5,474.11",2024-09-28
3929,Assembly Kit,Services,-,2024-03-12
3930,Module A,Services,4448.48,2024-12-25
3931,Control Board,Consulting,"10,298.69",2024-08-06
3932,Widget Beta,Consulting,1380.76,2024-12-12
3933,Gadget Lite,Consulting,1027.66,2024-12-24
3934,Sensor X2,Hardware,6719.85,2024-08-30
3935,Widget Alpha,Hardware,-,2024-02-21
3936,Assembly Kit,Software,null,2024-01-17
3937,Display Panel,Electronics,10100.92,2024-07-18
3938,Widget Alpha,Software,(1148.04),2024-06-05
3939,Widget Alpha,Consulting,10883.66,2024-06-29
3940,Assembly Kit,Software,12375.5,2024-08-24
3941,Connector Set,Electronics,14874.58,2024-07-04
3942,Display Panel,Consulting,6670.75,2024-06-30
3943,Component Z,Software,14247.34,2024-12-20
3944,Module B,Hardware,14242.45,2024-10-15
3945,Power Unit,Hardware,11087.95,2024-04-11
3946,Component Z,Software,8490.3,2024-09-15
3947,Widget Gamma,Services,6888.79,2024-10-05
3948,Sensor X2,Electronics,11466.6,2024-12-16
3949,Sensor X2,Software,1901.12,2024-08-13
3950,Gadget Lite,Software,11512.95,2024-03-28
3951,Sensor X1,Services,$14497.37,2024-10-16
3952,Module A,Hardware,"4,306.44",2024-08-11
3953,Widget Alpha,Hardware,12108.92,2024-07-03
3954,Sensor X1,Services,4485.37,2024-05-05
3955,Component Z,Consulting,7008.67,2024-10-29
3956,Widget Beta,Software,12694.62,2024-02-16
3957,Gadget Lite,Electronics,12219.7,2024-04-20
3958,Sensor X2,Consulting,,2024-07-13
3959,Gadget Pro,Services,"9,009.39",2024-02-10
3960,Component Z,Hardware,2800.82,2024-12-01
3961,Module B,Services,"5,597.72",2024-01-27
3962,Widget Beta,Electronics,"13,098.16",2024-04-13
3963,Module A,Hardware,10480.62,2024-07-05
3964,Connector Set,Consulting,n/a,2024-08-30
3965,Sensor X1,Electronics,"2,549.29",2024-02-01
3966,Control Board,Consulting,"14,132.84",2024-07-24
3967,Gadget Pro,Hardware,n/a,2024-02-08
3968,Sensor X2,Services,"7,686.63",2024-07-19
3969,Widget Beta,Services,-,2024-09-12
3970,Gadget Pro,Hardware,2637.67,2024-02-03
3971,Display Panel,Electronics,"6,243.56",2024-08-26
3972,Widget Beta,Electronics,3864.29,2024-04-29
3973,Component Z,Software,$2385.44,2024-12-26
3974,Module B,Consulting,1093.87,2024-04-07
3975,Widget Beta,Software,"9,511.56",2024-01-28
3976,Widget Gamma,Software,3457.75,2024-04-17
3977,Sensor X2,Consulting,11773.05,2024-02-05
3978,Assembly Kit,Electronics,12776.45,2024-07-30
3979,Widget Alpha,Services,"13,244.70",2024-07-02
3980,Power Unit,Hardware,8079.17,2024-12-07
3981,Widget Alpha,Software,"12,812.41",2024-01-12
3982,Connector Set,Hardware,10018.93,2024-11-24
3983,Module A,Consulting,(6943.24),2024-12-01
3984,Widget Beta,Hardware,1327.18,2024-09-29
3985,Power Unit,Hardware,N/A,2024-12-11
3986,Sensor X1,Electronics,3078.24,2024-05-29
3987,Sensor X2,Software,"12,552.57",2024-06-23
3988,Widget Beta,Hardware,$4957.62,2024-10-02
3989,Component Z,Hardware,13134.61,2024-02-26
3990,Sensor X1,Software,2059.75,2024-01-29
3991,Module A,Services,n/a,2024-07-16
3992,Display Panel,Consulting,8537.34,2024-04-16
3993,Connector Set,Services,$14569.26,2024-09-13
3994,Connector Set,Hardware,14596.72,2024-09-20
3995,Sensor X1,Hardware,-,2024-02-10
3996,Assembly Kit,Services,"3,467.91",2024-06-24
3997,Control Board,Electronics,3037.34,2024-01-14
3998,Widget Gamma,Services,13797.95,2024-12-07
3999,Connector Set,Hardware,8352.44,2024-01-19
4000,Assembly Kit,Consulting,12657.26,2024-02-06
4001,Widget Gamma,Electronics,1529.84,2024-03-27
4002,Assembly Kit,Services,11665.33,2024-01-19
4003,Sensor X1,Software,9005.89,2024-09-25
4004,Component Z,Electronics,n/a,2024-07-12
4005,Power Unit,Consulting,"6,066.23",2024-05-23
4006,Assembly Kit,Services,5193.08,2024-12-08
4007,Gadget Lite,Consulting,$1407.1,2024-09-22
4008,Widget Alpha,Services,n/a,2024-05-20
4009,Module B,Software,11534.45,2024-03-10
4010,Control Board,Software,2903.0,2024-09-10
4011,Widget Beta,Services,7569.36,2024-12-14
4012,Display Panel,Software,"8,827.54",2024-03-09
4013,Widget Beta,Software,4006.4,2024-02-12
4014,Sensor X1,Services,14501.53,2024-09-10
4015,Gadget Pro,Consulting,8270.07,2024-08-24
4016,Gadget Lite,Consulting,1345.25,2024-04-13
4017,Assembly Kit,Electronics,"9,981.24",2024-10-13
4018,Module A,Services,null,2024-11-12
4019,Widget Beta,Hardware,(10931.06),2024-09-01
4020,Component Z,Hardware,"9,011.52",2024-12-03
4021,Module A,Services,3578.47,2024-01-28
4022,Sensor X2,Consulting,14526.27,2024-02-18
4023,Widget Gamma,Software,"10,324.88",2024-01-18
4024,Widget Beta,Consulting,"4,312.41",2024-07-31
4025,Widget Beta,Electronics,9125.22,2024-03-08
4026,Power Unit,Consulting,1308.38,2024-05-18
4027,Gadget Pro,Hardware,N/A,2024-09-29
4028,Connector Set,Consulting,4380.72,2024-12-21
4029,Widget Gamma,Consulting,11236.03,2024-07-22
4030,Sensor X2,Services,(13516.89),2024-04-14
4031,Display Panel,Hardware,12656.91,2024-06-01
4032,Display Panel,Software,997.27,2024-12-07
4033,Assembly Kit,Software,"11,352.46",2024-04-23
4034,Connector Set,Consulting,10719.99,2024-05-23
4035,Module A,Services,"9,580.03",2024-10-18
4036,Assembly Kit,Electronics,13643.22,2024-03-11
4037,Gadget Pro,Consulting,3575.57,2024-08-10
4038,Widget Beta,Hardware,490.62,2024-05-29
4039,Gadget Lite,Software,"8,821.77",2024-03-06
4040,Gadget Lite,Hardware,14878.83,2024-07-24
4041,Sensor X1,Hardware,null,2024-10-11
4042,Module A,Services,1983.24,2024-11-11
4043,Module B,Hardware,null,2024-12-06
4044,Module A,Services,428.95,2024-02-05
4045,Control Board,Hardware,,2024-11-01
4046,Gadget Lite,Hardware,"14,671.06",2024-02-05
4047,Widget Beta,Hardware,14457.73,2024-08-06
4048,Gadget Lite,Software,3553.2,2024-08-17
4049,Assembly Kit,Hardware,11865.36,2024-06-06
4050,Widget Gamma,Electronics,11419.46,2024-01-21
4051,Widget Alpha,Electronics,269.16,2024-02-11
4052,Module B,Hardware,2753.17,2024-07-30
4053,Widget Alpha,Consulting,"9,948.56",2024-11-02
4054,Control Board,Electronics,"12,559.98",2024-07-03
4055,Widget Beta,Electronics,"7,350.74",2024-10-03
4056,Widget Gamma,Consulting,"12,508.02",2024-08-22
4057,Sensor X1,Electronics,6689.38,2024-01-07
4058,Module A,Hardware,3618.47,2024-03-12
4059,Power Unit,Electronics,1543.63,2024-06-12
4060,Module A,Electronics,"11,270.05",2024-08-26
4061,Display Panel,Services,"5,597.93",2024-07-04
4062,Sensor X1,Hardware,5235.17,2024-02-19
4063,Widget Alpha,Electronics,9783.82,2024-07-20
4064,Component Z,Consulting,n/a,2024-05-16
4065,Module A,Consulting,8708.08,2024-03-06
4066,Module A,Consulting,$10646.81,2024-07-11
4067,Power Unit,Electronics,N/A,2024-02-01
4068,Module A,Services,10917.43,2024-01-21
4069,Component Z,Electronics,4132.23,2024-06-01
4070,Power Unit,Hardware,6618.24,2024-09-11
4071,Connector Set,Consulting,N/A,2024-12-16
4072,Widget Beta,Electronics,"7,717.23",2024-07-03
4073,Connector Set,Hardware,12007.7,2024-10-12
4074,Assembly Kit,Services,"1,560.06",2024-06-29
4075,Module A,Services,N/A,2024-07-04
4076,Connector Set,Software,1545.21,2024-01-23
4077,Control Board,Hardware,1134.62,2024-11-06
4078,Widget Alpha,Consulting,$14395.16,2024-12-01
4079,Sensor X2,Electronics,10133.24,2024-10-20
4080,Connector Set,Services,6243.44,2024-01-02
4081,Widget Gamma,Consulting,-,2024-11-18
4082,Gadget Pro,Services,6283.92,2024-08-23
4083,Component Z,Consulting,10371.66,2024-11-20
4084,Control Board,Software,390.91,2024-11-30
4085,Sensor X1,Consulting,14800.45,2024-07-25
4086,Sensor X1,Software,(4444.13),2024-04-02
4087,Widget Gamma,Software,$1289.19,2024-12-13
4088,Component Z,Consulting,(2422.55),2024-01-24
4089,Widget Gamma,Software,13404.23,2024-05-27
4090,Module A,Consulting,3961.32,2024-07-25
4091,Control Board,Hardware,13139.16,2024-10-30
4092,Module B,Services,14235.14,2024-10-01
4093,Module B,Hardware,$7677.39,2024-05-20
4094,Display Panel,Software,7324.66,2024-04-28
4095,Widget Beta,Software,6363.81,2024-11-11
4096,Control Board,Hardware,13027.85,2024-03-13
4097,Widget Alpha,Electronics,9852.86,2024-11-23
4098,Widget Beta,Hardware,9781.15,2024-08-31
4099,Sensor X2,Consulting,4391.08,2024-11-25
4100,Widget Beta,Software,$10341.41,2024-08-11
4101,Component Z,Hardware,12063.69,2024-03-03
4102,Module A,Consulting,6258.48,2024-01-07
4103,Gadget Lite,Hardware,10588.63,2024-09-22
4104,Widget Gamma,Software,7931.02,2024-12-06
4105,Widget Alpha,Hardware,"5,029.48",2024-05-27
4106,Sensor X2,Consulting,6217.26,2024-09-03
4107,Gadget Lite,Software,13498.31,2024-02-01
4108,Power Unit,Hardware,13912.52,2024-09-28
4109,Sensor X1,Services,12596.72,2024-01-03
4110,Module A,Hardware,4962.27,2024-07-16
4111,Gadget Lite,Consulting,11908.9,2024-10-05
4112,Gadget Lite,Consulting,14928.83,2024-05-13
4113,Gadget Lite,Software,"9,423.85",2024-11-02
4114,Connector Set,Hardware,12162.56,2024-03-14
4115,Widget Beta,Services,"6,465.19",2024-02-12
4116,Module A,Electronics,"11,101.88",2024-07-11
4117,Widget Alpha,Hardware,"14,852.10",2024-11-20
4118,Control Board,Hardware,6970.22,2024-07-28
4119,Display Panel,Hardware,6591.41,2024-06-19
4120,Module A,Software,2173.05,2024-10-08
4121,Assembly Kit,Software,8887.36,2024-11-30
4122,Display Panel,Software,12422.87,2024-11-26
4123,Power Unit,Consulting,12959.42,2024-06-02
4124,Assembly Kit,Consulting,"11,221.35",2024-07-10
4125,Widget Gamma,Services,12643.61,2024-08-04
4126,Display Panel,Consulting,-,2024-06-29
4127,Widget Beta,Services,2059.82,2024-12-09
4128,Control Board,Services,(4650.28),2024-06-27
4129,Control Board,Services,11516.93,2024-03-07
4130,Sensor X1,Software,14722.15,2024-07-16
4131,Sensor X2,Software,2294.3,2024-10-02
4132,Component Z,Hardware,9252.79,2024-12-27
4133,Module B,Hardware,8872.77,2024-05-31
4134,Connector Set,Software,n/a,2024-12-16
4135,Control Board,Software,12292.56,2024-11-15
4136,Gadget Lite,Consulting,442.11,2024-02-19
4137,Module B,Software,(9645.85),2024-10-28
4138,Module B,Consulting,275.52,2024-10-02
4139,Assembly Kit,Services,3798.84,2024-04-03
4140,Sensor X2,Consulting,2677.23,2024-03-26
4141,Gadget Pro,Hardware,"12,583.60",2024-04-05
4142,Sensor X2,Services,7890.4,2024-03-21
4143,Display Panel,Services,$11552.26,2024-06-13
4144,Module A,Hardware,1944.78,2024-09-08
4145,Sensor X1,Electronics,10806.18,2024-06-09
4146,Control Board,Software,3931.88,2024-07-04
4147,Widget Alpha,Hardware,13164.19,2024-03-12
4148,Widget Alpha,Consulting,"1,778.75",2024-09-29
4149,Gadget Pro,Software,"4,604.37",2024-09-12
4150,Component Z,Hardware,8527.96,2024-03-05
4151,Control Board,Consulting,4630.41,2024-11-19
4152,Gadget Lite,Hardware,"6,696.49",2024-04-13
4153,Component Z,Software,"14,770.37",2024-08-14
4154,Widget Gamma,Services,"12,406.78",2024-06-23
4155,Control Board,Hardware,3706.54,2024-10-02
4156,Sensor X2,Hardware,13054.08,2024-11-11
4157,Gadget Lite,Consulting,$1131.64,2024-11-02
4158,Sensor X1,Hardware,8431.53,2024-05-11
4159,Display Panel,Hardware,$2405.11,2024-11-23
4160,Module A,Software,13035.83,2024-09-30
4161,Sensor X1,Consulting,n/a,2024-04-23
4162,Widget Beta,Consulting,5364.67,2024-01-23
4163,Gadget Pro,Software,8760.42,2024-11-06
4164,Module A,Electronics,14097.87,2024-02-25
4165,Assembly Kit,Hardware,$13974.29,2024-11-22
4166,Control Board,Consulting,$14510.05,2024-12-17
4167,Sensor X1,Software,2442.67,2024-04-05
4168,Sensor X1,Services,$2548.38,2024-08-10
4169,Sensor X1,Hardware,4531.11,2024-01-23
4170,Connector Set,Services,160.83,2024-07-17
4171,Gadget Pro,Services,(4289.88),2024-06-10
4172,Component Z,Services,"3,269.01",2024-05-24
4173,Power Unit,Electronics,8954.22,2024-02-26
4174,Module A,Consulting,"2,625.88",2024-01-04
4175,Widget Beta,Software,"13,706.78",2024-02-28
4176,Widget Alpha,Consulting,2386.64,2024-10-15
4177,Widget Gamma,Electronics,"8,975.68",2024-08-31
4178,Widget Gamma,Consulting,"10,403.22",2024-07-11
4179,Component Z,Software,$11984.3,2024-04-03
4180,Sensor X2,Software,12707.49,2024-06-21
4181,Connector Set,Electronics,14038.8,2024-01-26
4182,Power Unit,Services,"13,361.15",2024-01-22
4183,Control Board,Software,11764.12,2024-05-08
4184,Sensor X2,Software,6359.07,2024-03-16
4185,Module A,Electronics,8464.3,2024-02-06
4186,Control Board,Services,null,2024-05-19
4187,Widget Alpha,Services,10187.99,2024-07-03
4188,Gadget Lite,Electronics,,2024-03-08
4189,Gadget Pro,Hardware,10774.67,2024-09-25
4190,Module B,Consulting,11052.1,2024-09-16
4191,Control Board,Electronics,$5882.17,2024-07-04
4192,Gadget Lite,Electronics,$594.51,2024-06-06
4193,Connector Set,Consulting,(14259.14),2024-07-28
4194,Module B,Electronics,13476.73,2024-03-17
4195,Display Panel,Consulting,12437.54,2024-05-05
4196,Widget Beta,Services,$4146.65,2024-03-15
4197,Sensor X1,Software,9703.02,2024-12-18
4198,Power Unit,Software,4465.22,2024-04-08
4199,Widget Gamma,Services,$2318.94,2024-09-01
4200,Connector Set,Software,5262.44,2024-02-04
4201,Gadget Pro,Software,$5238.4,2024-05-12
4202,Connector Set,Hardware,12179.57,2024-01-06
4203,Module A,Hardware,13888.92,2024-11-20
4204,Control Board,Services,10792.76,2024-02-26
4205,Control Board,Electronics,-,2024-07-06
4206,Control Board,Electronics,9161.17,2024-01-01
4207,Component Z,Hardware,3782.32,2024-01-12
4208,Control Board,Electronics,$6332.35,2024-04-02
4209,Sensor X2,Hardware,11754.17,2024-12-01
4210,Gadget Lite,Software,3029.73,2024-10-23
4211,Widget Alpha,Hardware,14569.49,2024-02-02
4212,Widget Alpha,Software,,2024-06-08
4213,Widget Gamma,Hardware,,2024-09-01
4214,Display Panel,Electronics,12929.16,2024-02-26
4215,Component Z,Software,13354.55,2024-08-12
4216,Widget Gamma,Electronics,4421.47,2024-09-25
4217,Widget Alpha,Electronics,1761.86,2024-02-28
4218,Connector Set,Software,12034.84,2024-01-27
4219,Connector Set,Services,"7,633.90",2024-04-27
4220,Assembly Kit,Electronics,$3829.46,2024-12-13
4221,Control Board,Hardware,$12820.76,2024-07-18
4222,Gadget Lite,Hardware,$587.38,2024-02-02
4223,Assembly Kit,Services,13178.98,2024-03-04
4224,Gadget Lite,Software,140.34,2024-06-01
4225,Widget Gamma,Hardware,3079.94,2024-07-02
4226,Gadget Lite,Software,n/a,2024-07-09
4227,Sensor X2,Consulting,13316.83,2024-06-07
4228,Component Z,Consulting,9579.87,2024-08-12
4229,Gadget Pro,Electronics,N/A,2024-08-02
4230,Widget Gamma,Hardware,,2024-12-07
4231,Connector Set,Hardware,$7822.22,2024-05-05
4232,Power Unit,Hardware,-,2024-03-13
4233,Display Panel,Hardware,3946.05,2024-10-29
4234,Connector Set,Hardware,14573.21,2024-03-21
4235,Sensor X2,Electronics,"10,579.84",2024-05-09
4236,Assembly Kit,Services,8525.8,2024-05-18
4237,Power Unit,Consulting,762.86,2024-07-05
4238,Module B,Services,12706.92,2024-09-13
4239,Component Z,Services,$11341.87,2024-03-15
4240,Sensor X2,Software,14358.99,2024-10-04
4241,Component Z,Consulting,13496.61,2024-06-08
4242,Control Board,Services,N/A,2024-05-13
4243,Module B,Software,2413.49,2024-11-01
4244,Widget Beta,Hardware,13323.15,2024-07-02
4245,Widget Gamma,Consulting,6883.75,2024-03-05
4246,Module A,Services,8427.27,2024-11-23
4247,Assembly Kit,Hardware,$14716.03,2024-04-03
4248,Module A,Consulting,,2024-06-07
4249,Module A,Software,12467.94,2024-01-29
4250,Gadget Pro,Software,$11423.97,2024-05-15
4251,Display Panel,Hardware,"7,930.70",2024-12-05
4252,Widget Alpha,Hardware,7419.54,2024-09-18
4253,Control Board,Software,13031.31,2024-01-23
4254,Module A,Hardware,n/a,2024-09-05
4255,Connector Set,Services,12944.05,2024-08-30
4256,Widget Gamma,Consulting,9375.38,2024-05-02
4257,Power Unit,Services,"7,505.97",2024-04-04
4258,Sensor X2,Electronics,,2024-02-29
4259,Assembly Kit,Consulting,13481.27,2024-10-16
4260,Display Panel,Services,"10,967.22",2024-03-15
4261,Control Board,Hardware,7533.17,2024-06-15
4262,Gadget Lite,Consulting,11346.67,2024-02-01
4263,Module B,Consulting,5300.43,2024-10-07
4264,Module B,Electronics,-,2024-06-20
4265,Connector Set,Consulting,5903.38,2024-12-10
4266,Control Board,Electronics,9495.92,2024-10-25
4267,Widget Gamma,Services,N/A,2024-02-11
4268,Widget Beta,Software,4325.49,2024-05-09
4269,Widget Gamma,Services,8259.26,2024-05-09
4270,Control Board,Consulting,"1,193.48",2024-03-22
4271,Widget Gamma,Hardware,175.14,2024-07-16
4272,Widget Beta,Software,12050.76,2024-02-20
4273,Widget Beta,Consulting,10633.26,2024-01-08
4274,Gadget Pro,Services,13891.08,2024-09-28
4275,Control Board,Consulting,3432.63,2024-05-15
4276,Gadget Pro,Electronics,1213.45,2024-11-13
4277,Component Z,Consulting,null,2024-08-24
4278,Widget Beta,Services,1998.36,2024-03-09
4279,Module B,Electronics,13311.52,2024-01-03
4280,Module A,Software,11427.57,2024-07-14
4281,Display Panel,Software,12927.76,2024-12-15
4282,Connector Set,Consulting,"4,052.56",2024-08-08
4283,Gadget Pro,Software,"3,678.87",2024-07-25
4284,Module B,Consulting,734.72,2024-06-18
4285,Assembly Kit,Software,$5485.47,2024-09-27
4286,Gadget Lite,Software,2499.16,2024-11-09
4287,Widget Beta,Hardware,11554.47,2024-02-05
4288,Connector Set,Hardware,11551.01,2024-08-21
4289,Module A,Hardware,"7,127.51",2024-10-02
4290,Module B,Consulting,"10,191.52",2024-08-20
4291,Control Board,Services,11989.98,2024-03-04
4292,Gadget Pro,Software,12446.7,2024-11-16
4293,Module B,Electronics,9549.25,2024-04-22
4294,Gadget Lite,Consulting,2846.13,2024-04-24
4295,Gadget Lite,Consulting,3627.48,2024-05-26
4296,Component Z,Consulting,"2,145.16",2024-03-11
4297,Display Panel,Software,4261.97,2024-04-03
4298,Widget Alpha,Consulting,13409.49,2024-10-27
4299,Gadget Pro,Consulting,$6411.03,2024-07-03
4300,Sensor X1,Hardware,6908.66,2024-08-04
4301,Module B,Hardware,$5554.79,2024-05-26
4302,Widget Alpha,Electronics,$6071.14,2024-10-06
4303,Assembly Kit,Consulting,12200.04,2024-03-07
4304,Assembly Kit,Electronics,"6,944.50",2024-06-18
4305,Sensor X1,Software,-,2024-06-02
4306,Sensor X1,Hardware,13737.96,2024-08-20
4307,Control Board,Consulting,"7,748.13",2024-12-19
4308,Gadget Pro,Hardware,"1,142.98",2024-02-04
4309,Sensor X2,Services,487.95,2024-01-11
4310,Display Panel,Electronics,3199.06,2024-12-09
4311,Display Panel,Consulting,-,2024-03-19
4312,Component Z,Software,3313.8,2024-03-14
4313,Assembly Kit,Hardware,505.75,2024-12-20
4314,Assembly Kit,Electronics,null,2024-06-17
4315,Widget Beta,Hardware,9758.4,2024-06-22
4316,Control Board,Electronics,$13037.77,2024-11-26
4317,Module A,Services,275.43,2024-06-29
4318,Component Z,Software,$12245.94,2024-12-21
4319,Module A,Software,null,2024-08-01
4320,Gadget Lite,Consulting,10040.09,2024-01-22
4321,Gadget Lite,Software,$277.39,2024-07-07
4322,Module A,Hardware,$10235.53,2024-10-21
4323,Power Unit,Services,null,2024-12-02
4324,Module B,Software,8461.82,2024-01-28
4325,Power Unit,Electronics,12068.81,2024-01-21
4326,Sensor X2,Hardware,2792.62,2024-07-04
4327,Connector Set,Consulting,14844.97,2024-12-06
4328,Gadget Lite,Electronics,(14601.26),2024-03-23
4329,Power Unit,Consulting,$14915.93,2024-12-16
4330,Module B,Software,11870.39,2024-10-23
4331,Widget Gamma,Electronics,3393.57,2024-06-18
4332,Widget Alpha,Hardware,(12550.97),2024-03-29
4333,Widget Beta,Hardware,$14017.72,2024-02-02
4334,Power Unit,Hardware,4753.54,2024-11-22
4335,Gadget Pro,Services,$11286.52,2024-04-12
4336,Widget Gamma,Consulting,13976.92,2024-05-05
4337,Sensor X1,Consulting,N/A,2024-04-14
4338,Connector Set,Services,,2024-07-31
4339,Display Panel,Services,n/a,2024-07-10
4340,Display Panel,Software,"4,988.97",2024-05-05
4341,Sensor X2,Consulting,"6,857.07",2024-02-06
4342,Assembly Kit,Hardware,$7642.85,2024-09-18
4343,Component Z,Software,4748.47,2024-06-23
4344,Connector Set,Hardware,689.96,2024-06-11
4345,Gadget Pro,Software,13453.01,2024-05-27
4346,Widget Gamma,Consulting,12261.21,2024-11-30
4347,Sensor X2,Services,5950.47,2024-08-10
4348,Gadget Lite,Services,11012.11,2024-10-20
4349,Connector Set,Software,2742.2,2024-08-03
4350,Control Board,Hardware,"11,704.31",2024-05-15
4351,Power Unit,Electronics,1101.07,2024-07-11
4352,Module B,Electronics,14302.52,2024-10-02
4353,Gadget Pro,Consulting,,2024-12-11
4354,Gadget Pro,Services,12775.92,2024-09-14
4355,Widget Gamma,Software,11837.84,2024-07-27
4356,Widget Gamma,Software,null,2024-04-01
4357,Power Unit,Software,null,2024-09-08
4358,Connector Set,Electronics,3352.17,2024-02-06
4359,Assembly Kit,Software,14112.78,2024-05-17
4360,Connector Set,Software,N/A,2024-09-10
4361,Assembly Kit,Software,(5584.18),2024-04-28
4362,Module B,Software,,2024-09-18
4363,Widget Alpha,Electronics,"8,209.98",2024-11-10
4364,Assembly Kit,Electronics,3820.03,2024-10-19
4365,Widget Gamma,Services,13881.31,2024-07-29
4366,Gadget Pro,Consulting,9929.81,2024-06-09
4367,Sensor X1,Consulting,207.16,2024-03-31
4368,Widget Beta,Consulting,"9,348.43",2024-01-27
4369,Widget Beta,Electronics,5120.56,2024-09-24
4370,Power Unit,Consulting,$11474.93,2024-06-11
4371,Module B,Services,13817.82,2024-07-06
4372,Control Board,Consulting,84.95,2024-04-21
4373,Gadget Pro,Consulting,"12,290.33",2024-09-15
4374,Assembly Kit,Services,13721.49,2024-03-13
4375,Gadget Pro,Software,101.12,2024-06-16
4376,Module B,Services,(12524.5),2024-12-26
4377,Connector Set,Software,1830.75,2024-12-21
4378,Widget Beta,Electronics,14111.49,2024-01-28
4379,Gadget Lite,Services,"7,056.10",2024-10-27
4380,Component Z,Consulting,"4,841.38",2024-09-12
4381,Module A,Electronics,,2024-11-21
4382,Widget Beta,Consulting,(5584.71),2024-07-27
4383,Gadget Lite,Electronics,9419.27,2024-08-09
4384,Display Panel,Hardware,2288.91,2024-01-29
4385,Connector Set,Consulting,12495.32,2024-10-15
4386,Connector Set,Consulting,2265.39,2024-02-21
4387,Power Unit,Hardware,6477.71,2024-12-27
4388,Widget Gamma,Electronics,-,2024-07-27
4389,Assembly Kit,Software,14609.61,2024-07-18
4390,Module B,Services,11506.99,2024-11-28
4391,Connector Set,Electronics,"9,856.39",2024-04-04
4392,Control Board,Software,(10592.69),2024-03-01
4393,Display Panel,Consulting,14109.13,2024-12-14
4394,Control Board,Hardware,1880.61,2024-01-27
4395,Power Unit,Consulting,2172.3,2024-06-23
4396,Gadget Pro,Electronics,14679.48,2024-01-14
4397,Widget Beta,Electronics,5621.07,2024-12-29
4398,Widget Beta,Services,3417.57,2024-10-16
4399,Control Board,Hardware,7986.05,2024-02-23
4400,Power Unit,Consulting,4759.22,2024-03-14
4401,Widget Beta,Hardware,4428.47,2024-05-05
4402,Sensor X1,Hardware,"8,584.83",2024-06-17
4403,Gadget Pro,Consulting,2862.55,2024-10-07
4404,Widget Beta,Services,$4808.6,2024-01-01
4405,Assembly Kit,Hardware,11947.16,2024-01-04
4406,Sensor X1,Software,"10,176.19",2024-06-10
4407,Power Unit,Hardware,7771.45,2024-07-19
4408,Widget Alpha,Services,(10208.91),2024-02-06
4409,Component Z,Electronics,4402.8,2024-04-21
4410,Connector Set,Services,7825.23,2024-01-27
4411,Gadget Pro,Hardware,12525.76,2024-12-07
4412,Module B,Software,N/A,2024-03-29
4413,Module B,Hardware,4478.25,2024-10-27
4414,Module A,Electronics,767.26,2024-09-24
4415,Sensor X2,Software,null,2024-04-28
4416,Display Panel,Electronics,2320.13,2024-01-26
4417,Module A,Software,13562.77,2024-08-12
4418,Display Panel,Services,n/a,2024-08-28
4419,Gadget Lite,Consulting,11553.85,2024-10-22
4420,Assembly Kit,Services,14821.38,2024-08-23
4421,Component Z,Hardware,$5527.6,2024-05-01
4422,Gadget Lite,Consulting,12400.15,2024-03-27
4423,Gadget Pro,Services,"11,277.87",2024-09-29
4424,Sensor X2,Hardware,12911.66,2024-12-24
4425,Power Unit,Consulting,14300.94,2024-10-18
4426,Component Z,Hardware,"12,485.33",2024-04-14
4427,Sensor X2,Hardware,8126.25,2024-12-19
4428,Widget Gamma,Electronics,14550.1,2024-07-18
4429,Assembly Kit,Consulting,$10476.56,2024-10-14
4430,Module B,Hardware,731.83,2024-05-25
4431,Control Board,Hardware,(6255.66),2024-02-15
4432,Sensor X2,Consulting,11254.02,2024-12-13
4433,Sensor X1,Hardware,2169.26,2024-08-21
4434,Control Board,Consulting,5242.56,2024-02-25
4435,Component Z,Software,7527.7,2024-10-02
4436,Gadget Pro,Electronics,829.15,2024-09-16
4437,Connector Set,Hardware,"6,305.42",2024-12-08
4438,Widget Beta,Hardware,13063.6,2024-03-23
4439,Power Unit,Services,(12643.13),2024-11-20
4440,Widget Gamma,Consulting,$9939.16,2024-08-30
4441,Gadget Lite,Electronics,2965.23,2024-04-12
4442,Module A,Software,9118.1,2024-06-18
4443,Sensor X2,Consulting,11029.29,2024-11-28
4444,Gadget Pro,Hardware,2458.97,2024-05-04
4445,Sensor X1,Hardware,13982.61,2024-01-25
4446,Display Panel,Hardware,3773.43,2024-10-08
4447,Connector Set,Software,6039.52,2024-06-18
4448,Gadget Pro,Services,3298.22,2024-06-09
4449,Gadget Pro,Electronics,"3,564.86",2024-09-12
4450,Module A,Electronics,236.14,2024-09-26
4451,Display Panel,Software,(13058.63),2024-11-13
4452,Assembly Kit,Electronics,947.75,2024-03-01
4453,Display Panel,Hardware,"10,220.99",2024-06-19
4454,Widget Gamma,Software,4706.91,2024-01-25
4455,Display Panel,Hardware,10684.9,2024-02-21
4456,Power Unit,Hardware,6593.4,2024-03-23
4457,Power Unit,Hardware,12841.33,2024-05-07
4458,Widget Beta,Electronics,14549.2,2024-09-13
4459,Power Unit,Consulting,n/a,2024-09-11
4460,Gadget Lite,Electronics,1528.34,2024-11-07
4461,Gadget Pro,Software,N/A,2024-02-27
4462,Widget Gamma,Software,,2024-11-24
4463,Connector Set,Software,844.74,2024-06-20
4464,Widget Gamma,Hardware,1178.81,2024-06-07
4465,Component Z,Services,11404.7,2024-03-14
4466,Gadget Pro,Electronics,$12861.53,2024-09-26
4467,Widget Alpha,Electronics,$2930.58,2024-08-14
4468,Sensor X2,Hardware,3670.98,2024-03-23
4469,Sensor X2,Software,,2024-04-06
4470,Gadget Pro,Software,"5,297.17",2024-07-03
4471,Module B,Electronics,9320.34,2024-03-05
4472,Assembly Kit,Services,8382.39,2024-05-05
4473,Component Z,Consulting,11740.1,2024-04-26
4474,Widget Alpha,Consulting,9958.42,2024-08-05
4475,Component Z,Electronics,$14629.82,2024-05-03
4476,Gadget Pro,Services,$12192.41,2024-05-05
4477,Gadget Lite,Hardware,7259.75,2024-12-05
4478,Widget Gamma,Hardware,3608.31,2024-12-25
4479,Power Unit,Hardware,9099.12,2024-04-15
4480,Component Z,Hardware,(1501.25),2024-12-10
4481,Widget Alpha,Software,12989.78,2024-03-13
4482,Power Unit,Hardware,6874.05,2024-01-14
4483,Component Z,Services,6283.39,2024-09-04
4484,Gadget Pro,Services,10217.93,2024-07-14
4485,Component Z,Hardware,$14222.9,2024-09-04
4486,Display Panel,Hardware,"10,417.80",2024-04-09
4487,Gadget Lite,Software,10445.64,2024-02-16
4488,Widget Alpha,Hardware,$12156.66,2024-01-26
4489,Assembly Kit,Electronics,5759.7,2024-03-06
4490,Widget Alpha,Consulting,11304.98,2024-06-15
4491,Module A,Electronics,"8,704.62",2024-06-02
4492,Sensor X1,Services,1732.48,2024-11-14
4493,Module B,Software,null,2024-04-29
4494,Widget Gamma,Services,10778.76,2024-02-20
4495,Sensor X1,Software,"4,737.98",2024-08-10
4496,Module A,Electronics,n/a,2024-05-21
4497,Widget Alpha,Hardware,11368.29,2024-07-11
4498,Connector Set,Consulting,6010.55,2024-08-23
4499,Gadget Lite,Software,1637.68,2024-12-24
4500,Component Z,Electronics,3066.3,2024-01-14
4501,Power Unit,Software,null,2024-03-16
4502,Sensor X2,Services,"13,691.27",2024-05-28
4503,Module B,Consulting,$1472.16,2024-02-11
4504,Power Unit,Software,1347.05,2024-09-07
4505,Widget Beta,Hardware,11388.71,2024-03-28
4506,Sensor X1,Electronics,13099.53,2024-05-08
4507,Sensor X2,Consulting,2288.84,2024-06-23
4508,Widget Alpha,Consulting,null,2024-05-21
4509,Widget Alpha,Hardware,12108.26,2024-11-20
4510,Component Z,Software,$5832.57,2024-04-20
4511,Assembly Kit,Consulting,2629.09,2024-06-16
4512,Module A,Services,$3235.93,2024-04-30
4513,Display Panel,Electronics,7727.67,2024-06-21
4514,Display Panel,Electronics,$6476.6,2024-12-10
4515,Widget Beta,Hardware,N/A,2024-01-11
4516,Module B,Hardware,$8023.33,2024-06-18
4517,Assembly Kit,Consulting,"14,421.75",2024-08-27
4518,Power Unit,Electronics,n/a,2024-01-01
4519,Module B,Software,5493.26,2024-01-13
4520,Module B,Consulting,11288.8,2024-10-09
4521,Gadget Lite,Software,(11349.4),2024-10-31
4522,Gadget Lite,Electronics,,2024-09-24
4523,Connector Set,Consulting,12187.35,2024-02-12
4524,Module B,Hardware,7997.63,2024-04-27
4525,Module B,Electronics,2808.9,2024-07-30
4526,Sensor X2,Consulting,9320.18,2024-07-22
4527,Power Unit,Services,3351.35,2024-01-20
4528,Module A,Software,3641.5,2024-08-02
4529,Gadget Pro,Electronics,10089.0,2024-08-08
4530,Connector Set,Software,14964.98,2024-12-07
4531,Control Board,Consulting,13711.01,2024-10-17
4532,Display Panel,Electronics,14061.95,2024-09-14
4533,Connector Set,Hardware,2786.48,2024-09-07
4534,Widget Beta,Services,13867.97,2024-12-02
4535,Gadget Pro,Electronics,5323.44,2024-07-06
4536,Component Z,Hardware,(182.05),2024-08-27
4537,Connector Set,Services,10401.89,2024-01-13
4538,Sensor X2,Consulting,7702.45,2024-11-19
4539,Widget Gamma,Software,(10242.11),2024-06-19
4540,Component Z,Services,11293.4,2024-04-14
4541,Control Board,Consulting,11852.11,2024-11-28
4542,Control Board,Consulting,8774.41,2024-07-26
4543,Module B,Consulting,10810.27,2024-01-06
4544,Assembly Kit,Software,9566.98,2024-10-18
4545,Control Board,Consulting,"1,747.04",2024-03-29
4546,Widget Beta,Services,$14676.55,2024-10-01
4547,Module B,Hardware,N/A,2024-11-05
4548,Widget Beta,Consulting,(3351.02),2024-09-17
4549,Widget Alpha,Hardware,10848.3,2024-04-26
4550,Widget Beta,Software,1053.5,2024-10-05
4551,Widget Gamma,Software,"10,787.66",2024-11-19
4552,Widget Gamma,Software,13124.97,2024-01-19
4553,Widget Beta,Services,"7,277.20",2024-08-02
4554,Power Unit,Hardware,8499.85,2024-07-24
4555,Connector Set,Consulting,"7,780.39",2024-09-19
4556,Power Unit,Software,"14,661.28",2024-01-17
4557,Sensor X1,Hardware,"11,220.73",2024-05-13
4558,Widget Beta,Hardware,8811.85,2024-12-23
4559,Display Panel,Electronics,N/A,2024-11-15
4560,Connector Set,Hardware,4520.85,2024-02-26
4561,Module B,Electronics,14276.01,2024-02-29
4562,Power Unit,Hardware,564.1,2024-10-24
4563,Control Board,Hardware,2133.88,2024-01-18
4564,Widget Beta,Services,2719.5,2024-11-27
4565,Widget Alpha,Software,6593.22,2024-06-28
4566,Assembly Kit,Electronics,805.72,2024-08-25
4567,Widget Alpha,Software,-,2024-10-19
4568,Gadget Pro,Services,13535.89,2024-05-04
4569,Power Unit,Electronics,5661.02,2024-07-09
4570,Connector Set,Hardware,N/A,2024-02-27
4571,Control Board,Electronics,8320.52,2024-04-11
4572,Module A,Consulting,4067.98,2024-10-09
4573,Gadget Pro,Electronics,8229.2,2024-03-27
4574,Assembly Kit,Consulting,6114.68,2024-10-25
4575,Component Z,Hardware,3436.14,2024-11-04
4576,Assembly Kit,Software,374.62,2024-10-02
4577,Widget Gamma,Consulting,$13920.48,2024-04-21
4578,Widget Alpha,Services,"14,654.16",2024-02-09
4579,Widget Beta,Electronics,"2,900.98",2024-07-15
4580,Assembly Kit,Electronics,"9,259.82",2024-05-09
4581,Widget Beta,Services,7349.82,2024-07-14
4582,Sensor X1,Consulting,"9,986.83",2024-04-02
4583,Display Panel,Software,,2024-09-26
4584,Power Unit,Hardware,12679.92,2024-10-04
4585,Connector Set,Consulting,(3300.83),2024-05-28
4586,Component Z,Services,(10123.81),2024-10-09
4587,Widget Alpha,Electronics,8875.85,2024-10-08
4588,Sensor X1,Software,6813.52,2024-05-10
4589,Power Unit,Electronics,$4920.46,2024-08-09
4590,Widget Gamma,Services,2180.4,2024-01-23
4591,Widget Beta,Services,12777.48,2024-03-30
4592,Module B,Services,$6174.63,2024-07-18
4593,Widget Gamma,Software,5948.57,2024-05-29
4594,Power Unit,Software,2555.98,2024-09-18
4595,Widget Alpha,Services,8297.4,2024-07-03
4596,Power Unit,Software,2920.68,2024-04-21
4597,Gadget Pro,Hardware,9961.41,2024-09-16
4598,Control Board,Software,10426.94,2024-03-31
4599,Component Z,Consulting,$6820.41,2024-10-27
4600,Control Board,Services,11704.05,2024-08-06
4601,Widget Beta,Consulting,5099.96,2024-06-09
4602,Component Z,Services,10956.28,2024-07-28
4603,Gadget Lite,Software,2824.34,2024-07-14
4604,Power Unit,Software,11554.45,2024-10-11
4605,Sensor X2,Electronics,null,2024-10-05
4606,Gadget Lite,Services,6750.12,2024-03-24
4607,Gadget Pro,Hardware,"5,672.38",2024-11-17
4608,Widget Gamma,Electronics,12129.8,2024-05-02
4609,Power Unit,Electronics,-,2024-07-16
4610,Widget Beta,Consulting,"11,941.82",2024-12-07
4611,Component Z,Software,9039.87,2024-06-15
4612,Sensor X2,Services,5266.97,2024-11-25
4613,Gadget Lite,Hardware,13341.4,2024-02-07
4614,Widget Gamma,Services,N/A,2024-06-24
4615,Widget Beta,Consulting,6065.82,2024-01-07
4616,Widget Beta,Consulting,991.21,2024-05-18
4617,Display Panel,Hardware,N/A,2024-08-14
4618,Sensor X2,Hardware,,2024-12-05
4619,Power Unit,Electronics,"2,354.78",2024-01-16
4620,Assembly Kit,Electronics,$326.06,2024-09-15
4621,Power Unit,Electronics,,2024-03-20
4622,Control Board,Software,$4841.93,2024-12-28
4623,Widget Alpha,Hardware,7298.79,2024-12-21
4624,Component Z,Hardware,13443.4,2024-04-23
4625,Gadget Pro,Hardware,$4701.18,2024-10-18
4626,Connector Set,Services,7560.36,2024-08-10
4627,Component Z,Hardware,"12,305.76",2024-05-30
4628,Display Panel,Services,9048.78,2024-09-23
4629,Widget Gamma,Consulting,"12,604.92",2024-02-09
4630,Widget Alpha,Services,4679.56,2024-10-16
4631,Widget Beta,Services,(319.94),2024-02-13
4632,Connector Set,Consulting,$538.06,2024-10-05
4633,Component Z,Services,7816.23,2024-01-14
4634,Module B,Hardware,5103.64,2024-10-06
4635,Connector Set,Consulting,(8179.6),2024-06-15
4636,Assembly Kit,Software,n/a,2024-04-11
4637,Sensor X1,Electronics,"14,526.15",2024-09-07
4638,Widget Beta,Hardware,4139.76,2024-04-15
4639,Sensor X1,Consulting,4347.6,2024-03-27
4640,Widget Beta,Hardware,8546.83,2024-07-04
4641,Gadget Pro,Software,"8,064.33",2024-08-25
4642,Gadget Pro,Electronics,11438.17,2024-01-10
4643,Assembly Kit,Hardware,11848.48,2024-06-14
4644,Component Z,Software,"13,879.59",2024-04-09
4645,Connector Set,Hardware,13394.45,2024-09-13
4646,Widget Alpha,Software,"12,352.77",2024-11-10
4647,Sensor X2,Services,n/a,2024-09-03
4648,Widget Gamma,Software,14762.58,2024-06-27
4649,Module A,Services,1135.84,2024-10-01
4650,Power Unit,Consulting,2407.81,2024-12-08
4651,Component Z,Software,12826.9,2024-05-26
4652,Widget Gamma,Services,n/a,2024-11-13
4653,Gadget Lite,Hardware,12944.78,2024-06-26
4654,Widget Beta,Electronics,(3792.02),2024-11-18
4655,Sensor X1,Consulting,9811.3,2024-03-20
4656,Display Panel,Electronics,(321.96),2024-04-08
4657,Control Board,Consulting,3272.12,2024-10-16
4658,Component Z,Electronics,"6,060.38",2024-07-03
4659,Gadget Lite,Hardware,6246.69,2024-05-04
4660,Component Z,Electronics,"8,786.04",2024-12-17
4661,Sensor X1,Electronics,N/A,2024-01-02
4662,Sensor X2,Electronics,"10,229.30",2024-01-28
4663,Module A,Services,n/a,2024-06-30
4664,Widget Alpha,Electronics,null,2024-06-27
4665,Widget Beta,Software,$7791.02,2024-11-08
4666,Component Z,Services,2618.54,2024-07-27
4667,Assembly Kit,Hardware,"11,934.26",2024-04-30
4668,Assembly Kit,Electronics,13020.03,2024-10-13
4669,Widget Alpha,Software,13519.09,2024-12-10
4670,Module B,Services,759.34,2024-03-17
4671,Power Unit,Software,"12,264.84",2024-10-07
4672,Widget Alpha,Software,-,2024-01-04
4673,Widget Alpha,Electronics,12033.53,2024-04-19
4674,Control Board,Services,"3,403.14",2024-07-22
4675,Connector Set,Services,10444.17,2024-02-15
4676,Widget Beta,Hardware,805.85,2024-05-29
4677,Component Z,Software,"2,848.10",2024-05-05
4678,Sensor X2,Software,565.90,2024-01-15
4679,Widget Gamma,Consulting,6750.77,2024-08-13
4680,Gadget Pro,Software,10083.6,2024-03-06
4681,Gadget Pro,Software,6034.84,2024-06-02
4682,Component Z,Software,6289.97,2024-09-16
4683,Assembly Kit,Software,null,2024-10-15
4684,Module B,Services,2286.36,2024-05-20
4685,Assembly Kit,Software,-,2024-02-18
4686,Power Unit,Consulting,n/a,2024-01-14
4687,Widget Alpha,Electronics,2810.74,2024-12-30
4688,Widget Alpha,Software,$6855.87,2024-10-20
4689,Sensor X2,Services,9250.34,2024-01-11
4690,Assembly Kit,Consulting,null,2024-05-30
4691,Component Z,Hardware,1936.12,2024-05-16
4692,Widget Alpha,Services,11714.65,2024-03-08
4693,Module B,Services,577.27,2024-01-24
4694,Module B,Consulting,12133.22,2024-01-29
4695,Power Unit,Hardware,(2634.72),2024-01-19
4696,Gadget Lite,Hardware,9946.89,2024-08-25
4697,Widget Beta,Consulting,"12,274.55",2024-04-21
4698,Power Unit,Electronics,12793.49,2024-04-22
4699,Widget Beta,Software,13253.78,2024-12-03
4700,Sensor X1,Electronics,11451.41,2024-06-27
4701,Gadget Lite,Services,"12,824.23",2024-02-18
4702,Component Z,Electronics,10138.54,2024-04-14
4703,Display Panel,Hardware,n/a,2024-09-09
4704,Widget Gamma,Electronics,10382.52,2024-04-16
4705,Widget Alpha,Software,14424.29,2024-12-28
4706,Module B,Services,8690.44,2024-10-02
4707,Component Z,Consulting,4788.65,2024-04-10
4708,Assembly Kit,Consulting,9330.98,2024-10-14
4709,Control Board,Electronics,"8,079.43",2024-03-12
4710,Sensor X1,Consulting,11781.97,2024-07-16
4711,Control Board,Electronics,(1812.14),2024-09-16
4712,Sensor X2,Consulting,"14,903.95",2024-07-24
4713,Widget Gamma,Software,1050.69,2024-09-06
4714,Widget Beta,Hardware,,2024-05-15
4715,Assembly Kit,Hardware,4979.06,2024-08-07
4716,Widget Gamma,Hardware,1948.95,2024-05-07
4717,Gadget Lite,Hardware,1058.48,2024-08-15
4718,Module A,Hardware,(983.69),2024-12-28
4719,Power Unit,Electronics,$846.91,2024-05-01
4720,Assembly Kit,Consulting,"12,028.93",2024-03-08
4721,Connector Set,Consulting,2832.48,2024-02-15
4722,Widget Alpha,Services,12654.5,2024-05-26
4723,Sensor X2,Hardware,12733.75,2024-06-16
4724,Module A,Services,$13235.68,2024-11-27
4725,Display Panel,Consulting,10233.37,2024-12-22
4726,Component Z,Services,$8752.87,2024-04-20
4727,Gadget Pro,Software,-,2024-12-15
4728,Widget Beta,Software,603.85,2024-10-20
4729,Widget Alpha,Services,8892.03,2024-06-26
4730,Gadget Pro,Hardware,6359.78,2024-03-13
4731,Component Z,Software,11237.41,2024-10-13
4732,Control Board,Electronics,$7483.72,2024-11-14
4733,Power Unit,Consulting,3671.27,2024-01-29
4734,Connector Set,Consulting,9336.03,2024-05-29
4735,Component Z,Consulting,10097.5,2024-08-06
4736,Widget Beta,Hardware,"8,649.41",2024-04-07
4737,Display Panel,Software,"10,663.67",2024-03-03
4738,Assembly Kit,Services,4107.31,2024-05-21
4739,Module B,Electronics,$3080.5,2024-01-04
4740,Assembly Kit,Software,10818.81,2024-12-19
4741,Module B,Consulting,9623.28,2024-05-06
4742,Gadget Lite,Consulting,5000.1,2024-02-14
4743,Assembly Kit,Hardware,$4550.54,2024-11-20
4744,Connector Set,Services,$5965.74,2024-05-08
4745,Widget Alpha,Electronics,$1470.91,2024-05-04
4746,Power Unit,Electronics,(9401.01),2024-10-01
4747,Control Board,Consulting,14922.5,2024-11-10
4748,Widget Alpha,Services,$1584.76,2024-01-29
4749,Widget Alpha,Consulting,11860.55,2024-12-15
4750,Assembly Kit,Hardware,N/A,2024-11-06
4751,Gadget Lite,Consulting,,2024-12-01
4752,Module B,Software,"10,786.18",2024-08-05
4753,Assembly Kit,Services,10910.44,2024-06-29
4754,Connector Set,Hardware,13991.58,2024-05-25
4755,Widget Gamma,Consulting,"1,739.97",2024-04-26
4756,Component Z,Services,10845.96,2024-03-02
4757,Control Board,Services,6857.5,2024-10-17
4758,Gadget Pro,Software,"7,897.57",2024-08-19
4759,Sensor X2,Software,"12,434.39",2024-05-23
4760,Sensor X1,Software,10844.16,2024-09-11
4761,Connector Set,Services,14354.14,2024-03-06
4762,Gadget Pro,Electronics,(3449.3),2024-10-08
4763,Control Board,Software,N/A,2024-02-01
4764,Display Panel,Services,(1050.15),2024-01-01
4765,Module B,Software,12543.81,2024-12-12
4766,Module A,Software,3206.14,2024-02-03
4767,Module B,Electronics,970.03,2024-01-21
4768,Widget Alpha,Hardware,9990.16,2024-01-10
4769,Control Board,Hardware,(1796.01),2024-06-04
4770,Display Panel,Electronics,,2024-05-22
4771,Connector Set,Consulting,1068.69,2024-12-10
4772,Module B,Electronics,(8201.32),2024-08-23
4773,Control Board,Consulting,"9,470.79",2024-07-01
4774,Gadget Pro,Electronics,12696.53,2024-05-06
4775,Widget Beta,Hardware,881.22,2024-03-09
4776,Assembly Kit,Services,n/a,2024-08-16
4777,Display Panel,Electronics,"11,896.76",2024-09-06
4778,Sensor X1,Services,n/a,2024-03-25
4779,Gadget Pro,Consulting,,2024-12-17
4780,Control Board,Services,$13484.64,2024-11-24
4781,Control Board,Software,"13,383.79",2024-10-21
4782,Widget Alpha,Hardware,"7,730.24",2024-03-09
4783,Sensor X1,Consulting,12892.76,2024-09-23
4784,Widget Alpha,Hardware,9378.74,2024-02-03
4785,Component Z,Consulting,null,2024-03-18
4786,Widget Beta,Software,$1239.85,2024-08-13
4787,Sensor X1,Hardware,13572.82,2024-12-16
4788,Assembly Kit,Services,7547.72,2024-09-11
4789,Widget Alpha,Software,N/A,2024-08-03
4790,Power Unit,Software,3810.73,2024-11-14
4791,Widget Gamma,Electronics,$11560.49,2024-03-25
4792,Widget Alpha,Electronics,9720.07,2024-05-05
4793,Sensor X2,Software,null,2024-07-19
4794,Power Unit,Services,1169.43,2024-03-30
4795,Widget Gamma,Services,4620.83,2024-12-06
4796,Widget Beta,Consulting,2328.08,2024-08-08
4797,Sensor X1,Hardware,9373.55,2024-04-07
4798,Gadget Pro,Software,null,2024-03-10
4799,Module B,Hardware,7857.14,2024-02-08
4800,Widget Gamma,Electronics,14675.73,2024-11-09
4801,Connector Set,Software,5593.53,2024-06-05
4802,Component Z,Hardware,12702.11,2024-12-27
4803,Power Unit,Software,(1134.91),2024-06-28
4804,Control Board,Electronics,4232.18,2024-01-17
4805,Widget Gamma,Consulting,6169.36,2024-10-28
4806,Gadget Lite,Services,14411.33,2024-05-05
4807,Module A,Services,"14,536.20",2024-05-20
4808,Module A,Hardware,$3158.28,2024-07-07
4809,Display Panel,Hardware,12835.66,2024-01-25
4810,Gadget Lite,Consulting,2445.67,2024-07-08
4811,Control Board,Software,(7394.02),2024-11-05
4812,Connector Set,Consulting,10460.66,2024-03-26
4813,Widget Gamma,Software,$1064.49,2024-02-17
4814,Control Board,Electronics,12979.92,2024-11-10
4815,Control Board,Hardware,N/A,2024-05-25
4816,Assembly Kit,Services,4202.55,2024-10-17
4817,Widget Alpha,Consulting,n/a,2024-10-20
4818,Sensor X1,Software,5812.13,2024-10-01
4819,Sensor X2,Software,2051.76,2024-11-27
4820,Widget Gamma,Hardware,10548.97,2024-08-29
4821,Widget Beta,Software,9402.32,2024-01-15
4822,Connector Set,Consulting,6270.53,2024-01-03
4823,Widget Gamma,Services,7707.18,2024-08-29
4824,Connector Set,Software,7958.12,2024-05-17
4825,Widget Beta,Software,(528.93),2024-11-29
4826,Widget Beta,Software,"7,959.23",2024-07-14
4827,Gadget Lite,Services,$7730.76,2024-01-30
4828,Widget Beta,Services,11322.25,2024-11-11
4829,Module B,Software,$4204.94,2024-06-13
4830,Power Unit,Electronics,3128.62,2024-07-14
4831,Component Z,Consulting,"8,092.78",2024-01-14
4832,Sensor X2,Services,$14648.87,2024-01-23
4833,Widget Gamma,Hardware,4782.16,2024-01-11
4834,Widget Beta,Software,1788.92,2024-03-01
4835,Assembly Kit,Electronics,3964.9,2024-01-16
4836,Module A,Services,$883.21,2024-03-01
4837,Component Z,Electronics,8957.76,2024-05-21
4838,Power Unit,Electronics,13359.7,2024-08-15
4839,Component Z,Hardware,$2151.8,2024-05-07
4840,Module B,Services,n/a,2024-06-08
4841,Component Z,Electronics,7900.9,2024-08-08
4842,Sensor X2,Consulting,12279.54,2024-08-03
4843,Module B,Consulting,9500.27,2024-05-29
4844,Module A,Software,428.87,2024-09-22
4845,Module A,Electronics,9424.01,2024-09-22
4846,Gadget Lite,Services,143.35,2024-05-08
4847,Widget Gamma,Software,3669.0,2024-01-14
4848,Control Board,Electronics,6234.65,2024-04-17
4849,Gadget Pro,Consulting,12697.61,2024-03-31
4850,Component Z,Consulting,null,2024-03-10
4851,Widget Beta,Electronics,7620.79,2024-05-08
4852,Widget Beta,Hardware,5439.66,2024-08-16
4853,Widget Beta,Hardware,4587.08,2024-11-01
4854,Sensor X1,Services,$6071.1,2024-07-30
4855,Widget Alpha,Electronics,1298.68,2024-07-21
4856,Assembly Kit,Hardware,6396.43,2024-01-23
4857,Component Z,Electronics,159.28,2024-11-15
4858,Power Unit,Services,13516.39,2024-04-13
4859,Widget Beta,Electronics,"3,594.21",2024-11-10
4860,Assembly Kit,Hardware,3579.42,2024-10-23
4861,Widget Gamma,Electronics,5541.0,2024-09-02
4862,Control Board,Electronics,$11836.35,2024-11-15
4863,Widget Alpha,Consulting,-,2024-01-17
4864,Gadget Pro,Software,8823.96,2024-02-01
4865,Gadget Pro,Software,8371.52,2024-10-20
4866,Sensor X2,Software,$4018.5,2024-08-07
4867,Gadget Lite,Consulting,11380.8,2024-05-07
4868,Sensor X1,Services,4318.5,2024-12-27
4869,Control Board,Hardware,2583.68,2024-08-31
4870,Power Unit,Software,8194.87,2024-05-25
4871,Gadget Pro,Services,2888.62,2024-01-15
4872,Gadget Pro,Software,9817.7,2024-05-14
4873,Widget Gamma,Hardware,10093.74,2024-06-08
4874,Assembly Kit,Consulting,N/A,2024-01-08
4875,Module A,Software,(806.77),2024-09-03
4876,Widget Gamma,Software,"8,669.75",2024-11-05
4877,Sensor X1,Software,14142.3,2024-07-21
4878,Control Board,Hardware,$5298.1,2024-10-26
4879,Widget Beta,Consulting,"8,590.82",2024-06-09
4880,Connector Set,Hardware,13467.73,2024-10-22
4881,Widget Gamma,Consulting,864.29,2024-02-17
4882,Sensor X1,Electronics,"13,696.30",2024-09-11
4883,Display Panel,Hardware,$8039.96,2024-07-20
4884,Display Panel,Consulting,14289.51,2024-10-19
4885,Sensor X2,Hardware,12619.84,2024-05-31
4886,Widget Alpha,Software,"11,057.26",2024-05-10
4887,Gadget Pro,Electronics,"4,150.14",2024-11-11
4888,Component Z,Electronics,1258.56,2024-10-13
4889,Connector Set,Electronics,104.58,2024-01-13
4890,Control Board,Electronics,,2024-04-06
4891,Widget Beta,Consulting,1512.87,2024-03-15
4892,Assembly Kit,Hardware,7898.93,2024-06-03
4893,Gadget Lite,Software,11179.83,2024-04-11
4894,Gadget Pro,Software,$11929.53,2024-08-12
4895,Gadget Pro,Software,13694.26,2024-06-17
4896,Widget Gamma,Consulting,(3741.07),2024-05-09
4897,Sensor X1,Software,14835.75,2024-05-17
4898,Connector Set,Consulting,11032.97,2024-08-28
4899,Widget Alpha,Hardware,3974.88,2024-06-18
4900,Sensor X1,Software,9766.16,2024-10-05
4901,Gadget Lite,Software,7797.24,2024-04-15
4902,Module A,Software,12115.51,2024-09-30
4903,Gadget Pro,Hardware,608.89,2024-12-19
4904,Widget Beta,Consulting,2173.24,2024-05-26
4905,Widget Gamma,Hardware,"8,060.64",2024-07-09
4906,Widget Beta,Services,11768.85,2024-10-23
4907,Display Panel,Electronics,"13,631.49",2024-06-12
4908,Component Z,Software,7865.81,2024-06-24
4909,Power Unit,Hardware,(11673.59),2024-06-17
4910,Sensor X2,Software,$3268.97,2024-06-11
4911,Power Unit,Electronics,7739.07,2024-07-06
4912,Gadget Lite,Electronics,(9086.43),2024-11-09
4913,Widget Beta,Consulting,"1,450.36",2024-09-24
4914,Widget Gamma,Services,8605.92,2024-05-08
4915,Sensor X1,Electronics,"13,233.70",2024-11-20
4916,Gadget Lite,Hardware,11813.05,2024-12-21
4917,Widget Alpha,Electronics,"5,757.80",2024-11-16
4918,Power Unit,Software,1255.43,2024-10-17
4919,Component Z,Hardware,1647.49,2024-03-11
4920,Module B,Software,12112.75,2024-09-14
4921,Widget Alpha,Consulting,11638.88,2024-11-21
4922,Widget Gamma,Hardware,9797.35,2024-11-12
4923,Gadget Lite,Hardware,$6950.22,2024-01-07
4924,Widget Gamma,Electronics,"6,029.93",2024-03-18
4925,Sensor X1,Software,8736.32,2024-04-28
4926,Control Board,Services,10724.07,2024-04-23
4927,Control Board,Services,"1,881.25",2024-04-04
4928,Gadget Pro,Software,5928.58,2024-10-22
4929,Gadget Lite,Services,14096.35,2024-04-21
4930,Assembly Kit,Electronics,11330.9,2024-02-06
4931,Widget Beta,Software,3797.64,2024-11-24
4932,Module A,Consulting,6532.32,2024-10-04
4933,Assembly Kit,Services,11174.95,2024-01-26
4934,Module B,Software,n/a,2024-10-19
4935,Sensor X2,Electronics,(9784.42),2024-11-10
4936,Control Board,Hardware,539.76,2024-03-13
4937,Module B,Electronics,1616.46,2024-01-17
4938,Widget Beta,Services,"11,066.72",2024-06-06
4939,Widget Gamma,Software,8697.86,2024-11-08
4940,Gadget Pro,Hardware,8446.39,2024-11-26
4941,Widget Gamma,Consulting,14796.72,2024-05-07
4942,Widget Alpha,Consulting,null,2024-01-26
4943,Gadget Pro,Services,846.27,2024-11-14
4944,Control Board,Services,N/A,2024-05-27
4945,Gadget Lite,Electronics,1047.1,2024-08-11
4946,Assembly Kit,Consulting,"5,833.03",2024-03-05
4947,Widget Beta,Hardware,-,2024-05-08
4948,Power Unit,Software,"4,696.69",2024-12-18
4949,Sensor X1,Electronics,1972.22,2024-03-11
4950,Module A,Electronics,"11,425.87",2024-09-03
4951,Sensor X1,Software,4166.25,2024-07-01
4952,Control Board,Services,$3431.05,2024-03-04
4953,Display Panel,Services,9652.12,2024-11-01
4954,Module A,Consulting,-,2024-11-06
4955,Gadget Lite,Software,$12404.47,2024-04-26
4956,Control Board,Software,"12,316.09",2024-01-24
4957,Display Panel,Services,6551.41,2024-02-03
4958,Widget Beta,Hardware,"9,729.01",2024-05-01
4959,Sensor X1,Consulting,$7907.64,2024-07-13
4960,Widget Alpha,Electronics,14794.12,2024-01-09
4961,Control Board,Consulting,6172.64,2024-06-19
4962,Component Z,Services,,2024-10-31
4963,Gadget Pro,Hardware,3665.05,2024-01-15
4964,Display Panel,Services,9980.69,2024-11-22
4965,Control Board,Hardware,9630.53,2024-07-17
4966,Sensor X1,Software,14928.22,2024-05-13
4967,Module B,Hardware,"2,768.60",2024-03-29
4968,Module B,Consulting,N/A,2024-03-06
4969,Module A,Consulting,-,2024-06-01
4970,Module A,Consulting,(5195.35),2024-10-20
4971,Module A,Software,$13002.35,2024-02-12
4972,Module A,Hardware,7102.03,2024-11-17
4973,Sensor X2,Software,(12176.29),2024-09-22
4974,Widget Alpha,Consulting,2734.66,2024-12-28
4975,Gadget Lite,Electronics,(81.1),2024-03-18
4976,Sensor X1,Consulting,N/A,2024-01-25
4977,Module B,Electronics,"4,224.12",2024-01-31
4978,Assembly Kit,Hardware,11778.07,2024-07-06
4979,Widget Beta,Software,"4,566.07",2024-05-31
4980,Module B,Software,"11,372.29",2024-01-11
4981,Gadget Lite,Services,9949.19,2024-01-20
4982,Widget Beta,Services,6950.1,2024-08-11
4983,Module B,Hardware,$10510.55,2024-08-13
4984,Widget Alpha,Consulting,9990.82,2024-10-31
4985,Sensor X2,Consulting,7311.61,2024-10-26
4986,Module A,Software,10613.4,2024-06-16
4987,Control Board,Consulting,"5,903.16",2024-01-20
4988,Power Unit,Electronics,1692.25,2024-05-03
4989,Widget Beta,Software,$2813.21,2024-04-13
4990,Sensor X1,Software,$12182.54,2024-07-06
4991,Widget Alpha,Hardware,6369.39,2024-08-20
4992,Assembly Kit,Electronics,$14123.68,2024-07-24
4993,Gadget Pro,Software,(12116.91),2024-08-26
4994,Power Unit,Services,10739.47,2024-07-01
4995,Connector Set,Consulting,$14255.13,2024-03-02
4996,Component Z,Hardware,"8,628.42",2024-07-18
4997,Gadget Lite,Software,"14,835.23",2024-05-29
4998,Widget Beta,Consulting,"7,027.13",2024-09-02
4999,Component Z,Electronics,4323.83,2024-10-09
5000,Display Panel,Services,4760.23,2024-08-14
