sale_id,region,product,amount,date,notes
1,North​,Widget,"1,698.04",2024-06-13,
2, west ,Gadget,1008.21,2024-07-04,legacy
3,e,Gadget,78.05,2024-01-23,ok
4,None,Thingamajig," 2,469.95 ",2024-09-01,
5, east⁠ ,Widget,524.31,2024-02-26,ok
6,﻿North,Thingamajig,+969.58,2024-08-27,
7,East​,Doohickey," 1,917.32 ",2024-07-23,
8,South,Thingamajig,"+1,480.06",2024-10-27,ok
9,WEST,Thingamajig,"$1,430.96",2024-06-10,import
10,East​,Thingamajig,$389.78,2024-10-21,ok
11,East​,Gadget,"+2,381.04",2024-09-13,import
12, north⁠ ,Doohickey,+809.66,2024-11-02,ok
13, east⁠ ,Gadget, 564.44 ,2024-05-17,
14,EAST ,Gadget,"1,142.39",2024-12-11,import
15,southern,Gadget,$362.78,2024-07-08,
16,SOUTH,Gadget,"+2,081.49",2024-11-14,import
17,South​,Gadget,"+2,104.83",2024-01-25,import
18,South​,Doohickey,"$2,375.58",2024-06-09,
19,None,Doohickey,+396.47,2024-10-20,legacy
20, west⁠ ,Gadget,313.69,2024-05-28,
21,West​,Widget,"1,941.82",2024-02-06,import
22, west⁠ ,Widget,2084.04,2024-11-19,
23,NA,Thingamajig,"$1,990.84",2024-04-21,
24,South​,Thingamajig,"$1,464.58",2024-11-11,ok
25,null,Widget,1208.09,2024-09-24,
26,Ｎｏｒｔｈ,Doohickey,396.28,2024-06-14,
27, ,Widget,"$2,303.05",2024-09-14,legacy
28,northern,Thingamajig,2353.00,2024-09-01,ok
29,northern,Thingamajig,1209.80,2024-05-04,legacy
30,E,Widget,"$1,641.56",2024-01-22,
31,,Gadget, 802.84 ,2024-12-12,
32,WEST,Gadget,934.47,2024-05-01,legacy
33,​,Widget,"1,236.44",2024-07-24,import
34,e,Widget,"$1,801.86",2024-07-27,
35,n,Widget,988.46,2024-09-27,
36,West,Thingamajig,1289.74,2024-03-01,ok
37,WEST,Widget,393.38,2024-03-23,
38, east⁠ ,Gadget,+408.15,2024-02-18,
39, east,Widget,"1,730.94",2024-06-07,import
40,e,Gadget," 1,518.20 ",2024-06-28,
41,E,Thingamajig,579.65,2024-11-06,
42,NORTH,Widget,969.03,2024-11-07,
43, south⁠ ,Gadget,797.74,2024-08-17,legacy
44,northern,Doohickey," 1,604.14 ",2024-03-27,
45, west⁠ ,Thingamajig,2399.55,2024-02-19,
46,S,Thingamajig,$688.80,2024-03-01,legacy
47,n,Widget,"+2,434.56",2024-06-21,ok
48,North​,Thingamajig,"$1,363.87",2024-04-20,
49,East,Thingamajig,"+1,217.07",2024-11-26,
50,East​,Doohickey,"2,419.52",2024-03-13,legacy
51,EAST ,Gadget,"2,008.27",2024-10-21,
52,WEST,Widget,"$2,354.61",2024-02-14,legacy
53,N,Gadget,"$1,251.80",2024-06-09,
54,S,Gadget,"$1,389.60",2024-08-15,import
55,n,Gadget, 613.67 ,2024-11-06,import
56,e,Thingamajig,714.11,2024-07-05,
57,western,Doohickey,$709.03,2024-02-25,legacy
58, north ,Gadget, 418.77 ,2024-07-22,import
59,Ｎｏｒｔｈ,Thingamajig,"$1,490.04",2024-03-12,legacy
60,West​,Doohickey,919.89,2024-02-14,
61, east⁠ ,Doohickey,$128.14,2024-11-14,
62,South,Thingamajig,"1,298.49",2024-04-17,
63,,Widget,"+1,213.20",2024-04-03,
64,West,Thingamajig," 2,372.85 ",2024-08-24,ok
65,Ｗｅｓｔ,Doohickey,353.57,2024-02-13,
66,﻿,Gadget, 983.27 ,2024-09-17,ok
67,West​,Widget," 1,051.80 ",2024-07-22,ok
68,Ｅａｓｔ,Doohickey,"+1,974.72",2024-01-06,
69,North,Gadget,$308.56,2024-10-10,
70, UnKnown ,Thingamajig," 1,415.54 ",2024-10-09,
71,NA,Thingamajig, 280.69 ,2024-10-10,ok
72,None,Thingamajig,477.27,2024-08-20,
73,   ,Gadget,$192.72,2024-06-25,
74,NA,Gadget," 2,492.63 ",2024-09-28,
75, ,Thingamajig,378.35,2024-01-04,
76,﻿North,Gadget, 289.25 ,2024-07-07,
77,northern,Widget,"$1,372.01",2024-04-12,import
78,southern,Gadget,(567.91),2024-10-24,import
79,western,Widget,"$1,155.48",2024-05-28,ok
80,n,Widget," 1,047.16 ",2024-02-06,
81,SOUTH,Doohickey,"$1,056.87",2024-03-18,legacy
82,East​,Widget," 1,303.88 ",2024-03-04,import
83,Ｅａｓｔ,Thingamajig,"$2,018.80",2024-02-05,
84,Ｗｅｓｔ,Doohickey, 923.07 ,2024-11-26,
85,e,Widget,235.37,2024-06-14,import
86,None,Widget,5.46,2024-08-02,legacy
87,e,Doohickey,1736.63,2024-12-13,legacy
88,n,Widget,378.80,2024-05-26,ok
89,Ｗｅｓｔ,Widget,1100.16,2024-07-02,import
90, north ,Doohickey,"1,331.18",2024-02-09,
91,Ｎｏｒｔｈ,Gadget,+287.75,2024-07-20,import
92, east⁠ ,Thingamajig,"$1,745.02",2024-01-23,
93,﻿South,Doohickey, 661.45 ,2024-06-05,import
94,None,Widget,"$1,648.65",2024-05-03,import
95,e,Thingamajig,1447.95,2024-01-20,ok
96,SOUTH,Doohickey," 1,405.38 ",2024-06-05,
97,s,Widget,$544.70,2024-03-01,
98,Ｅａｓｔ,Gadget,"1,589.87",2024-01-01,
99,South,Gadget," 1,925.95 ",2024-11-09,
100,SOUTH,Doohickey,(498.45),2024-08-05,
101,e,Doohickey,557.79,2024-06-06,ok
102,s,Widget," 2,121.11 ",2024-05-09,
103,W,Thingamajig,1453.25,2024-02-07,legacy
104,﻿North,Widget,844.51,2024-06-06,legacy
105,e,Thingamajig,874.42,2024-03-06,
106,eastern,Widget,1498.43,2024-07-06,
107, south⁠ ,Thingamajig," 2,190.26 ",2024-03-11,ok
108,East,Gadget,309.76,2024-04-09,
109,West,Gadget," 2,372.72 ",2024-04-11,
110,S,Widget,"+2,217.00",2024-12-02,import
111,n,Widget,"$1,047.39",2024-10-27,import
112,NA,Gadget,"+1,103.71",2024-01-02,
113, south ,Gadget,971.51,2024-01-16,
114, west⁠ ,Doohickey," 1,294.21 ",2024-06-15,
115,w,Gadget,1206.63,2024-05-24,
116, south ,Widget,$725.44,2024-01-20,
117, east⁠ ,Gadget,"($1,910.62)",2024-05-23,
118,,Widget,"$1,974.38",2024-08-27,ok
119,s,Doohickey,+309.08,2024-10-25,
120,unknown,Thingamajig,1938.66,2024-04-18,
121,North,Doohickey,823.20,2024-10-19,
122,Ｓｏｕｔｈ,Gadget,$416.14,2024-08-10,
123,E,Thingamajig,"1,294.36",2024-10-10,
124,southern,Thingamajig," 1,403.93 ",2024-04-08,ok
125,﻿South,Thingamajig,"1,632.88",2024-11-25,import
126, west ,Thingamajig,1404.95,2024-06-13,ok
127,western,Widget,+288.42,2024-07-20,import
128,western,Thingamajig,"2,250.40",2024-08-02,
129,W,Gadget,2421.98,2024-12-20,
130,﻿South,Thingamajig, 194.69 ,2024-01-16,import
131, north⁠ ,Doohickey,"+1,599.02",2024-10-11,
132,﻿East,Doohickey,$263.05,2024-10-15,
133,North,Widget,"+1,779.29",2024-09-19,legacy
134,﻿West,Doohickey,"(1,074.64)",2024-04-21,
135, east,Widget,(220.83),2024-04-20,ok
136,﻿East,Widget,$739.26,2024-10-12,import
137,WEST,Doohickey,+302.11,2024-10-04,import
138, north⁠ ,Gadget,"$2,481.18",2024-10-20,import
139,N,Thingamajig,2449.40,2024-12-22,
140,﻿South,Widget," 2,251.72 ",2024-05-10,import
141,East​,Thingamajig,423.62,2024-06-03,ok
142,West​,Thingamajig,"2,134.61",2024-03-02,import
143,southern,Doohickey, 91.90 ,2024-11-14,import
144, south ,Gadget,1060.75,2024-06-09,ok
145,North,Thingamajig,"1,046.25",2024-05-13,
146,West​,Doohickey,578.81,2024-10-27,legacy
147,Ｓｏｕｔｈ,Thingamajig," 1,966.18 ",2024-09-09,import
148,Ｓｏｕｔｈ,Doohickey,"1,659.88",2024-07-19,legacy
149, south ,Widget,234.61,2024-07-20,legacy
150,West​,Thingamajig,"1,174.95",2024-07-15,legacy
151,western,Gadget,943.91,2024-09-19,ok
152, north ,Widget, 808.63 ,2024-07-22,legacy
153,w,Gadget, 266.93 ,2024-12-01,import
154,southern,Thingamajig,"+1,927.09",2024-05-09,legacy
155,﻿East,Doohickey,"$1,595.22",2024-03-15,import
156,NA,Widget," 1,760.78 ",2024-10-09,
157, west ,Doohickey,"+2,343.77",2024-12-17,ok
158,s,Doohickey,"$1,204.44",2024-07-06,ok
159,﻿East,Widget," 1,210.40 ",2024-10-14,
160, north ,Thingamajig,"$1,042.47",2024-04-08,legacy
161,Ｅａｓｔ,Thingamajig,"+1,825.44",2024-02-10,legacy
162,﻿North,Gadget,"($2,276.43)",2024-09-13,ok
163, ,Gadget,"(1,518.88)",2024-08-18,ok
164, west ,Widget,"2,023.80",2024-02-14,legacy
165,Ｗｅｓｔ,Doohickey,"(2,188.81)",2024-08-13,
166, south⁠ ,Thingamajig,"$1,343.73",2024-05-02,legacy
167, south⁠ ,Gadget," 2,440.70 ",2024-08-28,import
168,s,Widget,+95.54,2024-05-15,legacy
169,West​,Doohickey," 1,414.60 ",2024-08-24,
170, south⁠ ,Doohickey,141.67,2024-06-14,ok
171,w,Doohickey,2264.00,2024-04-05,
172,​,Doohickey,"(2,136.41)",2024-07-23,
173,Ｗｅｓｔ,Doohickey,+23.68,2024-12-14,
174,s,Widget,+173.20,2024-08-09,ok
175,Ｎｏｒｔｈ,Widget,"$1,116.82",2024-07-21,
176,w,Thingamajig," 1,429.90 ",2024-06-21,ok
177,﻿East,Thingamajig,$559.40,2024-04-27,legacy
178,Ｗｅｓｔ,Thingamajig,$674.48,2024-03-06,import
179, east,Thingamajig,"+1,561.15",2024-02-04,legacy
180,NA,Doohickey,"$1,727.43",2024-08-01,legacy
181,West,Gadget," 1,298.78 ",2024-04-07,ok
182,WEST,Thingamajig,"2,446.42",2024-04-15,
183, north⁠ ,Doohickey,"+1,927.53",2024-06-02,
184,s,Gadget,2469.95,2024-05-13,
185,null,Gadget,+500.68,2024-01-07,legacy
186,Ｎｏｒｔｈ,Widget," 1,248.86 ",2024-11-06,ok
187,western,Doohickey,$551.62,2024-07-02,import
188,WEST,Gadget,+584.65,2024-02-01,
189,East​,Doohickey,"+2,403.09",2024-12-18,ok
190,S,Widget,665.90,2024-07-15,legacy
191,EAST ,Widget,$371.22,2024-12-16,ok
192,southern,Thingamajig,"+2,272.38",2024-10-10,ok
193, west⁠ ,Doohickey,$501.02,2024-07-22,ok
194, north ,Thingamajig,$68.40,2024-05-13,
195,South,Gadget,"(1,552.48)",2024-01-14,legacy
196,﻿East,Gadget,2168.13,2024-04-21,
197,NORTH,Widget,+610.10,2024-01-21,
198, north⁠ ,Widget,"1,074.21",2024-06-18,ok
199,s,Gadget,184.16,2024-08-15,
200,northern,Thingamajig," 1,146.12 ",2024-03-25,
201,﻿North,Gadget,"$1,107.29",2024-11-18,legacy
202,w,Doohickey,"1,278.31",2024-09-15,
203,Ｓｏｕｔｈ,Widget,"1,044.55",2024-04-24,legacy
204,southern,Widget," 1,904.01 ",2024-02-27,
205,NULL,Doohickey,"$1,210.62",2024-05-17,import
206,Ｗｅｓｔ,Thingamajig,"$1,378.71",2024-06-16,ok
207,﻿East,Gadget,"+1,234.83",2024-11-20,legacy
208,EAST ,Gadget,1847.82,2024-06-09,ok
209,Ｓｏｕｔｈ,Widget, 321.82 ,2024-07-21,legacy
210,South,Doohickey," 1,919.68 ",2024-08-08,
211,WEST,Thingamajig,1910.63,2024-02-05,
212,﻿South,Gadget,1674.17,2024-03-26,ok
213,southern,Widget,2311.51,2024-08-25,
214,NULL,Widget,+800.81,2024-02-10,
215,southern,Thingamajig,(785.58),2024-07-11,import
216,Ｗｅｓｔ,Widget,"+1,285.19",2024-05-25,legacy
217,s,Gadget,+147.01,2024-07-24,
218,unk,Doohickey,571.37,2024-10-06,ok
219,e,Thingamajig,$148.66,2024-10-03,
220,southern,Widget,+906.01,2024-01-18,import
221,null,Doohickey," 1,002.93 ",2024-04-16,
222,Ｅａｓｔ,Thingamajig,700.27,2024-12-07,ok
223,SOUTH,Gadget,$39.98,2024-09-14,
224,West​,Doohickey," 2,304.14 ",2024-11-26,
225,Ｅａｓｔ,Gadget,+570.41,2024-03-20,
226,WEST,Gadget," 1,611.38 ",2024-11-28,
227,﻿East,Widget,2144.35,2024-10-08,
228,SOUTH,Widget,2047.96,2024-12-23,
229,South,Gadget,485.58,2024-03-28,
230, west ,Doohickey,"$1,857.13",2024-05-22,
231,n/a,Thingamajig,"1,074.47",2024-08-12,legacy
232,n/a,Thingamajig,"+1,009.09",2024-12-02,
233,﻿North,Thingamajig,836.07,2024-04-16,legacy
234,None,Doohickey,234.96,2024-11-08,legacy
235,,Gadget,"2,266.26",2024-11-01,
236,North,Doohickey," 1,076.39 ",2024-03-23,ok
237,North,Thingamajig,"(1,928.24)",2024-10-14,ok
238,Ｅａｓｔ,Widget,"+1,450.34",2024-10-02,legacy
239,NORTH,Gadget,"$1,205.85",2024-09-27,ok
240,Ｅａｓｔ,Thingamajig,$522.45,2024-01-21,
241,﻿West,Widget,"$2,049.93",2024-09-26,
242,w,Thingamajig,$361.99,2024-06-08,import
243, east⁠ ,Gadget, 321.40 ,2024-07-23,
244,​,Thingamajig,338.96,2024-01-09,legacy
245,EAST ,Widget, 317.13 ,2024-10-10,
246,​,Gadget,$410.24,2024-04-26,
247,Ｓｏｕｔｈ,Gadget,2306.26,2024-12-21,legacy
248, west ,Thingamajig," 2,395.25 ",2024-09-14,
249,Ｎｏｒｔｈ,Thingamajig,"+1,332.06",2024-11-28,import
250,   ,Widget,$115.24,2024-08-21,import
251,WEST,Gadget," 1,659.85 ",2024-11-18,import
252,South,Thingamajig," 1,325.24 ",2024-02-05,import
253,western,Gadget,1692.10,2024-01-08,legacy
254,South,Widget,1164.16,2024-10-24,
255,E,Widget,"+1,354.61",2024-03-26,ok
256,Ｅａｓｔ,Gadget,"+1,009.64",2024-10-26,ok
257,N,Gadget,"2,276.28",2024-06-14,
258,EAST ,Widget,"$1,200.16",2024-03-03,ok
259,South​,Thingamajig,"$2,316.45",2024-10-18,ok
260,N,Gadget," 2,422.01 ",2024-02-11,legacy
261,South​,Gadget,2030.98,2024-02-16,
262,East,Widget," 1,639.74 ",2024-05-12,ok
263,Ｗｅｓｔ,Gadget," 1,744.75 ",2024-12-22,
264, east,Thingamajig,"2,387.49",2024-06-11,ok
265, west ,Widget,2149.23,2024-07-23,import
266,Ｗｅｓｔ,Gadget,$851.88,2024-09-03,
267,null,Doohickey," 1,255.06 ",2024-06-09,import
268,null,Widget,"$1,243.28",2024-09-04,ok
269,South,Widget,411.90,2024-06-17,ok
270,﻿South,Doohickey,"1,834.30",2024-12-12,
271, west ,Widget,(340.77),2024-12-27,ok
272,W,Doohickey,405.84,2024-08-14,legacy
273,﻿West,Gadget, 661.51 ,2024-09-23,
274,WEST,Thingamajig,"+1,021.90",2024-06-27,
275,South,Doohickey,"$1,589.52",2024-05-05,
276,unk,Thingamajig,28.15,2024-12-09,
277,N,Widget,477.78,2024-06-18,
278,EAST ,Widget,"1,062.85",2024-03-25,legacy
279, west⁠ ,Thingamajig,"$2,218.76",2024-12-20,
280,﻿West,Widget," 1,094.98 ",2024-12-01,legacy
281,North​,Doohickey,(782.76),2024-01-26,legacy
282,N,Gadget,1444.11,2024-01-28,
283,SOUTH,Gadget,"1,747.84",2024-05-07,ok
284,   ,Doohickey,"2,402.07",2024-02-05,ok
285,South,Doohickey,392.64,2024-03-20,
286, south⁠ ,Doohickey," 2,309.38 ",2024-07-22,ok
287,East,Doohickey,681.85,2024-08-15,
288,W,Doohickey, 975.87 ,2024-12-07,ok
289, south⁠ ,Doohickey,375.07,2024-07-07,
290, UnKnown ,Doohickey,$147.36,2024-08-09,import
291,n,Thingamajig, 598.02 ,2024-07-05,
292,﻿East,Doohickey,$754.30,2024-01-25,
293,﻿,Thingamajig,"+2,147.02",2024-06-08,
294,﻿,Gadget," 2,116.70 ",2024-05-01,import
295, south⁠ ,Thingamajig,$727.71,2024-08-22,
296,North​,Widget,$911.83,2024-03-25,ok
297,﻿South,Doohickey,495.59,2024-04-06,ok
298,N,Doohickey,426.72,2024-07-07,import
299,southern,Doohickey,"1,184.01",2024-06-18,import
300,   ,Widget,($712.90),2024-06-16,
301,E,Widget,"$1,724.99",2024-11-25,import
302,unknown,Thingamajig,"+1,892.88",2024-03-04,
303,​,Thingamajig,555.93,2024-09-22,
304,northern,Gadget,+942.55,2024-06-16,
305,Ｓｏｕｔｈ,Thingamajig,"$1,558.60",2024-04-10,
306,East​,Doohickey," 1,219.34 ",2024-05-15,ok
307,w,Gadget,1265.75,2024-12-18,
308,S,Gadget,$549.94,2024-12-03,import
309,East,Widget,1338.55,2024-07-01,ok
310,e,Widget,304.90,2024-04-24,
311,w,Widget,"+1,634.53",2024-03-17,
312,unk,Doohickey, 514.28 ,2024-09-28,import
313,NA,Gadget,"$2,445.35",2024-03-20,import
314,s,Widget,"(2,123.56)",2024-02-17,import
315,﻿South,Gadget," 1,716.10 ",2024-12-27,
316,South​,Doohickey,336.01,2024-10-16,legacy
317, north⁠ ,Widget,2139.27,2024-05-17,
318,northern,Doohickey,"+1,552.83",2024-03-04,ok
319,West,Widget,+475.65,2024-05-14,legacy
320,West,Doohickey,798.69,2024-12-14,legacy
321,n,Gadget,462.31,2024-12-14,ok
322,southern,Gadget," 2,279.77 ",2024-04-11,import
323,﻿North,Gadget,"+2,101.47",2024-01-21,ok
324,S,Thingamajig,278.47,2024-07-17,legacy
325,northern,Thingamajig,1196.27,2024-11-01,
326,NORTH,Widget, 65.02 ,2024-09-06,
327,South​,Gadget,1773.98,2024-10-13,
328,n,Widget,"2,385.78",2024-07-01,
329,West​,Gadget,"2,064.21",2024-02-26,
330,W,Thingamajig,+482.06,2024-06-08,
331,East​,Thingamajig,"$1,668.02",2024-08-25,
332,﻿South,Widget,"+1,421.26",2024-10-26,import
333,﻿East,Thingamajig, 787.87 ,2024-08-27,
334,s,Gadget,+554.19,2024-12-22,import
335,East​,Widget,"$1,416.43",2024-08-04,
336,s,Doohickey,1518.70,2024-07-06,import
337,﻿West,Doohickey,"2,066.93",2024-01-10,ok
338,northern,Thingamajig,"-1,717.62",2024-08-13,ok
339,NA,Gadget,258.49,2024-03-10,
340,EAST ,Doohickey,(590.60),2024-07-18,legacy
341,western,Doohickey," 1,305.56 ",2024-07-27,
342,None,Thingamajig, 491.35 ,2024-11-03,
343,N,Thingamajig," 2,133.56 ",2024-12-09,
344,South​,Gadget,"$1,274.42",2024-12-25,import
345,East​,Doohickey,"$1,212.48",2024-01-26,import
346, south⁠ ,Doohickey," 1,410.73 ",2024-10-16,legacy
347, north ,Widget,"2,161.05",2024-01-08,import
348,West​,Gadget,-276.01,2024-01-06,import
349,﻿East,Widget,2054.41,2024-08-15,
350,northern,Doohickey,"-2,458.92",2024-09-09,import
351,South​,Doohickey,+702.82,2024-06-02,
352,﻿East,Doohickey,"+1,483.96",2024-10-01,ok
353,South,Doohickey,2136.93,2024-11-02,legacy
354, north ,Widget,"$2,096.07",2024-05-21,import
355,e,Gadget,2401.89,2024-07-28,import
356,n,Gadget,$84.26,2024-12-09,ok
357,﻿West,Doohickey,"+1,548.98",2024-08-12,
358, north⁠ ,Gadget,$643.67,2024-03-04,
359,,Thingamajig," 1,255.70 ",2024-11-24,import
360,Ｎｏｒｔｈ,Doohickey, 836.00 ,2024-08-20,ok
361, east,Doohickey,"1,976.30",2024-10-09,
362, east⁠ ,Thingamajig," 2,072.80 ",2024-03-09,import
363,﻿South,Widget, 918.43 ,2024-04-04,legacy
364,NORTH,Widget,"$1,468.87",2024-05-09,
365,East,Thingamajig,2178.99,2024-04-17,
366,s,Doohickey,"-1,391.11",2024-04-15,legacy
367,﻿South,Doohickey,"(1,749.96)",2024-08-15,legacy
368,SOUTH,Gadget,"$1,998.73",2024-10-17,import
369,n/a,Gadget,"$1,421.45",2024-08-14,
370, north ,Widget,+760.84,2024-04-27,ok
371,n/a,Doohickey,$847.41,2024-08-20,legacy
372,Ｅａｓｔ,Doohickey," 2,192.71 ",2024-10-01,import
373,N,Thingamajig,"$1,478.57",2024-04-04,
374,n/a,Widget,403.59,2024-08-26,legacy
375, east⁠ ,Gadget,+793.24,2024-07-28,ok
376,NORTH,Gadget,$627.07,2024-07-08,ok
377,NORTH,Widget,1293.31,2024-01-10,import
378,​,Doohickey,"+1,694.84",2024-04-02,
379,Ｅａｓｔ,Thingamajig,"$1,473.20",2024-05-08,legacy
380,southern,Thingamajig,"2,436.25",2024-07-24,import
381,Ｅａｓｔ,Doohickey,"+1,989.28",2024-10-18,
382,w,Widget,1582.42,2024-05-11,ok
383,western,Doohickey,+89.42,2024-01-26,legacy
384,West​,Widget,905.61,2024-05-06,
385,East​,Widget,$85.99,2024-08-17,legacy
386,​,Gadget,"+1,468.94",2024-08-01,
387, north⁠ ,Gadget,"+2,299.19",2024-10-06,
388, east,Gadget,"2,071.77",2024-04-23,ok
389,West​,Gadget,"(2,389.18)",2024-05-28,
390, south ,Gadget,"+2,146.89",2024-08-15,ok
391,Ｓｏｕｔｈ,Thingamajig," 1,894.03 ",2024-02-12,import
392,SOUTH,Widget,378.19,2024-07-17,legacy
393,North​,Doohickey,"+2,407.06",2024-05-12,
394,Ｗｅｓｔ,Thingamajig, 437.72 ,2024-07-17,ok
395, east,Doohickey,"1,556.34",2024-09-13,import
396, north ,Doohickey, 652.14 ,2024-04-17,
397, south⁠ ,Doohickey,517.27,2024-08-26,import
398,NORTH,Widget, 54.97 ,2024-06-14,legacy
399,﻿North,Gadget,1468.57,2024-07-19,import
400,southern,Thingamajig,"($1,833.65)",2024-05-07,import
401,﻿North,Gadget," 2,223.99 ",2024-12-12,
402,﻿North,Thingamajig,+32.50,2024-04-16,ok
403,W,Widget,$844.69,2024-11-01,ok
404,s,Widget,"2,363.40",2024-09-23,
405,Ｅａｓｔ,Thingamajig,80.84,2024-07-16,import
406,NA,Widget," 2,162.02 ",2024-09-09,legacy
407,northern,Gadget,"1,575.15",2024-05-06,import
408,Ｅａｓｔ,Widget," 2,474.01 ",2024-08-19,
409,NULL,Doohickey,738.58,2024-05-16,import
410,East,Doohickey,"+2,398.62",2024-03-04,ok
411,North,Thingamajig, 211.21 ,2024-12-05,
412,northern,Doohickey, 119.25 ,2024-11-15,import
413,eastern,Doohickey,"+1,480.73",2024-06-19,
414,Ｎｏｒｔｈ,Widget,1959.30,2024-04-11,legacy
415, UnKnown ,Gadget,"+1,194.80",2024-03-16,ok
416,West,Thingamajig,+699.15,2024-03-21,
417, east⁠ ,Thingamajig,$338.66,2024-05-19,
418, west ,Thingamajig,126.43,2024-11-11,import
419,southern,Doohickey,164.98,2024-08-28,legacy
420,E,Gadget,650.97,2024-08-05,
421,North,Widget,"$2,441.62",2024-09-11,
422,North,Gadget,"+1,773.18",2024-04-18,
423, north ,Widget,445.48,2024-12-22,legacy
424,Ｓｏｕｔｈ,Doohickey, 701.93 ,2024-09-27,
425,n/a,Thingamajig,"$1,498.64",2024-06-04,
426, UnKnown ,Widget,"+2,150.80",2024-12-22,
427,W,Doohickey,"2,115.75",2024-12-20,import
428, south⁠ ,Widget,911.48,2024-06-13,
429,East​,Gadget,+877.67,2024-03-18,import
430,N,Doohickey,"$1,158.83",2024-11-10,
431,West​,Thingamajig,"+2,139.50",2024-01-09,
432,﻿North,Widget, 915.40 ,2024-07-09,
433, west ,Thingamajig,172.73,2024-03-05,legacy
434, south ,Widget,2371.97,2024-07-24,
435,East​,Gadget," 1,761.57 ",2024-02-22,
436,w,Doohickey,+280.57,2024-05-22,
437,NULL,Widget,"1,916.60",2024-03-27,
438,WEST,Doohickey," 1,047.70 ",2024-03-25,ok
439, east,Thingamajig,$24.54,2024-09-17,ok
440,NA,Thingamajig,423.43,2024-02-19,legacy
441,,Doohickey,109.10,2024-05-17,import
442,﻿North,Gadget," 1,919.72 ",2024-04-01,
443, west⁠ ,Gadget, 61.05 ,2024-09-01,import
444,West​,Gadget,"$1,494.42",2024-10-08,
445,EAST ,Doohickey," 1,821.34 ",2024-09-20,legacy
446,NULL,Widget,"$1,336.54",2024-05-01,
447,w,Doohickey,1351.24,2024-08-18,import
448, west⁠ ,Doohickey,"$1,579.90",2024-11-24,import
449,Ｗｅｓｔ,Thingamajig,"+1,370.44",2024-09-28,import
450,West,Doohickey,"$1,093.43",2024-05-17,ok
451,﻿North,Widget,"+1,372.32",2024-12-05,import
452,Ｓｏｕｔｈ,Gadget,11.10,2024-10-08,
453, south ,Gadget,"+1,662.49",2024-01-10,
454,   ,Doohickey,184.95,2024-01-19,ok
455, south⁠ ,Gadget,"2,078.61",2024-08-06,ok
456,East​,Gadget," 2,042.33 ",2024-04-04,
457, east,Gadget,"+1,817.29",2024-02-22,ok
458,   ,Doohickey,"$2,076.04",2024-09-04,ok
459,northern,Doohickey,+646.21,2024-11-24,
460,w,Gadget,"+1,092.80",2024-03-15,
461,unk,Gadget,272.92,2024-04-06,
462,South​,Gadget,+868.03,2024-09-02,import
463,n,Widget, 928.39 ,2024-02-11,
464,South​,Thingamajig,866.33,2024-04-04,ok
465,E,Doohickey,1630.39,2024-03-09,
466, ,Widget,+683.78,2024-12-06,legacy
467,Ｅａｓｔ,Thingamajig,2308.71,2024-10-13,legacy
468, north⁠ ,Gadget,"+1,886.10",2024-02-02,ok
469,unknown,Thingamajig,+499.38,2024-01-04,
470,,Widget,805.59,2024-05-25,
471,East​,Thingamajig," 1,533.18 ",2024-11-02,
472,﻿South,Gadget,$389.77,2024-02-20,
473,﻿South,Doohickey,1296.65,2024-10-04,legacy
474,﻿East,Gadget," 1,777.88 ",2024-09-24,legacy
475,﻿North,Gadget,-683.50,2024-10-19,
476,E,Thingamajig,+27.24,2024-04-01,legacy
477,None,Thingamajig,"+2,429.07",2024-12-18,
478,West,Thingamajig,"1,879.47",2024-10-23,import
479, south ,Gadget,"1,555.05",2024-06-05,import
480, north⁠ ,Widget,2262.12,2024-10-26,import
481,unk,Widget,466.12,2024-10-10,
482,North,Gadget, 351.14 ,2024-05-20,
483,W,Doohickey,"$1,956.94",2024-06-09,ok
484,NA,Thingamajig,1633.03,2024-03-11,
485,WEST,Gadget,"+1,535.89",2024-12-09,legacy
486,West​,Widget, 44.76 ,2024-08-18,legacy
487,Ｎｏｒｔｈ,Thingamajig,$224.69,2024-05-10,ok
488,﻿South,Thingamajig,"$1,082.23",2024-05-03,ok
489,South,Gadget,+528.48,2024-02-13,
490,eastern,Thingamajig,698.65,2024-12-03,import
491,NORTH,Doohickey,"1,782.68",2024-01-03,ok
492,e,Widget,221.65,2024-06-18,import
493,East​,Widget, 600.28 ,2024-06-07,ok
494,NULL,Doohickey,810.46,2024-09-27,ok
495,North,Doohickey,"$1,281.30",2024-05-03,ok
496,Ｗｅｓｔ,Widget,+48.01,2024-10-01,ok
497,EAST ,Doohickey,+296.00,2024-09-06,import
498,North​,Widget,"$1,621.32",2024-01-28,
499,West​,Doohickey,228.31,2024-07-27,import
500,East​,Gadget,1857.42,2024-09-04,
501,Ｓｏｕｔｈ,Thingamajig," 2,408.40 ",2024-09-19,
502,East​,Thingamajig,$155.79,2024-03-21,
503,﻿West,Widget,(424.63),2024-12-08,legacy
504,﻿South,Gadget,"$1,875.65",2024-03-26,import
505,NORTH,Gadget,$510.84,2024-05-19,import
506,southern,Doohickey,"1,379.14",2024-12-12,legacy
507,southern,Gadget,1705.85,2024-08-15,import
508,South​,Gadget, 236.52 ,2024-11-07,import
509,w,Widget,"$1,054.20",2024-08-16,
510, east⁠ ,Widget,983.21,2024-05-28,ok
511,E,Doohickey,964.13,2024-05-28,
512,unknown,Widget,222.63,2024-12-04,
513,WEST,Thingamajig,1352.08,2024-11-28,import
514,W,Gadget," 1,976.57 ",2024-03-18,import
515,﻿East,Thingamajig," 1,530.21 ",2024-02-18,
516,n/a,Doohickey, 328.86 ,2024-04-20,
517,NA,Gadget,1102.20,2024-06-28,
518,NORTH,Doohickey,"$1,158.64",2024-08-23,
519,w,Widget," 1,088.56 ",2024-09-16,ok
520, west ,Thingamajig,463.19,2024-11-02,
521,West​,Widget," 1,406.97 ",2024-03-20,legacy
522,North​,Thingamajig,548.71,2024-08-06,import
523,North,Widget,"($1,613.50)",2024-07-05,import
524,None,Doohickey,$444.86,2024-06-09,import
525,SOUTH,Thingamajig,"+1,000.24",2024-12-24,
526,North​,Thingamajig,"+1,823.43",2024-07-12,
527,﻿West,Thingamajig,"1,511.77",2024-12-23,legacy
528,EAST ,Widget,+24.71,2024-10-03,legacy
529,,Doohickey,"1,259.20",2024-07-24,ok
530,e,Gadget," 1,429.34 ",2024-02-03,legacy
531,southern,Thingamajig,2331.72,2024-08-25,import
532,East,Thingamajig,828.96,2024-03-16,
533,southern,Thingamajig,"2,450.66",2024-03-16,ok
534,S,Gadget," 1,575.84 ",2024-09-28,ok
535,﻿West,Widget,"$1,978.17",2024-11-20,ok
536,N,Doohickey,"+1,219.10",2024-07-11,import
537,w,Doohickey," 2,352.10 ",2024-03-25,
538,﻿South,Thingamajig,$702.23,2024-03-21,
539, north ,Thingamajig,"1,266.72",2024-02-26,
540,﻿East,Thingamajig,129.70,2024-06-26,legacy
541,W,Thingamajig,2022.56,2024-07-04,ok
542,﻿West,Widget,2407.21,2024-04-20,legacy
543,unk,Gadget,"$1,277.26",2024-02-08,
544, south⁠ ,Widget,$611.65,2024-08-21,
545,unknown,Doohickey,"+2,461.93",2024-10-15,ok
546,West,Widget," 1,295.07 ",2024-05-19,
547,Ｅａｓｔ,Widget," 1,281.98 ",2024-02-03,
548,South,Doohickey,715.61,2024-01-05,
549,Ｎｏｒｔｈ,Widget,$104.78,2024-02-24,
550,﻿East,Doohickey,1984.47,2024-08-03,legacy
551,southern,Thingamajig,1413.98,2024-07-06,import
552,n,Gadget,+65.67,2024-01-22,
553,North,Thingamajig,+195.26,2024-02-22,
554,northern,Gadget,"$1,697.43",2024-06-06,
555,unknown,Gadget," 1,722.61 ",2024-08-08,import
556,North​,Widget,"1,336.38",2024-11-23,legacy
557,southern,Widget,"$2,372.54",2024-03-15,ok
558, north ,Thingamajig,"+1,207.19",2024-11-15,
559, ,Gadget," 1,483.63 ",2024-07-06,legacy
560, east⁠ ,Doohickey,"2,280.18",2024-06-04,import
561,s,Doohickey,(577.12),2024-08-08,ok
562,NORTH,Gadget,1996.21,2024-02-05,legacy
563,WEST,Gadget,138.75,2024-03-27,
564, south⁠ ,Widget,"$1,434.82",2024-03-02,legacy
565,Ｅａｓｔ,Widget,1913.11,2024-02-21,import
566,E,Thingamajig,+510.35,2024-12-13,legacy
567,﻿West,Thingamajig,+893.33,2024-10-01,ok
568,   ,Doohickey,$209.34,2024-09-05,import
569,﻿East,Doohickey," 1,226.41 ",2024-11-13,legacy
570,﻿East,Doohickey,"+1,736.56",2024-01-05,ok
571,S,Gadget, 271.69 ,2024-01-23,
572,NA,Gadget, 647.56 ,2024-10-12,import
573,n,Thingamajig,"1,748.38",2024-09-16,legacy
574,﻿North,Widget,$501.91,2024-02-17,
575,﻿,Doohickey,"$1,157.47",2024-10-28,
576,n/a,Thingamajig," 1,323.46 ",2024-10-11,legacy
577,East​,Thingamajig,"1,054.29",2024-04-03,
578,West​,Widget,+209.84,2024-09-13,ok
579,South​,Gadget,1216.58,2024-04-14,legacy
580,unk,Widget,"-1,980.48",2024-09-15,ok
581, east,Gadget,802.56,2024-09-04,
582, south⁠ ,Gadget,1012.87,2024-09-28,
583,North,Doohickey,296.64,2024-08-28,
584,,Widget," 1,537.84 ",2024-06-20,ok
585,N,Doohickey,2440.20,2024-03-03,
586,,Widget,+316.24,2024-12-25,
587,eastern,Gadget,"$1,165.54",2024-10-23,ok
588,n,Gadget," 1,654.14 ",2024-05-19,
589,western,Gadget,($588.97),2024-10-04,import
590,South​,Doohickey,2347.00,2024-02-13,import
591, west⁠ ,Doohickey,1070.99,2024-07-02,
592,N,Widget,"+1,274.15",2024-07-21,legacy
593,E,Gadget,"$1,538.42",2024-10-20,import
594,EAST ,Gadget, 625.71 ,2024-05-21,import
595,S,Widget,1532.35,2024-04-06,
596,EAST ,Widget,588.49,2024-05-21,
597,w,Gadget,"+1,778.32",2024-02-28,
598,n,Thingamajig,"+2,343.69",2024-11-01,
599,﻿East,Doohickey,1959.00,2024-04-05,import
600,   ,Widget, 429.68 ,2024-07-07,import
601,West,Widget,($535.01),2024-03-09,import
602,W,Widget,+892.66,2024-12-14,
603,W,Thingamajig," 1,129.12 ",2024-03-27,import
604,﻿South,Gadget,"$2,329.26",2024-07-14,ok
605,WEST,Widget,1173.50,2024-09-08,legacy
606,S,Thingamajig,401.76,2024-07-04,
607,﻿,Thingamajig,+424.90,2024-05-25,ok
608,West​,Gadget,42.23,2024-09-15,
609,unk,Thingamajig, 330.01 ,2024-06-23,ok
610,southern,Doohickey,30.66,2024-02-01,
611,E,Thingamajig," 1,970.55 ",2024-02-28,legacy
612,w,Gadget,595.93,2024-12-17,ok
613, north ,Doohickey,"+2,295.84",2024-10-20,
614,EAST ,Widget," 1,451.93 ",2024-03-09,ok
615,,Doohickey,681.14,2024-12-25,import
616,﻿West,Doohickey,"($2,095.86)",2024-02-14,import
617, east,Thingamajig,"+2,399.79",2024-10-24,import
618,northern,Widget,"(1,365.03)",2024-10-25,legacy
619,None,Thingamajig,"+2,442.30",2024-11-22,
620, north ,Thingamajig,955.31,2024-06-21,ok
621, south ,Thingamajig,$169.06,2024-07-26,ok
622,EAST ,Doohickey," 1,903.68 ",2024-03-10,legacy
623,E,Gadget," 1,182.98 ",2024-04-26,
624,northern,Thingamajig,608.78,2024-05-07,
625,WEST,Gadget,2204.32,2024-07-13,
626, south⁠ ,Thingamajig,"$1,811.79",2024-05-20,import
627,W,Thingamajig,590.88,2024-05-08,
628,eastern,Widget, 290.07 ,2024-09-08,import
629,Ｅａｓｔ,Gadget,"1,725.47",2024-10-28,ok
630,North,Gadget," 1,143.18 ",2024-12-09,import
631, west⁠ ,Widget,1203.21,2024-12-28,import
632, west ,Widget,"$1,418.12",2024-07-26,ok
633,Ｎｏｒｔｈ,Thingamajig," 1,551.65 ",2024-09-19,
634,EAST ,Thingamajig,"+2,034.52",2024-03-21,import
635, west⁠ ,Widget,"+2,251.47",2024-01-09,import
636,w,Thingamajig,"+1,905.83",2024-02-01,
637,﻿,Doohickey,122.83,2024-11-07,ok
638,Ｓｏｕｔｈ,Gadget,203.93,2024-03-13,ok
639,﻿,Widget,908.45,2024-02-07,
640,NA,Gadget,1759.91,2024-09-15,
641, north⁠ ,Doohickey,"2,130.25",2024-09-23,
642, west⁠ ,Thingamajig,$420.94,2024-07-10,
643,Ｅａｓｔ,Doohickey,"($2,192.37)",2024-02-12,import
644,S,Doohickey," 1,911.69 ",2024-09-16,legacy
645,Ｓｏｕｔｈ,Widget,"1,691.78",2024-09-21,
646, east⁠ ,Doohickey," 1,599.29 ",2024-07-13,
647,WEST,Thingamajig,2146.39,2024-04-13,ok
648,﻿,Doohickey,"+1,439.82",2024-12-23,import
649,E,Thingamajig,901.69,2024-01-18,ok
650, north ,Doohickey,"$2,180.34",2024-11-05,
651,NULL,Gadget,+911.81,2024-05-27,
652,﻿East,Gadget,663.59,2024-01-09,import
653,unknown,Gadget,85.06,2024-03-19,import
654,Ｎｏｒｔｈ,Thingamajig,"+1,857.37",2024-02-27,ok
655,NORTH,Doohickey," 1,935.23 ",2024-01-10,legacy
656, west ,Thingamajig,"$2,221.94",2024-05-07,import
657,w,Thingamajig,+472.03,2024-04-26,
658,N,Gadget,"+1,875.85",2024-02-06,import
659,W,Gadget,+281.52,2024-07-16,
660, UnKnown ,Widget," 1,737.01 ",2024-01-07,import
661,unknown,Widget,2310.35,2024-09-18,
662,SOUTH,Widget,"+1,124.20",2024-11-09,
663,W,Widget,"$1,404.06",2024-04-21,legacy
664,eastern,Doohickey,"+1,486.68",2024-03-20,
665,East,Thingamajig,"$1,885.66",2024-02-09,legacy
666,﻿East,Widget,"(2,265.20)",2024-03-04,ok
667,​,Doohickey,2198.60,2024-12-05,ok
668,n/a,Gadget,258.44,2024-01-15,
669, east,Doohickey,+262.72,2024-02-28,import
670, south ,Gadget,+607.36,2024-06-23,ok
671,Ｅａｓｔ,Thingamajig,1025.66,2024-09-26,ok
672,EAST ,Gadget,"1,800.23",2024-08-08,
673,West,Doohickey,"2,031.57",2024-05-08,
674,South,Gadget,$803.26,2024-02-19,import
675,W,Doohickey,"$2,143.30",2024-06-12,
676,NORTH,Gadget," 2,415.59 ",2024-10-05,
677, south ,Widget,301.42,2024-04-17,ok
678,western,Gadget,+736.89,2024-01-08,
679,East,Widget,1852.08,2024-11-14,
680,s,Thingamajig,+702.27,2024-06-18,
681,w,Widget,1141.33,2024-03-20,legacy
682,East,Widget,"$1,427.71",2024-12-22,ok
683, east,Widget," 1,345.67 ",2024-04-12,
684,Ｓｏｕｔｈ,Doohickey,"+2,307.16",2024-04-11,import
685,southern,Thingamajig, 105.47 ,2024-04-07,import
686,western,Gadget,"+1,724.98",2024-05-14,
687,Ｅａｓｔ,Doohickey,"1,024.28",2024-01-25,ok
688, east⁠ ,Doohickey,$350.27,2024-06-03,
689, north ,Thingamajig,"$1,565.21",2024-05-17,
690, ,Thingamajig," 2,112.24 ",2024-10-20,legacy
691,western,Widget,"+1,138.19",2024-11-28,legacy
692,e,Thingamajig,569.68,2024-01-05,ok
693,​,Widget,1764.60,2024-05-20,legacy
694, ,Doohickey,+201.20,2024-09-21,legacy
695,s,Widget,1071.26,2024-11-24,ok
696,s,Thingamajig,"$1,073.16",2024-10-07,
697,WEST,Gadget,992.02,2024-09-12,
698,EAST ,Thingamajig,981.32,2024-05-19,ok
699,North,Doohickey,405.11,2024-02-06,
700, east,Doohickey,306.05,2024-01-28,
701,S,Thingamajig,"($1,770.32)",2024-03-25,ok
702,e,Thingamajig,403.78,2024-02-26,
703,unknown,Widget,"$1,639.01",2024-06-17,import
704,Ｅａｓｔ,Doohickey,(188.00),2024-06-24,
705, east⁠ ,Doohickey,-352.12,2024-02-12,import
706,unknown,Doohickey,566.88,2024-07-24,
707,Ｎｏｒｔｈ,Widget,+330.33,2024-11-13,
708,​,Doohickey,$703.76,2024-03-17,
709,WEST,Gadget,682.84,2024-11-24,ok
710,W,Widget,"1,809.33",2024-02-12,import
711,W,Thingamajig,"$1,645.95",2024-06-19,import
712, north ,Doohickey,"$1,148.83",2024-06-06,
713,e,Widget,1324.83,2024-02-04,import
714,S,Gadget,$899.00,2024-01-07,import
715, north ,Thingamajig," 1,172.99 ",2024-07-03,legacy
716,,Doohickey,-22.89,2024-09-23,ok
717,N,Gadget,1730.16,2024-01-12,
718,N,Widget,2435.29,2024-11-22,
719,N,Thingamajig,"+1,605.67",2024-02-08,
720,n/a,Gadget,$750.59,2024-08-12,legacy
721,   ,Widget," 1,534.41 ",2024-12-08,ok
722,﻿,Doohickey,781.97,2024-01-04,legacy
723, east,Widget,"$2,182.42",2024-02-11,import
724,None,Gadget,"+1,799.06",2024-06-04,ok
725, UnKnown ,Widget," 2,255.65 ",2024-12-23,legacy
726,West​,Widget," 2,494.40 ",2024-09-01,legacy
727,South​,Widget,"+1,066.64",2024-12-26,
728,s,Widget,1302.67,2024-07-02,legacy
729,Ｗｅｓｔ,Thingamajig," 1,729.53 ",2024-09-06,legacy
730, north⁠ ,Thingamajig,$189.61,2024-04-16,legacy
731, west⁠ ,Gadget,1987.93,2024-12-22,
732,Ｗｅｓｔ,Widget,98.06,2024-05-04,
733, west ,Widget,"$1,147.93",2024-02-12,legacy
734,﻿North,Thingamajig,(108.00),2024-09-20,ok
735,None,Widget,2305.79,2024-11-25,legacy
736,​,Widget,"2,305.95",2024-01-19,ok
737,w,Gadget," 1,368.24 ",2024-11-06,ok
738,South,Doohickey,"$1,710.70",2024-10-22,
739,﻿South,Thingamajig,1821.05,2024-10-01,
740, east⁠ ,Thingamajig, 973.74 ,2024-05-03,import
741,western,Thingamajig,$815.09,2024-06-13,
742,East​,Doohickey," 1,697.22 ",2024-03-08,ok
743,s,Thingamajig,1548.40,2024-05-04,
744, north⁠ ,Thingamajig,1784.09,2024-12-11,
745,EAST ,Widget,"+2,361.08",2024-03-15,
746,None,Widget,"1,719.48",2024-04-05,
747,NULL,Widget,"$1,892.10",2024-05-27,
748,EAST ,Thingamajig,11.16,2024-02-03,import
749, ,Doohickey,"1,413.01",2024-06-23,import
750, east,Thingamajig,989.75,2024-05-16,ok
751,West​,Thingamajig," 1,482.74 ",2024-11-13,
752, north ,Gadget,"$1,852.51",2024-11-23,ok
753,Ｎｏｒｔｈ,Gadget, 294.49 ,2024-05-06,ok
754,South​,Gadget,248.19,2024-03-23,import
755,WEST,Widget, 946.63 ,2024-06-07,import
756, south ,Widget,"1,635.85",2024-11-18,
757,East,Doohickey, 538.31 ,2024-03-25,legacy
758,None,Thingamajig," 1,537.22 ",2024-10-15,import
759, west⁠ ,Thingamajig,(920.71),2024-09-14,import
760,WEST,Doohickey,$101.76,2024-08-27,
761,northern,Gadget,"1,539.94",2024-05-19,
762,e,Doohickey,$492.28,2024-08-25,import
763,South​,Gadget, 523.35 ,2024-09-06,import
764,n,Gadget,151.66,2024-10-24,
765,North​,Doohickey,"1,524.73",2024-11-06,
766,South,Gadget,85.50,2024-11-01,import
767,e,Thingamajig,356.05,2024-07-10,legacy
768,East​,Gadget,2451.43,2024-11-19,legacy
769, south⁠ ,Doohickey,1656.93,2024-12-23,import
770, north⁠ ,Widget,$655.83,2024-09-16,
771,NULL,Doohickey,$181.88,2024-02-22,
772,South,Widget,+882.75,2024-05-14,
773,,Widget,"+2,330.26",2024-07-27,
774,EAST ,Doohickey, 709.90 ,2024-01-28,ok
775,South,Thingamajig,"$1,734.83",2024-11-24,
776,Ｎｏｒｔｈ,Thingamajig,789.42,2024-06-20,legacy
777,S,Doohickey,"+1,115.09",2024-08-18,legacy
778, UnKnown ,Widget,321.53,2024-10-09,
779,w,Doohickey,1439.46,2024-05-21,import
780,NORTH,Thingamajig,985.15,2024-06-21,legacy
781,​,Gadget,$213.33,2024-07-15,legacy
782,E,Doohickey,$925.49,2024-08-06,
783,﻿South,Doohickey, 483.14 ,2024-09-21,legacy
784,NA,Thingamajig, 425.00 ,2024-07-28,legacy
785, east⁠ ,Gadget,"1,013.00",2024-06-22,legacy
786,﻿,Widget,1981.80,2024-11-18,
787,South,Widget," 1,746.13 ",2024-01-11,
788,South​,Gadget," 1,931.82 ",2024-12-21,
789,NA,Doohickey,"+1,951.00",2024-04-15,import
790,North,Gadget,929.17,2024-05-04,
791, west⁠ ,Widget,$268.68,2024-07-26,legacy
792,NA,Widget,1535.66,2024-11-21,legacy
793,﻿North,Doohickey,1460.14,2024-09-11,
794, east,Widget,"+2,493.10",2024-07-04,
795, north ,Doohickey, 175.97 ,2024-12-11,legacy
796,Ｗｅｓｔ,Gadget,"1,214.92",2024-10-22,
797,null,Thingamajig,+49.83,2024-06-09,ok
798,   ,Gadget,2168.31,2024-03-19,ok
799,e,Gadget,285.75,2024-05-22,import
800,﻿North,Doohickey, 64.95 ,2024-03-17,import
801, west ,Gadget,656.77,2024-02-05,ok
802, south ,Widget,"1,040.26",2024-02-09,legacy
803,N,Thingamajig,"(1,728.94)",2024-02-18,import
804,Ｎｏｒｔｈ,Gadget,1726.14,2024-09-05,ok
805,﻿West,Doohickey,"2,111.68",2024-12-25,
806,western,Widget,"+1,213.03",2024-03-26,
807,northern,Widget,2326.62,2024-08-14,ok
808,W,Thingamajig," 1,471.75 ",2024-02-03,
809,   ,Doohickey,$496.86,2024-06-11,import
810, east,Thingamajig,824.66,2024-04-12,ok
811,​,Thingamajig,"1,918.13",2024-08-14,
812,South,Thingamajig,949.28,2024-06-04,
813, north⁠ ,Widget,+159.11,2024-03-04,ok
814,unk,Thingamajig,"$2,234.08",2024-05-03,legacy
815,,Doohickey,191.74,2024-09-14,import
816,North,Thingamajig,1752.84,2024-01-09,ok
817,West,Doohickey,"$1,716.43",2024-03-15,ok
818,South​,Gadget,"$1,984.95",2024-06-06,
819, north⁠ ,Gadget,"$2,073.27",2024-03-19,legacy
820, ,Widget,"$2,010.62",2024-10-09,import
821,western,Thingamajig,"1,837.72",2024-02-24,legacy
822,eastern,Thingamajig," 1,190.77 ",2024-02-08,
823,None,Doohickey,1506.41,2024-09-22,
824,n/a,Thingamajig,$993.11,2024-01-02,ok
825,unk,Thingamajig," 1,189.21 ",2024-02-20,legacy
826,﻿West,Doohickey,236.73,2024-12-01,
827,n/a,Thingamajig,2429.85,2024-11-04,legacy
828,n/a,Gadget,"$2,454.12",2024-11-24,ok
829,EAST ,Widget,2433.82,2024-01-08,ok
830,East​,Gadget,($5.31),2024-11-15,legacy
831,Ｅａｓｔ,Gadget,"$2,050.02",2024-11-13,ok
832,w,Thingamajig,306.45,2024-07-22,ok
833,,Widget," 2,300.78 ",2024-08-26,
834,West​,Gadget,+191.60,2024-04-05,import
835, east⁠ ,Gadget,1109.54,2024-01-19,
836,W,Thingamajig,2301.70,2024-02-18,ok
837, east⁠ ,Widget,"2,210.04",2024-09-13,import
838,eastern,Widget,1689.62,2024-06-26,
839, east⁠ ,Widget,$109.92,2024-10-19,ok
840,﻿South,Thingamajig,599.93,2024-04-14,ok
841, east⁠ ,Gadget,1947.87,2024-12-26,
842,eastern,Thingamajig,992.05,2024-11-22,legacy
843,﻿East,Thingamajig,"$2,390.32",2024-05-26,import
844,﻿East,Gadget," 2,250.92 ",2024-04-23,import
845, ,Doohickey,"+1,407.06",2024-09-10,
846,EAST ,Widget,2115.74,2024-09-16,ok
847,North​,Doohickey,"+2,411.67",2024-03-28,legacy
848,South​,Gadget,"1,540.59",2024-11-05,
849,n/a,Gadget,471.55,2024-02-26,import
850,None,Doohickey,"$2,162.02",2024-07-14,
851,Ｎｏｒｔｈ,Doohickey,"-1,014.58",2024-10-26,ok
852,West​,Widget,"$1,594.91",2024-03-02,import
853,Ｅａｓｔ,Widget,"($1,666.52)",2024-03-24,ok
854,South​,Thingamajig,2249.45,2024-11-18,
855,W,Widget,"+2,407.97",2024-05-07,
856,West​,Widget,$278.38,2024-06-10,import
857,NORTH,Widget,"$2,063.42",2024-01-27,
858,﻿North,Doohickey,+780.15,2024-12-18,
859,NORTH,Thingamajig,+150.94,2024-04-02,ok
860,NORTH,Thingamajig,"$2,184.94",2024-03-08,ok
861, east,Widget,"$1,417.87",2024-09-22,import
862,﻿North,Thingamajig, 302.02 ,2024-03-16,
863, east⁠ ,Widget,360.39,2024-08-18,legacy
864,Ｅａｓｔ,Doohickey," 1,933.62 ",2024-08-27,
865,E,Widget,"$2,142.77",2024-09-03,legacy
866,West​,Thingamajig,"+2,071.60",2024-10-16,import
867,n,Thingamajig,1366.35,2024-01-15,legacy
868,﻿East,Thingamajig,"+1,840.55",2024-10-27,
869, south⁠ ,Gadget,"$1,224.83",2024-09-26,
870,w,Widget,1792.46,2024-08-28,
871,Ｎｏｒｔｈ,Gadget,$518.49,2024-07-15,
872, west⁠ ,Thingamajig," 1,826.06 ",2024-08-27,import
873, north⁠ ,Doohickey,+11.01,2024-05-19,legacy
874,,Thingamajig,"+2,178.52",2024-04-11,legacy
875,EAST ,Thingamajig,1651.61,2024-01-06,legacy
876,West​,Gadget,"1,625.91",2024-05-16,legacy
877, west⁠ ,Doohickey, 405.22 ,2024-11-21,
878, south⁠ ,Widget,"2,218.29",2024-12-17,legacy
879,West,Doohickey," 1,898.60 ",2024-04-01,import
880,n/a,Gadget,"$1,890.11",2024-08-13,
881, UnKnown ,Widget,"$2,320.37",2024-03-05,legacy
882, north ,Widget,+340.89,2024-06-17,legacy
883,​,Thingamajig,"2,221.55",2024-07-10,
884, west ,Widget,+526.47,2024-12-03,
885, west ,Doohickey,837.97,2024-12-25,import
886,w,Widget,2080.76,2024-07-09,
887,NORTH,Widget,($29.46),2024-07-23,import
888,n,Doohickey,+391.27,2024-03-24,
889, south ,Doohickey,2183.68,2024-07-21,import
890,Ｗｅｓｔ,Widget,2000.02,2024-06-25,
891,South,Thingamajig,"+2,122.03",2024-08-22,legacy
892,East​,Widget," 1,375.17 ",2024-08-08,ok
893,WEST,Widget,"+1,408.01",2024-05-24,
894,South,Doohickey,"+1,943.00",2024-07-10,import
895, north ,Widget,"$1,556.35",2024-03-08,legacy
896,EAST ,Gadget,"+1,311.79",2024-10-10,ok
897,NA,Gadget,+279.49,2024-02-27,
898,n,Doohickey,$747.37,2024-09-19,ok
899,w,Thingamajig,+702.47,2024-08-01,
900, west⁠ ,Gadget,"(1,624.44)",2024-09-17,legacy
901,unknown,Doohickey, 767.21 ,2024-06-01,legacy
902,East,Gadget,"$1,000.06",2024-08-15,
903,Ｎｏｒｔｈ,Doohickey,976.36,2024-06-19,legacy
904,South,Gadget,"1,266.81",2024-01-03,import
905,Ｓｏｕｔｈ,Widget,706.00,2024-09-28,legacy
906,W,Gadget,371.94,2024-12-28,
907,Ｎｏｒｔｈ,Gadget,"$1,748.81",2024-02-16,
908,﻿,Gadget,$128.81,2024-11-24,import
909,East,Doohickey,"2,462.08",2024-07-07,
910, ,Doohickey,"$1,510.69",2024-08-11,legacy
911,s,Doohickey,"$1,718.41",2024-09-20,
912, south⁠ ,Thingamajig, 245.30 ,2024-07-18,ok
913,﻿West,Thingamajig,"$1,702.98",2024-04-28,ok
914,S,Thingamajig,1955.80,2024-01-10,
915,S,Widget,246.87,2024-12-24,
916,East​,Widget,"+2,349.72",2024-02-19,
917, north ,Widget,1339.27,2024-08-24,ok
918,W,Thingamajig,"1,003.18",2024-04-18,ok
919,﻿West,Widget,"+2,416.25",2024-01-19,
920,South,Gadget,292.34,2024-03-14,legacy
921,East​,Gadget,"2,018.03",2024-02-12,ok
922,West​,Gadget,141.65,2024-09-17,import
923,Ｅａｓｔ,Widget,+9.58,2024-07-26,
924,East,Gadget,"+1,691.54",2024-06-07,
925,   ,Thingamajig,-289.54,2024-02-18,ok
926,West​,Widget,"$2,069.23",2024-04-27,ok
927,S,Widget,"(1,114.14)",2024-10-13,
928,Ｓｏｕｔｈ,Gadget, 734.94 ,2024-09-25,
929,E,Widget,+831.83,2024-05-26,ok
930,East,Thingamajig,"+2,192.04",2024-08-12,
931, UnKnown ,Gadget,"1,823.92",2024-06-24,ok
932, east⁠ ,Doohickey,64.37,2024-04-20,
933,West,Thingamajig,35.74,2024-05-18,legacy
934,E,Widget," 1,617.80 ",2024-09-24,ok
935,eastern,Doohickey,1060.28,2024-05-04,legacy
936,East,Doohickey,"1,188.75",2024-10-09,legacy
937,SOUTH,Doohickey,1373.15,2024-05-11,ok
938, ,Gadget,$199.79,2024-09-20,legacy
939,East​,Widget,"2,253.16",2024-12-26,
940,N,Gadget,"1,364.14",2024-04-19,import
941, west⁠ ,Gadget,2480.64,2024-01-15,legacy
942,West​,Doohickey,"(2,307.94)",2024-02-25,legacy
943,Ｓｏｕｔｈ,Doohickey," 1,666.71 ",2024-10-11,
944,e,Thingamajig," 2,242.04 ",2024-03-09,
945,NORTH,Doohickey,"$1,749.35",2024-03-02,ok
946, west⁠ ,Thingamajig,"2,007.23",2024-09-24,import
947,W,Doohickey,"+2,247.79",2024-06-04,
948,n,Gadget,282.02,2024-08-11,
949,North,Gadget,"$1,370.99",2024-07-06,
950,n,Thingamajig,702.61,2024-12-07,ok
951,WEST,Gadget,"$1,977.05",2024-07-23,legacy
952,North,Widget, 801.40 ,2024-09-25,import
953,West​,Widget,"+2,347.01",2024-12-11,
954,e,Widget,27.52,2024-07-19,legacy
955,E,Widget,"$1,610.42",2024-06-05,
956,e,Doohickey,"1,953.68",2024-09-18,
957,North,Doohickey,"2,328.42",2024-07-18,
958,SOUTH,Thingamajig,"$2,249.25",2024-06-21,
959,N,Gadget,"+1,617.66",2024-08-09,ok
960,Ｓｏｕｔｈ,Doohickey, 193.89 ,2024-08-05,
961,﻿East,Doohickey,"1,169.96",2024-04-12,ok
962,w,Thingamajig," 2,495.70 ",2024-05-06,
963,WEST,Thingamajig,"+1,649.87",2024-10-25,ok
964,unknown,Thingamajig,"+1,109.91",2024-12-23,ok
965,e,Widget,1722.65,2024-02-16,legacy
966,s,Doohickey,"(2,225.97)",2024-09-10,ok
967,SOUTH,Gadget,506.05,2024-05-07,legacy
968,South​,Gadget,761.35,2024-12-21,ok
969,Ｎｏｒｔｈ,Widget,$830.78,2024-04-23,legacy
970,﻿South,Doohickey,"2,302.53",2024-11-23,import
971,WEST,Gadget,+497.11,2024-03-24,
972,​,Thingamajig,"1,651.40",2024-01-10,ok
973, north⁠ ,Widget,"1,935.63",2024-10-06,ok
974,W,Widget,"+1,619.59",2024-11-16,
975,None,Thingamajig,918.43,2024-01-14,import
976,North,Gadget,$110.39,2024-03-08,legacy
977,e,Doohickey,"+2,056.72",2024-07-03,
978, south⁠ ,Gadget,+180.95,2024-01-14,legacy
979,​,Gadget,1443.71,2024-10-13,
980,NORTH,Gadget,+545.49,2024-12-11,ok
981,w,Gadget,577.62,2024-08-23,
982,   ,Doohickey,"2,104.31",2024-02-21,
983,NORTH,Gadget," 2,362.70 ",2024-09-09,
984,s,Gadget,"1,122.28",2024-08-10,ok
985,WEST,Doohickey,628.76,2024-08-17,import
986,East,Doohickey,"$2,350.15",2024-09-08,legacy
987,﻿South,Widget," 1,430.99 ",2024-02-06,
988, east⁠ ,Widget,"1,597.24",2024-05-28,import
989,​,Thingamajig,"$2,367.47",2024-10-09,import
990,North,Widget,"$1,612.09",2024-06-16,
991,   ,Gadget,"2,051.08",2024-01-03,legacy
992,unknown,Thingamajig, 817.75 ,2024-08-10,legacy
993, west ,Thingamajig, 766.21 ,2024-07-25,
994, ,Thingamajig,1226.93,2024-07-17,ok
995,﻿South,Widget,1050.06,2024-09-28,
996,﻿South,Gadget, 970.47 ,2024-10-22,
997,E,Widget,$217.27,2024-05-01,
998, north ,Gadget,$431.79,2024-01-14,ok
999,West,Widget,"$1,760.75",2024-10-15,import
1000, south⁠ ,Thingamajig,$814.11,2024-05-16,
1001,W,Thingamajig,"1,773.44",2024-05-04,
1002,northern,Doohickey,"+1,556.23",2024-09-08,
1003, UnKnown ,Doohickey,$325.88,2024-01-13,legacy
1004,N,Widget,"-1,720.79",2024-04-02,ok
1005,northern,Doohickey,"1,913.12",2024-10-18,legacy
1006,South,Thingamajig,1179.82,2024-03-14,
1007, south ,Thingamajig,714.88,2024-12-14,ok
1008,Ｓｏｕｔｈ,Doohickey,+113.91,2024-05-28,
1009,WEST,Widget,"1,870.06",2024-03-13,import
1010,﻿East,Gadget,"$1,512.33",2024-03-26,
1011, east,Thingamajig,"(2,111.03)",2024-10-20,import
1012,NORTH,Doohickey,$313.22,2024-06-01,
1013,N,Doohickey," 2,053.52 ",2024-10-02,ok
1014,southern,Doohickey,+780.45,2024-08-10,
1015,EAST ,Widget,12.95,2024-12-08,legacy
1016,northern,Thingamajig,"$2,186.47",2024-03-22,
1017,N,Gadget,625.22,2024-09-03,legacy
1018,﻿South,Widget,"(1,686.17)",2024-08-02,legacy
1019,n,Widget, 276.71 ,2024-10-24,ok
1020,w,Widget,"+1,890.68",2024-08-22,
1021, north ,Gadget,"$1,341.22",2024-07-20,
1022,W,Gadget,"2,155.89",2024-12-28,import
1023, north⁠ ,Widget," 2,486.35 ",2024-03-24,ok
1024,null,Doohickey,"+1,657.43",2024-04-14,legacy
1025,W,Gadget,$225.77,2024-07-28,ok
1026,Ｎｏｒｔｈ,Widget,+438.54,2024-06-01,ok
1027,N,Widget," 1,505.35 ",2024-08-09,ok
1028,NORTH,Thingamajig," 1,459.74 ",2024-09-02,
1029,Ｓｏｕｔｈ,Gadget,"+1,557.44",2024-02-28,
1030,w,Gadget,661.93,2024-07-18,
1031,Ｗｅｓｔ,Gadget," 2,236.72 ",2024-03-07,import
1032, east,Widget,890.90,2024-09-03,
1033,﻿West,Thingamajig,1314.83,2024-03-19,
1034,Ｗｅｓｔ,Gadget,$820.26,2024-03-15,
1035, west⁠ ,Doohickey,"$1,956.35",2024-12-28,legacy
1036,Ｎｏｒｔｈ,Thingamajig,$425.20,2024-07-18,
1037,WEST,Doohickey, 106.35 ,2024-12-24,
1038,null,Gadget,2207.76,2024-03-06,legacy
1039,﻿South,Widget," 2,286.55 ",2024-12-04,ok
1040,﻿West,Widget,2157.87,2024-11-04,ok
1041,unknown,Gadget," 1,595.85 ",2024-07-25,legacy
1042,N,Thingamajig, 730.23 ,2024-03-22,ok
1043, west⁠ ,Gadget,877.62,2024-09-11,ok
1044,w,Doohickey,305.63,2024-09-06,
1045,South​,Thingamajig," 1,669.43 ",2024-09-11,legacy
1046,﻿,Widget,"(2,006.26)",2024-08-05,import
1047, north⁠ ,Widget,"1,296.68",2024-09-27,import
1048,NORTH,Thingamajig,"$2,420.59",2024-07-24,legacy
1049,North​,Gadget,"1,338.43",2024-11-25,legacy
1050,Ｓｏｕｔｈ,Gadget,"1,147.25",2024-10-25,ok
1051,n,Thingamajig,"($1,264.55)",2024-08-08,
1052,Ｅａｓｔ,Gadget,"$2,422.05",2024-05-23,legacy
1053,Ｓｏｕｔｈ,Thingamajig,"1,110.43",2024-12-03,
1054,WEST,Widget,2009.39,2024-08-05,ok
1055,East,Widget,$252.80,2024-10-24,ok
1056, west ,Widget,"1,101.97",2024-02-04,
1057, west⁠ ,Thingamajig," 1,451.08 ",2024-06-01,ok
1058,None,Widget,$645.78,2024-01-11,
1059, south⁠ ,Widget," 1,789.56 ",2024-05-23,ok
1060,﻿North,Thingamajig,"1,879.46",2024-01-18,
1061,﻿,Gadget,"+1,048.26",2024-03-05,import
1062,Ｓｏｕｔｈ,Gadget, 423.84 ,2024-07-18,ok
1063,W,Widget," 2,030.81 ",2024-05-22,import
1064,SOUTH,Gadget,"2,432.55",2024-05-28,import
1065,northern,Thingamajig," 1,782.53 ",2024-09-10,import
1066, east,Doohickey,804.27,2024-08-04,legacy
1067,s,Doohickey," 2,318.70 ",2024-08-23,import
1068, north ,Gadget,"+1,313.52",2024-05-15,
1069,Ｅａｓｔ,Widget,"-1,067.16",2024-11-07,ok
1070,western,Widget,"(1,353.48)",2024-08-09,import
1071,Ｎｏｒｔｈ,Thingamajig," 2,295.86 ",2024-12-04,ok
1072, east⁠ ,Thingamajig,1651.71,2024-09-17,
1073,S,Gadget,1879.90,2024-12-22,
1074,​,Thingamajig,1872.10,2024-06-19,ok
1075, north ,Widget,1673.25,2024-01-28,ok
1076, north⁠ ,Widget," 1,184.09 ",2024-02-09,ok
1077,South​,Widget,"(1,859.37)",2024-12-25,
1078,West​,Gadget, 191.98 ,2024-11-27,import
1079, south ,Widget,"+1,583.34",2024-12-11,
1080, north⁠ ,Doohickey,"$1,588.11",2024-12-20,ok
1081,South​,Gadget,2385.55,2024-05-17,import
1082,Ｓｏｕｔｈ,Gadget," 1,958.83 ",2024-09-24,ok
1083,EAST ,Doohickey,"1,115.31",2024-06-10,import
1084,n/a,Widget,"+2,149.31",2024-01-02,
1085,East,Gadget,"+2,050.64",2024-12-16,
1086,northern,Gadget," 2,030.59 ",2024-02-27,
1087,North​,Doohickey,1400.95,2024-04-04,import
1088,South​,Widget,"+2,228.10",2024-10-11,legacy
1089,North​,Thingamajig,558.19,2024-12-09,ok
1090,NORTH,Gadget,1893.26,2024-07-05,legacy
1091, north ,Doohickey, 404.83 ,2024-09-02,
1092,W,Doohickey,+617.65,2024-08-17,
1093,﻿South,Doohickey,"+2,331.65",2024-08-02,ok
1094,n,Widget,$735.19,2024-04-14,
1095, east,Thingamajig,+183.44,2024-12-15,legacy
1096,﻿West,Widget,523.33,2024-01-06,import
1097, west⁠ ,Widget,803.51,2024-07-26,ok
1098,﻿South,Gadget,821.45,2024-09-22,
1099,s,Gadget,639.68,2024-08-14,ok
1100,﻿East,Thingamajig,"+1,358.55",2024-06-19,ok
1101,﻿South,Doohickey,(424.91),2024-12-26,
1102,South​,Doohickey, 882.68 ,2024-09-06,
1103, south⁠ ,Widget,$640.46,2024-07-01,import
1104,Ｎｏｒｔｈ,Doohickey," 1,045.02 ",2024-04-09,ok
1105,Ｎｏｒｔｈ,Thingamajig,"2,318.08",2024-09-08,ok
1106,East,Gadget,"(1,840.56)",2024-12-03,ok
1107,South,Gadget,"2,002.78",2024-08-14,
1108,   ,Doohickey,$576.57,2024-03-24,
1109,s,Gadget,2305.99,2024-12-17,legacy
1110,southern,Thingamajig," 1,600.23 ",2024-12-19,legacy
1111,null,Thingamajig,"+2,468.35",2024-02-19,
1112, south ,Doohickey,"1,993.66",2024-04-16,legacy
1113,northern,Widget,"+2,129.97",2024-09-17,legacy
1114, east,Thingamajig,"1,089.81",2024-09-08,
1115,North,Thingamajig," 1,864.66 ",2024-09-09,ok
1116,﻿North,Doohickey,"-2,220.56",2024-06-17,
1117,Ｗｅｓｔ,Gadget,"$1,948.54",2024-05-20,
1118,E,Gadget,"$1,605.11",2024-07-22,ok
1119,Ｗｅｓｔ,Thingamajig,117.78,2024-07-11,ok
1120, west⁠ ,Widget,1477.71,2024-04-01,import
1121,EAST ,Doohickey,"$1,496.24",2024-09-14,legacy
1122,Ｗｅｓｔ,Doohickey," 2,464.45 ",2024-08-12,import
1123,unk,Doohickey,(727.74),2024-08-25,
1124,NA,Doohickey,+482.49,2024-09-08,import
1125,e,Thingamajig,"+1,927.19",2024-01-14,
1126,Ｗｅｓｔ,Gadget,+496.31,2024-08-04,legacy
1127,W,Thingamajig,+727.57,2024-10-27,ok
1128,EAST ,Thingamajig,"+1,868.83",2024-01-02,
1129,South​,Thingamajig,"($1,975.00)",2024-11-26,ok
1130,NULL,Doohickey,183.25,2024-05-01,
1131,W,Thingamajig,675.63,2024-07-06,import
1132,Ｓｏｕｔｈ,Thingamajig,"($1,202.71)",2024-12-14,ok
1133,﻿West,Gadget,1037.86,2024-01-05,legacy
1134,﻿West,Doohickey,985.05,2024-11-23,legacy
1135,East​,Gadget,1200.44,2024-07-19,
1136, north ,Gadget,1747.67,2024-11-11,import
1137, east,Gadget,"+2,291.60",2024-04-13,
1138,WEST,Gadget,"$1,574.51",2024-05-13,legacy
1139,eastern,Gadget,+568.68,2024-05-11,import
1140,s,Gadget,930.97,2024-09-20,import
1141,NA,Widget,+879.56,2024-03-15,legacy
1142,﻿East,Gadget,+371.15,2024-03-13,import
1143,unknown,Widget,+371.68,2024-11-14,
1144,eastern,Widget,210.00,2024-01-01,ok
1145,southern,Doohickey," 2,117.14 ",2024-02-19,legacy
1146,northern,Widget,776.79,2024-05-02,
1147,None,Gadget," 1,703.30 ",2024-09-01,ok
1148,West,Widget,"$1,051.62",2024-09-21,
1149,N,Thingamajig,"-1,541.43",2024-03-11,
1150,NA,Gadget,+855.13,2024-06-22,legacy
1151,SOUTH,Gadget,339.43,2024-09-12,legacy
1152,w,Widget,1775.13,2024-04-04,legacy
1153,West​,Gadget,$310.20,2024-11-20,ok
1154,North​,Doohickey,"+2,063.05",2024-02-22,ok
1155,w,Thingamajig,"($1,100.59)",2024-07-02,
1156,NORTH,Doohickey,1809.44,2024-11-24,
1157,w,Thingamajig,994.95,2024-05-08,
1158, east,Thingamajig,$123.20,2024-05-15,legacy
1159,Ｗｅｓｔ,Gadget,"+1,041.89",2024-09-25,ok
1160,West​,Widget,1002.69,2024-11-25,
1161,﻿West,Gadget, 114.57 ,2024-11-07,
1162,North,Doohickey,2250.17,2024-02-05,ok
1163,﻿South,Widget,"$1,894.11",2024-08-06,import
1164,SOUTH,Gadget,236.90,2024-12-15,legacy
1165,unk,Thingamajig,"+1,086.71",2024-01-12,legacy
1166,North​,Widget,+412.09,2024-01-05,ok
1167,southern,Gadget,197.20,2024-03-11,legacy
1168, ,Gadget," 1,048.69 ",2024-06-03,legacy
1169,SOUTH,Thingamajig, 347.14 ,2024-05-27,ok
1170,e,Gadget, 599.43 ,2024-12-06,
1171,N,Widget," 2,176.38 ",2024-05-01,import
1172,e,Doohickey,"+1,107.11",2024-04-02,
1173,EAST ,Doohickey,+240.31,2024-05-14,
1174,western,Thingamajig,"1,948.53",2024-02-10,import
1175,﻿North,Widget,91.12,2024-03-22,
1176,South,Widget,"+2,414.89",2024-06-24,
1177,   ,Doohickey,"+1,224.88",2024-04-28,ok
1178,﻿West,Thingamajig,"+1,651.90",2024-01-13,
1179,n,Widget,160.16,2024-04-20,ok
1180,SOUTH,Doohickey," 2,489.75 ",2024-04-14,ok
1181, west⁠ ,Doohickey,"$2,043.48",2024-11-25,
1182,e,Thingamajig, 588.13 ,2024-12-17,
1183,e,Widget,"$2,304.82",2024-09-12,import
1184,southern,Gadget,"$1,442.12",2024-11-20,legacy
1185,Ｓｏｕｔｈ,Gadget,"1,243.42",2024-11-21,
1186,E,Doohickey," 1,588.35 ",2024-09-08,import
1187,eastern,Widget,"+1,010.11",2024-12-03,legacy
1188,North​,Doohickey,$546.51,2024-04-14,legacy
1189,unk,Widget,745.71,2024-08-20,
1190,eastern,Widget,2436.87,2024-10-10,
1191,North​,Gadget,1914.20,2024-09-06,import
1192,n,Doohickey,"1,257.82",2024-12-25,
1193,n,Widget,$660.33,2024-08-22,
1194,w,Widget,"+1,709.36",2024-09-10,import
1195, east⁠ ,Doohickey,+507.72,2024-11-08,
1196,w,Widget,455.91,2024-12-10,legacy
1197,West​,Thingamajig,"1,144.51",2024-11-14,
1198,​,Doohickey,"+1,464.04",2024-05-04,legacy
1199,unk,Thingamajig,"$1,590.06",2024-05-04,import
1200,e,Gadget,1405.26,2024-12-13,
1201,EAST ,Gadget,"+1,222.68",2024-02-02,
1202, north⁠ ,Thingamajig,+907.02,2024-03-14,
1203,Ｅａｓｔ,Doohickey,336.87,2024-04-04,legacy
1204, north ,Widget,"+1,030.63",2024-04-11,ok
1205,North​,Doohickey,"$1,521.46",2024-04-05,legacy
1206,West,Thingamajig, 358.34 ,2024-09-12,
1207,EAST ,Gadget,18.64,2024-11-28,legacy
1208,n/a,Gadget,$449.82,2024-03-16,
1209,unknown,Gadget,"$1,051.40",2024-02-21,import
1210,WEST,Doohickey,880.57,2024-08-20,legacy
1211,W,Thingamajig,"+1,631.40",2024-01-12,
1212,w,Gadget," 1,805.83 ",2024-03-06,legacy
1213,   ,Thingamajig,"2,351.01",2024-01-05,import
1214,Ｓｏｕｔｈ,Widget,+480.73,2024-03-16,
1215,NORTH,Thingamajig,$582.11,2024-06-04,import
1216,Ｅａｓｔ,Doohickey,($830.92),2024-01-03,ok
1217, south ,Widget,"+1,211.55",2024-12-16,ok
1218,﻿East,Gadget,+73.28,2024-12-23,
1219,   ,Gadget,"2,219.72",2024-12-11,import
1220,﻿East,Gadget,+306.88,2024-12-04,
1221,East,Doohickey,"2,482.71",2024-01-15,
1222, ,Gadget,693.87,2024-09-15,legacy
1223,EAST ,Gadget,"1,743.40",2024-09-08,ok
1224,﻿North,Gadget,1063.47,2024-11-06,
1225,S,Gadget,432.13,2024-03-19,
1226,﻿,Doohickey,$968.96,2024-07-26,
1227,North,Doohickey," 2,286.15 ",2024-06-11,legacy
1228,Ｎｏｒｔｈ,Widget,"+2,074.47",2024-11-03,legacy
1229,Ｗｅｓｔ,Doohickey," 2,377.94 ",2024-03-06,legacy
1230, south ,Widget,1255.40,2024-03-18,
1231,﻿South,Doohickey,"+1,837.06",2024-03-20,ok
1232,   ,Doohickey," 1,202.49 ",2024-02-04,
1233,Ｎｏｒｔｈ,Thingamajig,1572.82,2024-12-14,legacy
1234, ,Thingamajig,"+1,610.61",2024-06-20,import
1235, north ,Thingamajig, 446.10 ,2024-12-27,
1236,unknown,Gadget, 169.47 ,2024-05-23,import
1237, east,Widget,"2,098.75",2024-09-04,
1238, north ,Thingamajig,"$2,118.93",2024-04-11,import
1239,﻿South,Thingamajig,"$1,766.10",2024-02-12,legacy
1240,SOUTH,Thingamajig," 1,111.43 ",2024-01-25,import
1241,s,Thingamajig,"2,230.20",2024-11-14,legacy
1242,North​,Widget,352.39,2024-08-24,import
1243,Ｗｅｓｔ,Doohickey,"$2,026.49",2024-10-22,import
1244,﻿West,Gadget,"+1,022.73",2024-03-15,import
1245,WEST,Thingamajig," 1,406.92 ",2024-02-17,legacy
1246,Ｗｅｓｔ,Doohickey,$197.51,2024-08-09,import
1247, south⁠ ,Widget,"1,492.34",2024-10-24,
1248,W,Gadget,2009.43,2024-02-22,
1249,   ,Thingamajig," 1,037.90 ",2024-06-13,
1250,Ｎｏｒｔｈ,Thingamajig,+327.22,2024-08-10,ok
1251,Ｗｅｓｔ,Widget,6.64,2024-04-13,
1252,unknown,Gadget,"$2,378.80",2024-07-24,legacy
1253,Ｅａｓｔ,Widget,"$1,945.79",2024-07-06,
1254,﻿West,Thingamajig,1499.56,2024-10-28,legacy
1255,North​,Widget,"1,036.40",2024-08-06,import
1256,unk,Doohickey,1702.87,2024-07-10,
1257,n/a,Doohickey,"2,483.28",2024-08-19,legacy
1258,﻿South,Thingamajig, 26.32 ,2024-06-04,
1259,East,Doohickey,"1,094.92",2024-05-12,ok
1260,Ｎｏｒｔｈ,Gadget,(265.64),2024-04-03,import
1261, south ,Doohickey, 626.55 ,2024-09-05,
1262,northern,Doohickey,"+1,795.16",2024-04-04,ok
1263,S,Widget,533.96,2024-08-08,legacy
1264,,Gadget,"+1,168.49",2024-05-10,
1265, north⁠ ,Widget," 1,061.39 ",2024-05-01,
1266,null,Thingamajig,"+2,327.72",2024-01-07,
1267,northern,Gadget,1468.10,2024-05-14,import
1268,Ｎｏｒｔｈ,Thingamajig,($451.17),2024-01-15,import
1269,western,Thingamajig,"+2,303.69",2024-03-08,
1270,unknown,Thingamajig,+225.70,2024-06-28,legacy
1271,,Widget,333.66,2024-04-16,import
1272,null,Thingamajig,"+2,430.66",2024-08-28,
1273, east,Gadget,271.52,2024-02-16,
1274,East,Doohickey," 1,063.79 ",2024-09-12,legacy
1275,North​,Doohickey,$278.15,2024-01-25,
1276,East,Widget, 767.64 ,2024-03-04,ok
1277,Ｎｏｒｔｈ,Widget,"1,948.64",2024-11-27,
1278,﻿North,Thingamajig,"1,507.64",2024-04-15,
1279,﻿East,Gadget,2142.02,2024-06-15,
1280,NULL,Gadget,"1,008.44",2024-08-16,ok
1281,SOUTH,Widget,"1,159.16",2024-08-04,import
1282,SOUTH,Gadget,"2,336.21",2024-09-03,
1283,Ｎｏｒｔｈ,Thingamajig,"1,264.76",2024-10-20,import
1284,s,Gadget,"$2,196.13",2024-02-11,legacy
1285,WEST,Widget,"$1,356.84",2024-04-03,
1286, west⁠ ,Widget,"1,732.80",2024-12-06,legacy
1287,﻿West,Doohickey,"-1,041.89",2024-06-09,
1288,West​,Widget,+46.01,2024-06-28,legacy
1289,North,Gadget,+612.97,2024-02-16,
1290,Ｅａｓｔ,Gadget,797.95,2024-07-21,ok
1291,West,Widget,"+1,943.70",2024-11-20,import
1292,West,Doohickey,"2,111.64",2024-02-20,import
1293,North,Thingamajig,"$1,431.64",2024-09-18,import
1294,W,Thingamajig,"$2,244.40",2024-06-06,
1295,N,Thingamajig,$257.10,2024-04-26,
1296,﻿North,Doohickey,1197.49,2024-07-08,legacy
1297,​,Doohickey," 2,070.65 ",2024-01-26,ok
1298, ,Gadget,849.28,2024-05-01,
1299, west⁠ ,Doohickey,($95.66),2024-12-27,import
1300,South,Thingamajig,725.68,2024-06-10,
1301,Ｅａｓｔ,Doohickey," 2,484.54 ",2024-05-14,legacy
1302,eastern,Widget,2166.38,2024-10-25,ok
1303,East​,Thingamajig,"2,348.73",2024-11-03,import
1304,Ｗｅｓｔ,Gadget," 1,918.40 ",2024-03-11,legacy
1305, west⁠ ,Gadget,"-1,281.66",2024-10-15,import
1306, west ,Widget,"+1,477.84",2024-05-05,
1307, west⁠ ,Widget,2249.47,2024-09-24,ok
1308,Ｓｏｕｔｈ,Doohickey,804.06,2024-10-13,import
1309,Ｎｏｒｔｈ,Thingamajig,+820.67,2024-03-13,legacy
1310,W,Widget,$422.23,2024-11-04,
1311,southern,Thingamajig,2183.70,2024-01-22,ok
1312,w,Doohickey,"$2,268.58",2024-07-17,legacy
1313, south⁠ ,Gadget,+383.19,2024-01-26,ok
1314,Ｓｏｕｔｈ,Widget," 1,680.48 ",2024-05-03,
1315,WEST,Doohickey,(642.80),2024-09-05,import
1316,null,Doohickey," 1,991.08 ",2024-01-06,legacy
1317, UnKnown ,Doohickey, 993.27 ,2024-03-25,
1318,unknown,Thingamajig,143.72,2024-05-21,import
1319, south ,Gadget,+578.34,2024-05-22,
1320,West​,Gadget," 1,737.07 ",2024-04-14,
1321,E,Widget,1759.52,2024-03-10,legacy
1322,n,Widget,"$1,044.11",2024-07-03,legacy
1323,East​,Doohickey,"+1,774.09",2024-07-13,
1324,NULL,Widget,(46.85),2024-04-11,ok
1325,n/a,Widget,$694.09,2024-12-27,
1326,WEST,Thingamajig, 934.52 ,2024-06-13,
1327, west ,Thingamajig,"$2,057.41",2024-11-20,
1328,NORTH,Gadget, 7.09 ,2024-12-13,
1329, west⁠ ,Gadget,2304.08,2024-12-01,ok
1330, north ,Widget,"1,171.08",2024-08-11,
1331,​,Doohickey,"+2,188.02",2024-01-12,import
1332,North,Widget,"+1,266.40",2024-01-16,
1333,E,Thingamajig,1578.66,2024-07-01,
1334,N,Doohickey,$880.72,2024-12-27,
1335, east⁠ ,Widget,603.85,2024-06-27,legacy
1336, west⁠ ,Doohickey,642.56,2024-07-13,import
1337,northern,Gadget,2193.05,2024-02-07,
1338,Ｓｏｕｔｈ,Widget,"+1,511.38",2024-09-27,ok
1339,West,Widget,"2,205.10",2024-06-16,
1340,​,Widget, 255.27 ,2024-08-20,import
1341,western,Gadget,"1,098.20",2024-05-15,
1342, west⁠ ,Thingamajig,+429.63,2024-05-22,ok
1343,NORTH,Doohickey,"+1,528.11",2024-04-21,
1344,South​,Doohickey,+226.88,2024-05-23,
1345,EAST ,Thingamajig,"+1,175.39",2024-06-17,
1346, east⁠ ,Gadget,767.29,2024-06-13,
1347,S,Gadget,74.20,2024-04-11,legacy
1348,﻿West,Widget," 1,733.54 ",2024-04-22,legacy
1349,East,Thingamajig,"+2,278.19",2024-06-06,
1350,North​,Thingamajig,$582.22,2024-07-26,ok
1351,Ｗｅｓｔ,Gadget,"+1,037.17",2024-07-13,
1352,W,Thingamajig,1360.78,2024-07-26,
1353,South​,Thingamajig,"+1,677.86",2024-12-24,
1354,s,Doohickey,"1,000.98",2024-02-24,ok
1355,SOUTH,Gadget," 1,851.16 ",2024-12-28,legacy
1356,,Thingamajig, 636.43 ,2024-01-26,legacy
1357,eastern,Widget,"1,261.55",2024-02-06,legacy
1358,western,Thingamajig,"$1,421.42",2024-05-28,legacy
1359,southern,Doohickey,"1,171.12",2024-07-26,
1360, north⁠ ,Gadget,2415.64,2024-06-04,
1361, east⁠ ,Thingamajig,$827.39,2024-08-01,legacy
1362,Ｗｅｓｔ,Thingamajig,"+1,476.98",2024-10-20,
1363,WEST,Widget,"$1,307.17",2024-01-26,ok
1364,Ｗｅｓｔ,Widget,"1,504.11",2024-10-02,import
1365,North​,Doohickey,2027.81,2024-01-24,legacy
1366,EAST ,Widget,"$2,036.81",2024-03-01,import
1367,﻿North,Doohickey,"(1,336.64)",2024-03-04,
1368,SOUTH,Thingamajig,"+1,757.18",2024-04-06,ok
1369, ,Thingamajig,175.19,2024-02-08,import
1370,﻿North,Widget,"1,351.84",2024-05-03,
1371,North,Doohickey,2104.24,2024-02-06,legacy
1372, north ,Thingamajig,"$1,780.89",2024-08-13,legacy
1373,﻿East,Widget,"-1,919.25",2024-10-06,
1374, west⁠ ,Thingamajig,846.01,2024-12-15,legacy
1375,western,Widget," 1,239.04 ",2024-08-01,ok
1376,​,Thingamajig,+738.87,2024-03-10,
1377, north⁠ ,Thingamajig,1083.96,2024-12-08,
1378,WEST,Widget, 672.52 ,2024-09-04,legacy
1379, UnKnown ,Thingamajig,"1,082.98",2024-07-13,
1380,South​,Gadget,"+1,251.69",2024-12-09,
1381,null,Gadget,1329.42,2024-02-19,legacy
1382,NORTH,Widget,"1,346.12",2024-04-17,
1383, ,Widget, 529.00 ,2024-03-10,legacy
1384,SOUTH,Doohickey,"1,134.82",2024-09-09,import
1385, west⁠ ,Thingamajig,$653.57,2024-10-13,legacy
1386, north⁠ ,Gadget,$412.90,2024-12-20,import
1387,﻿East,Gadget,"2,095.43",2024-03-20,
1388,unknown,Gadget,$995.53,2024-04-19,
1389,South,Doohickey,"+1,110.58",2024-12-21,
1390,null,Widget,347.38,2024-11-28,
1391,NORTH,Widget,585.09,2024-03-26,
1392, south ,Doohickey,$40.32,2024-03-24,import
1393, north⁠ ,Thingamajig,"+1,995.74",2024-11-03,
1394, east,Thingamajig,(542.85),2024-08-18,import
1395,,Thingamajig," 1,855.20 ",2024-02-02,
1396,northern,Gadget,954.86,2024-11-01,ok
1397,n/a,Gadget,2431.73,2024-08-01,import
1398, UnKnown ,Gadget,$416.17,2024-05-20,legacy
1399,North​,Gadget,"$1,093.35",2024-04-28,ok
1400,E,Widget," 1,931.22 ",2024-02-18,
1401,﻿,Thingamajig," 1,718.56 ",2024-02-25,import
1402,Ｎｏｒｔｈ,Doohickey,-731.38,2024-12-13,legacy
1403,w,Thingamajig,435.44,2024-09-14,
1404,WEST,Widget,"$2,163.07",2024-07-27,legacy
1405, south⁠ ,Gadget,"1,681.23",2024-04-17,
1406,North,Doohickey,+20.69,2024-02-10,
1407,E,Widget,"$1,013.18",2024-02-09,
1408,N,Doohickey,230.96,2024-02-17,
1409,N,Doohickey,"2,144.02",2024-10-27,import
1410,W,Doohickey,"$1,993.69",2024-03-06,
1411, north ,Gadget,+431.41,2024-01-25,
1412,e,Widget,104.47,2024-08-16,legacy
1413,North​,Thingamajig,"(2,240.92)",2024-12-11,
1414,﻿,Doohickey,"+1,902.01",2024-12-08,import
1415, west⁠ ,Thingamajig,"$1,582.21",2024-02-17,ok
1416, north ,Gadget,"$1,317.50",2024-08-23,
1417,Ｎｏｒｔｈ,Doohickey,1513.18,2024-08-27,
1418,western,Thingamajig,582.18,2024-10-28,import
1419, UnKnown ,Doohickey,"$1,175.97",2024-05-02,legacy
1420,null,Doohickey,$132.13,2024-05-12,import
1421, north⁠ ,Doohickey,$72.72,2024-07-11,import
1422,Ｎｏｒｔｈ,Gadget,+415.26,2024-03-03,legacy
1423,North​,Doohickey,$984.11,2024-10-17,legacy
1424, north ,Gadget," 2,405.00 ",2024-12-01,import
1425, south⁠ ,Thingamajig, 83.89 ,2024-11-21,
1426,eastern,Thingamajig,"+1,091.04",2024-05-09,import
1427,Ｅａｓｔ,Gadget,($851.23),2024-10-28,legacy
1428,​,Widget,900.22,2024-06-18,
1429,western,Widget,"+2,191.28",2024-04-18,
1430,S,Doohickey,$418.35,2024-04-25,legacy
1431,Ｓｏｕｔｈ,Gadget,"1,049.60",2024-12-01,
1432, south ,Widget, 173.55 ,2024-10-11,ok
1433,w,Widget,1862.94,2024-08-10,
1434, UnKnown ,Thingamajig,"2,213.42",2024-06-24,ok
1435,W,Thingamajig,$478.79,2024-12-09,ok
1436,northern,Widget," 1,569.53 ",2024-05-19,import
1437,   ,Widget,$419.57,2024-12-10,
1438, south⁠ ,Thingamajig,"+2,018.54",2024-05-05,
1439,NA,Thingamajig,829.71,2024-07-02,legacy
1440,southern,Thingamajig,1632.57,2024-09-07,legacy
1441,e,Doohickey," 1,460.20 ",2024-01-23,
1442,southern,Gadget,859.46,2024-04-17,ok
1443,﻿North,Thingamajig," 1,129.32 ",2024-03-02,import
1444,e,Thingamajig,$677.25,2024-02-06,ok
1445,WEST,Thingamajig,"+1,928.34",2024-12-07,
1446, north⁠ ,Widget,"$1,381.47",2024-05-11,import
1447,﻿West,Doohickey," 1,934.98 ",2024-08-01,import
1448,﻿West,Thingamajig,"$1,875.11",2024-02-21,
1449,﻿East,Doohickey,2393.77,2024-12-23,
1450,South​,Doohickey, 996.14 ,2024-01-18,
1451,S,Gadget,$323.08,2024-01-18,import
1452,e,Gadget,1584.94,2024-09-10,
1453,﻿West,Doohickey,2010.83,2024-02-22,import
1454,﻿West,Doohickey,1836.39,2024-12-08,
1455,W,Gadget,$985.70,2024-10-05,
1456,Ｓｏｕｔｈ,Gadget,"$1,824.20",2024-01-25,ok
1457,﻿North,Widget,$967.09,2024-03-15,
1458,South​,Widget,$744.86,2024-07-13,legacy
1459,West,Widget,$634.51,2024-02-07,import
1460,w,Widget,"+1,797.77",2024-04-16,
1461,E,Doohickey,"2,134.06",2024-09-22,
1462,﻿,Thingamajig,"+1,722.97",2024-05-12,
1463,﻿East,Thingamajig,1852.28,2024-05-07,import
1464,East,Doohickey," 1,769.88 ",2024-04-21,legacy
1465,None,Thingamajig,2360.93,2024-01-24,
1466,North​,Widget," 1,177.98 ",2024-12-03,
1467, north⁠ ,Thingamajig,+880.22,2024-09-22,legacy
1468,western,Doohickey,"1,611.70",2024-11-01,
1469,South​,Widget,+674.76,2024-08-16,
1470,,Widget,"(2,438.79)",2024-03-14,
1471, west ,Widget,"+2,071.30",2024-08-19,
1472,North​,Widget,"$2,343.62",2024-11-23,import
1473,null,Gadget,$714.06,2024-09-01,ok
1474, west ,Thingamajig,2013.03,2024-02-04,import
1475, north⁠ ,Widget,848.77,2024-04-01,
1476,North​,Doohickey,"$2,487.91",2024-08-21,ok
1477,EAST ,Doohickey,$523.22,2024-03-05,import
1478,W,Widget,$116.96,2024-07-01,legacy
1479,Ｗｅｓｔ,Doohickey,"$2,300.73",2024-07-09,import
1480,unknown,Widget,437.10,2024-05-04,import
1481, south⁠ ,Widget," 1,789.92 ",2024-12-19,legacy
1482,​,Gadget,"$1,133.78",2024-07-25,
1483,​,Gadget,"$1,098.28",2024-01-25,import
1484,North​,Doohickey,"+1,630.83",2024-08-05,
1485,unk,Doohickey,+281.35,2024-09-22,
1486,Ｅａｓｔ,Doohickey,2345.70,2024-06-03,
1487,None,Thingamajig,159.68,2024-01-17,
1488,EAST ,Gadget,864.09,2024-11-11,
1489,N,Gadget,"(1,942.62)",2024-10-26,
1490,South,Widget,"2,197.52",2024-10-13,
1491,North​,Doohickey,"$1,632.25",2024-11-06,import
1492,n/a,Gadget,"(2,444.76)",2024-10-12,legacy
1493,​,Thingamajig,1942.35,2024-04-06,legacy
1494, south⁠ ,Thingamajig,1212.47,2024-03-21,
1495,East,Widget,"(1,687.80)",2024-06-10,import
1496,western,Gadget, 345.49 ,2024-10-02,
1497,northern,Thingamajig,"$1,008.88",2024-04-11,ok
1498, south⁠ ,Gadget,443.61,2024-09-09,legacy
1499,western,Gadget,747.27,2024-01-22,legacy
1500,northern,Widget,2411.02,2024-05-06,
1501,w,Gadget,443.31,2024-10-21,legacy
1502,West​,Widget,(130.43),2024-03-07,
1503,northern,Doohickey,120.71,2024-07-14,
1504,,Thingamajig,($726.12),2024-07-02,
1505,East​,Gadget,(616.04),2024-08-17,legacy
1506,None,Thingamajig," 2,026.88 ",2024-03-12,import
1507,Ｅａｓｔ,Widget,"$2,224.93",2024-12-12,ok
1508,Ｗｅｓｔ,Doohickey," 1,146.96 ",2024-03-25,
1509, east⁠ ,Thingamajig,"1,961.79",2024-04-15,
1510,﻿North,Widget,"+1,021.86",2024-04-14,ok
1511,South​,Gadget,"+1,294.17",2024-02-09,ok
1512,Ｗｅｓｔ,Widget,+347.12,2024-04-10,ok
1513, UnKnown ,Gadget,+507.40,2024-04-25,import
1514, west ,Thingamajig,"$2,481.55",2024-07-07,
1515,w,Thingamajig,"1,176.40",2024-02-24,
1516,South,Doohickey,+359.58,2024-08-16,
1517,Ｗｅｓｔ,Doohickey,"1,669.97",2024-08-23,ok
1518,North,Thingamajig, 262.09 ,2024-07-11,
1519,,Widget,"$1,214.32",2024-01-03,import
1520,NA,Thingamajig,$931.66,2024-11-04,ok
1521,,Widget, 70.93 ,2024-03-01,legacy
1522, north⁠ ,Thingamajig,+204.78,2024-10-10,
1523,southern,Doohickey,+105.43,2024-05-05,
1524, east,Thingamajig,"+2,157.06",2024-01-12,legacy
1525,s,Widget, 316.98 ,2024-03-05,
1526,n,Gadget,"$2,442.88",2024-07-06,
1527,SOUTH,Doohickey,+845.06,2024-12-11,
1528,South​,Widget, 846.74 ,2024-08-12,import
1529, east,Gadget,+349.88,2024-12-28,
1530,e,Doohickey," 1,882.83 ",2024-07-13,ok
1531,NORTH,Thingamajig, 772.83 ,2024-11-01,legacy
1532,w,Widget,"1,719.97",2024-04-11,legacy
1533,EAST ,Gadget,$620.99,2024-11-10,ok
1534, south⁠ ,Widget,(47.26),2024-12-14,
1535,NULL,Thingamajig,"2,426.15",2024-01-06,ok
1536, UnKnown ,Thingamajig,227.87,2024-01-17,legacy
1537,SOUTH,Doohickey,"1,948.97",2024-03-21,legacy
1538, west⁠ ,Thingamajig,"1,973.02",2024-01-20,ok
1539,﻿South,Thingamajig," 1,478.41 ",2024-07-20,
1540,,Doohickey,381.47,2024-05-06,ok
1541,E,Gadget," 1,760.36 ",2024-10-02,ok
1542,SOUTH,Thingamajig,+421.20,2024-03-23,
1543,unk,Gadget," 2,235.60 ",2024-03-15,legacy
1544,Ｗｅｓｔ,Widget, 22.66 ,2024-02-25,
1545,Ｓｏｕｔｈ,Thingamajig,"$1,204.80",2024-12-21,ok
1546,Ｓｏｕｔｈ,Thingamajig,"$2,168.71",2024-11-20,
1547, south⁠ ,Thingamajig,478.33,2024-08-08,import
1548,western,Widget, 557.39 ,2024-12-13,legacy
1549,Ｅａｓｔ,Doohickey,"-1,352.72",2024-10-18,legacy
1550,eastern,Thingamajig, 704.70 ,2024-06-13,
1551,western,Thingamajig,"2,432.59",2024-01-03,ok
1552,North,Gadget,1342.78,2024-04-04,
1553,None,Widget,(326.03),2024-10-24,import
1554, north⁠ ,Doohickey,"1,011.65",2024-03-06,ok
1555, west⁠ ,Thingamajig,"$1,565.83",2024-05-27,ok
1556,NORTH,Gadget,+459.50,2024-12-15,
1557,East,Gadget, 651.82 ,2024-10-23,ok
1558,n/a,Widget,"+1,764.85",2024-08-22,
1559,WEST,Gadget,+945.33,2024-03-14,
1560,﻿East,Widget,$189.64,2024-01-01,import
1561,southern,Thingamajig,"+1,900.14",2024-12-02,ok
1562,southern,Doohickey,$86.62,2024-02-28,
1563,East​,Thingamajig,1863.61,2024-10-16,import
1564, east⁠ ,Widget,"2,178.62",2024-01-04,legacy
1565, east,Gadget," 1,539.98 ",2024-07-04,
1566,North​,Doohickey,"+2,222.07",2024-01-03,ok
1567,NORTH,Gadget,$892.95,2024-10-28,legacy
1568,W,Doohickey,1416.04,2024-03-08,ok
1569,unk,Gadget,+576.27,2024-03-19,ok
1570,﻿East,Widget,821.92,2024-08-27,import
1571,n/a,Doohickey,479.32,2024-01-16,
1572,NA,Widget," 1,808.90 ",2024-06-27,
1573,North,Doohickey,"2,451.09",2024-01-03,import
1574,﻿East,Gadget,"+2,424.97",2024-07-17,import
1575,﻿East,Doohickey," 1,830.03 ",2024-04-15,
1576, south⁠ ,Doohickey, 777.52 ,2024-05-01,import
1577,West,Thingamajig," 1,036.16 ",2024-02-25,ok
1578,West​,Doohickey,"+1,469.07",2024-01-24,ok
1579, east⁠ ,Gadget,$316.91,2024-04-04,legacy
1580,e,Thingamajig,$767.20,2024-05-14,
1581, south ,Thingamajig,"1,574.37",2024-10-15,
1582,None,Gadget, 127.88 ,2024-12-17,ok
1583,None,Thingamajig,"1,059.03",2024-03-20,legacy
1584, north⁠ ,Widget,"$2,320.67",2024-09-06,legacy
1585, south⁠ ,Widget,$819.15,2024-09-15,
1586, ,Doohickey,"($1,020.84)",2024-02-08,import
1587,South​,Widget,$925.95,2024-01-01,
1588,North,Doohickey,"$1,766.32",2024-10-18,
1589,​,Thingamajig,+693.27,2024-04-05,legacy
1590,﻿East,Gadget,610.07,2024-11-17,import
1591,western,Doohickey,"$1,941.15",2024-01-10,
1592,unknown,Doohickey,"$1,845.64",2024-12-12,
1593,eastern,Doohickey, 713.12 ,2024-09-25,legacy
1594,Ｓｏｕｔｈ,Widget,"2,174.25",2024-08-02,
1595,West​,Gadget,($709.02),2024-07-15,ok
1596,Ｅａｓｔ,Gadget,"(1,934.50)",2024-05-10,
1597,e,Doohickey,959.46,2024-04-27,
1598,E,Gadget,1403.68,2024-12-06,
1599,eastern,Gadget, 661.87 ,2024-02-02,
1600,﻿West,Widget,"2,033.84",2024-09-05,ok
1601,﻿North,Gadget,$488.34,2024-12-19,
1602,NULL,Thingamajig,(147.64),2024-04-11,import
1603,E,Thingamajig,$762.24,2024-05-07,ok
1604,North,Gadget,"2,204.53",2024-10-22,ok
1605,EAST ,Thingamajig,$341.58,2024-10-17,import
1606,West​,Doohickey,"$2,003.52",2024-07-28,legacy
1607,w,Doohickey,638.18,2024-03-13,
1608, east,Doohickey,"($1,488.44)",2024-10-12,import
1609,n/a,Doohickey," 2,137.89 ",2024-05-26,ok
1610,E,Widget,"+2,179.56",2024-10-10,
1611,western,Widget,"-1,370.37",2024-09-27,import
1612,S,Thingamajig, 669.82 ,2024-12-27,
1613,NORTH,Widget,"(2,059.07)",2024-11-27,legacy
1614,,Thingamajig,"1,973.36",2024-10-13,ok
1615,North​,Doohickey,+974.13,2024-04-02,import
1616,EAST ,Gadget,1811.50,2024-06-27,
1617,   ,Gadget,$937.15,2024-07-16,import
1618,null,Gadget,"1,382.79",2024-05-13,legacy
1619, west ,Thingamajig,322.99,2024-02-05,ok
1620,Ｓｏｕｔｈ,Doohickey,"1,438.37",2024-01-17,legacy
1621,w,Doohickey,294.04,2024-04-23,import
1622,W,Doohickey,$731.64,2024-01-16,
1623,n,Thingamajig,"$2,028.84",2024-12-25,legacy
1624,SOUTH,Doohickey,1888.11,2024-12-11,import
1625,NORTH,Thingamajig,"$2,317.25",2024-02-01,
1626, west ,Gadget,2342.78,2024-03-04,
1627,North,Widget,"+1,625.63",2024-11-17,
1628,e,Widget,+483.78,2024-07-11,ok
1629,East,Doohickey,+292.51,2024-02-28,ok
1630,North,Thingamajig,1938.44,2024-04-06,
1631, east,Widget,"(1,179.83)",2024-03-13,
1632,WEST,Doohickey,"1,038.14",2024-01-21,ok
1633,﻿East,Widget,(598.74),2024-04-06,
1634,West,Widget,"$1,879.64",2024-01-14,
1635, north ,Thingamajig," 2,360.47 ",2024-04-05,
1636,e,Doohickey, 725.84 ,2024-05-15,ok
1637,Ｓｏｕｔｈ,Widget,106.26,2024-04-24,ok
1638, west⁠ ,Widget," 2,366.94 ",2024-05-03,import
1639,n/a,Doohickey,"$2,391.66",2024-11-28,
1640,​,Widget,906.31,2024-03-09,
1641,w,Widget,"1,358.26",2024-02-05,
1642,Ｎｏｒｔｈ,Thingamajig,"$1,652.76",2024-09-26,
1643,﻿East,Thingamajig,"$1,228.93",2024-05-15,ok
1644,s,Widget,$654.33,2024-11-28,ok
1645,West,Doohickey,$307.04,2024-09-16,
1646,southern,Thingamajig," 2,433.30 ",2024-06-06,
1647,s,Gadget,"$1,244.01",2024-05-03,legacy
1648,﻿North,Thingamajig,"2,474.64",2024-10-21,
1649, UnKnown ,Doohickey,2013.02,2024-08-25,ok
1650,﻿South,Doohickey,"$1,788.86",2024-10-21,import
1651,Ｓｏｕｔｈ,Doohickey,$64.33,2024-03-24,
1652,unknown,Widget,"1,758.16",2024-11-24,
1653,e,Widget,"$2,415.42",2024-06-04,ok
1654,North​,Thingamajig,"+1,459.20",2024-03-06,
1655,EAST ,Gadget,2456.82,2024-02-18,import
1656, south ,Gadget,1852.16,2024-12-23,
1657,﻿West,Gadget,"2,456.96",2024-10-14,legacy
1658,﻿North,Gadget,15.56,2024-06-11,
1659,East,Doohickey,"$2,328.98",2024-04-15,
1660,﻿South,Widget,(784.40),2024-05-25,ok
1661,﻿West,Thingamajig,"2,355.44",2024-09-06,import
1662,EAST ,Doohickey,+394.70,2024-02-01,
1663,NA,Gadget,1069.01,2024-08-03,legacy
1664, east,Widget,977.48,2024-02-13,ok
1665, north ,Gadget,"1,038.97",2024-11-15,legacy
1666,West​,Thingamajig,+497.25,2024-09-01,
1667,w,Gadget,"$1,040.87",2024-02-11,
1668,﻿East,Doohickey, 684.33 ,2024-07-01,
1669,Ｗｅｓｔ,Doohickey,649.53,2024-01-22,
1670,E,Gadget,-124.85,2024-08-28,legacy
1671, west ,Thingamajig,"1,515.47",2024-06-14,import
1672,South,Gadget," 1,926.96 ",2024-07-02,
1673,E,Doohickey,2167.18,2024-01-10,ok
1674,EAST ,Widget,(156.58),2024-05-25,import
1675, north⁠ ,Doohickey,910.41,2024-02-19,
1676,eastern,Widget,"$2,277.48",2024-07-16,
1677,n/a,Doohickey,"2,371.51",2024-10-07,legacy
1678, west ,Gadget,"1,395.47",2024-07-19,
1679,e,Thingamajig,1023.11,2024-12-04,
1680,South,Gadget,$145.20,2024-03-18,legacy
1681,﻿East,Doohickey,"1,981.55",2024-01-26,ok
1682,northern,Widget,190.82,2024-09-06,
1683,South,Widget,"+2,131.98",2024-03-15,legacy
1684,n,Doohickey, 329.09 ,2024-07-22,
1685,E,Gadget," 2,427.20 ",2024-04-24,import
1686,West​,Widget,1700.59,2024-08-12,
1687,northern,Widget,272.66,2024-09-08,legacy
1688,W,Doohickey," 2,487.72 ",2024-02-02,legacy
1689,southern,Thingamajig,$97.45,2024-06-12,ok
1690,﻿,Doohickey," 1,068.87 ",2024-10-01,
1691,East​,Widget,"+1,302.92",2024-01-24,
1692, west ,Gadget,"(2,371.70)",2024-08-15,
1693,South,Widget,1097.24,2024-09-01,ok
1694,Ｅａｓｔ,Thingamajig,"1,895.41",2024-02-04,import
1695,western,Doohickey," 1,037.12 ",2024-03-22,
1696,Ｅａｓｔ,Widget,"-1,013.37",2024-11-21,ok
1697,SOUTH,Widget,"1,247.74",2024-01-17,
1698, north⁠ ,Doohickey,"$1,847.99",2024-08-19,
1699,South,Gadget,970.90,2024-02-23,legacy
1700, east,Gadget,"$1,227.29",2024-10-21,
1701,W,Widget,+587.02,2024-07-19,
1702,eastern,Widget,"1,866.01",2024-08-28,ok
1703, south⁠ ,Thingamajig," 1,554.49 ",2024-10-22,import
1704,SOUTH,Gadget, 438.34 ,2024-03-14,import
1705,SOUTH,Gadget,2164.24,2024-11-12,
1706, north⁠ ,Doohickey,"$2,495.97",2024-05-13,
1707,southern,Doohickey,215.80,2024-08-18,
1708,﻿West,Doohickey,"+2,293.21",2024-03-13,
1709,w,Thingamajig, 573.51 ,2024-07-28,import
1710,SOUTH,Thingamajig,"+1,747.43",2024-12-07,import
1711,southern,Widget,"1,072.61",2024-01-06,import
1712, east⁠ ,Doohickey,2349.87,2024-08-22,import
1713, south⁠ ,Thingamajig,"$1,928.97",2024-01-16,import
1714,eastern,Gadget," 1,248.38 ",2024-01-13,
1715,eastern,Gadget," 1,933.58 ",2024-03-26,ok
1716, south⁠ ,Widget,1871.33,2024-09-05,import
1717,,Doohickey,"$2,295.42",2024-06-08,legacy
1718,EAST ,Thingamajig,+835.33,2024-05-19,legacy
1719,WEST,Gadget,$787.62,2024-01-11,
1720,Ｗｅｓｔ,Thingamajig,297.84,2024-08-05,
1721,null,Widget,927.32,2024-10-18,legacy
1722,Ｅａｓｔ,Gadget,"+2,077.86",2024-06-01,legacy
1723,South​,Widget,"1,158.43",2024-05-20,
1724,​,Widget,"1,666.70",2024-04-04,ok
1725,WEST,Thingamajig," 1,508.04 ",2024-03-17,
1726,unknown,Doohickey,666.91,2024-09-07,import
1727,e,Gadget," 1,531.51 ",2024-03-21,import
1728,E,Thingamajig, 223.86 ,2024-11-11,
1729,NULL,Thingamajig," 1,536.32 ",2024-04-13,ok
1730, south⁠ ,Widget,$438.64,2024-10-08,legacy
1731, west⁠ ,Thingamajig,2067.37,2024-04-13,
1732,North​,Thingamajig," 1,832.68 ",2024-11-04,legacy
1733,n,Gadget,"+1,271.28",2024-01-18,
1734,n,Doohickey,+128.93,2024-08-19,ok
1735,western,Widget,"$1,827.55",2024-09-18,
1736,North​,Gadget,518.47,2024-11-26,
1737,North,Widget,"$2,193.20",2024-04-15,ok
1738,N,Thingamajig,871.87,2024-06-09,
1739,East,Widget," 1,311.16 ",2024-02-27,legacy
1740,Ｓｏｕｔｈ,Widget,+431.30,2024-10-02,ok
1741,western,Gadget,+265.82,2024-04-03,
1742, ,Widget,"2,103.40",2024-09-21,legacy
1743,S,Widget,"$2,005.42",2024-11-24,
1744,unknown,Gadget,753.76,2024-12-24,import
1745, east,Thingamajig,348.19,2024-06-16,legacy
1746, UnKnown ,Gadget, 898.56 ,2024-09-26,
1747,﻿West,Gadget,"+1,145.39",2024-05-12,ok
1748,East​,Doohickey,1533.44,2024-11-01,legacy
1749,northern,Thingamajig,"2,224.38",2024-10-10,
1750,South,Widget,+293.51,2024-05-10,ok
1751,West​,Widget,722.46,2024-02-28,legacy
1752, north⁠ ,Gadget," 1,186.59 ",2024-10-25,
1753,South​,Doohickey,820.89,2024-02-07,
1754,NORTH,Doohickey,756.32,2024-12-26,legacy
1755, north⁠ ,Doohickey,"-1,725.87",2024-01-26,
1756,E,Widget,$866.86,2024-12-26,import
1757,Ｅａｓｔ,Doohickey,228.16,2024-10-12,
1758,Ｎｏｒｔｈ,Gadget,283.26,2024-07-12,legacy
1759,n/a,Widget,527.22,2024-12-25,ok
1760,﻿,Gadget,"+1,912.59",2024-10-27,legacy
1761,East,Thingamajig,"+1,438.75",2024-09-26,
1762, west⁠ ,Widget,1535.79,2024-08-02,
1763, south⁠ ,Doohickey," 1,480.50 ",2024-04-14,
1764, east⁠ ,Gadget," 2,071.52 ",2024-06-11,
1765,EAST ,Widget,"$1,300.44",2024-12-01,
1766, north⁠ ,Widget," 1,081.85 ",2024-08-28,import
1767,East​,Thingamajig,1113.39,2024-11-16,legacy
1768,WEST,Thingamajig,"$1,829.86",2024-10-15,
1769, east,Doohickey,"1,199.42",2024-04-17,
1770,W,Thingamajig,"$2,452.55",2024-08-14,import
1771,n,Doohickey,956.90,2024-02-13,import
1772,South​,Gadget, 241.99 ,2024-06-10,import
1773,southern,Gadget,+722.54,2024-05-22,legacy
1774, south⁠ ,Doohickey,"+2,487.86",2024-07-04,
1775, north⁠ ,Doohickey,+505.88,2024-05-12,
1776,western,Doohickey,"2,003.38",2024-04-16,legacy
1777,null,Gadget,"$1,320.27",2024-07-27,
1778,southern,Gadget,1257.15,2024-07-17,
1779,﻿East,Widget,"+2,309.81",2024-01-24,import
1780,EAST ,Gadget,+893.15,2024-09-22,
1781,s,Widget,1594.96,2024-08-03,
1782,northern,Doohickey, 453.08 ,2024-09-13,
1783,NA,Doohickey,457.51,2024-07-13,
1784,western,Gadget,$696.16,2024-12-08,
1785,﻿East,Widget,"(2,092.77)",2024-07-25,legacy
1786, ,Widget,"+1,256.89",2024-08-27,legacy
1787,n/a,Doohickey,"1,944.41",2024-07-12,legacy
1788,unknown,Thingamajig,$6.91,2024-09-11,import
1789,﻿East,Thingamajig,463.58,2024-04-25,import
1790,unk,Doohickey,400.47,2024-12-24,
1791,﻿South,Widget,"(1,735.35)",2024-09-27,ok
1792,S,Thingamajig,"+1,356.94",2024-10-06,
1793,West,Widget,$247.42,2024-06-14,import
1794,South,Gadget,"1,007.57",2024-03-08,import
1795,﻿North,Widget,"-1,080.70",2024-06-23,import
1796, west⁠ ,Gadget," 2,077.12 ",2024-01-09,import
1797,eastern,Gadget,"+2,081.22",2024-11-25,import
1798,W,Thingamajig,1111.53,2024-10-06,ok
1799,SOUTH,Gadget,2346.99,2024-09-17,
1800,W,Gadget,"+1,447.72",2024-06-20,ok
1801,﻿,Widget,145.60,2024-06-12,
1802,s,Doohickey,+662.59,2024-02-12,ok
1803,Ｓｏｕｔｈ,Doohickey,$489.47,2024-03-14,
1804,﻿North,Gadget,"+2,176.84",2024-06-21,
1805,S,Gadget, 628.09 ,2024-01-08,
1806,unk,Gadget,"$1,474.73",2024-07-20,
1807,North​,Thingamajig,"$2,211.80",2024-07-10,import
1808, south ,Gadget,"1,498.95",2024-12-02,import
1809,﻿East,Doohickey," 2,120.01 ",2024-07-20,legacy
1810,western,Thingamajig," 1,627.41 ",2024-03-11,
1811, north⁠ ,Gadget,"$1,835.09",2024-03-01,import
1812,southern,Gadget,142.76,2024-08-18,
1813,w,Widget,+264.20,2024-09-25,import
1814, south⁠ ,Thingamajig,"(1,081.45)",2024-08-08,
1815,East,Doohickey," 2,313.10 ",2024-05-01,legacy
1816,None,Widget,"$2,166.83",2024-11-16,
1817, north⁠ ,Gadget,$780.53,2024-07-06,ok
1818,s,Widget,"2,214.07",2024-01-15,
1819,EAST ,Gadget,+706.01,2024-06-03,
1820,n,Doohickey," 1,054.87 ",2024-05-08,
1821,Ｎｏｒｔｈ,Doohickey,$637.80,2024-07-17,legacy
1822,S,Doohickey,"+1,375.53",2024-02-08,legacy
1823,Ｅａｓｔ,Thingamajig,1481.17,2024-04-16,ok
1824,West​,Widget,"1,435.38",2024-11-07,ok
1825, south⁠ ,Gadget,763.54,2024-10-13,import
1826,North,Widget,"+1,472.36",2024-09-01,legacy
1827,East,Gadget, 810.58 ,2024-07-20,import
1828,SOUTH,Doohickey,+511.74,2024-11-07,
1829,SOUTH,Thingamajig," 1,996.12 ",2024-10-07,ok
1830, east,Doohickey, 35.19 ,2024-03-12,import
1831,Ｅａｓｔ,Doohickey," 1,400.18 ",2024-05-26,
1832,w,Thingamajig,"1,618.07",2024-11-08,
1833,western,Widget,"1,197.20",2024-01-28,legacy
1834, east,Doohickey, 911.89 ,2024-08-23,
1835,East​,Widget,+633.89,2024-12-15,
1836, UnKnown ,Doohickey,2286.26,2024-11-15,import
1837,w,Widget, 806.91 ,2024-11-11,ok
1838,East,Widget,103.35,2024-09-05,import
1839,,Gadget,466.53,2024-04-06,import
1840,Ｓｏｕｔｈ,Doohickey,$184.01,2024-06-14,legacy
1841,East​,Thingamajig,"+1,313.58",2024-08-03,import
1842,None,Thingamajig," 1,899.61 ",2024-05-17,import
1843,﻿,Thingamajig," 1,746.01 ",2024-12-14,
1844, east⁠ ,Gadget,2352.20,2024-04-21,
1845, east⁠ ,Thingamajig," 1,596.96 ",2024-08-16,
1846,   ,Widget,"2,003.12",2024-03-24,legacy
1847,West​,Doohickey,"(2,428.61)",2024-08-20,
1848,unknown,Thingamajig,$661.01,2024-09-25,
1849,﻿East,Widget,"+1,236.76",2024-08-19,
1850,South​,Widget,$972.25,2024-07-20,ok
1851,﻿West,Gadget,592.50,2024-11-10,
1852,WEST,Gadget,"$1,702.83",2024-09-16,
1853, east⁠ ,Doohickey,"$1,951.17",2024-09-18,import
1854,North,Thingamajig,"(1,565.49)",2024-04-20,ok
1855,n,Gadget,"+1,132.00",2024-11-25,legacy
1856,EAST ,Gadget," 2,206.74 ",2024-02-11,legacy
1857,S,Doohickey,+963.48,2024-04-10,legacy
1858,southern,Widget,2259.55,2024-05-12,
1859,North​,Doohickey,$340.03,2024-02-09,
1860,NA,Doohickey,"($1,199.16)",2024-12-13,import
1861,North​,Thingamajig,2273.07,2024-02-28,import
1862,North​,Gadget,741.71,2024-05-26,legacy
1863, north ,Doohickey,(124.31),2024-01-24,import
1864,NORTH,Gadget,"1,857.87",2024-07-10,legacy
1865, south⁠ ,Gadget,227.66,2024-10-24,
1866,North,Widget,+927.54,2024-03-23,
1867,n,Gadget,+304.21,2024-04-14,
1868,null,Thingamajig,667.99,2024-11-25,ok
1869,West​,Doohickey,$695.17,2024-12-08,import
1870,Ｗｅｓｔ,Gadget,"+1,580.62",2024-02-22,
1871, north ,Widget,1055.89,2024-12-20,
1872, east⁠ ,Thingamajig,+260.06,2024-06-28,
1873,North​,Gadget,1000.35,2024-04-06,import
1874,﻿East,Gadget,$908.40,2024-12-11,
1875,﻿East,Thingamajig,"$1,218.76",2024-11-28,ok
1876, south⁠ ,Widget," 2,228.09 ",2024-01-15,import
1877,NA,Gadget,1767.87,2024-08-02,legacy
1878,North​,Widget,1515.76,2024-06-15,ok
1879,e,Gadget,"1,909.38",2024-07-11,
1880,South​,Widget,999.31,2024-01-21,ok
1881, north ,Doohickey, 140.47 ,2024-11-05,ok
1882,WEST,Doohickey,2182.25,2024-05-04,import
1883,​,Thingamajig,497.73,2024-04-19,import
1884,western,Gadget,1864.59,2024-05-06,ok
1885,Ｗｅｓｔ,Gadget,"2,480.24",2024-03-26,
1886,East​,Doohickey,2025.98,2024-09-27,import
1887,E,Widget,"+1,375.57",2024-06-17,ok
1888,Ｅａｓｔ,Widget,"$1,072.17",2024-07-24,import
1889,Ｅａｓｔ,Gadget,"+1,221.27",2024-01-17,legacy
1890,NORTH,Gadget,"+1,978.08",2024-08-15,
1891, east⁠ ,Widget,"(2,052.08)",2024-10-15,
1892,E,Widget, 877.91 ,2024-09-25,import
1893,N,Doohickey," 1,057.95 ",2024-12-21,import
1894, north ,Thingamajig,"(1,862.26)",2024-04-12,legacy
1895,eastern,Widget,"-1,081.19",2024-10-21,
1896,unknown,Widget,"+2,394.46",2024-04-23,legacy
1897,SOUTH,Doohickey,-80.17,2024-12-02,ok
1898,WEST,Gadget,"$2,057.35",2024-03-07,import
1899,NORTH,Gadget,932.51,2024-10-13,import
1900,SOUTH,Doohickey,"$1,502.72",2024-02-25,
1901,w,Doohickey,"2,471.48",2024-07-24,
1902,Ｓｏｕｔｈ,Gadget,1242.69,2024-07-24,
1903,EAST ,Widget,"(1,850.31)",2024-09-03,ok
1904, UnKnown ,Thingamajig,"$1,596.01",2024-10-05,ok
1905,North,Doohickey,"$1,618.55",2024-02-13,import
1906,null,Doohickey,"+1,419.73",2024-06-27,
1907, north ,Doohickey," 1,444.53 ",2024-08-24,
1908,unknown,Doohickey,"$1,237.09",2024-04-14,
1909, ,Thingamajig, 910.52 ,2024-07-12,import
1910,   ,Widget,"1,930.42",2024-07-25,legacy
1911,w,Widget,"1,096.78",2024-11-18,import
1912,North​,Widget,440.46,2024-07-22,
1913,NORTH,Widget,1480.35,2024-02-22,
1914,NORTH,Doohickey," 2,494.27 ",2024-03-17,ok
1915,unknown,Thingamajig,1430.62,2024-04-12,import
1916,East​,Thingamajig, 706.95 ,2024-12-05,
1917,w,Widget,($259.20),2024-10-13,
1918,﻿North,Thingamajig,825.22,2024-07-14,
1919, west ,Doohickey, 962.23 ,2024-04-05,legacy
1920,Ｗｅｓｔ,Doohickey,+468.00,2024-04-25,
1921,E,Gadget,369.31,2024-03-15,import
1922, ,Gadget,+868.39,2024-04-28,import
1923,﻿,Widget,+928.56,2024-08-26,legacy
1924,N,Thingamajig,"1,946.10",2024-05-03,
1925,S,Gadget,55.28,2024-09-23,legacy
1926,WEST,Doohickey, 34.76 ,2024-12-12,legacy
1927,EAST ,Widget," 2,313.66 ",2024-11-01,
1928,E,Doohickey,592.53,2024-03-13,legacy
1929,﻿South,Thingamajig, 370.96 ,2024-02-21,legacy
1930,East,Widget," 1,260.12 ",2024-11-04,ok
1931,N,Doohickey,"+1,665.41",2024-08-28,legacy
1932,East​,Doohickey,1345.23,2024-08-28,
1933,East,Doohickey,98.10,2024-01-22,ok
1934,﻿,Gadget, 884.67 ,2024-05-14,legacy
1935,unk,Doohickey,1219.29,2024-05-13,ok
1936,SOUTH,Thingamajig," 1,917.80 ",2024-02-28,import
1937,   ,Doohickey,1612.44,2024-12-19,import
1938,North,Widget,"1,532.80",2024-12-19,
1939,eastern,Widget,"+1,930.77",2024-07-16,
1940,​,Widget,+856.33,2024-03-12,ok
1941,﻿North,Gadget," 2,002.02 ",2024-09-06,legacy
1942,southern,Gadget,1916.54,2024-05-18,
1943, ,Gadget,"$1,955.11",2024-12-21,
1944,Ｓｏｕｔｈ,Gadget,+270.07,2024-12-10,
1945,southern,Doohickey,"2,226.16",2024-02-10,import
1946,unk,Doohickey,"$1,622.63",2024-07-01,ok
1947,West​,Gadget,(333.17),2024-08-28,
1948,western,Thingamajig,+608.96,2024-06-03,import
1949,Ｎｏｒｔｈ,Widget,$120.16,2024-12-25,ok
1950,West​,Doohickey," 1,073.20 ",2024-02-23,
1951,None,Widget," 2,286.40 ",2024-12-09,
1952,﻿East,Thingamajig,2050.95,2024-12-19,
1953,West​,Widget," 1,942.85 ",2024-08-08,
1954,western,Gadget,"$2,263.40",2024-07-06,legacy
1955,Ｎｏｒｔｈ,Thingamajig,(295.05),2024-09-28,
1956,South​,Doohickey,2113.43,2024-05-19,ok
1957, north ,Gadget,"1,317.19",2024-07-28,legacy
1958,N,Thingamajig,1392.54,2024-07-21,
1959,Ｗｅｓｔ,Doohickey,1156.77,2024-12-23,legacy
1960, east⁠ ,Thingamajig,588.93,2024-08-14,legacy
1961,Ｅａｓｔ,Thingamajig,"+1,338.87",2024-09-23,
1962,WEST,Thingamajig,421.84,2024-03-08,
1963,s,Widget,"2,370.80",2024-06-23,import
1964, ,Thingamajig,1660.38,2024-02-08,import
1965,northern,Doohickey,"$1,860.78",2024-08-08,
1966,NULL,Doohickey,1859.99,2024-07-27,ok
1967,﻿East,Widget,"$2,226.64",2024-06-24,
1968,WEST,Gadget,$258.85,2024-10-23,legacy
1969,NA,Doohickey,"-1,950.73",2024-07-18,ok
1970,e,Thingamajig,"$1,094.33",2024-02-01,ok
1971,s,Gadget,432.60,2024-10-11,ok
1972,SOUTH,Thingamajig, 470.31 ,2024-02-22,
1973,﻿South,Gadget, 796.36 ,2024-11-18,
1974,North,Widget,140.41,2024-10-17,legacy
1975,southern,Gadget,"+2,395.42",2024-11-22,import
1976,E,Gadget,"1,517.11",2024-07-01,ok
1977,Ｅａｓｔ,Gadget,$580.39,2024-11-15,ok
1978,N,Gadget,"+1,533.26",2024-11-07,legacy
1979,null,Widget,"$1,970.42",2024-08-13,ok
1980,East,Thingamajig,"1,634.02",2024-10-05,
1981,eastern,Widget,980.04,2024-12-12,legacy
1982,n,Thingamajig,"+2,148.13",2024-04-19,
1983,﻿East,Widget,2492.20,2024-03-10,
1984,South,Gadget,"$1,398.98",2024-09-14,ok
1985,e,Doohickey,329.43,2024-03-21,import
1986,w,Doohickey,"2,167.54",2024-01-28,
1987,East,Gadget,842.24,2024-12-21,import
1988, west⁠ ,Doohickey," 2,368.54 ",2024-11-28,import
1989,s,Widget,903.30,2024-11-18,ok
1990,NORTH,Doohickey,289.16,2024-06-19,
1991,W,Widget,1244.55,2024-12-07,
1992,western,Widget,"2,129.20",2024-01-03,
1993,N,Widget,"1,000.43",2024-07-10,legacy
1994,Ｗｅｓｔ,Thingamajig,+685.35,2024-02-14,
1995,Ｅａｓｔ,Gadget,$885.83,2024-01-22,import
1996, east,Thingamajig,"+2,074.58",2024-01-10,import
1997,SOUTH,Thingamajig,$352.54,2024-12-16,ok
1998, west ,Widget,+600.15,2024-05-20,
1999,northern,Widget,+185.20,2024-06-17,
2000,North,Thingamajig,"$1,891.01",2024-10-24,import
2001,North,Thingamajig,"+1,691.37",2024-03-13,import
2002,﻿North,Gadget,"1,413.47",2024-04-07,ok
2003,e,Thingamajig, 854.46 ,2024-08-24,
2004, north⁠ ,Thingamajig,$919.63,2024-06-17,
2005,EAST ,Doohickey,2073.45,2024-05-22,
2006,﻿South,Gadget,"1,608.55",2024-01-25,ok
2007, ,Doohickey,1084.01,2024-02-16,
2008,North​,Doohickey,"+2,133.24",2024-05-09,
2009,s,Gadget,"(1,376.26)",2024-06-17,import
2010, west⁠ ,Doohickey,"$2,122.59",2024-10-26,ok
2011,N,Doohickey,"+2,192.14",2024-09-07,import
2012, UnKnown ,Widget,"+1,540.61",2024-10-12,legacy
2013,Ｅａｓｔ,Widget," 2,043.47 ",2024-10-11,
2014,West​,Gadget," 2,457.16 ",2024-02-17,import
2015,NA,Gadget,"+2,067.17",2024-08-04,legacy
2016,Ｗｅｓｔ,Widget," 1,649.05 ",2024-10-23,
2017,North,Widget,159.12,2024-05-08,legacy
2018,Ｓｏｕｔｈ,Gadget,"2,183.94",2024-12-06,import
2019, north⁠ ,Doohickey,"2,481.99",2024-05-17,legacy
2020,SOUTH,Thingamajig," 2,322.14 ",2024-09-05,legacy
2021, north⁠ ,Doohickey,330.78,2024-08-10,import
2022,NULL,Gadget," 1,336.94 ",2024-12-08,
2023,northern,Thingamajig,2156.76,2024-12-22,legacy
2024,s,Thingamajig,382.16,2024-08-06,
2025,East,Gadget,"-1,357.29",2024-01-20,legacy
2026,West​,Widget,"+1,250.92",2024-09-04,
2027,North​,Thingamajig,"1,833.52",2024-08-13,legacy
2028,East​,Doohickey,$421.83,2024-01-18,
2029,Ｅａｓｔ,Widget," 1,972.04 ",2024-08-23,import
2030,western,Thingamajig,753.84,2024-06-19,import
2031,East,Widget,+861.40,2024-10-28,import
2032,West,Doohickey," 1,904.53 ",2024-11-14,legacy
2033,﻿,Widget," 1,643.35 ",2024-02-10,import
2034,South​,Doohickey,$70.30,2024-01-24,import
2035,East,Gadget,445.43,2024-07-15,legacy
2036,SOUTH,Doohickey,$742.83,2024-03-21,
2037,South​,Thingamajig," 1,479.88 ",2024-07-23,legacy
2038,E,Doohickey,+825.71,2024-07-15,legacy
2039,﻿West,Widget,"+2,107.01",2024-08-12,import
2040, south ,Gadget,2200.16,2024-12-18,
2041,Ｓｏｕｔｈ,Thingamajig," 1,408.10 ",2024-10-08,legacy
2042,​,Gadget,"$1,234.51",2024-12-28,ok
2043, south⁠ ,Doohickey,855.85,2024-07-25,legacy
2044,unk,Widget,"$2,375.04",2024-12-05,import
2045,﻿East,Widget,870.77,2024-10-05,legacy
2046, west ,Widget, 263.49 ,2024-10-25,legacy
2047,NORTH,Thingamajig,"$2,383.46",2024-05-02,
2048,EAST ,Gadget,"2,350.38",2024-10-09,legacy
2049,S,Gadget,406.48,2024-11-24,ok
2050, south⁠ ,Widget,"2,228.73",2024-09-15,
2051,   ,Thingamajig,"$2,157.99",2024-03-16,
2052,South,Thingamajig,+676.61,2024-04-23,ok
2053,w,Thingamajig,"(1,330.57)",2024-10-13,
2054,SOUTH,Doohickey,579.35,2024-05-08,
2055, ,Thingamajig,408.55,2024-11-02,
2056,﻿North,Doohickey,$192.91,2024-07-05,legacy
2057,Ｎｏｒｔｈ,Thingamajig,"$1,743.37",2024-02-17,legacy
2058,WEST,Gadget,"1,936.97",2024-08-06,import
2059,E,Thingamajig,$616.69,2024-09-13,import
2060, south ,Doohickey,154.92,2024-08-19,
2061,﻿,Gadget,"1,457.28",2024-05-20,import
2062,unknown,Gadget,1186.84,2024-06-09,
2063, north ,Widget,"$2,058.93",2024-02-22,legacy
2064, east,Gadget,"2,451.71",2024-09-12,ok
2065,s,Doohickey,1901.40,2024-02-11,
2066, west ,Widget,$492.17,2024-03-21,ok
2067,s,Widget, 889.15 ,2024-04-14,ok
2068,WEST,Thingamajig," 2,365.41 ",2024-12-09,import
2069,South,Thingamajig,$478.54,2024-09-10,ok
2070,EAST ,Thingamajig,(980.26),2024-07-22,
2071,Ｓｏｕｔｈ,Doohickey,285.04,2024-11-26,
2072,West​,Widget," 1,877.18 ",2024-01-04,
2073,﻿South,Doohickey,295.42,2024-08-09,import
2074,﻿North,Widget,"2,119.56",2024-04-10,import
2075, UnKnown ,Widget,$71.82,2024-07-15,ok
2076,N,Widget,"1,554.82",2024-02-20,legacy
2077,None,Thingamajig,65.77,2024-09-17,ok
2078,﻿West,Doohickey,767.86,2024-10-14,ok
2079,West,Doohickey,15.51,2024-02-10,ok
2080,NORTH,Gadget,929.91,2024-06-27,
2081, east⁠ ,Doohickey,2494.83,2024-07-15,
2082, north ,Thingamajig,$403.33,2024-05-05,ok
2083,North​,Gadget,+212.63,2024-08-02,ok
2084,SOUTH,Gadget,905.90,2024-07-19,
2085,unk,Widget,1526.26,2024-11-19,import
2086,West​,Thingamajig,1747.17,2024-05-24,
2087, north⁠ ,Gadget,"+1,615.21",2024-09-11,ok
2088,W,Thingamajig," 2,310.56 ",2024-03-26,
2089,EAST ,Doohickey,"+1,229.01",2024-11-04,legacy
2090, west⁠ ,Doohickey,"$2,298.60",2024-02-25,import
2091,s,Gadget,$219.95,2024-03-10,import
2092,northern,Gadget," 2,230.28 ",2024-08-27,
2093,﻿North,Thingamajig,(112.32),2024-08-18,
2094,SOUTH,Thingamajig,"(1,011.54)",2024-06-12,
2095,SOUTH,Thingamajig,"1,117.09",2024-11-10,import
2096,East​,Doohickey,"1,233.40",2024-12-16,ok
2097, ,Thingamajig,"+2,100.26",2024-11-14,
2098, south ,Gadget,1137.73,2024-04-23,legacy
2099,Ｓｏｕｔｈ,Doohickey,818.80,2024-01-03,import
2100, south ,Widget,+485.40,2024-05-05,
2101, west ,Doohickey,707.63,2024-09-22,legacy
2102,﻿North,Thingamajig,542.58,2024-11-06,
2103,﻿West,Doohickey,"+1,750.85",2024-06-02,import
2104,North​,Gadget,"+1,956.17",2024-11-21,
2105,NORTH,Widget, 574.37 ,2024-02-19,
2106,Ｓｏｕｔｈ,Gadget,215.75,2024-05-24,ok
2107,Ｓｏｕｔｈ,Doohickey,"+1,460.19",2024-12-20,ok
2108,﻿East,Gadget,$306.86,2024-03-11,
2109,North,Gadget," 1,113.59 ",2024-02-24,
2110, UnKnown ,Thingamajig,238.18,2024-04-15,legacy
2111,West,Thingamajig,"+1,090.10",2024-04-10,ok
2112,﻿West,Thingamajig,(624.87),2024-12-24,ok
2113,Ｅａｓｔ,Widget,965.71,2024-12-24,
2114,w,Doohickey,777.34,2024-04-11,ok
2115,null,Gadget,"$1,000.79",2024-05-09,
2116,West,Doohickey," 1,423.72 ",2024-03-17,
2117,e,Gadget, 699.01 ,2024-11-26,
2118, south⁠ ,Gadget,"$1,474.19",2024-02-09,
2119,western,Gadget,"+1,073.09",2024-02-19,import
2120, west ,Thingamajig,"1,995.38",2024-11-11,import
2121,southern,Thingamajig,2355.81,2024-03-14,ok
2122,﻿West,Doohickey, 542.46 ,2024-04-19,import
2123,West,Doohickey,"+2,210.37",2024-06-25,
2124,South,Widget," 2,485.32 ",2024-05-02,legacy
2125,Ｅａｓｔ,Widget,"1,444.15",2024-07-09,ok
2126,e,Widget,892.18,2024-04-14,
2127, ,Widget,"+2,081.30",2024-12-01,import
2128,West​,Gadget," 2,406.53 ",2024-09-13,
2129,   ,Thingamajig,"(1,029.60)",2024-07-02,
2130,﻿South,Doohickey,486.05,2024-03-03,
2131,N,Gadget, 515.68 ,2024-10-28,
2132,NORTH,Widget," 2,287.95 ",2024-06-24,
2133,West​,Doohickey," 1,662.22 ",2024-05-22,
2134, south ,Doohickey," 2,106.58 ",2024-10-17,legacy
2135,Ｎｏｒｔｈ,Thingamajig, 294.05 ,2024-07-09,import
2136,e,Gadget,6.49,2024-10-14,import
2137,﻿East,Gadget," 1,960.07 ",2024-05-15,
2138,NULL,Widget,"+2,404.00",2024-01-14,
2139,W,Gadget,1688.52,2024-04-23,
2140,southern,Doohickey,"+1,346.80",2024-02-08,
2141,NA,Gadget, 921.99 ,2024-09-08,
2142,NORTH,Doohickey, 833.39 ,2024-05-02,legacy
2143,N,Gadget,"$1,757.64",2024-06-28,
2144,﻿North,Widget,"1,966.60",2024-10-02,legacy
2145, north⁠ ,Doohickey,2038.32,2024-08-11,legacy
2146,﻿North,Thingamajig,15.70,2024-11-03,import
2147,East​,Thingamajig," 1,801.72 ",2024-09-25,ok
2148,East,Widget, 106.12 ,2024-02-04,legacy
2149,E,Widget," 2,223.80 ",2024-03-19,
2150,,Widget,1500.96,2024-02-16,legacy
2151,Ｓｏｕｔｈ,Widget,"$2,138.66",2024-03-25,
2152,EAST ,Widget,"1,123.97",2024-12-16,
2153,South​,Doohickey, 30.97 ,2024-01-20,
2154,eastern,Gadget,"+1,766.62",2024-04-28,legacy
2155,﻿North,Gadget," 2,083.04 ",2024-11-26,
2156,s,Widget,2371.98,2024-03-24,
2157,unknown,Gadget,"$2,203.59",2024-07-07,
2158,s,Doohickey," 1,763.43 ",2024-06-20,
2159,s,Widget,$643.80,2024-12-20,ok
2160,﻿East,Widget,+210.77,2024-11-19,ok
2161,East​,Widget,"1,657.81",2024-05-06,
2162,West,Doohickey,"$1,467.13",2024-11-25,legacy
2163, south⁠ ,Widget," 2,350.26 ",2024-01-14,legacy
2164, west ,Thingamajig, 729.81 ,2024-02-21,ok
2165,West,Doohickey,250.13,2024-12-19,
2166,n,Thingamajig," 1,703.60 ",2024-02-08,import
2167,East,Doohickey,"2,217.02",2024-05-10,ok
2168,NA,Widget,"2,358.54",2024-08-10,
2169,Ｎｏｒｔｈ,Widget,1381.03,2024-01-28,ok
2170,South​,Doohickey,+173.55,2024-03-18,legacy
2171,EAST ,Doohickey,"+2,458.39",2024-03-08,import
2172,East​,Doohickey,"$1,014.74",2024-08-03,import
2173,East​,Thingamajig,"$1,022.34",2024-12-20,
2174,East,Thingamajig,"+1,450.26",2024-09-17,import
2175,﻿North,Doohickey,"1,414.19",2024-04-10,
2176,Ｗｅｓｔ,Gadget,"$2,081.58",2024-09-12,
2177,N,Doohickey, 121.97 ,2024-06-23,ok
2178,North,Gadget,(722.80),2024-07-08,legacy
2179, north⁠ ,Gadget,"$1,485.11",2024-11-28,legacy
2180,northern,Thingamajig,"+1,245.66",2024-05-11,legacy
2181,e,Gadget,-641.93,2024-09-25,legacy
2182,West​,Widget," 2,301.06 ",2024-12-09,
2183,null,Gadget,+192.39,2024-04-21,ok
2184, north ,Thingamajig,1781.99,2024-09-22,
2185, west ,Thingamajig,1415.19,2024-08-14,ok
2186,SOUTH,Gadget,447.13,2024-01-21,
2187,southern,Widget,+937.81,2024-10-18,import
2188,N,Widget,"1,162.32",2024-01-24,legacy
2189,western,Gadget,39.94,2024-07-13,import
2190,East​,Gadget,557.01,2024-05-25,legacy
2191,s,Doohickey,467.73,2024-11-23,
2192,East,Doohickey,"2,470.95",2024-02-05,
2193,EAST ,Thingamajig,$260.83,2024-08-19,import
2194,North,Doohickey,+720.60,2024-08-10,legacy
2195,s,Thingamajig,"1,584.39",2024-02-10,
2196, UnKnown ,Widget,2301.33,2024-01-28,
2197,None,Gadget,112.60,2024-12-14,
2198,Ｅａｓｔ,Doohickey," 1,628.01 ",2024-08-01,legacy
2199, east,Gadget,"+2,133.33",2024-04-25,import
2200,North,Widget,$63.20,2024-02-15,
2201,﻿West,Gadget,+345.17,2024-06-03,import
2202,Ｗｅｓｔ,Gadget," 1,871.99 ",2024-06-06,
2203, east⁠ ,Gadget,$621.88,2024-11-22,import
2204,﻿East,Widget,1220.70,2024-04-23,
2205, west⁠ ,Thingamajig,+477.55,2024-08-08,legacy
2206,East​,Widget,+742.36,2024-04-06,legacy
2207,﻿East,Doohickey,"$1,704.06",2024-04-08,
2208,NORTH,Widget,"$1,811.22",2024-06-28,import
2209,NULL,Gadget,"+1,777.22",2024-09-22,legacy
2210,South,Gadget,2452.12,2024-06-02,legacy
2211,SOUTH,Widget," 1,434.41 ",2024-11-13,
2212,S,Doohickey, 402.18 ,2024-06-12,ok
2213, south⁠ ,Widget,1548.88,2024-05-19,ok
2214,Ｎｏｒｔｈ,Gadget,764.94,2024-06-02,
2215,North​,Doohickey,1707.89,2024-04-15,
2216,South​,Thingamajig,"+1,060.31",2024-06-28,import
2217,West​,Widget,704.13,2024-10-18,legacy
2218,None,Doohickey,1892.10,2024-03-18,import
2219,N,Thingamajig,644.59,2024-06-26,
2220,southern,Thingamajig," 1,415.34 ",2024-04-13,legacy
2221,Ｗｅｓｔ,Thingamajig,1516.08,2024-03-01,ok
2222,n/a,Doohickey,"+2,099.98",2024-12-26,
2223, east,Doohickey," 1,950.72 ",2024-12-11,legacy
2224,Ｎｏｒｔｈ,Widget,"1,748.10",2024-01-02,ok
2225,WEST,Widget,"2,325.17",2024-11-21,legacy
2226, west ,Thingamajig,"$1,236.04",2024-08-08,legacy
2227,South​,Doohickey,"1,945.90",2024-10-01,
2228,e,Thingamajig,$472.50,2024-10-03,
2229,NORTH,Widget,"1,089.04",2024-05-28,legacy
2230,West,Doohickey," 1,070.77 ",2024-12-09,
2231,W,Widget,$125.59,2024-01-08,
2232, west⁠ ,Gadget,"1,334.92",2024-08-23,
2233,E,Widget,1601.95,2024-12-25,import
2234,northern,Doohickey,"+1,510.25",2024-04-13,legacy
2235, south ,Thingamajig, 814.78 ,2024-02-15,ok
2236,﻿North,Gadget,563.41,2024-12-20,
2237,northern,Thingamajig,2092.46,2024-08-26,import
2238,northern,Gadget,"2,012.61",2024-07-19,legacy
2239,﻿West,Thingamajig,$673.67,2024-03-12,ok
2240, east⁠ ,Widget,"$1,486.97",2024-02-06,ok
2241, west ,Widget,$183.56,2024-08-11,
2242,W,Widget,"$1,209.53",2024-06-07,ok
2243,,Widget,$41.93,2024-03-26,legacy
2244,S,Doohickey,"2,366.87",2024-06-16,legacy
2245,Ｗｅｓｔ,Widget," 1,388.25 ",2024-08-10,legacy
2246,western,Thingamajig,"$2,180.36",2024-05-06,legacy
2247,﻿South,Doohickey,118.97,2024-09-04,
2248,e,Thingamajig," 1,564.23 ",2024-02-08,import
2249,Ｎｏｒｔｈ,Thingamajig,$968.94,2024-05-24,legacy
2250,﻿,Widget,"+1,297.52",2024-04-19,ok
2251,NULL,Gadget," 1,865.24 ",2024-06-16,import
2252,N,Gadget,"$1,943.64",2024-07-24,ok
2253, south⁠ ,Doohickey," 2,389.57 ",2024-09-14,
2254,eastern,Widget,+99.75,2024-02-12,ok
2255,Ｅａｓｔ,Gadget,1707.08,2024-01-17,
2256,EAST ,Gadget,850.27,2024-03-05,import
2257,East,Widget,"+2,043.51",2024-12-10,
2258,northern,Thingamajig,$130.25,2024-12-16,ok
2259, ,Doohickey,"+1,012.18",2024-07-03,
2260, north ,Widget,"$1,558.55",2024-12-12,legacy
2261,eastern,Widget,1846.97,2024-03-10,legacy
2262,SOUTH,Widget,"+1,638.52",2024-03-18,
2263,East​,Widget,+766.61,2024-01-08,legacy
2264,Ｎｏｒｔｈ,Doohickey, 89.07 ,2024-01-06,import
2265,E,Thingamajig,562.43,2024-10-11,import
2266,​,Widget,"$2,455.19",2024-10-16,ok
2267,unknown,Widget,"($1,940.85)",2024-11-14,
2268, south⁠ ,Thingamajig,"$2,093.39",2024-08-22,
2269, south⁠ ,Gadget,$644.41,2024-01-21,import
2270,EAST ,Doohickey," 2,165.21 ",2024-05-18,
2271,n,Doohickey,"+1,230.97",2024-04-17,ok
2272,southern,Thingamajig,682.65,2024-10-11,legacy
2273, east⁠ ,Widget,9.13,2024-04-03,legacy
2274,n,Doohickey,"1,126.23",2024-11-06,legacy
2275,E,Doohickey,"$1,554.85",2024-07-05,
2276,South​,Gadget,115.37,2024-08-11,import
2277,W,Doohickey,"+1,020.78",2024-06-03,legacy
2278,   ,Widget,"$1,631.84",2024-01-21,
2279,Ｗｅｓｔ,Widget,"+2,093.13",2024-07-26,import
2280,northern,Thingamajig,398.67,2024-11-12,ok
2281,﻿North,Widget,"+2,431.67",2024-05-01,
2282,West,Widget,"+2,386.33",2024-06-14,legacy
2283,unknown,Thingamajig,"+1,560.42",2024-03-05,ok
2284,﻿South,Widget,"(2,318.38)",2024-02-18,import
2285,E,Thingamajig,"(1,925.60)",2024-07-10,ok
2286,North​,Widget," 2,383.19 ",2024-03-25,
2287, west⁠ ,Doohickey,"+1,175.11",2024-09-24,legacy
2288,South​,Thingamajig, 313.35 ,2024-05-15,import
2289,,Gadget,"$1,107.65",2024-06-25,import
2290, west⁠ ,Widget,+820.04,2024-01-24,ok
2291, west ,Thingamajig,1581.65,2024-01-13,import
2292,EAST ,Gadget,$777.09,2024-08-10,
2293,NA,Thingamajig,169.55,2024-04-04,
2294,unk,Thingamajig,330.80,2024-03-22,
2295,NORTH,Widget,"$1,563.27",2024-04-14,
2296,n,Doohickey,"$1,548.65",2024-05-27,import
2297,n,Thingamajig,+959.43,2024-11-20,
2298, south ,Thingamajig,$111.88,2024-10-10,legacy
2299,western,Thingamajig,"$1,059.90",2024-10-13,import
2300,﻿North,Thingamajig,"(2,445.38)",2024-09-09,import
2301,W,Widget, 605.17 ,2024-09-25,
2302,n/a,Doohickey," 1,541.97 ",2024-05-13,ok
2303,n/a,Doohickey,"1,331.50",2024-01-10,legacy
2304,EAST ,Widget,"(1,391.59)",2024-08-22,
2305,South,Gadget,+21.40,2024-07-21,legacy
2306, east⁠ ,Widget,$7.99,2024-09-07,legacy
2307,w,Thingamajig,798.68,2024-01-11,ok
2308,Ｓｏｕｔｈ,Widget,"1,637.79",2024-02-28,
2309,Ｗｅｓｔ,Doohickey,1126.37,2024-11-04,legacy
2310,S,Widget,"1,608.15",2024-07-04,
2311,e,Thingamajig,"2,221.64",2024-09-10,
2312,South,Thingamajig,1871.90,2024-02-11,ok
2313,N,Widget, 618.12 ,2024-11-18,legacy
2314, south⁠ ,Thingamajig,"+1,321.57",2024-02-10,ok
2315,SOUTH,Thingamajig,1599.47,2024-06-12,legacy
2316,Ｗｅｓｔ,Thingamajig,1573.36,2024-05-03,ok
2317, west ,Doohickey,$807.49,2024-01-22,legacy
2318,N,Gadget,352.53,2024-10-11,import
2319,South​,Widget,$320.90,2024-08-21,ok
2320,southern,Gadget, 583.59 ,2024-05-14,import
2321, west ,Doohickey,"$2,006.82",2024-08-15,import
2322,﻿South,Thingamajig, 482.33 ,2024-08-25,
2323,western,Thingamajig,"+1,181.87",2024-07-28,import
2324,EAST ,Thingamajig,"1,534.38",2024-11-24,import
2325,e,Gadget,"$1,079.37",2024-07-05,ok
2326,North​,Gadget, 399.92 ,2024-09-12,legacy
2327,Ｎｏｒｔｈ,Widget,"$1,389.77",2024-09-04,legacy
2328,S,Gadget,"$2,155.26",2024-02-10,
2329,n,Widget," 1,145.07 ",2024-05-15,import
2330, east⁠ ,Widget,"1,784.79",2024-03-06,
2331,﻿,Widget,"+1,005.64",2024-03-12,import
2332, east⁠ ,Doohickey,44.42,2024-02-03,
2333,South,Gadget,1409.69,2024-04-25,
2334,eastern,Thingamajig,318.19,2024-08-04,ok
2335,﻿North,Widget,1953.20,2024-07-04,
2336,South​,Gadget,1486.12,2024-04-13,import
2337,e,Doohickey," 2,308.34 ",2024-04-04,import
2338,W,Thingamajig,2233.84,2024-02-22,ok
2339,eastern,Doohickey,+821.82,2024-07-26,ok
2340,WEST,Widget,+294.92,2024-07-06,
2341, ,Doohickey," 2,297.42 ",2024-04-12,
2342, UnKnown ,Doohickey,1739.93,2024-10-27,import
2343,﻿East,Thingamajig,"2,478.35",2024-08-11,ok
2344,unk,Doohickey,"+1,234.63",2024-01-01,import
2345,Ｓｏｕｔｈ,Widget,1677.61,2024-04-11,legacy
2346,N,Gadget," 1,972.18 ",2024-06-21,legacy
2347,W,Widget,+282.11,2024-08-05,ok
2348,﻿,Widget,"2,007.16",2024-08-19,
2349,Ｓｏｕｔｈ,Widget,"$1,543.55",2024-06-27,
2350,e,Doohickey,"+1,329.02",2024-06-18,
2351,null,Widget,"2,150.49",2024-05-20,legacy
2352, north⁠ ,Doohickey,"$2,032.02",2024-11-28,import
2353,SOUTH,Gadget,$694.32,2024-12-08,
2354, east⁠ ,Gadget, 412.99 ,2024-01-05,
2355,S,Thingamajig," 1,434.30 ",2024-01-16,
2356,﻿North,Thingamajig,2443.87,2024-09-28,ok
2357,Ｗｅｓｔ,Gadget,1532.69,2024-03-13,
2358,﻿East,Thingamajig,-323.74,2024-02-23,ok
2359,﻿South,Doohickey,"+1,989.60",2024-04-16,import
2360, east,Widget,946.82,2024-07-19,ok
2361,﻿West,Gadget,+467.05,2024-04-24,
2362,Ｗｅｓｔ,Thingamajig,1537.64,2024-07-20,
2363,East​,Gadget,"+1,770.93",2024-02-17,ok
2364,southern,Widget,+27.93,2024-11-12,legacy
2365,N,Gadget,"+1,312.05",2024-10-25,ok
2366,North,Widget,283.71,2024-03-25,
2367,North​,Widget," 1,596.19 ",2024-05-19,ok
2368,W,Gadget," 1,004.46 ",2024-01-03,ok
2369,NA,Doohickey,"$1,645.85",2024-05-08,
2370,Ｓｏｕｔｈ,Thingamajig,587.23,2024-10-28,import
2371,S,Thingamajig,"$2,326.78",2024-03-16,legacy
2372,Ｗｅｓｔ,Widget,"$1,336.01",2024-04-18,
2373,N,Doohickey," 1,261.91 ",2024-12-02,legacy
2374,eastern,Gadget, 291.93 ,2024-02-21,import
2375,None,Gadget,"1,022.39",2024-04-08,legacy
2376,Ｗｅｓｔ,Doohickey, 558.82 ,2024-02-13,legacy
2377,Ｗｅｓｔ,Thingamajig,"1,928.08",2024-12-10,legacy
2378,None,Doohickey,"($2,291.57)",2024-10-14,ok
2379,NORTH,Widget,2001.20,2024-12-26,import
2380,﻿North,Thingamajig,292.84,2024-09-19,ok
2381,Ｎｏｒｔｈ,Doohickey," 1,173.05 ",2024-06-23,legacy
2382,southern,Widget,"1,290.45",2024-07-12,
2383,W,Gadget,845.43,2024-10-27,
2384,﻿North,Widget,"1,521.11",2024-09-24,import
2385,None,Gadget,"1,225.46",2024-09-16,ok
2386,e,Doohickey, 298.80 ,2024-10-13,legacy
2387,﻿East,Thingamajig,717.02,2024-03-19,ok
2388, ,Widget,"+1,500.47",2024-10-18,
2389, south ,Doohickey,"2,499.89",2024-08-27,legacy
2390,,Thingamajig,(862.36),2024-02-24,ok
2391,﻿South,Gadget,$41.61,2024-02-24,import
2392, ,Thingamajig,340.95,2024-08-07,import
2393,NA,Gadget,"$1,293.82",2024-10-09,
2394,﻿West,Doohickey,1362.50,2024-09-13,import
2395,EAST ,Doohickey,1218.50,2024-02-19,
2396,e,Doohickey," 1,024.87 ",2024-01-27,
2397,n,Widget,"$1,896.90",2024-01-23,
2398,None,Thingamajig,"1,112.86",2024-05-09,import
2399,Ｎｏｒｔｈ,Widget," 2,094.03 ",2024-05-07,
2400,South​,Gadget," 1,248.71 ",2024-06-28,ok
2401, south⁠ ,Gadget,1065.49,2024-07-19,legacy
2402,NORTH,Doohickey,"$1,785.93",2024-11-23,import
2403, east,Widget,"+1,074.13",2024-07-19,import
2404,E,Widget,"2,148.76",2024-08-05,legacy
2405,southern,Doohickey,$974.91,2024-09-09,
2406,﻿West,Thingamajig,"1,084.95",2024-08-26,import
2407,West,Widget,194.83,2024-11-02,import
2408,East,Widget, 961.03 ,2024-06-09,
2409,northern,Widget,"$1,754.41",2024-08-13,ok
2410,s,Widget,1940.82,2024-11-01,ok
2411,S,Widget,503.09,2024-10-11,
2412,South,Widget," 1,972.50 ",2024-01-17,
2413,s,Widget,"$2,420.93",2024-08-24,
2414,﻿North,Thingamajig,439.77,2024-09-05,import
2415,E,Widget,"+2,357.40",2024-01-18,
2416, east⁠ ,Widget,"+1,198.00",2024-08-11,
2417, south ,Thingamajig,"+1,224.55",2024-10-25,
2418,West,Doohickey,"$1,816.00",2024-03-02,ok
2419,e,Gadget,"1,399.29",2024-04-10,import
2420,WEST,Widget,$732.09,2024-02-02,
2421,West,Doohickey,$713.77,2024-11-20,
2422,﻿West,Gadget,"$2,034.67",2024-04-24,ok
2423,   ,Gadget,793.30,2024-10-03,legacy
2424,s,Widget,"$1,328.14",2024-03-16,ok
2425,﻿North,Thingamajig," 2,003.51 ",2024-07-07,
2426,West,Thingamajig,"($1,254.68)",2024-10-02,import
2427, east,Widget,501.36,2024-12-16,ok
2428,NORTH,Widget, 653.73 ,2024-05-06,
2429,eastern,Gadget,"+2,211.39",2024-11-28,
2430,southern,Doohickey,+150.05,2024-07-18,import
2431,South,Gadget," 1,242.09 ",2024-06-24,ok
2432, north⁠ ,Gadget,$942.62,2024-11-19,
2433,northern,Thingamajig," 1,436.43 ",2024-09-16,import
2434,n,Doohickey, 40.93 ,2024-06-24,
2435, south⁠ ,Widget,"+2,146.71",2024-04-18,ok
2436,Ｎｏｒｔｈ,Doohickey,+596.01,2024-12-27,legacy
2437, UnKnown ,Widget, 567.88 ,2024-05-20,ok
2438,W,Doohickey,+271.91,2024-06-25,
2439,﻿North,Thingamajig,"(2,358.40)",2024-06-13,
2440,﻿West,Doohickey,"(1,691.35)",2024-06-05,import
2441,NORTH,Thingamajig,701.13,2024-04-02,legacy
2442,Ｅａｓｔ,Widget,"1,351.48",2024-09-12,
2443,﻿,Widget,"$2,157.02",2024-12-19,
2444,EAST ,Thingamajig,1913.46,2024-10-06,ok
2445,Ｎｏｒｔｈ,Widget,2109.80,2024-02-13,
2446,SOUTH,Doohickey," 1,969.98 ",2024-04-10,
2447,western,Thingamajig,"+1,721.76",2024-03-10,legacy
2448, south ,Widget,$808.34,2024-05-24,legacy
2449,﻿West,Widget,409.83,2024-08-08,
2450,northern,Widget,$48.59,2024-07-26,ok
2451,West,Thingamajig,1903.27,2024-06-03,import
2452,western,Doohickey,1547.43,2024-03-26,
2453,n,Thingamajig,+35.78,2024-02-22,ok
2454,﻿North,Thingamajig,"1,637.83",2024-04-04,import
2455,n,Gadget,"+1,098.58",2024-07-03,
2456,﻿West,Doohickey,"$1,704.82",2024-11-04,ok
2457,South,Gadget,462.97,2024-05-26,ok
2458,western,Widget,"+1,172.41",2024-04-09,import
2459,North​,Doohickey,2187.84,2024-09-13,legacy
2460,null,Doohickey,971.80,2024-02-03,ok
2461, north ,Gadget,+834.99,2024-03-05,
2462, east⁠ ,Doohickey," 2,452.00 ",2024-01-13,
2463, west⁠ ,Gadget,+546.80,2024-03-11,
2464,null,Widget,712.82,2024-09-03,ok
2465,South​,Gadget,"+1,241.14",2024-06-12,
2466, west ,Thingamajig,"2,117.74",2024-01-14,import
2467, east⁠ ,Thingamajig," 2,409.83 ",2024-02-07,legacy
2468, west ,Widget,"2,206.53",2024-11-04,
2469,East​,Gadget,1814.97,2024-01-11,ok
2470,E,Thingamajig,+172.04,2024-09-03,legacy
2471,unknown,Thingamajig,507.41,2024-03-09,legacy
2472, east⁠ ,Widget,818.79,2024-02-16,ok
2473,North,Gadget,+601.05,2024-01-23,legacy
2474,Ｗｅｓｔ,Thingamajig,222.04,2024-09-23,
2475,South​,Gadget,"+1,240.49",2024-05-14,
2476,EAST ,Thingamajig,$420.98,2024-11-17,ok
2477,East,Thingamajig,"+2,241.32",2024-11-03,legacy
2478, north ,Thingamajig,"+1,825.71",2024-05-16,ok
2479,,Thingamajig,1085.91,2024-01-11,legacy
2480, UnKnown ,Thingamajig,1029.13,2024-07-19,ok
2481, west⁠ ,Thingamajig,469.09,2024-06-16,
2482,East,Widget,472.51,2024-07-16,legacy
2483,​,Widget," 1,392.08 ",2024-04-08,legacy
2484,North,Thingamajig, 567.80 ,2024-03-03,ok
2485,﻿North,Doohickey,716.12,2024-11-14,
2486,W,Thingamajig," 2,107.41 ",2024-08-22,
2487,NORTH,Widget,217.19,2024-02-04,
2488, west ,Doohickey,"+1,251.11",2024-06-25,
2489,W,Widget,"+1,008.69",2024-12-21,ok
2490, north ,Thingamajig,+817.30,2024-01-27,ok
2491,s,Thingamajig,"$2,324.07",2024-09-03,legacy
2492,SOUTH,Widget,"$1,488.19",2024-10-21,legacy
2493,W,Widget,"1,766.81",2024-01-02,import
2494,South​,Gadget,+798.10,2024-02-23,
2495, east,Thingamajig," 1,518.57 ",2024-09-05,import
2496,WEST,Widget,$785.65,2024-08-10,
2497, south ,Widget, 416.71 ,2024-04-11,
2498,N,Widget,$771.82,2024-08-04,ok
2499, south ,Gadget,"+2,015.93",2024-01-03,
2500,s,Gadget, 734.83 ,2024-01-07,import
2501,West,Doohickey,"+2,136.74",2024-07-21,
2502,SOUTH,Thingamajig,1630.18,2024-08-18,
2503,West,Widget,$853.67,2024-02-14,
2504,﻿East,Widget,"2,062.57",2024-03-19,
2505,Ｓｏｕｔｈ,Gadget,1369.40,2024-07-27,legacy
2506,W,Widget,211.68,2024-03-19,legacy
2507,southern,Thingamajig," 2,177.65 ",2024-08-03,
2508,E,Doohickey,2199.03,2024-07-13,
2509,East​,Thingamajig,"$1,160.87",2024-07-17,legacy
2510,Ｗｅｓｔ,Doohickey,"+1,681.30",2024-01-20,
2511, west ,Doohickey,35.16,2024-06-26,ok
2512,Ｅａｓｔ,Gadget,"$2,054.38",2024-10-14,ok
2513,SOUTH,Doohickey,"1,562.37",2024-11-21,legacy
2514,East​,Doohickey,$533.77,2024-07-25,
2515,Ｗｅｓｔ,Widget,"$1,574.30",2024-09-16,
2516,South​,Doohickey,"+2,490.33",2024-01-17,
2517,S,Thingamajig,+14.64,2024-11-26,ok
2518,w,Gadget,163.63,2024-04-20,ok
2519,Ｎｏｒｔｈ,Thingamajig,+701.77,2024-08-20,
2520,Ｅａｓｔ,Thingamajig,$408.27,2024-07-27,import
2521,﻿,Widget,"$2,152.13",2024-12-17,import
2522, UnKnown ,Gadget,"$2,125.28",2024-07-28,
2523,,Widget,1844.53,2024-09-10,
2524,W,Thingamajig,"$1,173.41",2024-03-07,import
2525,NA,Gadget,"$2,229.31",2024-03-20,
2526,East​,Thingamajig,"+1,942.73",2024-11-08,import
2527, east,Thingamajig,"$2,301.63",2024-07-19,legacy
2528,﻿North,Widget,"-1,801.18",2024-11-16,legacy
2529, east,Doohickey,"+1,775.12",2024-03-04,import
2530,SOUTH,Gadget,"+2,368.40",2024-11-08,
2531,West​,Widget," 2,204.17 ",2024-11-01,ok
2532,null,Gadget, 626.76 ,2024-10-09,
2533,s,Gadget,+170.28,2024-12-19,legacy
2534,northern,Gadget,2209.44,2024-11-07,ok
2535,n,Gadget,$286.99,2024-09-04,legacy
2536,North​,Widget,135.19,2024-07-03,ok
2537, east⁠ ,Doohickey,"+1,051.48",2024-05-02,import
2538,North,Gadget, 266.99 ,2024-07-14,legacy
2539,EAST ,Thingamajig,74.65,2024-02-13,ok
2540,s,Gadget,701.84,2024-08-10,import
2541,﻿West,Thingamajig,+544.94,2024-09-15,ok
2542, east,Doohickey,"1,286.23",2024-06-28,ok
2543, north⁠ ,Widget," 2,252.25 ",2024-12-20,
2544,n,Doohickey,"+1,049.64",2024-09-21,
2545, east⁠ ,Thingamajig,$512.44,2024-04-21,
2546,Ｎｏｒｔｈ,Thingamajig,$658.58,2024-05-19,import
2547, south ,Widget,(671.29),2024-10-06,import
2548,NULL,Doohickey,934.59,2024-10-19,
2549,NORTH,Gadget, 637.21 ,2024-08-04,
2550,s,Doohickey,"$1,309.47",2024-08-07,legacy
2551,﻿North,Doohickey,"(1,134.29)",2024-08-11,legacy
2552,S,Gadget,1056.95,2024-05-24,legacy
2553,NA,Doohickey,"2,406.09",2024-05-04,
2554,​,Thingamajig,+483.57,2024-11-26,import
2555,﻿,Doohickey,1652.78,2024-01-27,
2556,W,Doohickey," 2,113.24 ",2024-12-16,import
2557, south⁠ ,Thingamajig,"1,868.94",2024-06-23,
2558,​,Gadget,"$1,262.90",2024-09-14,import
2559,﻿West,Thingamajig, 189.55 ,2024-09-24,import
2560,e,Widget," 1,785.86 ",2024-05-02,legacy
2561,null,Thingamajig,"$1,678.64",2024-04-15,legacy
2562,WEST,Doohickey,1889.86,2024-08-19,import
2563,SOUTH,Doohickey,"$1,830.14",2024-03-02,import
2564,﻿South,Gadget,2329.72,2024-04-01,import
2565, ,Doohickey,$519.83,2024-06-25,
2566,n,Gadget," 1,501.61 ",2024-05-18,
2567,West,Thingamajig," 1,365.44 ",2024-10-22,
2568,WEST,Thingamajig,"+1,062.29",2024-12-08,
2569,Ｗｅｓｔ,Doohickey,1017.93,2024-08-13,
2570,N,Thingamajig,"2,234.68",2024-02-26,
2571,E,Doohickey,463.96,2024-11-22,
2572,﻿South,Thingamajig,"2,384.61",2024-01-19,legacy
2573,WEST,Thingamajig,1494.21,2024-02-09,
2574,﻿West,Thingamajig,839.80,2024-07-12,
2575,﻿North,Doohickey,"$1,887.20",2024-03-12,legacy
2576,w,Thingamajig,"$1,373.81",2024-01-02,
2577,West,Thingamajig, 398.55 ,2024-04-16,
2578, ,Gadget," 1,368.17 ",2024-08-05,legacy
2579,West,Thingamajig,925.61,2024-06-26,legacy
2580,WEST,Gadget,"1,097.61",2024-11-25,legacy
2581, north ,Widget,+227.40,2024-10-24,legacy
2582,   ,Doohickey,"1,429.68",2024-08-09,import
2583,NA,Thingamajig," 1,644.19 ",2024-12-28,import
2584,West,Widget,997.65,2024-03-21,
2585, south⁠ ,Widget,902.04,2024-02-18,
2586,﻿North,Thingamajig,+186.56,2024-08-27,import
2587, north⁠ ,Widget,666.80,2024-05-08,
2588, west⁠ ,Doohickey," 1,540.40 ",2024-05-25,ok
2589,West​,Thingamajig,688.24,2024-08-07,import
2590, east,Thingamajig,+611.91,2024-10-20,
2591,Ｅａｓｔ,Doohickey,$254.62,2024-01-17,import
2592,Ｓｏｕｔｈ,Widget,"+1,098.24",2024-06-14,ok
2593,South,Doohickey,"$2,002.25",2024-08-01,legacy
2594, ,Doohickey," 1,913.72 ",2024-01-27,import
2595,East​,Thingamajig," 1,021.58 ",2024-04-03,legacy
2596,   ,Widget,$601.28,2024-11-28,ok
2597, west⁠ ,Gadget,"+1,068.63",2024-01-10,
2598, south⁠ ,Widget,"+1,949.67",2024-02-06,import
2599,,Gadget,+954.58,2024-08-21,ok
2600,S,Doohickey,"(1,202.24)",2024-09-27,legacy
2601,﻿North,Widget,"-2,167.44",2024-11-10,legacy
2602,﻿South,Doohickey,$117.64,2024-10-17,
2603,E,Doohickey, 280.41 ,2024-11-28,
2604, south ,Thingamajig,"1,651.72",2024-11-03,
2605,﻿West,Thingamajig,"2,133.67",2024-01-12,import
2606,W,Thingamajig,2315.44,2024-09-22,import
2607,S,Thingamajig,1806.25,2024-04-21,
2608,N,Widget,186.96,2024-07-12,ok
2609,East,Thingamajig,"+2,186.17",2024-10-28,ok
2610,NA,Gadget,"$1,603.34",2024-10-17,ok
2611,Ｗｅｓｔ,Doohickey, 750.85 ,2024-04-24,ok
2612,﻿East,Gadget,2340.25,2024-02-18,
2613,EAST ,Widget, 745.80 ,2024-12-08,import
2614,NORTH,Thingamajig,+592.64,2024-06-01,ok
2615,w,Doohickey,$166.98,2024-03-16,
2616, east,Thingamajig,"1,386.03",2024-05-24,
2617,​,Widget, 966.63 ,2024-08-06,import
2618,   ,Widget,735.88,2024-01-19,
2619,northern,Gadget,956.82,2024-09-24,legacy
2620, south ,Gadget,2139.45,2024-11-19,ok
2621,NA,Widget,"(1,736.00)",2024-07-27,
2622, east,Gadget," 1,159.60 ",2024-12-13,import
2623,n,Doohickey,+335.19,2024-12-25,
2624,﻿East,Gadget,693.08,2024-04-12,ok
2625,western,Widget,211.69,2024-04-20,ok
2626, east,Gadget,"+1,938.56",2024-12-11,ok
2627,South,Gadget, 984.36 ,2024-06-26,
2628,w,Widget,"+1,901.51",2024-12-02,
2629,Ｎｏｒｔｈ,Doohickey,"(2,106.07)",2024-12-07,
2630,E,Gadget,188.35,2024-07-05,
2631,W,Widget,"$2,208.19",2024-09-23,
2632, south⁠ ,Widget,1682.47,2024-10-20,
2633, north⁠ ,Gadget,"+2,343.00",2024-02-22,
2634,West​,Thingamajig,"2,198.89",2024-03-12,legacy
2635,E,Thingamajig,1543.76,2024-07-18,legacy
2636,North,Thingamajig,934.05,2024-11-12,
2637,South​,Gadget,1093.61,2024-06-09,
2638, west ,Thingamajig,"($2,157.49)",2024-07-02,import
2639,unk,Doohickey,+630.04,2024-11-19,legacy
2640,​,Thingamajig,1519.49,2024-09-27,legacy
2641,﻿North,Widget," 1,235.05 ",2024-08-19,legacy
2642,N,Doohickey,"$1,281.19",2024-01-06,
2643,SOUTH,Widget,"2,363.57",2024-04-18,import
2644,western,Doohickey,"+1,106.99",2024-06-03,legacy
2645, west⁠ ,Thingamajig,"$1,919.32",2024-04-23,ok
2646,null,Doohickey,505.80,2024-08-26,ok
2647,W,Doohickey,+994.22,2024-05-22,import
2648,NORTH,Gadget,"$1,973.22",2024-07-09,ok
2649,E,Widget,"$1,204.92",2024-03-03,import
2650,Ｅａｓｔ,Widget,"1,855.87",2024-12-13,
2651,SOUTH,Gadget,864.08,2024-11-18,
2652,N,Widget,117.97,2024-09-07,import
2653,​,Gadget,$702.08,2024-04-01,
2654,﻿East,Doohickey,"+1,444.48",2024-10-28,legacy
2655,EAST ,Doohickey,$527.34,2024-09-12,legacy
2656,None,Thingamajig,548.33,2024-09-10,import
2657,southern,Widget,$993.88,2024-03-03,legacy
2658,NA,Doohickey," 2,081.50 ",2024-08-19,
2659,West,Gadget,792.84,2024-02-14,legacy
2660,W,Widget,392.80,2024-12-11,
2661, north⁠ ,Doohickey,+855.77,2024-04-11,import
2662, south ,Gadget, 258.59 ,2024-11-26,ok
2663,WEST,Doohickey,"2,478.30",2024-06-05,
2664,﻿East,Doohickey,$119.00,2024-03-25,legacy
2665,North,Gadget,"1,444.01",2024-04-16,ok
2666,s,Gadget," 1,190.49 ",2024-03-08,import
2667, east,Thingamajig,$159.07,2024-01-24,ok
2668, south ,Widget,+301.63,2024-03-16,legacy
2669,WEST,Thingamajig,1167.81,2024-03-27,import
2670,EAST ,Widget,$62.21,2024-10-01,legacy
2671,South​,Widget,+597.37,2024-03-14,
2672,w,Doohickey,$787.25,2024-10-21,
2673,W,Widget,"+1,211.10",2024-07-08,ok
2674,eastern,Doohickey," 2,078.07 ",2024-09-03,import
2675,W,Thingamajig,"1,705.35",2024-02-08,import
2676,South​,Thingamajig," 1,697.05 ",2024-11-21,import
2677,unk,Doohickey,"+1,441.32",2024-04-11,import
2678,Ｎｏｒｔｈ,Thingamajig,+565.09,2024-02-03,legacy
2679,Ｎｏｒｔｈ,Doohickey,"1,309.23",2024-07-08,ok
2680,​,Thingamajig,1965.45,2024-09-14,
2681,North​,Widget,902.48,2024-08-24,import
2682,E,Gadget,"+2,352.05",2024-07-21,
2683,South,Thingamajig,"+1,706.17",2024-06-09,ok
2684,East​,Doohickey,1712.96,2024-07-23,ok
2685,South​,Thingamajig, 927.29 ,2024-10-28,
2686,unk,Gadget," 1,454.01 ",2024-10-22,
2687, east,Thingamajig,"$2,339.20",2024-08-15,ok
2688, east⁠ ,Doohickey,"1,244.32",2024-06-24,ok
2689,w,Gadget,"$2,315.28",2024-03-06,ok
2690,East​,Widget," 2,391.89 ",2024-10-13,ok
2691,w,Thingamajig,"+2,155.16",2024-07-07,
2692, north ,Doohickey,719.11,2024-08-15,import
2693, north⁠ ,Gadget,283.42,2024-02-01,import
2694,North,Widget,"2,133.03",2024-07-22,
2695,West​,Thingamajig, 773.13 ,2024-09-24,import
2696,western,Widget,1632.28,2024-12-27,
2697,East​,Widget," 1,019.16 ",2024-04-28,import
2698,N,Doohickey,"$1,131.11",2024-10-22,
2699,East,Widget,"1,814.51",2024-02-21,ok
2700, UnKnown ,Thingamajig, 414.39 ,2024-11-18,import
2701,Ｗｅｓｔ,Widget,209.67,2024-03-07,import
2702,South,Gadget,1954.68,2024-08-18,import
2703,North​,Doohickey,1134.36,2024-05-22,ok
2704,West,Widget, 114.43 ,2024-07-09,legacy
2705,E,Gadget,"1,085.14",2024-10-28,
2706,unknown,Widget,1122.69,2024-03-08,import
2707,w,Doohickey,"1,722.04",2024-02-05,
2708,W,Gadget,"2,241.96",2024-08-17,legacy
2709,Ｗｅｓｔ,Gadget,"+1,540.29",2024-05-26,
2710,SOUTH,Widget,1372.02,2024-06-18,
2711,unknown,Doohickey,"+1,674.67",2024-06-25,
2712,﻿West,Doohickey,"$1,710.85",2024-03-21,
2713,W,Doohickey,2068.25,2024-07-15,ok
2714,South​,Gadget," 1,184.21 ",2024-07-19,
2715,North​,Thingamajig,+973.18,2024-09-16,legacy
2716,East,Thingamajig,594.06,2024-01-28,import
2717,Ｅａｓｔ,Widget,"+1,041.97",2024-10-22,ok
2718, south ,Doohickey," 1,762.67 ",2024-07-06,legacy
2719, east,Thingamajig, 933.30 ,2024-02-06,
2720,NORTH,Gadget," 2,278.66 ",2024-02-04,
2721,North​,Doohickey,$433.92,2024-01-14,ok
2722,eastern,Thingamajig,"+1,819.40",2024-05-24,
2723, north ,Widget,"$1,022.51",2024-05-19,import
2724,northern,Widget, 672.21 ,2024-02-11,
2725,SOUTH,Gadget,734.95,2024-06-07,
2726,western,Widget,619.97,2024-01-24,import
2727, east,Doohickey,+602.03,2024-01-01,ok
2728,southern,Thingamajig,"2,212.84",2024-09-08,import
2729,North,Gadget," 2,430.33 ",2024-05-26,import
2730,Ｗｅｓｔ,Gadget,462.35,2024-08-22,
2731,western,Widget,"$1,700.47",2024-11-08,ok
2732,Ｓｏｕｔｈ,Gadget," 2,319.77 ",2024-12-21,ok
2733,Ｎｏｒｔｈ,Widget,1063.17,2024-01-13,legacy
2734,northern,Widget,+922.84,2024-11-20,legacy
2735,,Thingamajig," 1,617.27 ",2024-12-01,import
2736,northern,Thingamajig,"+1,250.37",2024-09-19,import
2737,e,Doohickey,"$2,241.46",2024-10-01,
2738, south⁠ ,Gadget,752.91,2024-06-15,
2739,EAST ,Widget," 1,562.37 ",2024-11-26,ok
2740,NULL,Thingamajig,1693.32,2024-10-21,import
2741,East​,Doohickey,"+1,105.61",2024-08-08,ok
2742,South​,Thingamajig," 2,182.64 ",2024-07-06,legacy
2743,W,Gadget,"2,130.41",2024-03-08,import
2744,﻿South,Gadget,$417.30,2024-09-19,
2745,West​,Doohickey,$861.19,2024-11-10,
2746, east,Thingamajig,320.48,2024-09-28,
2747,,Widget,"2,041.68",2024-12-21,
2748,eastern,Gadget,"$1,701.85",2024-07-04,
2749,WEST,Thingamajig,"$1,408.85",2024-09-06,legacy
2750,East​,Thingamajig,"$1,159.58",2024-07-28,ok
2751,South​,Gadget,246.61,2024-06-09,import
2752,﻿West,Gadget,"+1,766.19",2024-06-14,ok
2753,null,Widget,"$2,106.97",2024-03-14,legacy
2754,S,Doohickey,$303.98,2024-09-03,
2755,   ,Thingamajig,"+1,406.87",2024-11-14,
2756,unk,Gadget," 1,057.19 ",2024-06-09,
2757,South​,Thingamajig,$653.73,2024-08-15,legacy
2758,West,Doohickey,"$1,107.13",2024-11-08,legacy
2759,w,Gadget,"+1,227.43",2024-10-27,legacy
2760,﻿South,Gadget,"+2,171.56",2024-05-23,ok
2761,​,Widget,"2,366.16",2024-11-20,
2762, north ,Doohickey,302.09,2024-12-20,
2763, UnKnown ,Thingamajig," 2,289.73 ",2024-12-06,ok
2764,​,Gadget,+301.55,2024-07-15,
2765, south ,Thingamajig," 2,290.79 ",2024-04-22,import
2766,N,Doohickey,(894.24),2024-02-18,
2767,North​,Widget,913.64,2024-04-05,
2768, east⁠ ,Widget,1862.56,2024-05-13,
2769,﻿South,Widget, 556.63 ,2024-07-23,
2770,North,Doohickey,+614.36,2024-05-27,
2771,South​,Thingamajig,1864.69,2024-06-08,import
2772,West​,Widget,"+1,712.53",2024-03-03,legacy
2773,w,Thingamajig," 1,491.99 ",2024-05-28,ok
2774,﻿South,Thingamajig,1940.37,2024-12-20,import
2775,S,Gadget,"1,490.11",2024-01-14,
2776, south⁠ ,Gadget,"$2,306.48",2024-01-02,
2777,unk,Gadget,"1,070.86",2024-10-24,
2778, east,Gadget,"2,261.97",2024-07-05,legacy
2779,S,Gadget, 67.65 ,2024-12-06,import
2780,Ｎｏｒｔｈ,Widget,(473.63),2024-08-20,
2781,﻿,Widget," 2,184.09 ",2024-08-06,import
2782,unknown,Gadget," 2,228.20 ",2024-03-07,ok
2783,SOUTH,Gadget,"+2,035.94",2024-09-04,ok
2784, east,Doohickey, 509.40 ,2024-06-12,legacy
2785, west ,Doohickey,"1,961.50",2024-06-12,import
2786,﻿West,Gadget,"2,350.95",2024-09-27,
2787,﻿West,Doohickey," 2,424.21 ",2024-08-08,
2788,S,Gadget,"$1,493.42",2024-07-10,import
2789,NORTH,Widget,2093.20,2024-10-14,
2790,﻿West,Gadget,$879.93,2024-01-18,import
2791,S,Widget,"+1,318.85",2024-01-13,legacy
2792,W,Doohickey,($78.79),2024-05-09,ok
2793,N,Gadget,2192.39,2024-08-01,import
2794,S,Gadget,"+1,703.21",2024-11-23,ok
2795,   ,Doohickey,1102.50,2024-08-03,
2796,North​,Gadget,$810.35,2024-05-18,legacy
2797, east,Widget,"$2,165.26",2024-12-01,ok
2798,EAST ,Widget," 1,035.90 ",2024-09-10,legacy
2799,﻿West,Doohickey,1007.78,2024-05-21,
2800, east,Widget,"$2,238.53",2024-09-14,
2801,North,Doohickey,249.81,2024-02-15,import
2802,Ｎｏｒｔｈ,Gadget,"1,742.77",2024-10-24,legacy
2803,Ｓｏｕｔｈ,Doohickey,1183.39,2024-11-19,legacy
2804,West​,Thingamajig,(171.44),2024-04-17,
2805,NORTH,Thingamajig,"$1,463.15",2024-01-11,import
2806,southern,Doohickey,-288.85,2024-02-05,
2807,﻿West,Thingamajig, 927.34 ,2024-10-20,
2808,North​,Widget,"(1,087.18)",2024-08-27,
2809,S,Gadget,2106.17,2024-12-08,legacy
2810,East​,Doohickey,"+2,111.29",2024-12-04,ok
2811, west ,Thingamajig,959.03,2024-10-11,
2812,,Gadget,102.42,2024-08-02,legacy
2813, east⁠ ,Gadget,628.37,2024-08-07,ok
2814,unknown,Thingamajig,913.89,2024-09-15,
2815,   ,Thingamajig," 1,777.89 ",2024-01-10,legacy
2816, east⁠ ,Thingamajig,"2,080.60",2024-01-19,import
2817,s,Thingamajig,"$1,346.82",2024-07-16,
2818,SOUTH,Thingamajig,121.39,2024-09-16,
2819,western,Thingamajig,346.65,2024-10-10,legacy
2820,e,Widget,"+2,047.55",2024-11-02,
2821,None,Doohickey,1054.43,2024-06-01,
2822,unk,Thingamajig," 1,484.45 ",2024-06-18,import
2823,NORTH,Thingamajig," 1,817.10 ",2024-02-11,ok
2824,﻿South,Widget,+746.09,2024-11-01,legacy
2825,﻿,Thingamajig, 507.33 ,2024-04-10,ok
2826,﻿West,Doohickey, 866.95 ,2024-07-14,ok
2827,,Thingamajig,28.09,2024-04-05,
2828,southern,Thingamajig,209.61,2024-10-14,ok
2829,East,Widget, 695.77 ,2024-05-03,legacy
2830,﻿East,Thingamajig,"1,741.70",2024-10-05,legacy
2831,﻿North,Gadget," 1,791.87 ",2024-07-08,legacy
2832, west⁠ ,Thingamajig,1183.90,2024-09-13,
2833,West​,Doohickey," 1,240.17 ",2024-12-09,import
2834,﻿West,Widget,"(1,868.86)",2024-04-10,ok
2835,East,Widget,"2,174.56",2024-02-26,
2836,Ｗｅｓｔ,Widget,1921.90,2024-09-12,
2837, UnKnown ,Doohickey,237.58,2024-11-14,
2838,West​,Doohickey,"$1,761.48",2024-12-08,
2839,None,Widget,"+1,174.98",2024-01-15,
2840, ,Doohickey,138.02,2024-08-18,ok
2841,NA,Doohickey, 412.50 ,2024-04-23,import
2842,Ｓｏｕｔｈ,Thingamajig,1465.98,2024-04-22,
2843,﻿West,Doohickey,($853.56),2024-12-20,ok
2844,East​,Gadget,$880.07,2024-12-24,
2845,﻿North,Gadget,1185.24,2024-05-16,
2846,S,Doohickey,"+1,005.02",2024-08-15,import
2847,W,Gadget," 1,329.73 ",2024-10-07,
2848,W,Doohickey,627.82,2024-07-24,import
2849,WEST,Thingamajig,$966.46,2024-01-21,
2850,w,Widget,+965.81,2024-10-16,ok
2851,northern,Thingamajig,252.56,2024-10-02,legacy
2852,East,Thingamajig,"1,814.61",2024-07-07,legacy
2853, east⁠ ,Thingamajig,"2,156.89",2024-04-03,ok
2854,WEST,Doohickey, 164.62 ,2024-01-02,
2855,eastern,Thingamajig,"+1,091.84",2024-08-27,
2856,s,Gadget,+218.56,2024-10-28,
2857,EAST ,Thingamajig, 855.45 ,2024-12-22,import
2858,western,Gadget,79.15,2024-01-02,
2859,s,Doohickey, 444.89 ,2024-03-11,
2860,North​,Doohickey," 1,045.22 ",2024-09-21,legacy
2861,EAST ,Doohickey,1834.52,2024-03-14,ok
2862,South,Thingamajig, 71.65 ,2024-03-24,legacy
2863,﻿North,Gadget,+163.68,2024-03-11,import
2864, north ,Doohickey,838.48,2024-09-05,
2865,NORTH,Doohickey,"$1,013.21",2024-09-16,legacy
2866,​,Widget,"1,003.87",2024-01-07,
2867,None,Doohickey,"+2,017.83",2024-10-20,
2868,﻿South,Widget,215.76,2024-07-12,
2869,South​,Doohickey,1256.89,2024-09-03,legacy
2870,,Thingamajig,"1,759.70",2024-08-19,legacy
2871,eastern,Thingamajig,+597.26,2024-01-16,import
2872,Ｎｏｒｔｈ,Widget," 2,472.97 ",2024-10-20,ok
2873,Ｓｏｕｔｈ,Thingamajig,372.68,2024-01-12,
2874,Ｓｏｕｔｈ,Widget," 2,132.19 ",2024-01-13,legacy
2875,South,Widget,"$1,857.48",2024-04-21,ok
2876, east,Gadget,"1,343.86",2024-08-19,
2877,​,Thingamajig," 2,056.15 ",2024-10-11,
2878,null,Gadget,1583.33,2024-10-14,
2879,EAST ,Widget,"$2,494.43",2024-11-05,
2880,﻿East,Widget,$800.10,2024-12-26,
2881,﻿East,Thingamajig,+659.93,2024-11-10,legacy
2882,northern,Gadget,"1,811.35",2024-04-18,
2883,EAST ,Widget,"(2,256.99)",2024-07-27,legacy
2884,null,Widget, 454.80 ,2024-09-14,
2885,western,Gadget,"+2,109.83",2024-06-02,
2886, south ,Widget,738.55,2024-12-20,import
2887,North​,Doohickey,"+2,306.55",2024-11-26,import
2888,West​,Thingamajig,573.74,2024-01-20,import
2889, east,Widget,449.31,2024-05-18,import
2890,southern,Doohickey," 1,994.97 ",2024-03-18,import
2891,South,Doohickey,670.68,2024-05-07,
2892,N,Doohickey,"(2,214.53)",2024-09-12,ok
2893,WEST,Doohickey,"2,285.13",2024-08-11,
2894,﻿South,Doohickey,+723.04,2024-09-10,
2895,NA,Gadget,+84.93,2024-12-22,legacy
2896, south ,Gadget,"$1,303.72",2024-11-02,
2897,null,Doohickey," 1,291.60 ",2024-07-25,
2898,﻿South,Thingamajig,(988.90),2024-03-13,legacy
2899, south⁠ ,Thingamajig,"2,387.41",2024-04-02,ok
2900,﻿,Doohickey,"1,154.99",2024-02-05,import
2901, west⁠ ,Gadget,"1,554.96",2024-01-13,ok
2902,Ｓｏｕｔｈ,Gadget," 2,068.21 ",2024-01-12,import
2903,unknown,Doohickey,"+1,422.38",2024-08-20,ok
2904,Ｎｏｒｔｈ,Gadget,2017.20,2024-12-20,
2905,N,Doohickey,$879.51,2024-05-24,
2906,NULL,Gadget,"+2,450.74",2024-07-27,ok
2907,South​,Doohickey," 2,000.98 ",2024-05-27,legacy
2908, north⁠ ,Widget,(210.72),2024-09-26,import
2909,Ｎｏｒｔｈ,Doohickey,$578.97,2024-10-28,import
2910,East​,Thingamajig,"1,705.71",2024-06-08,ok
2911,North,Thingamajig,1431.33,2024-02-10,
2912,East,Thingamajig,2396.06,2024-09-17,
2913,﻿West,Gadget,1127.02,2024-04-27,import
2914,South,Gadget,1990.77,2024-05-19,
2915, west⁠ ,Thingamajig,"$1,690.92",2024-06-08,legacy
2916,North,Doohickey," 1,797.26 ",2024-11-02,
2917,West,Doohickey,"+2,107.92",2024-07-08,import
2918,﻿East,Doohickey,964.48,2024-05-06,
2919,Ｅａｓｔ,Gadget,"+1,835.28",2024-10-24,ok
2920, north⁠ ,Doohickey,"+1,566.11",2024-01-24,import
2921,Ｅａｓｔ,Doohickey,"1,746.10",2024-12-17,
2922,w,Gadget,406.54,2024-10-18,import
2923,West​,Thingamajig,(753.17),2024-11-13,import
2924,null,Widget,1463.68,2024-02-17,import
2925,w,Thingamajig,1605.61,2024-03-28,
2926,South​,Gadget,$449.48,2024-12-19,ok
2927,EAST ,Gadget,"(1,558.24)",2024-02-09,
2928,S,Gadget,$187.00,2024-11-03,legacy
2929, east,Gadget,$801.16,2024-07-19,legacy
2930,Ｓｏｕｔｈ,Widget,"1,811.90",2024-11-20,import
2931, south⁠ ,Gadget,"+2,232.58",2024-12-02,legacy
2932,West,Doohickey," 1,681.12 ",2024-04-10,legacy
2933,northern,Widget,+659.48,2024-04-17,
2934,East,Widget,$148.31,2024-11-23,legacy
2935,e,Gadget,"2,022.52",2024-05-13,legacy
2936,s,Doohickey,635.43,2024-09-15,import
2937,w,Doohickey,"$2,081.36",2024-12-11,
2938,EAST ,Widget,"($2,098.58)",2024-04-20,import
2939,East​,Gadget,"1,053.52",2024-08-23,legacy
2940,eastern,Widget,"+1,012.92",2024-02-17,
2941,East,Thingamajig,"2,065.96",2024-03-01,legacy
2942,North,Thingamajig,"1,815.50",2024-09-26,legacy
2943,Ｎｏｒｔｈ,Gadget,"$1,890.09",2024-04-02,ok
2944, south⁠ ,Thingamajig," 1,661.10 ",2024-11-19,
2945,﻿East,Doohickey,"+1,076.69",2024-03-22,legacy
2946,n,Doohickey," 2,353.29 ",2024-12-21,import
2947,E,Thingamajig,+637.48,2024-01-05,
2948,S,Doohickey, 373.47 ,2024-04-07,import
2949,n,Gadget,"+2,022.81",2024-12-25,import
2950, east⁠ ,Doohickey,"2,210.63",2024-01-12,legacy
2951,SOUTH,Widget,"+2,115.54",2024-03-01,import
2952,northern,Widget,"1,838.76",2024-10-19,
2953,unk,Doohickey,"(2,411.29)",2024-03-08,ok
2954,w,Gadget," 2,208.55 ",2024-11-23,
2955, west ,Thingamajig, 458.94 ,2024-04-01,ok
2956,s,Gadget, 855.52 ,2024-08-06,
2957,s,Thingamajig," 1,439.80 ",2024-09-06,
2958,Ｅａｓｔ,Widget," 2,253.46 ",2024-07-18,import
2959,unk,Widget,730.03,2024-10-28,
2960,eastern,Doohickey,"$1,370.11",2024-06-25,legacy
2961,w,Widget,"+2,377.82",2024-07-01,
2962,WEST,Doohickey,685.59,2024-01-20,legacy
2963, east⁠ ,Thingamajig,2132.89,2024-07-07,
2964,South​,Widget,"(2,367.82)",2024-08-07,ok
2965,West​,Widget,"$1,138.55",2024-07-08,ok
2966, west⁠ ,Gadget,2122.64,2024-04-07,
2967,null,Gadget,"1,770.04",2024-10-05,legacy
2968,NULL,Doohickey,350.30,2024-10-04,ok
2969,North,Doohickey,+451.45,2024-12-18,
2970, east⁠ ,Gadget,1009.66,2024-12-23,
2971,n/a,Thingamajig,$30.69,2024-10-20,
2972,null,Thingamajig," 2,000.66 ",2024-06-02,import
2973,SOUTH,Widget,$527.61,2024-02-22,ok
2974,null,Thingamajig,"(1,325.83)",2024-10-28,legacy
2975,South​,Gadget,($910.16),2024-09-28,
2976,N,Doohickey, 573.73 ,2024-12-08,import
2977, north⁠ ,Doohickey,($287.26),2024-03-25,legacy
2978,﻿North,Gadget, 988.99 ,2024-04-01,
2979,   ,Widget,"1,137.37",2024-05-22,ok
2980,WEST,Widget,"(1,453.24)",2024-01-02,
2981, east⁠ ,Widget," 1,195.20 ",2024-04-04,
2982,unk,Thingamajig,1561.99,2024-08-14,import
2983,﻿East,Widget,60.81,2024-09-19,legacy
2984,North,Widget," 1,493.09 ",2024-10-14,import
2985,East,Thingamajig,"(1,004.80)",2024-07-23,ok
2986, west⁠ ,Thingamajig,+164.67,2024-01-25,legacy
2987,E,Doohickey,"+1,550.73",2024-09-06,
2988,Ｓｏｕｔｈ,Thingamajig,1130.50,2024-11-03,
2989,S,Doohickey, 572.80 ,2024-01-25,
2990, west⁠ ,Thingamajig,1213.28,2024-11-28,
2991,S,Gadget,"1,681.44",2024-11-24,import
2992,Ｎｏｒｔｈ,Gadget,"$2,049.91",2024-04-16,ok
2993,SOUTH,Thingamajig,"(1,273.20)",2024-12-08,
2994, ,Thingamajig,"+2,363.64",2024-06-21,legacy
2995, north⁠ ,Thingamajig,34.63,2024-08-19,import
2996,NORTH,Gadget,"+1,627.03",2024-01-17,
2997, west ,Widget,"$2,254.58",2024-12-06,ok
2998,﻿West,Widget,"$2,242.06",2024-09-20,import
2999,West​,Thingamajig,"$1,121.78",2024-01-18,
3000,,Doohickey,989.50,2024-09-03,import
3001,East,Thingamajig,742.93,2024-09-18,
3002,West,Widget," 1,570.98 ",2024-02-08,
3003,s,Doohickey,$705.63,2024-08-23,import
3004,e,Widget,"1,386.78",2024-01-12,import
3005,West,Widget," 1,754.92 ",2024-02-23,
3006,East,Widget,"$1,539.39",2024-05-23,legacy
3007,SOUTH,Thingamajig,$311.59,2024-03-18,
3008,South,Widget,"+2,096.26",2024-06-26,ok
3009,NA,Doohickey,336.03,2024-01-09,ok
3010,SOUTH,Gadget,$405.26,2024-08-13,
3011,S,Gadget,"($1,551.70)",2024-11-01,import
3012,NA,Gadget,"1,253.47",2024-03-08,legacy
3013, UnKnown ,Thingamajig,"(1,785.47)",2024-04-01,
3014,East,Thingamajig,+915.24,2024-06-05,import
3015, north ,Gadget,"$1,749.60",2024-04-10,legacy
3016,Ｎｏｒｔｈ,Gadget,"1,114.38",2024-12-26,
3017,Ｎｏｒｔｈ,Doohickey,"+1,539.09",2024-04-20,
3018,WEST,Thingamajig,440.37,2024-11-22,legacy
3019,South​,Thingamajig,929.29,2024-01-08,ok
3020,unknown,Widget,843.59,2024-01-04,import
3021,NORTH,Thingamajig, 731.37 ,2024-01-01,legacy
3022,s,Widget,"$2,325.55",2024-05-21,ok
3023,N,Widget,"$1,952.92",2024-10-25,ok
3024,North​,Doohickey,821.03,2024-02-10,ok
3025,Ｎｏｒｔｈ,Widget,"1,932.51",2024-10-01,ok
3026,s,Widget,"$2,099.12",2024-02-19,
3027,North,Widget,"1,819.39",2024-04-02,legacy
3028,northern,Gadget,80.47,2024-10-04,ok
3029,e,Widget,619.46,2024-11-13,legacy
3030,South,Widget,"2,111.47",2024-11-21,ok
3031,S,Thingamajig,"$1,587.58",2024-08-17,legacy
3032,Ｎｏｒｔｈ,Widget," 1,408.70 ",2024-06-16,legacy
3033,Ｓｏｕｔｈ,Doohickey,"+1,810.48",2024-12-26,import
3034,n/a,Widget,1920.57,2024-08-07,import
3035, west ,Doohickey,1457.93,2024-08-21,
3036,E,Gadget,(214.84),2024-07-11,
3037, east,Doohickey,"$1,553.28",2024-12-08,
3038,NORTH,Doohickey," 2,265.74 ",2024-07-17,import
3039,﻿West,Widget,878.54,2024-03-06,import
3040,western,Widget, 633.26 ,2024-02-03,legacy
3041,null,Widget,$480.19,2024-01-18,import
3042,﻿South,Thingamajig,"1,470.92",2024-07-10,import
3043, north⁠ ,Doohickey,"1,754.02",2024-04-15,
3044,Ｓｏｕｔｈ,Widget,154.20,2024-03-14,
3045,N,Gadget,(772.18),2024-09-17,
3046,Ｓｏｕｔｈ,Thingamajig,$418.94,2024-01-06,import
3047,S,Thingamajig," 1,154.74 ",2024-12-09,ok
3048,﻿North,Thingamajig,"($1,104.10)",2024-07-21,
3049,southern,Doohickey,2266.05,2024-04-08,
3050,﻿North,Widget,$965.49,2024-01-19,import
3051,Ｅａｓｔ,Doohickey,"+1,195.45",2024-08-06,import
3052,E,Widget,464.62,2024-11-20,import
3053, south⁠ ,Gadget,809.67,2024-10-07,
3054,e,Thingamajig, 517.45 ,2024-10-10,legacy
3055,unk,Widget,$921.99,2024-01-22,
3056,e,Widget,"+1,624.37",2024-09-21,import
3057,West,Widget,593.79,2024-03-05,
3058,S,Doohickey,"1,160.52",2024-03-26,legacy
3059,s,Gadget,539.64,2024-02-11,legacy
3060,﻿South,Widget,"2,188.83",2024-03-19,legacy
3061,e,Thingamajig,666.15,2024-08-08,legacy
3062,E,Thingamajig,"1,691.53",2024-04-21,import
3063, west ,Gadget,2341.11,2024-05-20,legacy
3064,E,Widget,"1,944.81",2024-09-26,import
3065,﻿North,Doohickey,$146.11,2024-08-08,legacy
3066,﻿West,Widget,979.62,2024-06-16,
3067, south ,Gadget,"$1,949.47",2024-06-07,
3068,﻿South,Thingamajig,196.14,2024-09-08,ok
3069,N,Gadget,2405.65,2024-10-09,
3070,﻿,Doohickey,"2,167.93",2024-12-03,legacy
3071, west ,Doohickey," 2,396.34 ",2024-05-27,
3072, west⁠ ,Widget,"+1,697.91",2024-07-12,import
3073,North,Widget, 217.51 ,2024-10-28,
3074, east⁠ ,Widget,"(1,147.37)",2024-12-10,
3075, UnKnown ,Gadget,"(2,002.76)",2024-07-03,legacy
3076,N,Thingamajig,+912.80,2024-03-28,legacy
3077,North,Doohickey," 1,710.33 ",2024-07-25,
3078,East,Doohickey,"$2,066.55",2024-11-13,
3079, south⁠ ,Gadget,"($1,581.70)",2024-10-27,legacy
3080,South​,Gadget,"$2,328.14",2024-11-14,ok
3081,Ｅａｓｔ,Gadget,2329.77,2024-12-03,legacy
3082,eastern,Gadget, 508.64 ,2024-08-28,import
3083,North​,Thingamajig,"$1,980.84",2024-02-09,import
3084,﻿South,Widget,"($1,843.40)",2024-01-13,
3085,w,Doohickey,$136.25,2024-06-12,
3086,N,Widget,"1,830.67",2024-04-09,import
3087,western,Widget,"-2,102.96",2024-10-24,
3088,Ｗｅｓｔ,Widget,1379.53,2024-06-18,import
3089, UnKnown ,Widget,"$1,573.41",2024-04-11,legacy
3090,Ｗｅｓｔ,Doohickey,+71.71,2024-04-16,ok
3091,unknown,Gadget,823.84,2024-09-24,
3092,South​,Doohickey,"+1,402.37",2024-06-16,legacy
3093,﻿South,Widget," 2,164.19 ",2024-05-11,
3094,Ｎｏｒｔｈ,Gadget,"+2,278.13",2024-11-19,import
3095,Ｅａｓｔ,Doohickey,(184.81),2024-04-27,legacy
3096,﻿,Doohickey,747.17,2024-02-15,
3097,W,Gadget,"1,327.30",2024-04-09,import
3098,﻿North,Gadget,"1,951.05",2024-07-13,legacy
3099,n,Doohickey,396.12,2024-10-11,legacy
3100,North​,Thingamajig," 2,446.14 ",2024-03-16,import
3101,northern,Gadget,"+1,834.38",2024-07-17,legacy
3102, north⁠ ,Doohickey,$781.24,2024-04-04,
3103, UnKnown ,Doohickey,2222.81,2024-04-05,legacy
3104,South,Widget,$773.29,2024-02-02,ok
3105,﻿East,Doohickey,"2,075.43",2024-07-23,legacy
3106,East,Thingamajig,"$2,196.00",2024-06-10,import
3107,western,Doohickey,$432.11,2024-05-13,ok
3108,NA,Widget,"2,432.84",2024-11-04,
3109,None,Widget,+413.95,2024-11-25,import
3110,n,Gadget,769.84,2024-12-05,legacy
3111,﻿West,Doohickey,"2,396.82",2024-08-11,legacy
3112, ,Widget,"$1,011.09",2024-04-07,import
3113,eastern,Gadget,40.07,2024-04-07,legacy
3114,West​,Gadget,"1,104.03",2024-12-21,import
3115, south⁠ ,Gadget,"1,821.57",2024-11-17,ok
3116,SOUTH,Widget,"$2,154.94",2024-12-10,
3117,Ｗｅｓｔ,Widget,280.06,2024-08-28,import
3118, north ,Thingamajig,149.15,2024-11-24,
3119,N,Thingamajig,"$2,320.47",2024-11-15,legacy
3120,EAST ,Thingamajig,"($1,845.63)",2024-11-16,
3121, ,Thingamajig,"$1,275.58",2024-12-12,import
3122,West,Thingamajig,1700.88,2024-09-19,
3123,EAST ,Doohickey,+497.40,2024-06-13,ok
3124,null,Thingamajig,107.24,2024-04-15,legacy
3125,​,Thingamajig,"+2,208.29",2024-06-02,ok
3126,n/a,Doohickey,+512.49,2024-08-05,
3127,northern,Gadget,"+1,694.48",2024-04-04,
3128,﻿East,Widget,737.32,2024-12-16,import
3129,eastern,Thingamajig,"+1,174.26",2024-08-09,
3130,eastern,Gadget, 86.22 ,2024-11-20,ok
3131,EAST ,Gadget, 638.07 ,2024-05-07,import
3132,null,Doohickey,$985.86,2024-07-10,ok
3133,n,Widget,"1,614.73",2024-01-14,legacy
3134,South,Widget,"+1,135.80",2024-09-19,
3135,northern,Widget,1494.86,2024-04-03,import
3136,WEST,Thingamajig,"$2,308.96",2024-02-22,legacy
3137,null,Gadget,2005.32,2024-06-07,
3138, east⁠ ,Doohickey,-86.73,2024-08-23,ok
3139,East,Doohickey,"1,517.65",2024-02-09,
3140, ,Thingamajig,"2,011.87",2024-09-12,import
3141,﻿South,Thingamajig,"$1,392.98",2024-08-28,
3142,East,Gadget, 530.59 ,2024-10-27,import
3143,SOUTH,Doohickey,"+2,393.56",2024-04-14,
3144,S,Doohickey,$809.14,2024-03-25,
3145, north ,Gadget,"+1,351.76",2024-05-09,
3146,S,Gadget,"+1,637.35",2024-11-03,
3147,southern,Thingamajig,207.56,2024-10-28,legacy
3148,S,Doohickey,+844.73,2024-07-02,
3149, north⁠ ,Widget, 452.15 ,2024-10-25,
3150,EAST ,Thingamajig," 2,251.78 ",2024-11-15,
3151,EAST ,Gadget,"1,862.01",2024-09-17,ok
3152, south⁠ ,Widget,"+2,414.57",2024-04-24,legacy
3153,n,Gadget,2060.16,2024-11-27,
3154, south⁠ ,Thingamajig,845.23,2024-01-19,legacy
3155,﻿North,Doohickey,+202.99,2024-10-02,import
3156,NORTH,Gadget,"2,216.01",2024-11-24,
3157,﻿South,Thingamajig,"1,390.80",2024-06-14,
3158,E,Doohickey,"$1,638.47",2024-10-23,import
3159,EAST ,Widget,340.24,2024-04-19,
3160,﻿West,Thingamajig,582.47,2024-06-26,ok
3161,N,Doohickey,"+1,157.52",2024-11-16,ok
3162,Ｗｅｓｔ,Thingamajig,269.80,2024-03-16,legacy
3163,Ｅａｓｔ,Widget,"1,351.20",2024-04-09,
3164,eastern,Doohickey,"+1,687.67",2024-01-06,ok
3165,w,Thingamajig,$420.34,2024-03-09,import
3166,South,Thingamajig,"+1,140.97",2024-02-16,
3167,Ｓｏｕｔｈ,Thingamajig,"2,105.45",2024-06-02,import
3168,southern,Widget,"+1,182.34",2024-10-21,
3169,southern,Thingamajig," 2,419.25 ",2024-12-26,import
3170,w,Thingamajig, 892.26 ,2024-09-24,import
3171,﻿,Widget," 2,047.94 ",2024-03-11,
3172,N,Thingamajig, 606.74 ,2024-10-09,legacy
3173,N,Thingamajig,197.49,2024-03-22,ok
3174,Ｅａｓｔ,Doohickey," 2,008.24 ",2024-11-24,import
3175,S,Thingamajig,+997.99,2024-08-26,
3176, east⁠ ,Doohickey,$799.26,2024-02-24,
3177,None,Widget,1781.83,2024-01-01,legacy
3178, south ,Gadget,"2,299.01",2024-06-20,legacy
3179,EAST ,Gadget,674.68,2024-05-11,legacy
3180,East​,Doohickey,"($1,246.86)",2024-12-11,ok
3181,western,Doohickey,"$1,140.90",2024-10-02,
3182,West​,Widget,"+1,170.86",2024-02-09,
3183,West,Widget," 1,629.93 ",2024-04-24,legacy
3184,West,Thingamajig," 1,668.82 ",2024-05-19,legacy
3185,﻿South,Widget,$709.90,2024-08-23,ok
3186,West​,Gadget,593.78,2024-11-17,import
3187, east,Widget,2369.08,2024-12-17,
3188,Ｅａｓｔ,Gadget,2081.35,2024-10-08,import
3189, north⁠ ,Widget,344.01,2024-12-19,import
3190,West,Gadget,1621.69,2024-04-23,import
3191,Ｎｏｒｔｈ,Widget,"$1,043.80",2024-01-06,
3192,﻿,Doohickey,711.04,2024-02-15,
3193,western,Widget," 2,160.36 ",2024-08-22,
3194, east,Widget,"+1,112.43",2024-09-17,legacy
3195,North,Widget,"1,622.05",2024-10-20,ok
3196,,Thingamajig,"(2,154.10)",2024-04-12,import
3197, north⁠ ,Widget,"1,683.13",2024-09-06,
3198,eastern,Gadget,"1,156.36",2024-09-28,
3199, ,Thingamajig, 952.81 ,2024-07-17,
3200,s,Widget,"($2,246.12)",2024-01-10,legacy
3201,E,Doohickey,"$1,282.98",2024-03-19,legacy
3202,East​,Gadget,269.88,2024-09-19,
3203,Ｎｏｒｔｈ,Widget,"$1,083.88",2024-11-01,
3204,Ｅａｓｔ,Widget,"$2,309.72",2024-12-17,legacy
3205, west ,Thingamajig," 1,494.98 ",2024-11-19,
3206,EAST ,Widget,1823.86,2024-12-12,
3207,﻿,Thingamajig,"$2,316.36",2024-05-18,legacy
3208,southern,Doohickey,871.08,2024-05-17,import
3209, east,Thingamajig,"2,252.38",2024-10-11,
3210,Ｅａｓｔ,Doohickey," 1,093.70 ",2024-09-26,import
3211,﻿South,Thingamajig,"+1,692.79",2024-10-08,
3212,North,Thingamajig, 234.74 ,2024-11-01,ok
3213,Ｎｏｒｔｈ,Widget,+298.24,2024-06-11,
3214,None,Gadget,465.31,2024-02-28,
3215,Ｓｏｕｔｈ,Doohickey,"+2,194.47",2024-08-28,
3216,South,Doohickey,287.35,2024-10-24,
3217,None,Thingamajig,2281.02,2024-07-22,ok
3218,Ｎｏｒｔｈ,Gadget,"1,794.00",2024-05-07,
3219,Ｎｏｒｔｈ,Widget," 2,477.74 ",2024-04-25,ok
3220,WEST,Thingamajig,"$2,081.57",2024-09-06,import
3221,,Widget,"$2,020.78",2024-08-13,
3222,﻿South,Widget,+474.40,2024-11-15,import
3223,W,Gadget,+155.49,2024-03-05,legacy
3224,s,Thingamajig,"$2,233.78",2024-07-18,import
3225, south ,Gadget,"+2,498.42",2024-10-22,ok
3226, south ,Thingamajig,"$2,009.88",2024-12-07,import
3227,null,Thingamajig,32.89,2024-09-25,ok
3228,e,Widget,1854.81,2024-01-10,import
3229,eastern,Doohickey," 1,681.55 ",2024-05-08,import
3230,w,Gadget,$882.60,2024-08-07,import
3231, south ,Doohickey,269.88,2024-11-14,
3232,southern,Thingamajig,1003.34,2024-12-16,
3233, south ,Thingamajig,"1,286.85",2024-08-14,
3234,N,Doohickey,"+1,715.74",2024-03-07,import
3235,Ｅａｓｔ,Gadget,719.87,2024-11-25,ok
3236,EAST ,Gadget,$332.01,2024-06-11,import
3237, west⁠ ,Widget," 2,361.10 ",2024-04-25,ok
3238,e,Thingamajig,246.83,2024-02-07,import
3239,WEST,Doohickey,-361.68,2024-05-08,
3240,n/a,Thingamajig,355.30,2024-12-18,legacy
3241,EAST ,Doohickey,"1,360.14",2024-12-01,legacy
3242,South,Doohickey,1636.73,2024-03-23,import
3243,null,Thingamajig,"$1,799.10",2024-02-25,legacy
3244, west ,Widget,"+1,101.70",2024-02-18,
3245, east⁠ ,Thingamajig,2325.64,2024-05-11,
3246,W,Thingamajig,+480.46,2024-09-15,
3247,NORTH,Widget,"1,558.32",2024-10-28,
3248,s,Thingamajig,($749.55),2024-10-26,import
3249,e,Gadget,2304.29,2024-10-17,ok
3250,southern,Gadget,"+2,442.65",2024-05-26,ok
3251,East​,Widget,+918.17,2024-08-26,ok
3252,N,Gadget,"$2,467.17",2024-06-08,import
3253,null,Widget,"+1,208.13",2024-09-25,
3254,﻿North,Thingamajig,140.43,2024-03-07,import
3255,South​,Doohickey,"+1,518.52",2024-03-21,
3256,e,Thingamajig," 1,339.75 ",2024-04-07,import
3257, south⁠ ,Gadget,1899.82,2024-07-09,
3258, north ,Doohickey," 1,355.11 ",2024-01-05,legacy
3259,East​,Widget,+230.66,2024-06-25,
3260, south⁠ ,Doohickey,"$1,961.42",2024-07-08,legacy
3261,w,Gadget,"2,382.97",2024-10-06,import
3262,unk,Thingamajig,1923.12,2024-12-15,ok
3263, east⁠ ,Gadget,1189.53,2024-04-18,import
3264,NORTH,Widget,"2,270.92",2024-07-21,
3265, south⁠ ,Doohickey,"2,105.59",2024-03-23,legacy
3266,North​,Widget,-492.47,2024-10-06,import
3267,Ｓｏｕｔｈ,Gadget,"2,464.47",2024-09-13,ok
3268,E,Gadget,"1,993.80",2024-05-09,import
3269,​,Thingamajig,(737.55),2024-07-11,ok
3270,Ｓｏｕｔｈ,Thingamajig,"$1,487.64",2024-05-12,ok
3271,western,Thingamajig," 2,401.47 ",2024-12-27,
3272,   ,Doohickey, 405.87 ,2024-09-10,
3273,eastern,Doohickey,$616.36,2024-08-21,import
3274,East,Doohickey,633.20,2024-04-01,
3275,W,Gadget,2308.50,2024-09-06,
3276,﻿South,Gadget," 1,125.26 ",2024-02-21,
3277,N,Gadget,+353.15,2024-06-23,legacy
3278,southern,Thingamajig,"$1,402.96",2024-11-22,
3279,e,Gadget,896.94,2024-03-12,legacy
3280,unknown,Gadget,"$1,504.92",2024-11-02,import
3281,South,Gadget," 1,850.16 ",2024-06-06,
3282,West​,Thingamajig,722.69,2024-03-07,import
3283,﻿West,Doohickey,1326.17,2024-11-16,
3284,n,Doohickey,$126.43,2024-09-10,
3285,West,Thingamajig," 2,051.32 ",2024-07-14,
3286,southern,Widget,"$2,200.82",2024-02-05,import
3287,unk,Thingamajig,"+1,887.05",2024-01-15,
3288, west⁠ ,Thingamajig,+307.68,2024-01-25,
3289,w,Widget," 1,688.97 ",2024-01-16,
3290,southern,Doohickey," 2,277.94 ",2024-02-09,
3291, UnKnown ,Thingamajig,(872.35),2024-03-01,
3292,unknown,Doohickey,959.10,2024-12-23,legacy
3293,e,Gadget,"(1,416.75)",2024-10-17,
3294,East​,Thingamajig,$551.66,2024-02-04,import
3295,East​,Gadget,+185.11,2024-01-18,
3296,w,Doohickey,+703.92,2024-07-02,ok
3297,eastern,Doohickey,"+1,115.84",2024-07-03,import
3298,eastern,Doohickey,"1,196.56",2024-04-02,ok
3299, south⁠ ,Gadget,$94.45,2024-12-25,import
3300,﻿East,Widget,"+1,858.62",2024-10-15,
3301,﻿North,Gadget,+74.07,2024-12-23,
3302,NORTH,Thingamajig, 918.43 ,2024-04-20,
3303,South​,Doohickey,$793.58,2024-02-20,legacy
3304,NULL,Widget," 2,066.11 ",2024-04-12,legacy
3305,southern,Thingamajig,"1,504.42",2024-06-01,legacy
3306,southern,Thingamajig,"2,310.58",2024-02-20,
3307,W,Widget,755.59,2024-03-26,import
3308,   ,Doohickey," 1,268.07 ",2024-02-21,
3309,E,Gadget," 1,453.19 ",2024-06-22,
3310,southern,Gadget,"2,182.67",2024-11-16,
3311,W,Thingamajig,997.63,2024-02-13,ok
3312,e,Doohickey,"1,863.01",2024-06-01,
3313,null,Thingamajig,$448.02,2024-12-14,import
3314,South​,Gadget, 548.83 ,2024-08-16,import
3315,western,Doohickey,"2,138.12",2024-08-21,ok
3316, ,Doohickey,"1,933.72",2024-06-27,
3317,NORTH,Doohickey," 2,353.42 ",2024-11-02,ok
3318,﻿West,Thingamajig,1089.34,2024-04-21,ok
3319,​,Widget,$778.53,2024-06-09,
3320,s,Gadget,+580.60,2024-01-16,
3321,﻿East,Doohickey,"2,274.60",2024-01-21,ok
3322,W,Doohickey,(779.22),2024-01-21,legacy
3323,S,Gadget,"+1,686.88",2024-12-01,legacy
3324, west ,Widget," 2,174.85 ",2024-09-22,
3325, south ,Thingamajig,212.58,2024-06-12,
3326,​,Thingamajig, 686.56 ,2024-06-24,ok
3327,West,Thingamajig," 2,090.95 ",2024-02-14,import
3328,Ｗｅｓｔ,Gadget,$425.76,2024-04-18,ok
3329,WEST,Doohickey,921.11,2024-08-09,legacy
3330, east,Thingamajig," 1,374.60 ",2024-01-05,ok
3331,North,Doohickey,"$2,452.75",2024-05-12,import
3332, south ,Doohickey,"+1,893.45",2024-01-20,legacy
3333,East,Thingamajig,"$1,282.95",2024-10-28,
3334,SOUTH,Doohickey,"$1,894.32",2024-12-01,
3335,﻿,Gadget,757.05,2024-05-11,ok
3336,N,Widget,550.09,2024-07-10,
3337,W,Thingamajig,1679.73,2024-04-21,
3338,Ｗｅｓｔ,Thingamajig,$339.67,2024-01-02,import
3339,n,Doohickey,1603.30,2024-07-01,import
3340,East,Thingamajig,"($2,436.32)",2024-07-28,ok
3341,N,Widget,+731.84,2024-07-20,
3342,NULL,Thingamajig, 940.81 ,2024-08-06,
3343, east,Gadget,"+2,478.56",2024-04-07,
3344,western,Widget, 39.94 ,2024-06-05,import
3345,South​,Widget,209.21,2024-06-16,import
3346,Ｎｏｒｔｈ,Doohickey,"$1,757.67",2024-04-24,ok
3347,East​,Gadget,776.77,2024-11-27,ok
3348,null,Widget,311.01,2024-11-25,legacy
3349,South​,Gadget," 1,718.87 ",2024-04-21,ok
3350,North,Widget,($807.87),2024-05-04,legacy
3351,North​,Thingamajig,227.19,2024-03-02,
3352,﻿East,Doohickey,(77.81),2024-12-07,import
3353,North,Gadget,$462.06,2024-01-27,
3354,n,Gadget,"2,333.17",2024-09-21,legacy
3355, north ,Doohickey,"$1,657.77",2024-09-19,legacy
3356,South​,Thingamajig, 524.95 ,2024-08-17,ok
3357,Ｎｏｒｔｈ,Doohickey,"(2,155.81)",2024-10-05,import
3358, south⁠ ,Gadget,241.78,2024-08-20,ok
3359,None,Widget,"$2,356.54",2024-05-09,ok
3360,North,Gadget,1256.54,2024-03-06,
3361,Ｅａｓｔ,Gadget,"1,180.23",2024-11-05,import
3362,E,Gadget,"-2,156.88",2024-08-22,import
3363,NULL,Gadget,"1,816.30",2024-04-07,
3364,e,Widget, 409.31 ,2024-11-02,ok
3365,eastern,Doohickey,2478.99,2024-01-08,ok
3366,southern,Gadget,976.99,2024-08-20,ok
3367,s,Widget,+948.14,2024-06-21,legacy
3368,West,Widget,+212.51,2024-12-18,legacy
3369, east⁠ ,Widget," 1,289.78 ",2024-01-16,
3370,null,Thingamajig,+832.32,2024-02-13,legacy
3371, west⁠ ,Gadget," 1,524.93 ",2024-02-16,legacy
3372,﻿,Thingamajig,553.29,2024-04-08,legacy
3373,West​,Thingamajig,+145.02,2024-06-01,
3374,southern,Doohickey,"+1,076.53",2024-05-03,ok
3375,﻿South,Gadget,"(1,905.44)",2024-09-26,
3376, east,Thingamajig,"$2,098.45",2024-06-11,
3377,Ｅａｓｔ,Thingamajig,+57.57,2024-11-23,ok
3378,northern,Widget,+489.42,2024-02-01,
3379,West,Widget,"$1,636.08",2024-07-24,import
3380, south ,Thingamajig,223.77,2024-12-14,import
3381,South​,Thingamajig,171.60,2024-04-07,import
3382,﻿North,Widget, 122.24 ,2024-11-17,import
3383,NORTH,Gadget,$509.85,2024-08-18,
3384,EAST ,Thingamajig,"+1,292.39",2024-01-11,import
3385,West​,Widget,"$1,982.29",2024-09-01,legacy
3386,S,Widget,"+1,589.15",2024-11-06,
3387,EAST ,Gadget,"$1,773.17",2024-01-22,
3388,East​,Gadget,"1,033.77",2024-12-21,
3389,South​,Widget,$6.27,2024-05-28,
3390,E,Gadget,"$1,958.05",2024-05-16,import
3391,﻿South,Doohickey,"+2,048.41",2024-07-25,legacy
3392,SOUTH,Doohickey,$522.29,2024-04-18,ok
3393,eastern,Widget,510.67,2024-09-10,import
3394,western,Thingamajig,"$1,294.45",2024-01-24,import
3395,null,Thingamajig,295.37,2024-08-19,import
3396,Ｎｏｒｔｈ,Doohickey,$648.16,2024-07-14,legacy
3397,western,Gadget,781.02,2024-02-12,
3398,S,Gadget,"+1,450.77",2024-02-06,ok
3399,W,Gadget, 934.42 ,2024-03-17,
3400,w,Thingamajig,359.26,2024-11-13,legacy
3401,W,Gadget,"1,746.51",2024-08-22,import
3402,E,Thingamajig, 470.71 ,2024-12-23,
3403,eastern,Widget,"+2,207.09",2024-02-24,
3404,West​,Widget, 530.02 ,2024-11-27,
3405,West,Widget,"1,839.21",2024-03-19,ok
3406,W,Widget,2317.85,2024-10-11,
3407,   ,Gadget, 292.88 ,2024-02-09,ok
3408,E,Gadget,+624.12,2024-06-17,
3409,w,Widget,"$1,108.16",2024-12-03,
3410,s,Doohickey,"1,349.35",2024-08-04,import
3411, north⁠ ,Doohickey,991.69,2024-10-24,ok
3412, north ,Gadget," 1,245.92 ",2024-02-25,
3413,Ｓｏｕｔｈ,Widget,"$1,026.07",2024-05-08,ok
3414, east⁠ ,Gadget," 2,372.72 ",2024-07-24,
3415, north⁠ ,Gadget,"+1,555.72",2024-08-09,
3416,Ｎｏｒｔｈ,Gadget,121.85,2024-02-12,legacy
3417,s,Gadget,"$1,235.00",2024-01-14,
3418,   ,Gadget,-580.63,2024-04-02,legacy
3419,﻿East,Doohickey,"+1,521.22",2024-02-26,
3420,e,Gadget,"$1,281.92",2024-10-08,ok
3421,SOUTH,Gadget, 276.54 ,2024-09-07,import
3422, north⁠ ,Widget,(486.20),2024-03-22,legacy
3423,East,Thingamajig,"$1,881.59",2024-04-02,
3424,null,Thingamajig,"1,931.50",2024-08-14,legacy
3425, UnKnown ,Doohickey,"+2,165.88",2024-10-04,
3426,﻿West,Thingamajig,1640.64,2024-06-16,
3427, west ,Widget,"1,246.28",2024-01-20,ok
3428,South​,Thingamajig, 236.74 ,2024-01-10,
3429,EAST ,Doohickey,"+2,186.40",2024-08-15,
3430,﻿South,Widget,"2,011.17",2024-01-22,import
3431,East,Widget,"$2,362.87",2024-03-27,import
3432,,Doohickey,1947.61,2024-04-24,ok
3433,western,Thingamajig,829.95,2024-03-09,ok
3434,unk,Gadget,457.29,2024-10-23,ok
3435,EAST ,Doohickey, 363.75 ,2024-10-27,
3436,SOUTH,Gadget,874.02,2024-06-20,
3437,WEST,Gadget,298.70,2024-02-11,import
3438,N,Doohickey,80.39,2024-03-12,ok
3439,East,Thingamajig, 703.90 ,2024-04-16,
3440,eastern,Gadget,498.29,2024-02-14,ok
3441,West​,Gadget,+269.97,2024-02-21,legacy
3442,e,Thingamajig,$432.89,2024-01-23,legacy
3443,N,Widget,1281.78,2024-05-22,
3444,S,Thingamajig,1189.85,2024-10-12,import
3445,﻿South,Thingamajig,1753.49,2024-08-18,ok
3446,East,Gadget,"$2,090.10",2024-09-01,
3447,﻿East,Widget,392.19,2024-06-22,import
3448,southern,Widget,"2,384.60",2024-03-15,legacy
3449,NULL,Widget,$876.38,2024-04-11,
3450, ,Widget, 625.78 ,2024-07-05,import
3451,null,Widget,46.07,2024-06-26,
3452, east,Gadget, 115.86 ,2024-05-10,legacy
3453,western,Thingamajig," 2,279.73 ",2024-06-28,
3454,NORTH,Doohickey, 484.54 ,2024-10-15,import
3455, west⁠ ,Gadget,1543.77,2024-03-27,import
3456,w,Gadget,"+1,412.22",2024-08-23,
3457,southern,Doohickey,"(1,497.00)",2024-03-18,legacy
3458,eastern,Doohickey,842.50,2024-01-12,
3459, west⁠ ,Doohickey,541.39,2024-12-08,import
3460, south ,Widget,"$1,211.20",2024-11-27,import
3461,NORTH,Gadget,+440.95,2024-11-13,import
3462, south ,Gadget,"-1,056.04",2024-03-19,legacy
3463,﻿West,Thingamajig,226.51,2024-12-07,ok
3464,NORTH,Gadget, 646.26 ,2024-02-13,legacy
3465, west ,Doohickey,"1,180.19",2024-08-19,legacy
3466,western,Thingamajig," 1,103.38 ",2024-11-01,import
3467, north⁠ ,Doohickey, 254.23 ,2024-06-13,
3468,South​,Thingamajig,"+1,802.06",2024-11-08,
3469,Ｅａｓｔ,Gadget,"(1,323.68)",2024-01-26,ok
3470,S,Widget,"+2,332.04",2024-02-10,
3471,western,Gadget,+336.63,2024-11-22,
3472,northern,Thingamajig,1529.59,2024-04-06,
3473,﻿East,Thingamajig,+35.62,2024-12-15,
3474,,Doohickey,562.87,2024-03-20,
3475,S,Gadget,"+2,274.30",2024-03-24,
3476,West,Widget,$685.73,2024-03-25,ok
3477,South,Doohickey,+636.74,2024-11-03,legacy
3478,northern,Doohickey,"1,612.15",2024-04-11,import
3479,SOUTH,Doohickey,"1,596.82",2024-02-10,legacy
3480,e,Doohickey, 276.64 ,2024-02-01,import
3481,﻿East,Widget," 2,072.08 ",2024-04-26,legacy
3482, west⁠ ,Thingamajig,"2,207.59",2024-12-21,ok
3483, ,Widget,"1,522.31",2024-06-09,
3484,East,Doohickey,"($1,713.40)",2024-01-18,legacy
3485,South,Thingamajig, 545.41 ,2024-09-23,
3486,NULL,Widget,433.89,2024-11-16,
3487,West,Doohickey,1616.58,2024-03-05,legacy
3488,w,Doohickey,"(2,180.36)",2024-07-06,
3489, north⁠ ,Gadget,+711.60,2024-05-14,legacy
3490, east⁠ ,Widget,820.30,2024-10-28,legacy
3491, south⁠ ,Thingamajig,1636.09,2024-12-03,
3492,e,Doohickey,+421.98,2024-11-05,legacy
3493,E,Thingamajig,592.97,2024-04-18,ok
3494,eastern,Widget,541.28,2024-12-26,import
3495,﻿East,Doohickey, 406.50 ,2024-08-22,ok
3496,﻿,Widget,31.04,2024-09-21,
3497,N,Thingamajig,"$2,185.68",2024-07-23,ok
3498,e,Thingamajig,+765.73,2024-11-15,
3499,South,Gadget,$105.79,2024-06-22,
3500,West,Widget," 1,465.96 ",2024-12-24,legacy
3501,NORTH,Widget," 1,253.54 ",2024-05-06,
3502,EAST ,Gadget,1510.05,2024-09-14,import
3503,N,Thingamajig,+517.87,2024-05-23,
3504,w,Doohickey," 1,667.32 ",2024-09-13,ok
3505,South​,Widget,$441.63,2024-06-08,ok
3506,e,Thingamajig,+805.90,2024-07-14,import
3507,null,Gadget,442.94,2024-06-23,legacy
3508,﻿West,Doohickey,$976.21,2024-08-16,
3509,﻿West,Thingamajig,1942.46,2024-01-26,
3510,e,Gadget,676.86,2024-04-04,
3511, west⁠ ,Doohickey,+214.06,2024-07-09,import
3512, east⁠ ,Doohickey,983.40,2024-11-14,legacy
3513,EAST ,Thingamajig,2246.54,2024-10-19,
3514,western,Thingamajig,1187.76,2024-02-27,
3515,NORTH,Thingamajig,($330.72),2024-02-28,legacy
3516,unk,Gadget,+443.08,2024-02-23,
3517,s,Widget,"+2,087.08",2024-05-06,
3518,Ｓｏｕｔｈ,Thingamajig,2318.22,2024-12-06,legacy
3519, east⁠ ,Gadget,156.87,2024-09-10,import
3520,﻿East,Doohickey,"+2,343.17",2024-12-10,
3521, east,Gadget,"+1,364.88",2024-02-06,ok
3522,n,Widget," 1,895.49 ",2024-02-17,import
3523, north⁠ ,Gadget,$824.06,2024-02-01,legacy
3524,﻿West,Doohickey,7.68,2024-03-22,import
3525,﻿West,Gadget,"1,595.25",2024-09-08,
3526, north ,Gadget,"(1,456.79)",2024-09-17,legacy
3527,W,Widget,24.28,2024-08-25,ok
3528, north ,Thingamajig,+321.39,2024-07-06,
3529,eastern,Gadget, 138.59 ,2024-07-05,ok
3530,NA,Thingamajig,"+2,423.40",2024-03-17,
3531,﻿North,Widget," 2,265.11 ",2024-01-24,ok
3532,﻿East,Gadget,$714.40,2024-05-28,
3533,EAST ,Doohickey,497.40,2024-07-07,
3534, north⁠ ,Thingamajig,"1,596.76",2024-05-02,
3535,WEST,Thingamajig," 2,123.33 ",2024-09-20,
3536,﻿West,Thingamajig,2079.61,2024-03-24,legacy
3537,southern,Gadget," 1,337.33 ",2024-05-14,legacy
3538,n/a,Doohickey,907.39,2024-05-10,legacy
3539,E,Thingamajig,"+2,361.16",2024-07-15,legacy
3540,North​,Thingamajig,1711.98,2024-09-09,legacy
3541,n/a,Gadget,"$1,079.37",2024-12-10,import
3542,E,Doohickey,2383.94,2024-06-11,
3543,SOUTH,Thingamajig,"$1,883.38",2024-11-01,ok
3544,null,Doohickey,"$1,965.13",2024-11-21,ok
3545,northern,Widget,"$1,503.56",2024-08-05,legacy
3546,South​,Doohickey,"$1,555.82",2024-08-05,
3547,southern,Widget,"$2,092.71",2024-10-11,ok
3548,NULL,Doohickey,"1,490.64",2024-08-13,import
3549,WEST,Doohickey,869.22,2024-04-22,import
3550, north⁠ ,Widget,+912.19,2024-02-10,legacy
3551,e,Gadget,"-1,181.96",2024-07-04,ok
3552,eastern,Gadget,"1,363.85",2024-08-09,legacy
3553, ,Doohickey,1923.15,2024-12-11,import
3554,NA,Widget," 2,018.75 ",2024-06-24,legacy
3555, east,Widget,1795.58,2024-01-27,ok
3556,East​,Widget,$634.90,2024-07-05,ok
3557, east⁠ ,Doohickey,651.27,2024-12-16,legacy
3558,﻿South,Doohickey,"+1,173.26",2024-03-28,
3559,﻿North,Thingamajig,"+1,708.73",2024-04-07,
3560, south⁠ ,Thingamajig,924.06,2024-05-10,import
3561,E,Widget,"$1,871.74",2024-07-19,
3562,western,Gadget,"(2,143.71)",2024-10-16,ok
3563, ,Gadget,"$1,820.91",2024-11-06,import
3564,North​,Gadget,$226.02,2024-01-27,
3565,NORTH,Thingamajig,"+1,372.57",2024-01-10,import
3566,N,Widget," 1,266.47 ",2024-08-25,legacy
3567,South,Gadget,"+2,097.67",2024-12-13,ok
3568,unk,Doohickey," 1,184.10 ",2024-12-08,import
3569,None,Doohickey,220.91,2024-08-03,
3570,﻿West,Widget,"1,884.49",2024-06-06,import
3571,NORTH,Gadget,1997.33,2024-06-03,
3572, east,Thingamajig,"$2,480.68",2024-09-01,
3573,W,Widget, 629.58 ,2024-02-27,
3574,﻿East,Widget,954.00,2024-03-16,legacy
3575,eastern,Thingamajig," 1,635.76 ",2024-09-18,import
3576, UnKnown ,Doohickey, 863.68 ,2024-05-04,ok
3577,southern,Widget,(951.25),2024-02-06,
3578, ,Thingamajig,"+1,667.65",2024-04-03,import
3579,NA,Thingamajig,"$2,406.18",2024-09-12,
3580,SOUTH,Widget,$142.96,2024-10-07,ok
3581,East,Gadget,"2,459.14",2024-12-18,import
3582,﻿North,Thingamajig,"2,057.60",2024-05-23,
3583,Ｓｏｕｔｈ,Thingamajig,87.81,2024-12-26,import
3584, south ,Widget,1210.54,2024-04-16,
3585,﻿,Doohickey,"2,342.37",2024-05-06,ok
3586,n,Doohickey,"$1,654.83",2024-12-06,import
3587, north ,Doohickey,+352.17,2024-12-01,legacy
3588, south⁠ ,Gadget, 265.00 ,2024-08-13,ok
3589,﻿West,Thingamajig," 2,033.11 ",2024-10-25,import
3590, ,Doohickey,"1,143.15",2024-06-23,
3591, west⁠ ,Widget,1967.03,2024-07-01,
3592,unknown,Gadget," 2,257.67 ",2024-08-14,
3593, north⁠ ,Gadget,552.88,2024-04-10,
3594,Ｎｏｒｔｈ,Widget,1072.33,2024-12-15,ok
3595,﻿South,Thingamajig,$326.53,2024-10-21,ok
3596,Ｓｏｕｔｈ,Thingamajig,276.15,2024-08-19,ok
3597, east,Doohickey,"$1,564.06",2024-04-14,ok
3598, east,Widget,"1,581.39",2024-04-18,import
3599,Ｗｅｓｔ,Gadget,+500.10,2024-05-14,legacy
3600,﻿South,Widget,+418.51,2024-05-06,
3601,West,Widget,+538.86,2024-07-27,ok
3602,﻿East,Thingamajig,"+1,279.45",2024-12-20,
3603,East,Doohickey,"2,269.68",2024-04-10,
3604, south⁠ ,Doohickey,1100.48,2024-09-11,ok
3605,Ｓｏｕｔｈ,Gadget,"1,263.39",2024-11-21,
3606,Ｓｏｕｔｈ,Gadget,"1,883.88",2024-06-14,
3607,South​,Widget,1021.19,2024-08-12,
3608,E,Widget," 1,855.47 ",2024-02-12,import
3609,northern,Thingamajig,2426.24,2024-12-15,import
3610,North,Widget,979.68,2024-11-25,
3611,S,Gadget,"+2,107.27",2024-11-19,import
3612,EAST ,Gadget," 1,553.33 ",2024-01-13,import
3613,W,Doohickey,+886.97,2024-03-22,legacy
3614,SOUTH,Thingamajig,$911.40,2024-06-02,legacy
3615,   ,Doohickey,"$2,387.20",2024-01-03,legacy
3616,​,Gadget,$951.35,2024-12-17,import
3617,East,Widget,$375.39,2024-03-26,ok
3618,East,Gadget,$416.53,2024-02-16,
3619,﻿West,Doohickey,1446.94,2024-07-04,import
3620,E,Gadget,"$1,388.51",2024-11-27,
3621,East,Thingamajig,+602.02,2024-12-10,
3622,western,Doohickey,"($2,055.70)",2024-06-22,
3623,Ｎｏｒｔｈ,Widget,+222.21,2024-07-02,import
3624,e,Gadget,"1,984.96",2024-05-06,
3625,n,Widget,"2,210.88",2024-08-04,import
3626,Ｗｅｓｔ,Widget,2204.00,2024-02-26,
3627,​,Gadget,856.53,2024-04-26,ok
3628,﻿East,Thingamajig,1708.10,2024-01-08,
3629,North,Doohickey,$976.56,2024-10-26,import
3630,﻿West,Doohickey,2232.73,2024-08-18,import
3631,southern,Doohickey,"1,146.27",2024-02-23,ok
3632,NORTH,Gadget, 877.43 ,2024-11-16,import
3633, east,Thingamajig,"+2,454.20",2024-03-06,legacy
3634,East​,Widget,937.85,2024-11-06,import
3635,SOUTH,Gadget,"2,282.66",2024-02-03,
3636, east⁠ ,Thingamajig,+628.07,2024-07-01,ok
3637,NULL,Widget,"1,866.90",2024-12-21,ok
3638,E,Thingamajig,790.70,2024-05-20,import
3639, south ,Widget,$212.44,2024-09-05,
3640,SOUTH,Widget,956.92,2024-01-04,legacy
3641,South,Thingamajig,"+1,287.98",2024-09-02,
3642,Ｗｅｓｔ,Thingamajig," 1,228.75 ",2024-08-20,legacy
3643, west ,Doohickey,"1,348.91",2024-12-27,legacy
3644,East​,Doohickey," 1,059.77 ",2024-07-18,
3645,West,Gadget,"$1,987.92",2024-05-07,legacy
3646,East​,Thingamajig,"$1,162.55",2024-08-12,
3647,East​,Widget,1307.92,2024-09-24,import
3648,southern,Widget,"$2,467.64",2024-03-05,ok
3649,,Gadget,952.55,2024-11-17,ok
3650,WEST,Doohickey," 2,012.32 ",2024-03-25,ok
3651,western,Gadget,"$1,155.27",2024-08-13,ok
3652,S,Gadget,"+2,486.96",2024-01-28,
3653, ,Widget," 1,894.94 ",2024-09-10,legacy
3654, north ,Widget,"$1,008.24",2024-06-27,import
3655,NORTH,Widget,$341.50,2024-01-08,
3656,N,Widget,"$1,930.40",2024-12-23,legacy
3657,﻿North,Doohickey,1736.85,2024-01-23,
3658,Ｓｏｕｔｈ,Doohickey,165.89,2024-12-02,ok
3659, south⁠ ,Doohickey," 2,026.79 ",2024-05-10,
3660,South,Thingamajig,$492.08,2024-09-01,legacy
3661,﻿South,Widget,"$1,787.36",2024-12-19,
3662,North,Thingamajig,+812.77,2024-03-13,ok
3663, east⁠ ,Widget,"1,610.46",2024-09-26,import
3664, east⁠ ,Gadget,"+2,239.29",2024-11-15,ok
3665,​,Gadget,172.54,2024-01-14,import
3666,southern,Doohickey,2226.03,2024-02-22,
3667,northern,Thingamajig,"+1,516.40",2024-03-04,
3668,EAST ,Widget,1200.62,2024-02-04,import
3669,﻿South,Doohickey,"+1,646.95",2024-03-23,
3670,southern,Doohickey, 988.06 ,2024-06-05,import
3671,e,Doohickey," 2,249.54 ",2024-02-07,legacy
3672,NORTH,Gadget,($469.76),2024-08-07,
3673,Ｓｏｕｔｈ,Gadget," 1,223.45 ",2024-02-08,
3674,NULL,Doohickey,"$2,451.08",2024-02-17,
3675,Ｓｏｕｔｈ,Thingamajig,"+2,475.54",2024-09-18,
3676, north ,Widget,"($2,266.82)",2024-10-28,ok
3677,West,Gadget,+877.93,2024-04-27,
3678,﻿South,Doohickey,+513.25,2024-08-13,
3679,NULL,Widget,"1,554.72",2024-10-07,
3680,Ｗｅｓｔ,Doohickey,"(1,608.53)",2024-11-13,legacy
3681,Ｅａｓｔ,Widget,+208.71,2024-09-15,import
3682,South​,Thingamajig,"2,018.76",2024-10-23,legacy
3683,E,Widget," 1,699.50 ",2024-02-15,
3684,﻿North,Widget,"1,094.14",2024-01-27,
3685,WEST,Widget,"1,710.76",2024-04-22,
3686,South​,Widget,+239.29,2024-06-24,
3687,﻿West,Doohickey,"1,175.78",2024-03-28,legacy
3688, north ,Widget,2195.14,2024-08-12,import
3689,southern,Doohickey,$54.70,2024-11-10,
3690,N,Thingamajig,2049.60,2024-03-14,ok
3691,East,Gadget,2059.65,2024-06-02,
3692,SOUTH,Gadget,"+2,146.14",2024-06-28,
3693, UnKnown ,Doohickey," 1,250.42 ",2024-01-14,
3694,West​,Doohickey,"+1,758.05",2024-06-05,
3695,East,Thingamajig," 1,277.07 ",2024-03-09,legacy
3696, UnKnown ,Widget,"1,788.13",2024-11-05,
3697,EAST ,Doohickey,+223.75,2024-02-24,
3698,null,Gadget,"$1,255.17",2024-08-03,
3699,w,Thingamajig, 214.94 ,2024-10-17,ok
3700, south⁠ ,Doohickey," 1,420.07 ",2024-04-15,import
3701,EAST ,Widget, 447.32 ,2024-10-05,legacy
3702,South,Widget,1758.91,2024-11-27,import
3703,Ｅａｓｔ,Widget,+654.59,2024-06-15,legacy
3704,West,Doohickey,607.15,2024-10-01,
3705,,Thingamajig,"1,390.68",2024-03-18,legacy
3706, west⁠ ,Gadget,"+1,480.62",2024-11-13,
3707,﻿North,Gadget," 2,492.19 ",2024-02-28,legacy
3708,n,Doohickey, 96.63 ,2024-12-19,import
3709, south⁠ ,Thingamajig,1604.10,2024-06-09,
3710, south⁠ ,Thingamajig,"1,450.85",2024-05-26,ok
3711, UnKnown ,Doohickey," 2,241.36 ",2024-10-03,
3712,eastern,Gadget," 1,172.55 ",2024-10-21,
3713, south ,Widget,49.14,2024-03-26,legacy
3714,﻿,Thingamajig,"2,240.82",2024-05-16,
3715, east⁠ ,Widget,"+1,808.93",2024-05-18,import
3716,﻿South,Thingamajig,894.55,2024-08-11,import
3717,﻿West,Doohickey,"($1,765.50)",2024-03-19,ok
3718,southern,Thingamajig,"$2,103.55",2024-12-10,
3719,﻿,Doohickey," 1,753.44 ",2024-01-22,
3720,South​,Thingamajig,+614.96,2024-06-09,legacy
3721, west ,Doohickey,1773.67,2024-06-22,ok
3722,North,Thingamajig,"$2,351.06",2024-09-24,ok
3723, north⁠ ,Thingamajig,132.69,2024-01-26,
3724, east⁠ ,Gadget,"(1,467.00)",2024-04-18,
3725,N,Gadget,1080.63,2024-08-24,legacy
3726,n,Doohickey,+439.68,2024-07-19,
3727, south ,Doohickey,976.17,2024-09-21,
3728,NA,Gadget,"2,326.37",2024-10-17,ok
3729,Ｗｅｓｔ,Gadget, 53.40 ,2024-02-21,
3730,eastern,Thingamajig,"2,429.27",2024-06-03,legacy
3731,SOUTH,Widget,"+2,092.35",2024-08-17,ok
3732,South,Gadget,+779.21,2024-04-04,
3733,unk,Thingamajig," 2,299.29 ",2024-05-27,import
3734,W,Thingamajig, 89.47 ,2024-03-25,
3735, south⁠ ,Thingamajig, 120.14 ,2024-01-25,import
3736,eastern,Doohickey,1194.59,2024-07-02,import
3737,East​,Doohickey,"1,620.15",2024-12-21,
3738,﻿South,Gadget,874.46,2024-04-28,ok
3739,s,Widget,"+1,879.26",2024-07-21,ok
3740,West​,Widget,"1,393.60",2024-04-20,import
3741, east,Widget,"$1,778.47",2024-02-19,
3742,﻿South,Thingamajig, 925.94 ,2024-08-14,legacy
3743, UnKnown ,Gadget,"1,401.38",2024-12-08,
3744, west ,Doohickey,"$1,627.14",2024-05-13,import
3745,West,Thingamajig,"$1,970.34",2024-05-15,
3746,South,Widget,2465.42,2024-05-14,import
3747,North,Widget,"$1,781.92",2024-06-21,
3748,North​,Doohickey,"1,926.13",2024-02-04,
3749,South​,Widget,+666.22,2024-09-02,ok
3750,East,Doohickey,1357.39,2024-05-08,legacy
3751,West,Gadget," 1,083.26 ",2024-10-04,
3752,N,Thingamajig, 634.12 ,2024-05-08,
3753,﻿,Gadget,873.55,2024-06-24,
3754,﻿North,Widget," 1,456.67 ",2024-05-24,
3755,﻿South,Doohickey,657.25,2024-09-17,
3756, west⁠ ,Gadget,446.32,2024-03-20,import
3757,Ｎｏｒｔｈ,Doohickey,1227.60,2024-08-18,import
3758,unknown,Gadget,"+1,717.31",2024-09-04,ok
3759,e,Gadget,$502.62,2024-06-06,ok
3760,West​,Gadget,"$2,183.96",2024-07-02,legacy
3761,Ｗｅｓｔ,Widget,"+2,123.23",2024-12-07,import
3762,East​,Gadget,"1,299.66",2024-01-09,
3763,E,Gadget,+390.72,2024-08-01,
3764,n,Widget,1313.01,2024-12-23,import
3765,NULL,Thingamajig,"$2,273.21",2024-10-27,legacy
3766,eastern,Doohickey,+189.91,2024-05-16,
3767, west ,Thingamajig,"+1,108.28",2024-03-01,
3768, east⁠ ,Doohickey,"+2,068.85",2024-12-18,import
3769,western,Gadget,"$2,039.24",2024-10-16,legacy
3770, west ,Thingamajig,2057.45,2024-02-05,legacy
3771,eastern,Thingamajig,"+1,472.56",2024-10-15,ok
3772,Ｎｏｒｔｈ,Gadget,"2,403.80",2024-07-05,
3773,N,Gadget," 1,229.38 ",2024-05-06,ok
3774,NULL,Gadget," 2,056.86 ",2024-01-19,legacy
3775,,Widget,1985.26,2024-05-08,
3776, west⁠ ,Widget,"$1,714.45",2024-12-01,legacy
3777,eastern,Thingamajig,"+2,432.18",2024-08-11,ok
3778,NA,Widget,$244.90,2024-02-24,import
3779,North,Doohickey,"1,622.35",2024-10-15,
3780, north ,Doohickey,$438.36,2024-06-03,ok
3781,East​,Thingamajig,"-1,237.31",2024-12-21,import
3782,n/a,Thingamajig,"$2,089.59",2024-08-02,
3783,Ｗｅｓｔ,Widget,1779.31,2024-12-22,import
3784,North,Thingamajig, 104.30 ,2024-02-09,import
3785,﻿East,Gadget," 1,236.14 ",2024-03-25,import
3786,s,Doohickey,554.47,2024-07-23,
3787,North,Widget, 456.64 ,2024-01-24,ok
3788, UnKnown ,Gadget,"$2,045.49",2024-02-19,
3789,e,Thingamajig,105.02,2024-05-18,
3790,South​,Gadget," 1,325.28 ",2024-05-06,
3791,East​,Doohickey, 946.33 ,2024-11-06,import
3792,South​,Gadget,"$1,362.86",2024-05-16,
3793,WEST,Widget,"1,139.11",2024-11-15,legacy
3794,﻿North,Thingamajig,$364.71,2024-10-24,legacy
3795,N,Gadget,"(1,416.91)",2024-05-13,
3796,western,Thingamajig,174.88,2024-06-01,import
3797,W,Widget,$936.05,2024-09-24,
3798, east⁠ ,Doohickey,"($1,768.47)",2024-08-25,
3799,e,Gadget, 306.41 ,2024-01-22,import
3800,Ｗｅｓｔ,Widget,2289.84,2024-01-13,legacy
3801,Ｎｏｒｔｈ,Thingamajig,"+2,146.16",2024-02-28,ok
3802,NA,Doohickey, 76.38 ,2024-11-14,
3803,southern,Gadget,"2,103.95",2024-05-25,
3804,   ,Widget,1709.20,2024-12-03,legacy
3805, north⁠ ,Thingamajig, 723.42 ,2024-09-07,
3806,East,Doohickey," 1,392.65 ",2024-05-06,
3807,NORTH,Gadget,616.01,2024-03-13,
3808,e,Gadget,"2,014.65",2024-03-26,
3809,Ｓｏｕｔｈ,Doohickey,1874.22,2024-09-26,
3810,West​,Thingamajig,$295.40,2024-12-14,
3811,Ｎｏｒｔｈ,Widget,690.66,2024-12-14,import
3812,South​,Gadget,2094.90,2024-03-13,ok
3813,West​,Thingamajig,"1,621.93",2024-07-28,
3814,Ｎｏｒｔｈ,Widget,"$1,660.25",2024-05-06,ok
3815,West,Gadget,+980.17,2024-01-26,
3816,NA,Doohickey,"$2,051.98",2024-10-07,ok
3817,None,Gadget,"(1,874.52)",2024-11-09,ok
3818, south ,Thingamajig,($693.79),2024-09-02,ok
3819,North​,Gadget,"$1,235.68",2024-01-25,legacy
3820, north ,Thingamajig,"$2,181.91",2024-10-04,legacy
3821,S,Gadget," 1,330.87 ",2024-04-14,
3822, north⁠ ,Widget,"$1,454.44",2024-01-05,import
3823,﻿North,Gadget,1704.61,2024-10-16,
3824,southern,Widget,560.08,2024-10-27,import
3825,e,Widget,743.04,2024-02-14,ok
3826,,Widget,941.94,2024-04-14,ok
3827,North​,Doohickey,"$1,072.61",2024-06-01,import
3828,NULL,Thingamajig, 302.84 ,2024-09-28,ok
3829,Ｅａｓｔ,Widget,"+2,366.72",2024-12-23,legacy
3830, east⁠ ,Widget,947.68,2024-10-07,ok
3831, east,Thingamajig,897.49,2024-08-02,import
3832, west ,Gadget,"+1,842.10",2024-10-25,ok
3833,NORTH,Thingamajig,"(1,453.21)",2024-08-08,
3834, south ,Doohickey," 1,924.19 ",2024-10-21,
3835,EAST ,Doohickey,1737.93,2024-11-23,import
3836, ,Gadget,"+2,347.91",2024-01-14,ok
3837,e,Thingamajig,+346.65,2024-10-16,legacy
3838, ,Thingamajig,"+1,837.35",2024-06-18,ok
3839,northern,Thingamajig,1722.01,2024-10-27,import
3840,W,Doohickey,"+1,187.27",2024-11-13,ok
3841,n,Doohickey,"+1,197.45",2024-10-09,ok
3842,e,Widget,1697.59,2024-12-25,
3843,w,Gadget,60.44,2024-03-26,import
3844,n,Widget," 1,804.53 ",2024-05-14,
3845,West​,Thingamajig,(679.11),2024-03-14,ok
3846,SOUTH,Doohickey,(462.00),2024-01-24,
3847,eastern,Thingamajig,32.71,2024-07-19,
3848,Ｗｅｓｔ,Widget,"+1,614.67",2024-03-02,
3849,N,Thingamajig,"+1,195.64",2024-04-19,ok
3850, east⁠ ,Gadget,"$1,092.96",2024-10-21,
3851,South​,Doohickey,389.83,2024-11-15,
3852, UnKnown ,Thingamajig,"$1,017.55",2024-01-21,
3853,n/a,Doohickey,$272.29,2024-02-15,
3854,SOUTH,Doohickey,1281.75,2024-03-19,
3855,w,Gadget,"$1,026.13",2024-01-26,import
3856,SOUTH,Gadget,"+2,361.91",2024-12-23,
3857,﻿East,Widget,"1,740.86",2024-07-17,
3858,southern,Doohickey,"2,009.01",2024-02-27,ok
3859, south ,Thingamajig, 50.78 ,2024-12-22,
3860, north⁠ ,Thingamajig,$580.71,2024-06-28,legacy
3861,North​,Thingamajig,"$1,206.82",2024-09-25,
3862,null,Gadget,"$1,151.10",2024-07-01,
3863,﻿East,Thingamajig,+800.97,2024-06-02,
3864, south ,Widget,+816.31,2024-05-24,legacy
3865,WEST,Thingamajig,1231.70,2024-11-19,import
3866, west ,Thingamajig,"1,182.16",2024-10-28,
3867,unk,Thingamajig,1275.89,2024-05-03,ok
3868,Ｗｅｓｔ,Doohickey,1882.66,2024-10-28,legacy
3869,unk,Thingamajig,319.61,2024-05-11,import
3870,Ｅａｓｔ,Thingamajig,"2,217.89",2024-04-20,import
3871,Ｎｏｒｔｈ,Thingamajig,"$1,047.62",2024-04-04,import
3872,E,Doohickey," 1,363.01 ",2024-07-03,
3873,e,Doohickey,"+1,774.79",2024-07-14,legacy
3874,EAST ,Widget,2034.81,2024-04-13,ok
3875,NORTH,Widget,"($1,043.25)",2024-08-20,
3876,North​,Gadget,2244.36,2024-01-03,import
3877,NA,Widget,1082.35,2024-07-08,
3878, south⁠ ,Thingamajig," 1,105.27 ",2024-07-20,import
3879,N,Widget," 1,926.66 ",2024-08-06,import
3880, west⁠ ,Thingamajig,"+1,840.72",2024-12-15,
3881, west⁠ ,Thingamajig,$526.61,2024-07-22,ok
3882, east⁠ ,Doohickey,923.90,2024-05-22,ok
3883, south ,Gadget,2113.23,2024-11-18,import
3884,Ｎｏｒｔｈ,Widget,$582.96,2024-07-21,
3885,West​,Widget,$905.71,2024-03-01,
3886,eastern,Doohickey,"1,442.74",2024-09-17,import
3887,​,Thingamajig, 811.91 ,2024-03-26,ok
3888,NORTH,Doohickey,"+1,561.20",2024-04-17,
3889,﻿East,Thingamajig," 2,318.75 ",2024-03-13,
3890, east,Gadget,"1,288.80",2024-12-06,
3891,South,Widget, 916.09 ,2024-08-24,
3892,Ｓｏｕｔｈ,Doohickey," 1,554.08 ",2024-01-27,
3893, south ,Thingamajig,$658.12,2024-09-20,legacy
3894,unk,Gadget,"1,784.69",2024-05-02,
3895,northern,Widget,-31.31,2024-02-22,ok
3896, west ,Doohickey,"1,480.13",2024-07-06,legacy
3897,Ｎｏｒｔｈ,Thingamajig,"+2,247.76",2024-09-06,ok
3898,SOUTH,Thingamajig,(573.27),2024-09-15,import
3899,West,Widget,844.96,2024-09-05,import
3900,Ｗｅｓｔ,Thingamajig,$250.96,2024-08-22,legacy
3901,South,Gadget," 2,463.10 ",2024-02-17,
3902,Ｗｅｓｔ,Gadget,"+1,082.78",2024-12-25,ok
3903,w,Widget,"$1,419.74",2024-11-07,legacy
3904,E,Doohickey,+402.21,2024-02-09,ok
3905,WEST,Doohickey,446.74,2024-10-09,legacy
3906, south⁠ ,Gadget,$462.20,2024-08-23,
3907,unk,Thingamajig,+997.50,2024-03-11,import
3908,w,Widget,365.74,2024-05-15,ok
3909, west ,Thingamajig,"$2,430.55",2024-11-22,import
3910,s,Thingamajig,+340.30,2024-09-08,ok
3911, east⁠ ,Widget,916.66,2024-12-11,import
3912,None,Thingamajig," 2,274.64 ",2024-02-04,legacy
3913,EAST ,Gadget,"$1,419.65",2024-11-06,legacy
3914,unknown,Gadget,1624.16,2024-02-05,
3915, south ,Gadget,"1,026.06",2024-01-14,
3916, west ,Thingamajig,(899.08),2024-04-27,
3917,Ｓｏｕｔｈ,Doohickey,"+2,133.76",2024-03-08,import
3918, east⁠ ,Doohickey," 1,938.17 ",2024-04-28,
3919,NULL,Widget,2318.85,2024-06-20,
3920, east,Widget,763.51,2024-02-19,
3921,West​,Widget,"1,269.44",2024-02-07,
3922,E,Widget,"2,157.86",2024-10-23,
3923,﻿South,Doohickey,+836.36,2024-12-23,ok
3924,NORTH,Doohickey,"1,308.08",2024-11-17,
3925,unk,Gadget, 476.58 ,2024-12-19,legacy
3926,﻿West,Doohickey,"+1,709.60",2024-01-14,legacy
3927,null,Thingamajig,1345.76,2024-09-15,
3928,East​,Widget,554.90,2024-07-19,legacy
3929,West,Widget," 1,823.27 ",2024-01-17,ok
3930,﻿West,Gadget,"1,147.55",2024-10-21,
3931, west ,Thingamajig,2267.43,2024-06-22,import
3932,northern,Thingamajig,"2,030.09",2024-03-28,
3933,NA,Widget,"2,168.20",2024-02-01,
3934,﻿East,Doohickey,"1,959.71",2024-04-03,
3935, south⁠ ,Thingamajig,"-2,373.55",2024-04-08,import
3936, south⁠ ,Thingamajig,"$1,018.83",2024-05-04,legacy
3937,South​,Widget,2404.13,2024-03-08,legacy
3938,eastern,Widget, 357.89 ,2024-04-24,legacy
3939,SOUTH,Gadget,1048.71,2024-04-17,import
3940,n,Widget,"$1,047.05",2024-08-21,
3941,﻿South,Gadget,+882.10,2024-01-16,
3942, west⁠ ,Doohickey,1107.47,2024-07-14,
3943,n/a,Gadget,"$1,520.95",2024-12-07,import
3944,W,Doohickey,"$1,363.79",2024-01-07,import
3945,SOUTH,Widget,$609.18,2024-10-24,
3946,West,Thingamajig," 2,245.39 ",2024-10-23,
3947,﻿East,Gadget,"+2,319.80",2024-06-03,legacy
3948,Ｎｏｒｔｈ,Gadget,"-2,236.93",2024-02-09,legacy
3949, east⁠ ,Doohickey,+426.95,2024-06-09,legacy
3950,n/a,Doohickey,-639.10,2024-05-21,ok
3951,South,Thingamajig,"$2,246.98",2024-03-12,
3952,SOUTH,Thingamajig,218.50,2024-03-09,legacy
3953,North,Gadget,307.79,2024-04-12,import
3954,South,Thingamajig,"$1,941.61",2024-10-15,import
3955,Ｎｏｒｔｈ,Thingamajig,"+1,010.01",2024-02-20,import
3956,northern,Widget,"+2,059.11",2024-06-06,ok
3957,,Gadget,"$2,409.68",2024-02-24,legacy
3958,WEST,Gadget,"($1,744.59)",2024-05-25,import
3959, east,Doohickey,"2,050.03",2024-04-11,
3960,North​,Doohickey," 1,205.31 ",2024-01-03,legacy
3961,EAST ,Widget,+759.87,2024-07-23,
3962,SOUTH,Gadget,-323.44,2024-05-15,import
3963, east⁠ ,Widget,"($1,392.90)",2024-05-26,ok
3964,﻿East,Doohickey,"2,162.80",2024-04-09,
3965, north ,Widget,240.40,2024-02-02,import
3966,﻿North,Thingamajig,"+1,065.14",2024-09-06,
3967,Ｗｅｓｔ,Doohickey,2213.79,2024-05-01,
3968,North,Doohickey,"$1,030.49",2024-02-25,ok
3969,North​,Doohickey," 1,073.23 ",2024-06-22,ok
3970,EAST ,Thingamajig,"(2,367.80)",2024-12-16,ok
3971, east⁠ ,Widget, 962.84 ,2024-02-04,
3972,Ｗｅｓｔ,Doohickey,+912.23,2024-07-22,
3973,western,Thingamajig, 557.56 ,2024-10-21,import
3974,W,Doohickey, 956.88 ,2024-09-15,ok
3975,w,Doohickey,+458.53,2024-09-09,legacy
3976,unk,Doohickey,"$2,372.59",2024-01-05,ok
3977, west ,Widget,1846.85,2024-08-03,legacy
3978,None,Thingamajig," 2,109.26 ",2024-05-11,
3979, east,Gadget,"2,078.11",2024-01-08,import
3980,East​,Gadget,944.92,2024-04-20,legacy
3981,W,Doohickey,495.93,2024-09-08,legacy
3982,W,Widget,"1,167.80",2024-04-27,import
3983,Ｓｏｕｔｈ,Widget,601.28,2024-11-07,
3984, north ,Doohickey,"$1,422.82",2024-10-14,
3985,Ｓｏｕｔｈ,Gadget,$500.51,2024-08-27,ok
3986,East,Thingamajig,(591.07),2024-02-12,ok
3987,w,Gadget," 1,119.56 ",2024-12-11,legacy
3988,   ,Doohickey,"1,458.10",2024-01-03,
3989, east,Widget,"$1,962.15",2024-12-24,legacy
3990,E,Thingamajig,"1,721.30",2024-01-27,
3991,N,Doohickey," 1,487.81 ",2024-01-24,ok
3992, UnKnown ,Widget,($576.97),2024-12-28,ok
3993,﻿South,Doohickey,759.34,2024-01-22,ok
3994,North,Gadget,884.29,2024-12-12,legacy
3995, west⁠ ,Doohickey,$809.81,2024-08-18,
3996,n,Gadget,"$2,476.31",2024-02-25,
3997, west⁠ ,Widget,685.90,2024-12-03,
3998,﻿East,Thingamajig," 1,369.30 ",2024-08-28,
3999,﻿North,Gadget,37.08,2024-12-02,
4000,Ｗｅｓｔ,Gadget," 1,891.55 ",2024-11-16,import
4001,northern,Thingamajig,"+1,338.82",2024-03-22,ok
4002,EAST ,Doohickey,"1,062.40",2024-03-18,import
4003,e,Doohickey,"1,556.73",2024-10-21,import
4004, east⁠ ,Gadget,"$2,487.69",2024-06-27,
4005,Ｅａｓｔ,Doohickey,"$1,170.78",2024-02-10,
4006,North,Gadget,"1,868.44",2024-10-28,ok
4007,NA,Thingamajig,2493.35,2024-08-07,import
4008, west⁠ ,Thingamajig,"$1,244.13",2024-09-04,ok
4009, west⁠ ,Thingamajig," 1,724.00 ",2024-02-28,ok
4010, UnKnown ,Widget, 979.38 ,2024-10-05,
4011,NA,Doohickey,105.46,2024-05-19,
4012,West,Widget,2038.59,2024-12-28,ok
4013,SOUTH,Gadget,717.18,2024-03-20,import
4014,NORTH,Doohickey,"$1,451.51",2024-04-08,legacy
4015,northern,Widget,831.87,2024-09-09,
4016,w,Doohickey,+665.70,2024-04-28,ok
4017,eastern,Thingamajig,"+1,910.90",2024-05-01,
4018,null,Widget,580.18,2024-04-15,
4019,West​,Doohickey,"+2,163.03",2024-11-16,
4020, east⁠ ,Gadget,"$2,408.33",2024-12-02,legacy
4021,n,Thingamajig,1283.11,2024-10-02,ok
4022,Ｅａｓｔ,Doohickey," 2,443.35 ",2024-11-06,import
4023,North​,Widget,369.34,2024-04-07,
4024,western,Doohickey,+794.72,2024-06-22,
4025, south⁠ ,Widget,681.00,2024-02-06,legacy
4026,western,Widget,$170.99,2024-06-07,legacy
4027, west⁠ ,Widget,"+2,259.27",2024-07-11,ok
4028,western,Doohickey,"$2,415.93",2024-06-05,
4029, west⁠ ,Thingamajig,"$1,344.68",2024-11-16,import
4030,N,Widget,"(2,101.18)",2024-12-20,legacy
4031,western,Gadget," 1,370.35 ",2024-10-07,
4032,﻿South,Doohickey,$808.91,2024-10-10,
4033,W,Thingamajig, 771.21 ,2024-08-26,
4034, east⁠ ,Thingamajig,"+1,931.26",2024-11-02,ok
4035,West,Doohickey," 1,810.67 ",2024-09-04,ok
4036, east⁠ ,Widget,1985.09,2024-07-25,import
4037,﻿East,Gadget,447.37,2024-04-06,
4038,EAST ,Thingamajig,76.06,2024-10-11,
4039,Ｓｏｕｔｈ,Widget,"(1,524.92)",2024-12-08,legacy
4040,n,Thingamajig,(417.31),2024-03-18,ok
4041,S,Widget,"$2,225.16",2024-04-04,
4042,   ,Gadget," 2,018.74 ",2024-03-01,
4043,East,Widget,"+1,460.50",2024-04-08,import
4044,s,Gadget,758.63,2024-10-23,
4045,unk,Thingamajig,116.42,2024-01-10,
4046,NULL,Thingamajig," 2,376.56 ",2024-05-01,ok
4047,NORTH,Doohickey,"+1,506.42",2024-11-18,legacy
4048,e,Gadget,$453.21,2024-05-28,legacy
4049, west⁠ ,Thingamajig,"1,522.53",2024-03-08,import
4050,w,Doohickey,295.49,2024-01-11,
4051,   ,Thingamajig,"2,174.67",2024-11-05,
4052,﻿North,Gadget," 1,777.51 ",2024-09-10,
4053,﻿West,Doohickey," 1,315.43 ",2024-09-15,import
4054, UnKnown ,Thingamajig, 756.88 ,2024-03-24,
4055, east,Widget,535.58,2024-09-24,ok
4056,,Thingamajig," 2,392.85 ",2024-09-26,ok
4057,Ｎｏｒｔｈ,Doohickey,"$1,096.38",2024-11-27,legacy
4058,Ｗｅｓｔ,Thingamajig,+572.56,2024-03-21,
4059,﻿East,Widget," 2,350.11 ",2024-03-11,import
4060,   ,Thingamajig, 111.58 ,2024-01-28,
4061,Ｓｏｕｔｈ,Thingamajig," 2,171.40 ",2024-01-16,ok
4062,n/a,Thingamajig,"1,168.98",2024-12-27,legacy
4063, south⁠ ,Doohickey,1256.27,2024-02-05,
4064,﻿South,Gadget,"1,178.72",2024-05-04,
4065, west⁠ ,Gadget,"+1,239.20",2024-02-21,
4066,WEST,Gadget,833.24,2024-04-19,legacy
4067,unknown,Widget,"2,130.35",2024-06-04,legacy
4068, south ,Gadget, 832.70 ,2024-10-18,legacy
4069,North,Thingamajig," 2,004.14 ",2024-12-28,import
4070,Ｅａｓｔ,Thingamajig,(204.39),2024-08-01,legacy
4071,WEST,Doohickey,2459.45,2024-03-10,ok
4072, south⁠ ,Doohickey," 1,162.53 ",2024-02-12,ok
4073,South,Gadget,751.36,2024-12-24,
4074,southern,Widget,"2,294.20",2024-01-02,
4075, south ,Gadget," 1,526.35 ",2024-02-26,legacy
4076,﻿South,Thingamajig," 2,186.29 ",2024-03-21,ok
4077,E,Gadget, 518.27 ,2024-02-07,
4078,﻿South,Widget,33.45,2024-01-18,
4079,western,Doohickey,"$1,385.08",2024-12-19,
4080,Ｅａｓｔ,Widget,"+2,023.23",2024-05-24,
4081,North​,Doohickey,"1,709.56",2024-09-17,ok
4082, north⁠ ,Doohickey, 524.51 ,2024-11-20,import
4083,South​,Gadget,"1,949.45",2024-07-28,import
4084,None,Thingamajig,1309.20,2024-11-19,
4085,EAST ,Widget,"$2,254.15",2024-01-05,ok
4086,n,Gadget,130.12,2024-06-17,import
4087,W,Gadget,"1,051.89",2024-08-27,
4088,Ｗｅｓｔ,Thingamajig,+69.26,2024-10-06,import
4089,E,Widget,90.20,2024-10-08,ok
4090, south ,Widget,415.41,2024-04-04,ok
4091,Ｅａｓｔ,Widget,"($2,477.37)",2024-02-06,ok
4092, south⁠ ,Doohickey," 2,363.25 ",2024-01-27,import
4093, east,Thingamajig,"1,242.64",2024-12-28,
4094, south ,Doohickey,"$1,443.94",2024-05-15,ok
4095,﻿South,Gadget,$853.47,2024-05-05,ok
4096, west ,Widget,1829.93,2024-08-16,ok
4097,w,Thingamajig,$733.86,2024-05-23,ok
4098,Ｎｏｒｔｈ,Doohickey, 338.17 ,2024-07-23,
4099,s,Gadget,"+1,921.25",2024-12-25,legacy
4100,NULL,Gadget,"1,873.16",2024-08-27,
4101,Ｓｏｕｔｈ,Gadget,1345.77,2024-04-10,ok
4102, west ,Thingamajig,"+2,401.08",2024-12-02,
4103,South​,Gadget,$472.74,2024-08-17,
4104, south ,Gadget,1901.30,2024-03-13,ok
4105,E,Widget,1190.00,2024-04-04,ok
4106,East​,Doohickey,"$1,343.47",2024-11-25,
4107,North,Gadget,"$1,548.05",2024-07-04,legacy
4108,West,Thingamajig,+938.54,2024-06-22,ok
4109,East,Gadget, 472.26 ,2024-06-04,legacy
4110,   ,Doohickey,+149.87,2024-08-27,import
4111,southern,Thingamajig,"+1,113.77",2024-06-04,
4112,﻿,Gadget, 327.16 ,2024-11-25,ok
4113, west⁠ ,Doohickey, 815.77 ,2024-06-14,legacy
4114, south⁠ ,Gadget, 887.75 ,2024-02-08,legacy
4115,﻿West,Doohickey,$702.55,2024-05-02,
4116,Ｎｏｒｔｈ,Gadget,"+1,387.89",2024-09-19,ok
4117,Ｎｏｒｔｈ,Gadget,"+1,598.51",2024-08-28,legacy
4118,S,Thingamajig,"+2,145.16",2024-03-20,
4119, north⁠ ,Thingamajig,12.10,2024-12-24,import
4120,SOUTH,Doohickey,"+1,702.89",2024-11-21,import
4121,WEST,Widget,"$1,810.77",2024-11-11,ok
4122,NULL,Thingamajig,537.18,2024-02-18,ok
4123,Ｅａｓｔ,Gadget," 1,961.16 ",2024-07-24,
4124,E,Gadget," 1,095.83 ",2024-03-03,ok
4125,western,Thingamajig, 497.80 ,2024-09-24,import
4126, east⁠ ,Doohickey,"+1,794.84",2024-01-14,import
4127,W,Thingamajig,"1,999.87",2024-05-03,ok
4128,N,Widget,"+1,979.59",2024-04-04,legacy
4129,e,Gadget,171.31,2024-04-17,import
4130,South,Widget,790.20,2024-03-05,import
4131, east⁠ ,Doohickey,2177.99,2024-07-03,
4132,None,Widget, 870.68 ,2024-07-03,import
4133,South​,Doohickey,1494.95,2024-02-02,
4134,East,Thingamajig,+100.84,2024-04-24,import
4135, south⁠ ,Thingamajig,116.31,2024-05-06,legacy
4136,unk,Widget,"2,204.27",2024-08-08,import
4137,West,Doohickey,"+2,363.31",2024-01-04,import
4138,unknown,Gadget,865.47,2024-06-11,import
4139,NORTH,Thingamajig,"$1,444.45",2024-08-06,import
4140,,Gadget,"2,173.86",2024-07-20,
4141,southern,Gadget,+990.14,2024-06-15,
4142,East,Gadget,$929.05,2024-08-20,legacy
4143,​,Doohickey,888.81,2024-10-01,
4144, west⁠ ,Gadget,"1,661.04",2024-06-02,
4145,null,Widget,2283.96,2024-03-23,import
4146,Ｅａｓｔ,Doohickey,+662.12,2024-02-12,ok
4147,West​,Widget,"2,375.71",2024-09-16,ok
4148,North,Thingamajig," 2,074.25 ",2024-09-07,
4149, south ,Doohickey,2375.94,2024-05-28,legacy
4150,South,Doohickey,$867.07,2024-01-11,ok
4151,S,Doohickey,"+1,898.74",2024-08-24,ok
4152,unk,Doohickey,"$1,640.29",2024-12-28,
4153,eastern,Gadget,2437.58,2024-12-22,legacy
4154, north ,Widget,265.84,2024-06-05,
4155,s,Doohickey,"+1,443.45",2024-07-16,
4156,W,Gadget," 2,204.42 ",2024-01-05,ok
4157, east⁠ ,Doohickey,"+1,379.23",2024-04-08,import
4158,EAST ,Doohickey,1296.37,2024-11-09,
4159,w,Widget,"+1,954.28",2024-07-09,ok
4160,e,Thingamajig,"+1,511.10",2024-03-01,
4161,SOUTH,Doohickey,"+1,185.51",2024-01-14,ok
4162,Ｓｏｕｔｈ,Widget,"$2,448.56",2024-08-08,import
4163,﻿South,Doohickey,$533.75,2024-04-20,ok
4164,Ｗｅｓｔ,Widget,"$1,928.18",2024-06-06,import
4165,South​,Thingamajig, 59.81 ,2024-02-02,
4166,﻿,Widget, 345.03 ,2024-01-21,
4167, south⁠ ,Thingamajig,"1,944.00",2024-08-10,ok
4168,n/a,Thingamajig,19.47,2024-02-08,
4169,East,Thingamajig,"1,220.94",2024-11-07,ok
4170, north ,Gadget,"$2,231.23",2024-05-07,ok
4171, west ,Doohickey,+261.86,2024-03-18,
4172,﻿West,Doohickey,"+1,664.80",2024-10-10,legacy
4173, south ,Thingamajig,(6.92),2024-06-14,
4174, east⁠ ,Thingamajig,203.43,2024-05-28,
4175, north ,Thingamajig,"$1,017.67",2024-08-21,ok
4176, south⁠ ,Doohickey," 2,346.68 ",2024-10-17,
4177, north⁠ ,Widget,+317.90,2024-06-21,
4178,unknown,Doohickey,1661.85,2024-12-25,
4179,﻿North,Doohickey,1095.73,2024-09-26,
4180,South​,Gadget,197.67,2024-03-24,import
4181, east⁠ ,Gadget,"+2,332.89",2024-10-06,legacy
4182,﻿East,Widget, 593.49 ,2024-01-17,legacy
4183,e,Widget,732.28,2024-06-01,legacy
4184,western,Doohickey,2162.14,2024-06-27,import
4185,eastern,Gadget,1092.92,2024-03-05,ok
4186,South,Gadget,1466.84,2024-02-13,
4187,w,Thingamajig," 2,299.63 ",2024-11-27,import
4188,E,Doohickey,"$1,046.58",2024-09-27,ok
4189,eastern,Widget,1287.74,2024-10-23,import
4190,None,Widget, 100.77 ,2024-10-19,
4191, west⁠ ,Thingamajig,432.83,2024-05-28,
4192,,Thingamajig,"+1,780.75",2024-04-12,legacy
4193,northern,Thingamajig,68.69,2024-04-13,
4194, south ,Doohickey,"($2,137.22)",2024-03-18,ok
4195,E,Thingamajig,+202.24,2024-06-23,import
4196,eastern,Widget,$180.03,2024-10-26,
4197, south ,Widget,"2,156.34",2024-05-16,ok
4198,North​,Doohickey,"2,220.12",2024-06-08,
4199, east⁠ ,Thingamajig,"1,443.77",2024-04-26,
4200,n,Doohickey, 855.91 ,2024-06-02,import
4201,southern,Widget,"1,942.03",2024-04-23,legacy
4202,   ,Doohickey,"1,347.84",2024-09-25,ok
4203, west ,Thingamajig,+448.81,2024-05-06,
4204, east,Gadget,23.02,2024-06-05,
4205, north⁠ ,Thingamajig, 189.25 ,2024-06-26,import
4206, west ,Doohickey,+88.23,2024-10-25,import
4207,﻿South,Gadget,"$2,357.69",2024-08-14,
4208,w,Thingamajig,$476.06,2024-12-08,
4209,southern,Doohickey, 6.35 ,2024-06-04,legacy
4210,South,Thingamajig,+328.95,2024-11-25,
4211,﻿East,Gadget," 2,076.92 ",2024-08-09,import
4212, east⁠ ,Widget,"2,150.54",2024-10-21,ok
4213, west ,Doohickey,$290.90,2024-12-01,
4214,NULL,Doohickey,740.10,2024-03-22,
4215,western,Doohickey,"+1,925.96",2024-05-11,
4216,North​,Gadget,"2,336.86",2024-06-03,import
4217,NORTH,Gadget,"2,369.59",2024-03-13,import
4218,﻿West,Thingamajig,"+2,096.33",2024-02-05,import
4219,S,Doohickey,"+1,057.92",2024-04-27,import
4220, UnKnown ,Thingamajig,+821.05,2024-10-20,
4221,﻿East,Gadget,1787.95,2024-02-25,legacy
4222,﻿North,Gadget," 1,755.13 ",2024-01-09,ok
4223,EAST ,Widget,1879.35,2024-07-11,import
4224,West,Widget,1977.93,2024-07-22,
4225,SOUTH,Doohickey,34.05,2024-04-25,
4226,NA,Gadget,"$1,242.79",2024-07-13,
4227,South​,Gadget,"1,450.99",2024-04-16,
4228,NA,Widget,536.62,2024-08-10,import
4229,North​,Doohickey,"2,055.94",2024-05-21,ok
4230,SOUTH,Doohickey," 1,509.43 ",2024-09-17,
4231,s,Thingamajig,"1,067.65",2024-02-11,
4232,West,Doohickey,"1,911.10",2024-07-26,legacy
4233,s,Widget,"2,361.60",2024-08-11,ok
4234,n,Thingamajig,2431.79,2024-09-22,legacy
4235,North,Gadget,"(2,474.12)",2024-08-19,
4236,WEST,Thingamajig,"$1,564.39",2024-12-24,import
4237,W,Doohickey,"$1,576.24",2024-03-20,ok
4238,Ｎｏｒｔｈ,Doohickey,"1,601.89",2024-12-23,
4239,﻿West,Widget,"2,425.42",2024-09-01,
4240,w,Gadget," 2,226.30 ",2024-12-27,legacy
4241,S,Thingamajig,"1,621.14",2024-09-22,ok
4242,﻿West,Thingamajig, 904.62 ,2024-03-05,import
4243, south⁠ ,Thingamajig,"(2,279.16)",2024-08-25,legacy
4244,South​,Doohickey,309.86,2024-02-28,import
4245,western,Thingamajig, 189.66 ,2024-04-18,
4246,E,Gadget, 805.32 ,2024-05-17,ok
4247, west ,Doohickey,"+1,836.78",2024-04-20,
4248,WEST,Doohickey,"1,739.13",2024-02-09,legacy
4249, UnKnown ,Widget,1466.33,2024-03-10,import
4250,E,Gadget,963.42,2024-05-19,ok
4251,s,Gadget,919.66,2024-09-12,legacy
4252,W,Gadget,"+1,678.85",2024-08-07,
4253,Ｅａｓｔ,Widget,266.69,2024-02-13,import
4254,Ｗｅｓｔ,Doohickey,2049.90,2024-08-25,legacy
4255,West​,Widget,1473.64,2024-07-07,
4256,n,Gadget," 2,385.47 ",2024-06-12,
4257, east⁠ ,Doohickey,512.71,2024-04-17,legacy
4258, UnKnown ,Gadget,"$1,344.68",2024-02-01,import
4259,W,Widget, 726.41 ,2024-10-17,ok
4260,East,Gadget," 2,046.94 ",2024-11-17,legacy
4261,North,Doohickey,"(1,278.88)",2024-04-10,ok
4262,unknown,Thingamajig,"$2,252.15",2024-10-13,ok
4263,EAST ,Doohickey,$289.06,2024-01-23,legacy
4264,W,Widget,2158.68,2024-12-18,
4265, east⁠ ,Doohickey,"+1,224.50",2024-05-28,
4266,Ｗｅｓｔ,Doohickey," 2,246.48 ",2024-02-27,
4267,   ,Gadget, 98.55 ,2024-01-17,
4268,null,Doohickey,1042.66,2024-03-10,
4269,West​,Widget,"+1,938.28",2024-05-01,
4270, east⁠ ,Thingamajig,"2,113.78",2024-05-02,
4271, north⁠ ,Widget,1533.36,2024-06-18,
4272,NULL,Widget,712.56,2024-03-27,
4273,Ｅａｓｔ,Thingamajig,2361.00,2024-06-06,
4274,﻿,Thingamajig,"$1,920.70",2024-10-11,legacy
4275,﻿West,Widget,"+1,851.32",2024-02-21,
4276,​,Widget, 806.57 ,2024-12-06,
4277,﻿,Widget,"$1,450.07",2024-10-24,legacy
4278,﻿North,Doohickey,+173.13,2024-02-13,import
4279, east⁠ ,Thingamajig,1819.33,2024-04-10,ok
4280,w,Thingamajig,1814.42,2024-08-09,import
4281, ,Doohickey,+669.31,2024-12-24,
4282,South​,Thingamajig,36.17,2024-09-08,legacy
4283,w,Thingamajig,(53.81),2024-03-02,
4284, north⁠ ,Widget, 319.31 ,2024-12-27,import
4285,East​,Thingamajig,+452.85,2024-05-17,legacy
4286,NORTH,Doohickey,"($1,837.93)",2024-09-22,legacy
4287,W,Gadget,+42.59,2024-01-27,legacy
4288,e,Thingamajig, 710.46 ,2024-11-14,
4289,N,Doohickey,+907.01,2024-11-05,
4290,WEST,Gadget," 1,951.37 ",2024-04-24,
4291, east⁠ ,Gadget,149.38,2024-04-10,legacy
4292, UnKnown ,Thingamajig,385.69,2024-04-13,import
4293,w,Gadget,"+2,087.05",2024-02-02,legacy
4294, ,Widget, 879.93 ,2024-03-19,
4295,North,Gadget,83.27,2024-05-20,legacy
4296,﻿,Thingamajig,"$1,204.15",2024-06-19,legacy
4297,East​,Thingamajig,+259.53,2024-07-03,
4298,SOUTH,Thingamajig," 2,260.06 ",2024-04-26,
4299,None,Thingamajig,"(1,004.82)",2024-07-03,legacy
4300,s,Thingamajig," 1,831.98 ",2024-09-21,
4301,null,Thingamajig,937.71,2024-11-21,legacy
4302,Ｗｅｓｔ,Thingamajig,391.15,2024-10-08,ok
4303, east⁠ ,Widget,2234.10,2024-05-20,ok
4304,southern,Gadget,"1,579.00",2024-05-03,
4305,NULL,Doohickey,$88.43,2024-08-26,import
4306,Ｓｏｕｔｈ,Gadget,"2,466.91",2024-08-02,legacy
4307,West,Gadget,(339.28),2024-08-02,legacy
4308,West​,Thingamajig,"+1,703.95",2024-10-26,
4309,Ｅａｓｔ,Widget,2493.51,2024-10-01,legacy
4310,NA,Doohickey,646.01,2024-10-01,legacy
4311,﻿East,Gadget,2007.46,2024-12-10,import
4312,N,Widget,"1,441.59",2024-08-25,
4313,South,Widget, 227.55 ,2024-09-16,
4314,East​,Gadget," 1,358.27 ",2024-09-02,
4315,SOUTH,Doohickey,"1,632.89",2024-02-26,
4316, UnKnown ,Widget,"2,177.35",2024-03-05,legacy
4317,East,Thingamajig, 791.39 ,2024-08-04,
4318,e,Widget, 797.66 ,2024-08-05,
4319, ,Doohickey,$157.35,2024-10-02,
4320,South​,Widget,"$2,361.19",2024-01-19,ok
4321,N,Widget,"(2,156.30)",2024-04-25,ok
4322,﻿East,Doohickey,991.65,2024-11-18,
4323, east⁠ ,Thingamajig,+59.93,2024-04-24,import
4324,EAST ,Doohickey,"$2,181.65",2024-10-04,import
4325, east,Widget,"$1,407.42",2024-02-09,
4326,Ｓｏｕｔｈ,Doohickey,648.47,2024-07-18,
4327,﻿West,Doohickey," 1,689.44 ",2024-04-20,legacy
4328,﻿East,Widget,2163.59,2024-02-18,
4329,SOUTH,Widget," 1,271.28 ",2024-12-10,import
4330, UnKnown ,Widget,$523.32,2024-01-04,
4331,   ,Gadget,-153.16,2024-06-27,
4332,East​,Widget,"1,430.45",2024-03-15,
4333,﻿East,Doohickey,"$1,742.70",2024-03-26,import
4334,S,Gadget,+196.54,2024-04-14,
4335,North,Doohickey,1420.35,2024-12-03,ok
4336,Ｅａｓｔ,Widget,"1,038.44",2024-12-26,
4337,   ,Gadget," 1,498.76 ",2024-12-06,
4338,W,Thingamajig,1605.32,2024-07-23,
4339,southern,Doohickey,"$1,405.56",2024-11-01,
4340, south⁠ ,Widget,(900.31),2024-10-09,ok
4341,southern,Thingamajig,"1,102.31",2024-04-26,
4342,Ｎｏｒｔｈ,Widget,"$2,016.68",2024-11-23,legacy
4343,n,Gadget," 2,271.80 ",2024-03-20,
4344,eastern,Widget,"1,733.93",2024-05-03,ok
4345,N,Widget,973.41,2024-05-23,
4346, north ,Widget, 838.79 ,2024-01-01,ok
4347,Ｅａｓｔ,Doohickey," 1,319.31 ",2024-05-16,import
4348, west⁠ ,Thingamajig,+157.91,2024-05-16,
4349,e,Doohickey," 2,230.90 ",2024-10-23,import
4350,E,Doohickey,$264.03,2024-08-01,
4351,﻿North,Widget,131.60,2024-03-09,legacy
4352,South,Widget,54.23,2024-06-10,
4353,Ｅａｓｔ,Widget,"$2,188.79",2024-12-02,ok
4354,East,Thingamajig,($511.27),2024-06-19,import
4355,Ｅａｓｔ,Widget, 852.80 ,2024-02-26,
4356,,Doohickey,"$1,255.18",2024-11-14,
4357, west⁠ ,Thingamajig,$890.97,2024-05-03,
4358,southern,Doohickey,"+1,524.57",2024-05-11,ok
4359, south⁠ ,Thingamajig,99.08,2024-11-06,legacy
4360,northern,Doohickey,699.60,2024-10-18,legacy
4361,North​,Gadget," 1,667.84 ",2024-05-22,legacy
4362, west ,Widget,"$1,286.82",2024-06-17,
4363,South​,Doohickey,+922.18,2024-11-09,ok
4364, south⁠ ,Thingamajig,"(1,568.62)",2024-09-06,legacy
4365,East,Thingamajig,884.53,2024-09-06,legacy
4366, west⁠ ,Thingamajig,"+2,470.66",2024-03-04,import
4367,North​,Thingamajig,"$1,570.19",2024-06-20,
4368,e,Doohickey,"2,396.50",2024-02-11,ok
4369,North​,Doohickey,1142.53,2024-06-14,
4370,E,Doohickey,-614.71,2024-02-01,ok
4371,South​,Doohickey, 24.72 ,2024-06-08,ok
4372,southern,Doohickey,330.73,2024-11-11,import
4373,W,Thingamajig,(805.47),2024-04-10,ok
4374,southern,Widget,"$2,476.59",2024-02-19,
4375, west ,Doohickey,"+1,010.38",2024-07-24,ok
4376,East,Thingamajig,902.96,2024-03-09,
4377,western,Gadget,"2,066.17",2024-10-19,legacy
4378,SOUTH,Gadget,"$2,061.18",2024-09-14,
4379,NORTH,Thingamajig,"+2,150.40",2024-05-24,ok
4380,northern,Widget,435.63,2024-05-06,
4381,eastern,Widget,478.39,2024-09-19,ok
4382, UnKnown ,Widget,461.52,2024-07-11,
4383,southern,Gadget,+871.24,2024-01-17,legacy
4384,   ,Thingamajig,"1,573.36",2024-02-20,
4385,W,Widget,+830.61,2024-08-23,legacy
4386,﻿,Widget,"1,270.69",2024-03-20,import
4387,eastern,Widget, 322.86 ,2024-12-21,ok
4388,W,Gadget,"$1,221.04",2024-04-16,import
4389,SOUTH,Doohickey,"(1,701.89)",2024-04-09,legacy
4390, south⁠ ,Doohickey,"+2,258.39",2024-11-11,legacy
4391,western,Gadget,+706.09,2024-11-13,legacy
4392,w,Doohickey,"+1,911.96",2024-02-13,ok
4393,﻿South,Doohickey,$294.25,2024-05-23,ok
4394, west ,Doohickey," 1,579.94 ",2024-07-14,
4395,Ｎｏｒｔｈ,Thingamajig, 431.59 ,2024-12-17,import
4396,North​,Thingamajig," 1,319.71 ",2024-05-15,ok
4397,West​,Thingamajig,+915.19,2024-08-27,
4398,None,Thingamajig,"1,490.86",2024-04-12,
4399,n/a,Widget,"1,116.24",2024-03-07,
4400,W,Thingamajig,1475.54,2024-06-20,
4401,​,Widget,"(1,219.37)",2024-11-19,ok
4402,Ｎｏｒｔｈ,Gadget,$678.75,2024-02-26,legacy
4403,West,Gadget,"1,097.24",2024-06-28,legacy
4404,W,Thingamajig, 231.78 ,2024-11-07,ok
4405,East​,Widget,555.87,2024-02-11,legacy
4406,NORTH,Thingamajig,$881.02,2024-12-25,
4407,n/a,Thingamajig,"+2,435.91",2024-10-08,legacy
4408,W,Doohickey,"+2,018.69",2024-12-12,legacy
4409,s,Thingamajig," 2,048.18 ",2024-04-21,ok
4410,northern,Doohickey,"1,622.93",2024-07-17,
4411,﻿East,Widget,+860.72,2024-06-25,ok
4412,South​,Doohickey," 2,059.05 ",2024-05-09,ok
4413,Ｓｏｕｔｈ,Gadget,2386.66,2024-04-23,
4414,n/a,Doohickey,856.60,2024-10-06,
4415, north⁠ ,Widget,(856.85),2024-01-21,ok
4416,Ｎｏｒｔｈ,Doohickey,"$2,238.31",2024-04-07,ok
4417,East​,Widget,572.81,2024-07-08,
4418, east⁠ ,Doohickey,"2,235.78",2024-05-19,import
4419,Ｓｏｕｔｈ,Gadget,($290.98),2024-03-15,
4420, west⁠ ,Widget,"+1,486.85",2024-09-27,
4421,unknown,Doohickey,"+1,743.85",2024-05-18,
4422,﻿North,Doohickey," 1,358.88 ",2024-11-18,
4423,w,Widget,354.55,2024-01-06,import
4424,West​,Gadget,+417.58,2024-06-11,legacy
4425,N,Doohickey," 1,934.40 ",2024-01-11,
4426,﻿East,Widget,"$2,020.03",2024-03-08,
4427,NULL,Thingamajig,"+1,805.89",2024-07-03,import
4428,s,Thingamajig,($830.73),2024-10-05,
4429,unk,Doohickey," 2,488.38 ",2024-11-08,
4430,Ｎｏｒｔｈ,Thingamajig,+436.82,2024-03-02,
4431,eastern,Thingamajig,747.46,2024-03-25,
4432,N,Widget,"1,427.24",2024-02-22,ok
4433,​,Widget,13.49,2024-11-09,
4434,SOUTH,Widget,+259.21,2024-10-10,import
4435, west ,Doohickey, 388.66 ,2024-06-20,legacy
4436,western,Gadget,1790.69,2024-10-15,legacy
4437,None,Thingamajig,1803.89,2024-09-08,
4438,w,Doohickey,"$1,148.20",2024-02-07,legacy
4439,N,Gadget, 114.03 ,2024-04-05,
4440, north ,Thingamajig,$890.48,2024-05-23,legacy
4441,northern,Doohickey,$880.87,2024-06-26,legacy
4442,North​,Thingamajig," 2,126.14 ",2024-04-28,ok
4443,East​,Thingamajig,186.43,2024-09-07,ok
4444,WEST,Gadget,"(1,165.98)",2024-09-25,import
4445,﻿,Widget,414.00,2024-01-19,ok
4446,s,Gadget,1002.90,2024-12-12,
4447,South​,Widget,($980.73),2024-10-06,ok
4448,﻿,Doohickey,"+1,128.59",2024-10-02,legacy
4449, north⁠ ,Gadget,"1,088.51",2024-06-24,legacy
4450,W,Doohickey,$455.17,2024-03-21,ok
4451,n/a,Gadget,"-1,231.32",2024-08-22,
4452,South​,Thingamajig,601.07,2024-05-18,legacy
4453,﻿West,Doohickey,"$1,983.77",2024-05-10,
4454,s,Thingamajig,$571.88,2024-05-04,import
4455,Ｎｏｒｔｈ,Thingamajig,$551.52,2024-02-11,
4456, north ,Doohickey,123.21,2024-03-09,
4457,W,Thingamajig,$300.81,2024-11-27,legacy
4458,eastern,Thingamajig,$572.90,2024-05-18,
4459, UnKnown ,Doohickey," 2,022.22 ",2024-04-11,ok
4460,n/a,Thingamajig,$984.89,2024-07-15,legacy
4461,﻿West,Widget,679.05,2024-02-22,ok
4462,Ｎｏｒｔｈ,Doohickey,"+2,071.47",2024-11-24,
4463,﻿South,Thingamajig,"(1,168.85)",2024-04-25,legacy
4464,s,Widget, 88.13 ,2024-07-28,ok
4465,North,Gadget,"(2,441.90)",2024-09-07,ok
4466,North​,Doohickey,"+2,441.51",2024-06-01,import
4467,East​,Doohickey,"2,039.32",2024-02-05,
4468,WEST,Gadget, 648.44 ,2024-11-10,ok
4469,Ｎｏｒｔｈ,Gadget," 1,753.05 ",2024-11-19,
4470,﻿West,Thingamajig,"1,374.60",2024-01-03,import
4471, UnKnown ,Gadget,"+2,280.45",2024-10-24,legacy
4472,Ｓｏｕｔｈ,Doohickey,383.52,2024-09-24,
4473,Ｅａｓｔ,Doohickey,$456.09,2024-04-28,legacy
4474,NULL,Doohickey,"$1,512.23",2024-12-12,ok
4475,n/a,Widget,1063.42,2024-11-24,
4476,﻿North,Doohickey,996.04,2024-09-04,legacy
4477,e,Widget," 1,784.70 ",2024-10-18,
4478, north⁠ ,Gadget,"$2,138.53",2024-09-07,
4479, south ,Thingamajig,933.18,2024-07-25,
4480,East​,Gadget,"2,291.74",2024-08-14,
4481,northern,Gadget," 1,984.64 ",2024-11-03,import
4482,﻿North,Widget,$763.05,2024-07-09,import
4483, west ,Thingamajig,"$2,052.08",2024-01-22,legacy
4484,NULL,Gadget,+23.35,2024-12-16,import
4485,﻿North,Thingamajig," 1,438.62 ",2024-06-27,legacy
4486,﻿North,Widget,"1,527.02",2024-05-02,ok
4487,Ｅａｓｔ,Widget,"$2,304.33",2024-07-22,ok
4488,East​,Gadget,"$1,390.26",2024-07-07,
4489,eastern,Thingamajig,"+1,986.41",2024-07-11,legacy
4490, UnKnown ,Gadget,702.48,2024-12-11,
4491,East​,Gadget,"+1,460.70",2024-09-27,
4492, north ,Thingamajig,197.51,2024-09-12,
4493, north⁠ ,Widget,"$1,217.22",2024-10-27,
4494, south⁠ ,Doohickey," 2,350.87 ",2024-05-19,ok
4495,S,Doohickey,"+2,087.03",2024-11-20,legacy
4496, UnKnown ,Gadget,"$2,236.19",2024-04-25,legacy
4497,﻿South,Widget,"1,977.52",2024-12-02,
4498,​,Doohickey,303.57,2024-01-11,legacy
4499,null,Doohickey, 456.80 ,2024-11-03,
4500,western,Gadget,"+2,228.44",2024-10-14,import
4501,South​,Gadget,$246.37,2024-11-01,ok
4502, east⁠ ,Widget,$735.18,2024-04-03,
4503,southern,Widget,644.51,2024-08-26,legacy
4504,﻿West,Thingamajig,1369.48,2024-03-15,import
4505,﻿West,Thingamajig,$745.94,2024-02-24,legacy
4506,N,Thingamajig,1297.22,2024-08-22,import
4507,East,Doohickey,"1,158.10",2024-09-26,import
4508,e,Doohickey,"(1,579.85)",2024-11-16,ok
4509,Ｗｅｓｔ,Doohickey,"+2,271.48",2024-11-20,legacy
4510, south⁠ ,Gadget,"1,858.83",2024-03-23,import
4511,South​,Doohickey,609.67,2024-05-08,
4512,South,Widget,"-1,714.00",2024-09-15,ok
4513,EAST ,Widget,474.00,2024-11-15,
4514,WEST,Widget,"$1,948.30",2024-02-15,ok
4515,Ｅａｓｔ,Doohickey,"+1,783.45",2024-08-11,
4516,s,Gadget,"+2,142.05",2024-03-11,ok
4517,,Gadget, 130.76 ,2024-11-04,legacy
4518,​,Doohickey,379.90,2024-09-12,import
4519,﻿East,Widget,"$1,490.01",2024-02-23,import
4520,South,Widget,"$2,242.06",2024-09-03,legacy
4521,W,Gadget,"+1,612.99",2024-12-10,import
4522, UnKnown ,Gadget,"+1,276.72",2024-03-04,
4523,EAST ,Thingamajig,771.82,2024-04-20,legacy
4524,e,Widget,1938.66,2024-03-11,import
4525,Ｎｏｒｔｈ,Thingamajig,"$2,303.53",2024-07-05,legacy
4526,None,Gadget,"($2,103.64)",2024-05-24,legacy
4527,West​,Widget," 1,171.53 ",2024-04-23,
4528,EAST ,Gadget, 636.26 ,2024-08-10,
4529,s,Thingamajig, 610.70 ,2024-11-15,
4530, south ,Doohickey, 935.15 ,2024-08-06,
4531, west⁠ ,Doohickey,+11.92,2024-07-17,ok
4532,s,Gadget," 1,179.95 ",2024-05-05,legacy
4533,e,Gadget,$403.69,2024-06-21,ok
4534, east⁠ ,Widget,"+2,162.33",2024-12-08,ok
4535,﻿East,Thingamajig,+126.01,2024-06-14,
4536,unk,Thingamajig,330.43,2024-06-24,
4537,Ｓｏｕｔｈ,Thingamajig,-709.14,2024-01-27,
4538,NA,Doohickey,$452.16,2024-09-14,ok
4539, UnKnown ,Gadget,"2,462.16",2024-10-22,
4540,n,Thingamajig,"(1,294.03)",2024-07-16,
4541, east,Gadget,53.31,2024-01-22,
4542, west ,Doohickey," 2,381.90 ",2024-06-07,import
4543,﻿South,Gadget,+839.40,2024-05-22,
4544, ,Thingamajig,1587.23,2024-06-22,ok
4545,eastern,Widget,"+1,118.62",2024-06-04,
4546, west⁠ ,Widget,1048.94,2024-06-03,import
4547,﻿West,Thingamajig,2401.91,2024-11-04,ok
4548,N,Widget,+719.18,2024-10-03,
4549,SOUTH,Gadget,"$1,845.10",2024-01-15,
4550,NORTH,Thingamajig,"+1,207.34",2024-12-26,import
4551, ,Doohickey,977.42,2024-08-10,ok
4552,Ｎｏｒｔｈ,Thingamajig," 2,264.91 ",2024-08-07,
4553, south ,Thingamajig,"$2,174.19",2024-06-10,ok
4554,West​,Widget,"$1,669.40",2024-06-08,import
4555,northern,Gadget,"+1,416.97",2024-10-27,ok
4556,null,Thingamajig," 2,097.03 ",2024-10-04,ok
4557,western,Thingamajig,501.76,2024-06-12,legacy
4558,﻿North,Widget," 1,747.15 ",2024-02-03,import
4559,W,Gadget,"+1,118.39",2024-05-26,import
4560, east,Widget,30.39,2024-04-07,import
4561, west⁠ ,Thingamajig,144.75,2024-09-03,legacy
4562,NULL,Thingamajig," 2,158.84 ",2024-09-21,
4563, north ,Gadget,-67.94,2024-11-11,
4564,East​,Thingamajig,"(2,120.08)",2024-06-19,
4565,s,Gadget,"1,807.18",2024-03-04,ok
4566,southern,Gadget," 1,335.60 ",2024-11-14,ok
4567,w,Gadget,"$1,568.65",2024-03-15,
4568,w,Gadget,"$1,397.84",2024-04-13,
4569,﻿East,Doohickey,+666.26,2024-01-08,
4570,South,Thingamajig,592.72,2024-12-08,ok
4571,﻿North,Widget,+197.90,2024-12-05,legacy
4572,western,Thingamajig, 141.65 ,2024-02-16,
4573,,Doohickey,1427.66,2024-07-26,
4574,Ｎｏｒｔｈ,Doohickey,"$2,124.34",2024-12-10,
4575,​,Widget,$760.83,2024-05-25,legacy
4576,WEST,Widget,"$2,021.15",2024-02-15,
4577,NULL,Thingamajig,778.57,2024-09-20,legacy
4578, south⁠ ,Gadget,2386.94,2024-12-06,import
4579, west⁠ ,Doohickey,"$1,704.87",2024-02-15,ok
4580, east⁠ ,Doohickey,1501.08,2024-10-16,legacy
4581,null,Thingamajig,383.04,2024-06-16,legacy
4582,unknown,Gadget,"2,392.29",2024-01-17,import
4583,SOUTH,Thingamajig," 1,943.34 ",2024-08-19,
4584,w,Doohickey,"2,226.52",2024-09-19,import
4585,SOUTH,Doohickey,2250.71,2024-11-03,import
4586,WEST,Widget,"1,847.76",2024-08-18,
4587,eastern,Gadget, 463.39 ,2024-11-22,
4588,S,Doohickey,"1,262.97",2024-01-11,
4589, south⁠ ,Thingamajig,$250.88,2024-06-21,
4590,E,Doohickey,+69.57,2024-12-25,ok
4591, east⁠ ,Gadget,23.74,2024-04-22,
4592,West,Thingamajig,907.94,2024-03-07,legacy
4593,NA,Thingamajig,"+2,340.90",2024-10-15,
4594,﻿West,Doohickey,(672.67),2024-01-03,
4595, east⁠ ,Gadget,"$1,822.45",2024-12-08,
4596,SOUTH,Doohickey,530.86,2024-09-06,ok
4597,﻿North,Doohickey,"1,497.89",2024-07-10,
4598,W,Gadget,$484.23,2024-08-13,
4599,NULL,Gadget," 2,288.55 ",2024-03-02,
4600,Ｅａｓｔ,Doohickey,122.10,2024-02-02,ok
4601,northern,Thingamajig,+830.15,2024-09-11,import
4602,Ｓｏｕｔｈ,Doohickey,"1,540.22",2024-07-19,
4603,​,Doohickey,972.98,2024-06-16,
4604,﻿West,Gadget,368.78,2024-10-21,import
4605, east⁠ ,Thingamajig,511.24,2024-06-24,legacy
4606,WEST,Thingamajig," 2,498.71 ",2024-05-15,ok
4607,NORTH,Thingamajig,"(1,787.39)",2024-03-05,ok
4608, south ,Widget,"$1,829.55",2024-01-16,
4609,n/a,Gadget,599.49,2024-07-25,ok
4610,WEST,Widget,501.25,2024-08-10,
4611,Ｅａｓｔ,Thingamajig,787.33,2024-03-22,legacy
4612,Ｅａｓｔ,Doohickey,893.04,2024-11-04,ok
4613, west ,Thingamajig,"(1,916.95)",2024-09-21,import
4614,NORTH,Gadget,465.06,2024-02-09,import
4615,North,Widget,"$1,545.94",2024-10-15,legacy
4616,None,Thingamajig,"$1,277.14",2024-01-05,ok
4617, south⁠ ,Widget,2265.07,2024-05-17,ok
4618,South​,Widget,"$1,961.67",2024-12-21,
4619,West​,Gadget," 1,310.77 ",2024-12-19,ok
4620,Ｗｅｓｔ,Thingamajig,+670.29,2024-12-19,
4621, south⁠ ,Gadget,"1,448.15",2024-01-07,import
4622,North,Thingamajig,(73.64),2024-01-20,ok
4623,WEST,Doohickey,$932.46,2024-03-23,
4624,South,Thingamajig,+191.98,2024-06-27,
4625, north ,Thingamajig,371.61,2024-10-28,legacy
4626, east⁠ ,Gadget,980.26,2024-03-04,legacy
4627,EAST ,Doohickey,"1,695.29",2024-09-07,ok
4628, east,Thingamajig,669.38,2024-10-25,ok
4629,West,Thingamajig,+835.27,2024-12-21,
4630,NA,Doohickey,"+1,784.16",2024-12-18,legacy
4631,northern,Thingamajig,+346.47,2024-03-02,
4632,Ｗｅｓｔ,Thingamajig,560.66,2024-02-25,
4633, south ,Widget,"(1,342.25)",2024-05-04,
4634,e,Doohickey,+749.24,2024-01-05,
4635,EAST ,Gadget,$595.91,2024-07-19,
4636,﻿North,Gadget,"$1,901.98",2024-04-02,import
4637,S,Widget," 1,181.85 ",2024-09-12,ok
4638,North,Thingamajig,917.80,2024-08-12,
4639, west ,Doohickey,$951.57,2024-05-06,ok
4640,WEST,Thingamajig,2405.86,2024-05-10,ok
4641,South,Thingamajig,1898.02,2024-06-22,ok
4642,West,Widget,2149.38,2024-06-17,ok
4643,﻿South,Gadget,"+2,459.64",2024-08-24,
4644,South,Thingamajig,"$2,069.47",2024-03-23,legacy
4645,North​,Widget, 433.96 ,2024-11-19,ok
4646,unknown,Thingamajig,+221.35,2024-01-19,
4647,s,Widget,"1,686.40",2024-12-27,ok
4648, north⁠ ,Widget," 2,401.88 ",2024-09-24,import
4649,n/a,Gadget,"1,916.05",2024-04-05,ok
4650,n,Thingamajig,"2,057.87",2024-02-02,legacy
4651,E,Thingamajig,+776.19,2024-09-10,
4652,​,Doohickey,379.72,2024-11-17,import
4653,n,Gadget,1113.95,2024-12-17,
4654, ,Widget,"$1,088.35",2024-10-23,
4655,e,Widget,723.19,2024-04-03,ok
4656, south ,Gadget,"$2,311.51",2024-12-21,
4657,unknown,Thingamajig," 2,083.71 ",2024-02-15,
4658,South​,Gadget,2442.36,2024-11-07,
4659,W,Doohickey,"1,413.83",2024-10-23,
4660,western,Doohickey," 1,468.02 ",2024-05-16,
4661,Ｓｏｕｔｈ,Widget,$256.65,2024-11-16,
4662,NORTH,Thingamajig," 1,857.75 ",2024-04-09,
4663,s,Doohickey,$554.58,2024-02-17,legacy
4664,WEST,Gadget,"$1,443.32",2024-08-04,
4665,Ｅａｓｔ,Thingamajig," 2,014.42 ",2024-12-09,ok
4666,West​,Doohickey,14.22,2024-12-11,ok
4667,﻿South,Doohickey,2401.53,2024-10-14,import
4668,n,Thingamajig,+879.70,2024-10-18,
4669,e,Widget,1761.75,2024-08-22,
4670,WEST,Doohickey, 123.60 ,2024-04-08,legacy
4671,N,Thingamajig,"2,168.39",2024-01-01,legacy
4672,N,Thingamajig," 1,740.86 ",2024-06-22,
4673, north⁠ ,Widget," 1,566.56 ",2024-08-03,legacy
4674, north⁠ ,Gadget,1843.92,2024-10-23,legacy
4675,Ｓｏｕｔｈ,Doohickey,523.93,2024-04-16,ok
4676,n,Thingamajig,1089.21,2024-05-11,import
4677,South​,Thingamajig,536.36,2024-08-13,import
4678,West​,Gadget,$731.03,2024-11-07,legacy
4679,   ,Doohickey, 142.83 ,2024-03-27,import
4680, north⁠ ,Thingamajig,"+1,701.24",2024-07-08,
4681,﻿North,Gadget,"2,128.73",2024-01-10,import
4682, south⁠ ,Thingamajig,"+2,290.21",2024-04-16,legacy
4683,﻿East,Widget,2293.62,2024-04-25,legacy
4684,,Doohickey,1627.95,2024-07-01,legacy
4685,unk,Widget, 449.58 ,2024-09-11,legacy
4686,western,Doohickey,545.15,2024-02-20,
4687, west⁠ ,Thingamajig,$760.09,2024-07-07,import
4688,Ｗｅｓｔ,Doohickey,"$1,367.12",2024-02-12,
4689,S,Gadget," 1,975.11 ",2024-10-09,import
4690,NA,Gadget,"-2,103.60",2024-08-16,
4691,Ｅａｓｔ,Doohickey,"1,121.75",2024-06-02,legacy
4692,   ,Widget,+691.12,2024-01-06,
4693,s,Gadget,"$2,162.08",2024-12-03,
4694,﻿South,Widget," 1,429.08 ",2024-08-01,legacy
4695,S,Thingamajig,"$1,289.07",2024-07-15,ok
4696,northern,Gadget," 1,416.95 ",2024-12-27,ok
4697,northern,Doohickey,$145.49,2024-11-11,import
4698, south⁠ ,Doohickey,988.76,2024-10-23,legacy
4699,North,Thingamajig,"+2,030.81",2024-05-19,legacy
4700,W,Thingamajig,371.72,2024-03-18,
4701,N,Gadget,"+1,841.73",2024-02-18,ok
4702,eastern,Widget,671.06,2024-12-21,legacy
4703,Ｗｅｓｔ,Widget,+250.73,2024-09-01,ok
4704,NA,Thingamajig,1205.83,2024-01-04,import
4705,West,Gadget,$317.47,2024-11-19,
4706,n,Doohickey,"+1,458.37",2024-05-04,
4707, west ,Doohickey,517.93,2024-03-09,
4708,unk,Gadget,2213.99,2024-07-09,import
4709,N,Gadget,"$1,771.85",2024-11-27,
4710,n,Thingamajig,"$1,955.77",2024-06-06,import
4711,unk,Thingamajig,"1,136.24",2024-08-26,
4712,﻿North,Doohickey,$81.19,2024-01-16,
4713, north⁠ ,Thingamajig," 2,054.12 ",2024-11-20,legacy
4714,EAST ,Thingamajig,+820.29,2024-12-03,
4715,E,Thingamajig, 769.99 ,2024-07-24,ok
4716,eastern,Thingamajig,"+2,476.56",2024-07-12,
4717,﻿East,Doohickey,6.46,2024-03-22,import
4718,﻿North,Thingamajig,(967.12),2024-07-19,
4719,﻿North,Widget,"2,096.18",2024-08-09,import
4720,,Thingamajig,"$1,154.83",2024-08-28,import
4721,﻿North,Gadget,"1,110.90",2024-06-27,ok
4722,S,Widget,"+1,549.51",2024-02-21,
4723,South​,Widget,1907.62,2024-03-15,import
4724,SOUTH,Gadget,$716.47,2024-01-22,
4725,Ｗｅｓｔ,Gadget,"1,598.44",2024-04-19,
4726,East,Widget,"+1,373.25",2024-12-07,import
4727,e,Widget,1803.75,2024-02-25,
4728,N,Thingamajig,444.73,2024-02-07,
4729,southern,Widget,+188.85,2024-02-12,legacy
4730,NA,Widget,408.64,2024-04-08,
4731,Ｓｏｕｔｈ,Doohickey, 175.11 ,2024-06-06,legacy
4732,n,Gadget,+510.90,2024-09-21,legacy
4733,North​,Gadget, 292.27 ,2024-12-26,
4734, UnKnown ,Doohickey,182.33,2024-03-14,
4735,northern,Thingamajig,$156.65,2024-09-05,
4736,North,Thingamajig,+117.25,2024-11-17,import
4737,East,Gadget,"+2,221.52",2024-08-20,legacy
4738, north ,Widget,"-1,276.86",2024-10-08,ok
4739,unk,Widget,+399.97,2024-02-14,ok
4740, north ,Doohickey,"1,970.34",2024-03-11,import
4741,null,Doohickey,318.01,2024-04-18,
4742,WEST,Thingamajig,"1,568.53",2024-01-08,import
4743, west⁠ ,Doohickey,885.63,2024-10-27,legacy
4744,eastern,Gadget,"+2,192.39",2024-09-24,import
4745, east,Gadget,"$1,001.28",2024-01-03,
4746,Ｓｏｕｔｈ,Doohickey,1724.24,2024-07-24,legacy
4747, south ,Doohickey,1862.99,2024-12-10,
4748,Ｎｏｒｔｈ,Widget,"1,593.14",2024-05-07,
4749,Ｗｅｓｔ,Gadget,"$1,142.22",2024-04-23,import
4750,unk,Widget,"(2,318.90)",2024-10-11,
4751,Ｗｅｓｔ,Widget, 901.52 ,2024-06-17,legacy
4752,West​,Widget," 2,310.14 ",2024-05-21,
4753,E,Doohickey,2277.69,2024-01-16,ok
4754,SOUTH,Thingamajig,828.52,2024-02-20,legacy
4755,NORTH,Thingamajig, 863.79 ,2024-06-15,import
4756,n,Widget,"$2,053.46",2024-02-11,
4757,﻿North,Widget,805.26,2024-01-10,legacy
4758, west ,Gadget,1465.35,2024-09-22,legacy
4759,West​,Widget,1222.14,2024-08-20,
4760,West,Thingamajig,"$1,416.14",2024-10-05,legacy
4761,null,Doohickey,"+2,092.18",2024-10-15,legacy
4762,WEST,Thingamajig,"1,887.14",2024-02-11,ok
4763,E,Doohickey, 540.70 ,2024-05-27,
4764, west ,Doohickey,2082.69,2024-10-14,legacy
4765, south ,Thingamajig,2315.82,2024-09-12,legacy
4766,null,Thingamajig,"+2,341.31",2024-05-26,
4767, west ,Widget,2238.56,2024-09-16,
4768,eastern,Widget,10.99,2024-12-19,import
4769, south ,Gadget,1988.47,2024-10-24,import
4770,North​,Thingamajig,"(1,644.16)",2024-09-04,
4771,null,Doohickey,"+1,750.00",2024-08-18,
4772,e,Widget,1547.63,2024-07-03,
4773,East​,Gadget, 84.86 ,2024-09-11,
4774,n/a,Widget,2427.08,2024-10-12,
4775,South​,Doohickey,194.57,2024-07-10,
4776,WEST,Doohickey,"1,599.20",2024-01-07,
4777,South​,Thingamajig,"$2,428.68",2024-04-04,import
4778,West​,Widget,539.58,2024-02-10,
4779,North,Gadget,"2,016.24",2024-11-06,legacy
4780,unknown,Doohickey,374.31,2024-06-09,legacy
4781,West​,Gadget,"1,408.61",2024-12-16,
4782, UnKnown ,Gadget," 1,641.16 ",2024-11-20,
4783,﻿North,Thingamajig,$959.98,2024-12-20,
4784,NORTH,Doohickey,"+1,780.00",2024-11-03,legacy
4785, north ,Widget,1008.01,2024-08-15,import
4786,North​,Gadget,64.62,2024-08-24,
4787,eastern,Widget,$346.99,2024-01-01,ok
4788,EAST ,Thingamajig,(132.41),2024-11-28,legacy
4789,S,Doohickey,$152.41,2024-02-24,
4790, north⁠ ,Doohickey,573.76,2024-09-16,ok
4791,W,Gadget,"2,048.16",2024-10-04,
4792,﻿North,Doohickey,$54.20,2024-08-13,
4793,S,Gadget," 1,599.19 ",2024-02-19,
4794,​,Thingamajig,2000.96,2024-03-03,import
4795,NORTH,Thingamajig,1992.19,2024-02-14,legacy
4796,﻿West,Thingamajig,224.23,2024-12-27,legacy
4797,﻿East,Doohickey,"$1,763.86",2024-02-13,legacy
4798,North,Gadget," 1,728.17 ",2024-02-01,ok
4799,Ｓｏｕｔｈ,Thingamajig," 1,667.21 ",2024-10-18,
4800, south⁠ ,Widget,"+1,411.60",2024-06-16,
4801,n,Gadget,"+2,215.48",2024-11-18,
4802,SOUTH,Doohickey,1034.83,2024-12-16,import
4803,Ｎｏｒｔｈ,Doohickey,869.18,2024-01-09,ok
4804,w,Widget,(88.09),2024-06-01,
4805,South​,Thingamajig,"$1,963.49",2024-07-15,
4806,South,Widget,+23.99,2024-08-04,legacy
4807,w,Gadget,1859.71,2024-03-11,
4808,East,Gadget," 1,715.29 ",2024-03-22,import
4809,West​,Widget," 2,067.98 ",2024-05-03,
4810,West,Doohickey,789.83,2024-08-10,legacy
4811,WEST,Widget, 950.45 ,2024-10-05,
4812, east⁠ ,Doohickey,2490.04,2024-06-25,
4813,East,Widget,$139.21,2024-07-16,import
4814,northern,Gadget,"1,829.27",2024-04-02,import
4815,West,Doohickey,"1,742.05",2024-09-23,legacy
4816,West,Widget,+265.85,2024-04-20,legacy
4817, west⁠ ,Thingamajig,"+1,880.79",2024-11-17,legacy
4818,n/a,Widget,+64.45,2024-11-02,
4819,e,Gadget,$161.52,2024-01-08,
4820, north⁠ ,Gadget,"$2,069.01",2024-03-10,import
4821,   ,Gadget,"+1,088.74",2024-06-14,import
4822,NORTH,Widget,$66.78,2024-08-19,legacy
4823,e,Doohickey,$222.89,2024-08-25,import
4824,﻿West,Gadget,"$2,326.27",2024-07-20,
4825,West,Widget,"$1,233.68",2024-01-09,
4826,North,Doohickey,"(1,747.67)",2024-08-01,ok
4827, east,Widget," 2,293.62 ",2024-10-07,
4828,North​,Doohickey,"+1,491.69",2024-04-28,legacy
4829,West​,Widget,+58.68,2024-10-24,legacy
4830, south⁠ ,Widget,676.96,2024-02-27,legacy
4831, UnKnown ,Widget,1864.50,2024-01-24,
4832,unk,Widget," 1,196.39 ",2024-12-12,ok
4833,n,Doohickey,$619.26,2024-12-03,legacy
4834,South,Gadget,426.98,2024-09-02,
4835,southern,Doohickey,"(1,915.26)",2024-05-03,import
4836,NULL,Thingamajig,854.42,2024-08-01,import
4837,W,Thingamajig,"+2,250.74",2024-02-18,
4838,Ｓｏｕｔｈ,Widget,$645.40,2024-10-06,
4839,﻿South,Widget,"$1,431.58",2024-03-18,legacy
4840,NORTH,Doohickey,(939.63),2024-09-28,ok
4841,South,Gadget,+489.07,2024-12-19,
4842,South,Doohickey,$491.16,2024-09-01,legacy
4843, south⁠ ,Gadget,104.67,2024-06-15,ok
4844, west⁠ ,Doohickey," 2,155.62 ",2024-08-22,import
4845,western,Gadget,"$1,311.15",2024-12-24,
4846,W,Widget,616.19,2024-08-10,ok
4847, south⁠ ,Gadget,"1,031.71",2024-06-25,
4848, east,Doohickey,$927.80,2024-01-18,import
4849, UnKnown ,Gadget, 422.44 ,2024-08-25,ok
4850,NORTH,Widget,"1,509.06",2024-07-12,legacy
4851,Ｗｅｓｔ,Thingamajig,1957.36,2024-12-13,
4852,None,Thingamajig,"$2,176.84",2024-06-13,
4853,NULL,Doohickey, 701.96 ,2024-08-09,legacy
4854, west⁠ ,Thingamajig, 128.63 ,2024-09-16,
4855, west⁠ ,Widget,+686.07,2024-02-21,
4856,﻿,Thingamajig," 1,522.06 ",2024-05-23,legacy
4857, east,Doohickey,$757.08,2024-09-24,import
4858,West,Doohickey,$447.09,2024-02-21,import
4859,n/a,Widget,"-1,951.21",2024-12-18,
4860,Ｗｅｓｔ,Gadget," 1,312.87 ",2024-03-25,
4861,EAST ,Gadget," 2,042.34 ",2024-01-26,ok
4862,West​,Thingamajig,"+1,101.72",2024-12-24,
4863, west⁠ ,Thingamajig,(62.50),2024-05-13,
4864,e,Doohickey,"+1,957.11",2024-08-23,ok
4865,null,Doohickey,148.84,2024-07-15,import
4866, north ,Doohickey, 602.73 ,2024-03-23,import
4867,Ｎｏｒｔｈ,Thingamajig,($572.74),2024-03-21,
4868,﻿South,Thingamajig,"+1,909.17",2024-08-21,import
4869,western,Thingamajig,-99.14,2024-07-17,ok
4870,Ｎｏｒｔｈ,Doohickey,"+2,487.05",2024-10-02,
4871,W,Gadget, 118.03 ,2024-04-03,ok
4872,Ｎｏｒｔｈ,Widget,2028.46,2024-05-06,
4873,E,Widget,$798.78,2024-06-07,legacy
4874,n,Doohickey,"+1,392.36",2024-12-08,import
4875,East,Widget,"(2,047.16)",2024-07-17,import
4876,S,Doohickey,$627.02,2024-04-03,
4877,southern,Doohickey,$367.52,2024-11-23,legacy
4878,eastern,Gadget,"2,370.18",2024-01-05,import
4879,NORTH,Doohickey,$138.76,2024-06-04,
4880, west ,Thingamajig,"2,449.17",2024-01-15,ok
4881,NORTH,Gadget,2471.26,2024-01-22,ok
4882,West,Gadget,"$1,143.73",2024-05-27,ok
4883,﻿,Widget,$587.05,2024-02-02,ok
4884,North,Widget,"+2,485.55",2024-06-05,import
4885,SOUTH,Gadget,1838.28,2024-11-01,
4886,North​,Gadget,"$1,417.08",2024-11-10,import
4887,northern,Thingamajig,"(2,030.18)",2024-11-07,ok
4888,West​,Gadget," 1,538.34 ",2024-02-11,
4889,S,Doohickey,+990.03,2024-04-01,
4890,N,Thingamajig,"1,694.37",2024-12-14,import
4891,NULL,Doohickey,"$2,281.79",2024-08-14,import
4892,EAST ,Doohickey, 561.66 ,2024-11-10,
4893,NORTH,Thingamajig, 619.56 ,2024-12-15,
4894,western,Doohickey,"1,891.62",2024-11-02,legacy
4895,North,Thingamajig," 2,233.65 ",2024-07-19,import
4896,East​,Gadget," 1,836.76 ",2024-09-07,import
4897,﻿North,Thingamajig,"2,301.11",2024-09-15,
4898,Ｗｅｓｔ,Widget,+378.09,2024-08-03,legacy
4899,South​,Doohickey,"$1,352.60",2024-10-03,import
4900,NORTH,Gadget," 2,053.54 ",2024-09-09,
4901,​,Widget,$673.33,2024-06-14,ok
4902,western,Widget,"+1,485.29",2024-04-02,legacy
4903,WEST,Thingamajig,1698.80,2024-06-12,
4904,s,Thingamajig,$992.93,2024-04-12,
4905,eastern,Doohickey,$65.19,2024-02-04,ok
4906,S,Widget,(179.61),2024-07-10,ok
4907,West​,Widget,+734.07,2024-02-21,
4908,WEST,Doohickey, 139.80 ,2024-12-05,ok
4909,East​,Widget,"+1,739.01",2024-05-19,import
4910,South​,Widget, 932.47 ,2024-08-11,
4911, UnKnown ,Gadget,407.26,2024-06-10,
4912,northern,Gadget,"1,572.96",2024-03-24,
4913,﻿South,Gadget,$228.51,2024-09-21,
4914,eastern,Thingamajig, 262.26 ,2024-12-07,
4915,West,Doohickey," 1,481.44 ",2024-06-06,
4916,West,Thingamajig,$189.42,2024-11-13,
4917,SOUTH,Gadget, 818.24 ,2024-09-04,legacy
4918, ,Thingamajig,"+1,472.83",2024-10-07,legacy
4919,NORTH,Widget,1637.01,2024-06-27,import
4920,East​,Gadget,1394.44,2024-04-16,import
4921,South​,Widget,512.64,2024-09-16,
4922,﻿South,Gadget,"+1,811.28",2024-06-23,legacy
4923,Ｅａｓｔ,Widget,1576.34,2024-07-14,ok
4924,Ｓｏｕｔｈ,Widget,"+1,301.40",2024-09-13,import
4925,eastern,Doohickey,"$1,815.30",2024-11-14,
4926,n,Doohickey,+433.19,2024-05-24,legacy
4927,eastern,Gadget,"($1,624.62)",2024-11-23,import
4928,w,Gadget,"($2,076.54)",2024-07-21,import
4929,western,Thingamajig,"$1,770.36",2024-01-12,ok
4930,WEST,Widget,"+1,719.30",2024-01-24,legacy
4931,﻿,Gadget,+686.46,2024-03-07,legacy
4932,southern,Doohickey,"+1,802.62",2024-05-11,ok
4933, east⁠ ,Gadget,"+2,120.97",2024-01-04,import
4934,southern,Doohickey,"$1,082.74",2024-11-04,import
4935, north⁠ ,Gadget,2172.14,2024-10-22,legacy
4936,eastern,Thingamajig,150.68,2024-03-11,
4937,E,Widget,"2,466.88",2024-12-19,ok
4938,WEST,Thingamajig,"1,734.78",2024-08-06,import
4939,E,Widget,"2,257.84",2024-10-25,
4940,N,Doohickey," 1,924.59 ",2024-04-03,import
4941,n,Thingamajig,1947.49,2024-08-10,
4942,w,Doohickey," 1,430.37 ",2024-05-28,
4943,﻿North,Thingamajig,$927.15,2024-06-02,
4944, west⁠ ,Gadget,2420.14,2024-12-02,ok
4945,East​,Thingamajig,"$2,458.70",2024-11-20,ok
4946,NORTH,Doohickey,"+2,234.10",2024-06-07,import
4947,Ｗｅｓｔ,Widget, 992.88 ,2024-11-10,
4948,N,Widget,2263.90,2024-04-19,import
4949,,Thingamajig,"$1,229.21",2024-08-27,import
4950, south⁠ ,Gadget," 2,417.93 ",2024-10-11,
4951,EAST ,Doohickey,"$2,088.99",2024-03-19,ok
4952, east⁠ ,Gadget,2409.28,2024-07-04,
4953,East,Thingamajig,1838.07,2024-10-25,
4954,Ｓｏｕｔｈ,Doohickey, 74.17 ,2024-04-20,ok
4955,unk,Thingamajig,"+1,034.15",2024-09-20,ok
4956,Ｅａｓｔ,Gadget,"$1,368.67",2024-08-12,
4957, east,Thingamajig,"(2,337.00)",2024-01-14,legacy
4958, north⁠ ,Widget,"+1,351.92",2024-07-24,
4959,﻿West,Thingamajig,416.19,2024-07-09,ok
4960,SOUTH,Thingamajig,"$1,035.02",2024-07-17,import
4961,western,Thingamajig,"2,274.67",2024-06-03,ok
4962,e,Gadget,$715.91,2024-05-12,
4963,West,Widget,+332.98,2024-06-24,legacy
4964, north ,Widget,"$1,837.58",2024-02-16,
4965,﻿East,Gadget,"$1,870.72",2024-11-28,
4966,northern,Gadget,"2,368.27",2024-05-05,ok
4967,West,Doohickey," 1,859.54 ",2024-03-28,ok
4968,Ｓｏｕｔｈ,Doohickey,1342.94,2024-02-24,import
4969,E,Gadget,"$1,620.92",2024-05-28,import
4970,Ｎｏｒｔｈ,Thingamajig,"$1,007.25",2024-05-23,legacy
4971,eastern,Doohickey,+939.81,2024-01-28,import
4972, south⁠ ,Gadget,"$2,436.15",2024-06-14,
4973,NORTH,Thingamajig,"$1,773.06",2024-11-09,ok
4974,﻿,Thingamajig,533.54,2024-07-27,legacy
4975,n,Widget,+468.10,2024-08-14,legacy
4976,unknown,Doohickey,1483.36,2024-07-20,
4977, east⁠ ,Gadget,739.28,2024-06-06,ok
4978,western,Doohickey,$480.29,2024-11-21,
4979,N,Widget,"+1,080.84",2024-07-16,legacy
4980,unknown,Thingamajig," 2,214.16 ",2024-09-11,legacy
4981,e,Thingamajig,+740.62,2024-08-12,
4982, ,Doohickey,"+2,385.83",2024-03-15,
4983, south⁠ ,Widget,"1,536.29",2024-01-27,legacy
4984,northern,Gadget,$69.68,2024-08-07,legacy
4985, UnKnown ,Gadget,$985.46,2024-04-22,
4986,East,Doohickey,1171.36,2024-08-03,import
4987, north⁠ ,Widget,"2,124.77",2024-12-23,legacy
4988,W,Doohickey,"$2,414.94",2024-11-27,
4989, north ,Gadget," 1,009.93 ",2024-12-27,import
4990,None,Doohickey,"($1,090.49)",2024-02-19,
4991,e,Thingamajig,"+1,596.48",2024-08-08,import
4992,﻿,Widget,($976.30),2024-06-09,legacy
4993,e,Gadget,"$1,449.90",2024-02-26,
4994,WEST,Doohickey,"2,293.33",2024-03-20,
4995,North​,Doohickey, 730.21 ,2024-03-27,
4996,Ｅａｓｔ,Widget,692.27,2024-03-19,
4997,S,Widget,+105.54,2024-02-19,ok
4998,EAST ,Gadget,$341.13,2024-10-16,legacy
4999,E,Gadget,"+2,067.80",2024-03-16,
5000,Ｗｅｓｔ,Gadget,"+2,055.82",2024-05-08,legacy
5001,northern,Gadget,$781.23,2024-01-25,legacy
5002,EAST ,Doohickey," 2,161.60 ",2024-06-27,
5003,WEST,Doohickey,1272.57,2024-07-01,
5004,East,Doohickey,480.28,2024-09-18,
5005,Ｅａｓｔ,Gadget, 73.78 ,2024-05-06,import
5006,WEST,Thingamajig,"(2,209.27)",2024-11-02,ok
5007,South,Thingamajig,+504.17,2024-01-26,legacy
5008,North​,Doohickey,+911.21,2024-08-23,
5009,East,Thingamajig, 229.46 ,2024-12-26,
5010,﻿,Doohickey,357.52,2024-09-01,import
5011,None,Thingamajig,"$1,112.71",2024-09-12,ok
5012, north⁠ ,Widget," 1,159.63 ",2024-10-23,
5013,WEST,Gadget,442.82,2024-01-12,ok
5014,North,Doohickey,"+2,372.23",2024-10-21,
5015,﻿East,Widget,375.12,2024-09-21,ok
5016,W,Gadget," 1,575.13 ",2024-09-09,import
5017,,Thingamajig,120.58,2024-12-04,
5018,s,Widget,1677.84,2024-03-09,ok
5019, north ,Gadget,1309.49,2024-02-08,
5020,n/a,Doohickey,2488.71,2024-09-14,legacy
5021,Ｗｅｓｔ,Gadget," 2,053.87 ",2024-04-28,
5022,n,Thingamajig,"+1,728.91",2024-06-07,import
5023,North,Thingamajig,624.07,2024-03-08,ok
5024,NULL,Gadget,"$1,855.22",2024-06-11,legacy
5025, south⁠ ,Thingamajig,-804.61,2024-09-27,
5026,n,Thingamajig,"$2,419.48",2024-08-24,ok
5027,s,Thingamajig,+926.26,2024-06-12,
5028, east,Thingamajig,2014.81,2024-10-16,
5029,eastern,Doohickey,"+2,173.72",2024-08-25,import
5030,E,Gadget,$444.43,2024-10-22,import
5031, west ,Gadget,+792.82,2024-10-18,ok
5032,Ｎｏｒｔｈ,Doohickey,346.89,2024-03-27,legacy
5033,﻿West,Gadget,"($1,904.43)",2024-12-11,legacy
5034,southern,Thingamajig, 356.07 ,2024-12-10,ok
5035,Ｗｅｓｔ,Widget,"2,138.39",2024-09-10,legacy
5036,EAST ,Thingamajig,1034.44,2024-10-09,
5037,W,Widget,"+1,367.35",2024-10-12,
5038,West,Gadget,$564.36,2024-01-07,ok
5039,North,Thingamajig,"1,002.30",2024-06-02,import
5040,East,Gadget," 1,015.38 ",2024-09-03,import
5041, west⁠ ,Widget,2112.60,2024-04-12,ok
5042,unk,Widget,"+1,104.08",2024-07-01,import
5043,﻿North,Thingamajig,"$1,771.15",2024-08-17,
5044,E,Thingamajig, 863.63 ,2024-07-24,import
5045,NA,Gadget,"+2,317.29",2024-04-04,ok
5046,Ｓｏｕｔｈ,Doohickey,"+1,765.56",2024-11-06,legacy
5047,﻿North,Widget,"+1,863.56",2024-06-11,import
5048,Ｓｏｕｔｈ,Thingamajig,"+1,483.00",2024-03-05,
5049,﻿North,Thingamajig,"$1,644.01",2024-12-23,ok
5050,w,Gadget,"$2,221.53",2024-06-14,
5051,SOUTH,Gadget,1589.45,2024-04-01,
5052,South​,Widget,"$1,835.05",2024-05-17,import
5053,Ｎｏｒｔｈ,Thingamajig,"+2,382.40",2024-08-26,legacy
5054,southern,Thingamajig,"$2,425.64",2024-02-01,ok
5055,e,Gadget, 376.03 ,2024-01-14,ok
5056,null,Doohickey,"1,499.35",2024-01-28,legacy
5057, north ,Thingamajig,+180.19,2024-03-06,import
5058,West,Doohickey,744.02,2024-09-11,legacy
5059,﻿North,Thingamajig, 237.09 ,2024-04-17,
5060,﻿East,Doohickey,"$1,659.89",2024-03-16,ok
5061,Ｗｅｓｔ,Gadget,191.43,2024-07-01,
5062,West​,Doohickey,919.67,2024-07-05,ok
5063,South​,Gadget," 1,442.63 ",2024-11-23,import
5064,﻿North,Thingamajig," 1,238.79 ",2024-10-18,legacy
5065, south ,Gadget,"$2,362.98",2024-10-18,
5066,northern,Thingamajig,896.15,2024-06-28,legacy
5067, west ,Thingamajig,505.29,2024-09-04,
5068, east,Doohickey," 1,062.20 ",2024-06-13,legacy
5069,southern,Gadget, 793.35 ,2024-01-27,
5070,N,Thingamajig,1004.81,2024-11-06,
5071,﻿West,Thingamajig,"-1,007.41",2024-05-05,import
5072,Ｎｏｒｔｈ,Thingamajig,1586.10,2024-02-15,
5073,northern,Widget,"+2,414.04",2024-02-11,
5074,EAST ,Widget, 902.79 ,2024-05-21,
5075,North,Gadget,1753.16,2024-03-08,import
5076,NA,Thingamajig,2047.41,2024-08-08,legacy
5077,South​,Widget,$183.62,2024-07-18,ok
5078,﻿West,Widget,(904.07),2024-06-05,legacy
5079,Ｅａｓｔ,Doohickey,"$2,110.71",2024-12-15,
5080,South​,Doohickey," 1,097.91 ",2024-05-09,import
5081, north ,Doohickey,$219.21,2024-10-10,ok
5082,eastern,Widget,1219.53,2024-11-22,import
5083, south ,Doohickey," 1,956.53 ",2024-01-06,import
5084,eastern,Widget," 1,987.86 ",2024-08-04,
5085,NORTH,Widget,+151.15,2024-07-21,
5086,Ｅａｓｔ,Thingamajig,"+1,731.20",2024-06-02,legacy
5087,WEST,Gadget,574.21,2024-10-01,legacy
5088,South,Widget,+821.97,2024-12-22,ok
5089,West​,Doohickey,"$1,505.62",2024-10-21,
5090, west ,Doohickey,+588.74,2024-02-21,legacy
5091,w,Widget, 636.07 ,2024-03-20,
5092,null,Widget,"$1,964.82",2024-03-12,
5093,WEST,Thingamajig,"(1,478.41)",2024-10-18,
5094,NA,Thingamajig,"+1,976.55",2024-04-09,
5095,None,Gadget,$359.28,2024-03-06,legacy
5096,﻿,Doohickey,"1,767.14",2024-01-03,ok
5097, west ,Gadget,850.45,2024-07-17,
5098,SOUTH,Doohickey,"$1,358.62",2024-04-05,ok
5099,western,Gadget," 1,539.49 ",2024-03-22,
5100,Ｗｅｓｔ,Widget,998.57,2024-05-23,
5101,South,Doohickey,418.40,2024-12-06,
5102, south⁠ ,Widget,$816.31,2024-10-24,
5103,West,Doohickey,2051.77,2024-06-19,import
5104,​,Widget,674.79,2024-09-23,legacy
5105,NORTH,Widget,"+1,563.84",2024-02-27,legacy
5106,N,Widget,"+2,350.21",2024-09-14,import
5107,N,Doohickey,"+1,060.55",2024-12-26,legacy
5108, UnKnown ,Widget,657.70,2024-04-17,
5109, east,Widget,+9.00,2024-04-23,
5110,Ｓｏｕｔｈ,Doohickey,+622.45,2024-08-13,
5111,East,Thingamajig,548.32,2024-10-28,
5112,s,Thingamajig,1586.34,2024-12-19,legacy
5113,East​,Thingamajig,$890.87,2024-08-20,ok
5114,eastern,Doohickey,"+1,442.22",2024-06-24,import
5115,,Widget,"2,495.55",2024-07-11,import
5116,﻿East,Gadget,364.14,2024-10-02,legacy
5117,﻿South,Thingamajig,+588.12,2024-06-08,ok
5118,W,Thingamajig,"+1,875.44",2024-10-08,legacy
5119,﻿South,Widget," 1,365.99 ",2024-03-11,
5120, south⁠ ,Doohickey,496.96,2024-05-25,import
5121,western,Thingamajig,140.11,2024-02-05,
5122,NORTH,Widget," 2,139.25 ",2024-03-12,ok
5123,eastern,Doohickey,40.02,2024-02-10,
5124,EAST ,Gadget,"(2,416.79)",2024-01-20,legacy
5125,West​,Widget," 1,037.86 ",2024-02-26,ok
5126,SOUTH,Doohickey,"+1,502.25",2024-09-23,legacy
5127,East,Widget,2449.75,2024-12-21,import
5128,eastern,Gadget,2306.59,2024-07-28,legacy
5129,w,Gadget,"+1,455.49",2024-02-28,ok
5130,EAST ,Gadget,2151.46,2024-08-14,
5131,WEST,Doohickey,"+2,499.88",2024-07-25,
5132,Ｅａｓｔ,Gadget,$377.97,2024-08-05,
5133, north⁠ ,Thingamajig,+392.08,2024-05-28,
5134,WEST,Widget,349.14,2024-01-18,
5135, west⁠ ,Doohickey,1410.63,2024-07-03,ok
5136,s,Gadget,1857.37,2024-04-23,
5137, east,Widget,"$2,142.59",2024-10-24,ok
5138,,Doohickey,19.72,2024-12-13,import
5139,WEST,Gadget,$908.07,2024-01-26,import
5140,E,Gadget," 1,984.95 ",2024-09-06,import
5141,South,Gadget,$469.69,2024-12-09,
5142,Ｗｅｓｔ,Doohickey," 1,361.87 ",2024-02-03,ok
5143,Ｅａｓｔ,Doohickey,"(1,323.06)",2024-07-24,import
5144,western,Gadget,1698.19,2024-07-25,legacy
5145,E,Doohickey,+655.35,2024-06-16,
5146, east⁠ ,Thingamajig,"(2,018.42)",2024-03-13,import
5147, ,Doohickey, 322.64 ,2024-07-24,
5148,South,Thingamajig,$908.55,2024-10-16,
5149,South​,Gadget,"1,876.28",2024-02-07,legacy
5150,South,Doohickey,1474.47,2024-12-02,legacy
5151,East​,Gadget,1123.99,2024-10-06,ok
5152,East​,Doohickey,+203.70,2024-04-07,
5153,South​,Gadget,"1,673.30",2024-05-20,
5154,EAST ,Doohickey,+83.28,2024-06-08,
5155, north⁠ ,Thingamajig,"(1,307.56)",2024-07-14,legacy
5156,Ｅａｓｔ,Widget,1245.15,2024-02-14,legacy
5157,S,Widget,"1,615.54",2024-10-23,import
5158,southern,Doohickey,$310.05,2024-11-24,
5159, south ,Widget,"1,532.63",2024-08-23,import
5160,Ｎｏｒｔｈ,Widget,"(1,547.40)",2024-06-14,
5161,Ｎｏｒｔｈ,Thingamajig,+76.89,2024-02-11,import
5162,WEST,Gadget,"+2,209.02",2024-06-11,legacy
5163,None,Gadget,"2,358.28",2024-06-19,import
5164,n,Gadget,"$1,876.74",2024-01-24,
5165,NORTH,Doohickey, 410.96 ,2024-05-27,import
5166,EAST ,Gadget,1365.79,2024-11-09,import
5167,n/a,Doohickey,"$2,224.21",2024-02-15,
5168,﻿South,Doohickey, 548.27 ,2024-07-09,
5169,﻿West,Doohickey,"+1,314.84",2024-02-03,
5170, west ,Thingamajig,"+1,562.69",2024-05-15,import
5171,N,Widget," 1,645.34 ",2024-07-23,
5172, east⁠ ,Widget,271.91,2024-12-01,import
5173,South​,Thingamajig,1239.55,2024-10-14,
5174,​,Thingamajig,"+2,131.81",2024-11-16,legacy
5175,﻿South,Widget,+25.83,2024-03-17,import
5176,​,Widget,"+2,111.77",2024-04-26,
5177,null,Gadget,$647.24,2024-11-14,
5178, north ,Widget,"1,516.54",2024-08-03,import
5179,South​,Gadget,"+1,853.74",2024-04-16,ok
5180,n,Thingamajig,589.07,2024-06-10,
5181,﻿South,Doohickey," 2,081.82 ",2024-07-05,import
5182,South,Widget,"1,199.77",2024-01-09,
5183,e,Thingamajig,1619.95,2024-04-05,ok
5184,   ,Thingamajig,"+1,615.72",2024-07-19,legacy
5185,N,Widget,"+2,096.92",2024-11-01,
5186,East​,Gadget," 1,155.90 ",2024-12-05,import
5187,Ｓｏｕｔｈ,Widget," 2,439.92 ",2024-08-17,
5188,Ｗｅｓｔ,Gadget, 902.84 ,2024-05-14,ok
5189,S,Doohickey,176.82,2024-07-08,legacy
5190,western,Gadget,668.93,2024-07-17,legacy
5191,Ｓｏｕｔｈ,Gadget,"1,527.93",2024-12-25,legacy
5192,eastern,Widget,"(1,179.10)",2024-01-19,import
5193,Ｗｅｓｔ,Gadget,"$1,927.44",2024-10-15,
5194,WEST,Thingamajig,$373.02,2024-12-19,ok
5195,​,Widget,2142.06,2024-03-23,
5196, ,Thingamajig,1555.50,2024-04-18,
5197,e,Doohickey,657.90,2024-04-05,
5198,Ｎｏｒｔｈ,Gadget," 1,221.37 ",2024-12-01,import
5199,E,Doohickey,$479.75,2024-06-03,legacy
5200, north⁠ ,Gadget,+263.23,2024-12-12,legacy
5201,West​,Widget,$361.24,2024-10-06,import
5202,NA,Thingamajig,1799.76,2024-07-04,import
5203,null,Widget,"1,708.60",2024-02-01,ok
5204,North,Doohickey,$482.28,2024-06-23,ok
5205, west ,Gadget,"+1,015.86",2024-05-20,legacy
5206, north⁠ ,Widget,798.56,2024-08-17,
5207,EAST ,Doohickey,"+2,199.00",2024-12-14,
5208,e,Gadget,"($2,334.35)",2024-04-16,
5209,n,Gadget,394.97,2024-08-19,import
5210,eastern,Widget," 2,404.53 ",2024-02-12,
5211, east,Widget,"1,905.00",2024-09-18,import
5212,﻿West,Widget," 2,073.35 ",2024-02-01,ok
5213,East​,Widget,"(1,801.92)",2024-01-01,import
5214,NA,Widget,"$1,955.03",2024-09-18,ok
5215,NORTH,Thingamajig,"2,174.35",2024-01-01,import
5216,unknown,Gadget,215.34,2024-12-20,
5217,N,Thingamajig, 765.08 ,2024-12-12,legacy
5218, north ,Doohickey, 120.30 ,2024-12-01,import
5219,NULL,Thingamajig,"+1,622.47",2024-05-22,legacy
5220, south ,Thingamajig,620.09,2024-12-01,ok
5221,unknown,Gadget,793.78,2024-11-02,ok
5222,NA,Doohickey," 1,662.64 ",2024-11-21,
5223,WEST,Gadget,2364.04,2024-12-15,
5224,WEST,Thingamajig,+623.92,2024-12-09,legacy
5225,SOUTH,Thingamajig,"1,007.74",2024-08-13,ok
5226, east⁠ ,Widget, 846.64 ,2024-12-16,
5227,Ｎｏｒｔｈ,Widget,548.32,2024-03-12,
5228,W,Thingamajig,(427.15),2024-07-12,ok
5229,western,Doohickey," 1,391.39 ",2024-10-02,import
5230,null,Widget,"$2,425.25",2024-04-03,ok
5231,﻿,Widget,1989.17,2024-03-01,ok
5232,E,Thingamajig,"2,412.43",2024-08-19,
5233,W,Doohickey,$596.56,2024-03-21,
5234,n,Thingamajig," 2,074.66 ",2024-12-08,
5235,﻿East,Widget, 867.50 ,2024-05-21,legacy
5236,East​,Gadget, 603.79 ,2024-06-10,
5237, UnKnown ,Widget,$387.73,2024-06-13,ok
5238,western,Widget,"1,256.98",2024-04-22,legacy
5239,western,Gadget,(85.45),2024-12-21,import
5240, south ,Gadget," 2,205.66 ",2024-11-06,legacy
5241, north ,Gadget,$818.41,2024-01-02,
5242,western,Doohickey,332.94,2024-08-25,import
5243, west⁠ ,Gadget,$866.36,2024-12-13,import
5244,w,Doohickey,65.91,2024-08-16,legacy
5245, west ,Gadget,469.95,2024-11-02,
5246,EAST ,Doohickey,"$2,072.12",2024-04-24,import
5247,EAST ,Doohickey,"$1,443.40",2024-01-11,import
5248,E,Thingamajig,"1,743.92",2024-06-11,import
5249,SOUTH,Thingamajig, 982.09 ,2024-02-08,legacy
5250, west⁠ ,Doohickey,160.61,2024-06-27,
5251,E,Widget,"1,724.02",2024-02-21,legacy
5252,None,Gadget,"(1,184.91)",2024-02-24,
5253,WEST,Widget,$922.62,2024-02-12,
5254,eastern,Gadget,767.42,2024-09-27,ok
5255,northern,Gadget, 127.33 ,2024-01-10,import
5256,Ｅａｓｔ,Thingamajig,"(1,043.23)",2024-11-05,import
5257,​,Doohickey,"+2,305.51",2024-01-14,ok
5258,Ｎｏｒｔｈ,Thingamajig,2463.32,2024-05-28,ok
5259,West​,Widget,967.41,2024-03-07,
5260,West​,Widget," 1,336.26 ",2024-02-20,
5261,West,Thingamajig," 2,269.42 ",2024-05-15,
5262,﻿North,Gadget,$829.52,2024-06-27,
5263,w,Widget,"$2,261.26",2024-09-11,
5264,Ｗｅｓｔ,Thingamajig,"2,284.36",2024-08-12,import
5265,e,Gadget," 1,537.09 ",2024-07-18,import
5266,﻿,Thingamajig,$704.54,2024-12-06,ok
5267,SOUTH,Thingamajig,"1,698.80",2024-09-07,
5268, east⁠ ,Doohickey," 2,039.36 ",2024-06-17,
5269,East​,Thingamajig,"2,185.53",2024-10-28,legacy
5270, east⁠ ,Widget,"2,161.73",2024-04-14,import
5271,W,Widget," 1,846.96 ",2024-09-10,ok
5272,EAST ,Thingamajig," 2,374.18 ",2024-10-14,import
5273,   ,Widget,"$1,939.56",2024-09-24,ok
5274,North​,Widget,"$1,684.72",2024-08-09,ok
5275, west⁠ ,Widget,"$2,412.45",2024-03-27,
5276, UnKnown ,Doohickey,+131.63,2024-08-23,legacy
5277,Ｎｏｒｔｈ,Gadget,+269.31,2024-09-03,import
5278, east⁠ ,Doohickey,$727.87,2024-04-02,
5279,East​,Gadget, 562.16 ,2024-11-26,import
5280, east,Doohickey,(881.19),2024-06-12,
5281,SOUTH,Doohickey,"1,834.40",2024-11-03,legacy
5282,w,Widget,240.70,2024-06-23,
5283,northern,Gadget,"$1,904.38",2024-12-26,
5284,North​,Gadget,$767.12,2024-08-12,import
5285,N,Thingamajig,1563.87,2024-08-14,import
5286,﻿,Gadget,"+1,017.69",2024-09-10,legacy
5287,   ,Widget," 2,034.68 ",2024-07-06,import
5288,﻿,Gadget,"$1,478.97",2024-05-28,
5289,,Doohickey,$432.59,2024-12-26,ok
5290,North​,Doohickey,"$1,183.88",2024-02-07,ok
5291,South,Doohickey,"+1,644.88",2024-02-28,
5292,S,Doohickey,1583.89,2024-09-19,import
5293,e,Doohickey, 296.69 ,2024-11-26,import
5294, ,Thingamajig,+670.67,2024-10-24,
5295,NA,Thingamajig,"1,599.98",2024-01-26,ok
5296,w,Gadget,"(2,067.87)",2024-03-19,import
5297,e,Gadget,"+2,226.81",2024-02-25,import
5298, ,Gadget,"$2,297.50",2024-12-16,import
5299,n,Gadget,+45.08,2024-02-03,
5300,﻿East,Doohickey,"1,129.41",2024-05-01,
5301,﻿East,Gadget,256.85,2024-10-26,legacy
5302, west⁠ ,Doohickey,"$1,756.55",2024-01-18,legacy
5303,s,Gadget,577.77,2024-10-23,import
5304,eastern,Doohickey,"(2,359.29)",2024-10-27,legacy
5305,None,Widget," 1,131.02 ",2024-05-12,
5306,n,Widget,+441.14,2024-10-12,ok
5307,Ｓｏｕｔｈ,Thingamajig,"+1,343.13",2024-05-07,import
5308,northern,Doohickey, 433.11 ,2024-12-26,
5309, east⁠ ,Doohickey,"+1,322.02",2024-01-05,ok
5310,EAST ,Widget,"$1,945.04",2024-08-06,
5311,eastern,Doohickey,"$1,063.64",2024-09-16,
5312,﻿East,Widget,962.50,2024-10-16,legacy
5313,SOUTH,Widget,1395.39,2024-03-18,import
5314,Ｅａｓｔ,Doohickey,2443.29,2024-10-08,
5315,Ｗｅｓｔ,Gadget,9.73,2024-12-22,import
5316,W,Thingamajig," 1,014.00 ",2024-08-24,legacy
5317,﻿South,Widget,"2,088.23",2024-05-03,legacy
5318,﻿South,Doohickey,83.87,2024-10-02,import
5319,SOUTH,Widget,"1,992.04",2024-05-12,ok
5320,e,Doohickey,790.31,2024-12-27,
5321,﻿East,Thingamajig,$547.75,2024-01-10,ok
5322,Ｓｏｕｔｈ,Gadget,2482.45,2024-03-21,import
5323,N,Widget,895.07,2024-09-28,
5324,South,Thingamajig,"-2,426.23",2024-04-24,
5325,East,Gadget,2168.92,2024-03-08,
5326, west ,Gadget,"1,256.40",2024-09-20,
5327,EAST ,Thingamajig,1929.13,2024-10-03,ok
5328,﻿North,Gadget,1985.36,2024-09-17,legacy
5329, east,Widget,"+2,138.11",2024-07-05,
5330,EAST ,Thingamajig," 2,398.68 ",2024-11-15,import
5331,e,Doohickey, 30.27 ,2024-08-01,import
5332,e,Thingamajig,79.59,2024-05-05,
5333, east,Thingamajig,407.70,2024-02-12,import
5334, north ,Thingamajig,$172.74,2024-05-08,legacy
5335,   ,Widget,"1,777.60",2024-03-11,
5336,western,Gadget,"+2,060.85",2024-03-17,import
5337,Ｎｏｒｔｈ,Doohickey,$330.08,2024-11-22,
5338,﻿North,Gadget,1172.37,2024-03-02,
5339,n,Gadget,"+1,286.29",2024-05-26,
5340,E,Thingamajig,"1,843.28",2024-12-13,
5341,southern,Doohickey,"$2,185.25",2024-10-21,
5342,s,Thingamajig,2320.91,2024-05-27,ok
5343,North,Thingamajig,"(1,542.11)",2024-01-27,
5344,North,Gadget," 1,957.98 ",2024-02-06,ok
5345,﻿West,Doohickey,$259.28,2024-03-11,
5346,WEST,Doohickey,"+1,363.37",2024-01-04,import
5347,NA,Doohickey, 972.52 ,2024-05-07,legacy
5348,NULL,Widget,"1,548.98",2024-05-14,import
5349,   ,Thingamajig,"$1,344.30",2024-09-20,
5350,n,Gadget,"1,430.23",2024-12-22,ok
5351,western,Widget,776.63,2024-09-16,import
5352,EAST ,Thingamajig,"+1,512.72",2024-09-25,
5353, west ,Widget,"1,186.19",2024-11-22,legacy
5354, north ,Doohickey,"$1,057.90",2024-01-02,import
5355, ,Doohickey,1225.51,2024-10-19,
5356,﻿South,Doohickey,-489.20,2024-08-19,
5357,w,Thingamajig,841.11,2024-08-28,
5358,northern,Thingamajig,1669.35,2024-01-18,
5359,E,Widget,"$1,519.65",2024-08-25,ok
5360,e,Thingamajig,+804.04,2024-01-13,ok
5361,Ｅａｓｔ,Gadget,2225.26,2024-06-14,ok
5362,​,Gadget, 685.69 ,2024-07-26,import
5363, east,Widget,"+2,199.86",2024-02-26,legacy
5364, north⁠ ,Thingamajig,"+1,766.26",2024-06-24,
5365,WEST,Widget,"1,839.54",2024-04-28,
5366,Ｅａｓｔ,Thingamajig,927.73,2024-01-25,
5367,﻿,Doohickey,"$1,448.14",2024-09-03,import
5368,East​,Gadget,528.72,2024-09-03,
5369,Ｓｏｕｔｈ,Gadget,2054.02,2024-11-17,
5370,﻿North,Widget," 1,068.95 ",2024-04-04,legacy
5371,WEST,Doohickey," 1,119.83 ",2024-08-03,
5372,West​,Gadget,1390.13,2024-01-02,import
5373,western,Thingamajig,"$2,367.48",2024-11-02,
5374,﻿South,Widget," 1,053.32 ",2024-10-09,import
5375, UnKnown ,Thingamajig,+956.77,2024-02-24,
5376,Ｅａｓｔ,Thingamajig,"($1,162.75)",2024-03-13,legacy
5377,﻿South,Gadget, 365.08 ,2024-03-01,
5378,e,Gadget,48.09,2024-08-19,ok
5379, north⁠ ,Gadget,"$1,567.90",2024-04-01,ok
5380,EAST ,Widget,1423.45,2024-04-27,import
5381,None,Gadget,909.88,2024-01-14,import
5382,North​,Thingamajig,"$1,977.88",2024-11-02,
5383, north ,Thingamajig," 1,060.98 ",2024-01-11,import
5384,South​,Doohickey,1232.50,2024-04-24,ok
5385,N,Gadget,499.41,2024-09-02,
5386, east⁠ ,Thingamajig,$347.13,2024-03-12,ok
5387,South,Thingamajig,$925.73,2024-06-14,import
5388, north ,Thingamajig,458.40,2024-04-27,legacy
5389,SOUTH,Widget,718.22,2024-09-04,
5390, west⁠ ,Gadget,+97.69,2024-08-19,
5391, ,Doohickey,"(1,867.20)",2024-10-18,import
5392,NORTH,Thingamajig,"+1,930.45",2024-04-05,legacy
5393,South,Thingamajig,1187.07,2024-11-07,
5394,unknown,Widget,613.99,2024-03-01,
5395,,Thingamajig,"1,870.90",2024-06-17,import
5396,﻿South,Thingamajig,729.39,2024-01-20,ok
5397,NORTH,Doohickey,328.40,2024-01-03,import
5398,EAST ,Gadget,2458.06,2024-01-07,
5399,South​,Doohickey,(526.04),2024-05-10,legacy
5400,﻿,Gadget, 812.28 ,2024-09-15,
5401,northern,Gadget,$447.14,2024-02-01,ok
5402,n/a,Doohickey," 2,128.03 ",2024-01-19,legacy
5403,East,Gadget,"$1,238.97",2024-01-20,legacy
5404,E,Gadget,"+1,791.10",2024-09-03,import
5405,northern,Widget,"1,184.49",2024-04-07,legacy
5406,None,Thingamajig,1350.31,2024-05-15,legacy
5407,southern,Widget,"(1,434.11)",2024-08-17,ok
5408,NORTH,Widget,115.29,2024-05-25,
5409,﻿East,Doohickey,$199.29,2024-10-20,
5410,e,Thingamajig,938.96,2024-11-10,legacy
5411,North,Doohickey,"(1,321.18)",2024-11-01,import
5412,WEST,Gadget,"2,028.21",2024-04-18,legacy
5413, south⁠ ,Gadget,+900.43,2024-03-09,
5414,North,Thingamajig,(219.00),2024-05-23,ok
5415,Ｓｏｕｔｈ,Thingamajig,844.63,2024-04-15,legacy
5416, west ,Gadget,1469.08,2024-03-19,ok
5417,n/a,Doohickey,"2,462.78",2024-10-23,
5418,n/a,Thingamajig," 1,168.44 ",2024-05-23,ok
5419,W,Thingamajig,"-1,442.81",2024-11-20,legacy
5420,E,Widget,(545.34),2024-04-16,ok
5421,eastern,Doohickey,+211.12,2024-11-25,legacy
5422,N,Thingamajig,"2,013.07",2024-09-06,
5423, north ,Doohickey,$122.76,2024-07-14,import
5424,﻿West,Gadget," 2,246.31 ",2024-09-19,
5425,E,Doohickey,208.09,2024-10-12,
5426,Ｎｏｒｔｈ,Doohickey,$42.25,2024-02-13,
5427,North,Gadget,"+1,606.50",2024-01-06,
5428,North​,Gadget,-746.78,2024-07-28,
5429, south ,Thingamajig,$132.73,2024-03-03,ok
5430,East,Gadget,"$1,468.30",2024-11-09,import
5431,​,Thingamajig,2370.96,2024-07-10,
5432,Ｅａｓｔ,Gadget,964.82,2024-05-25,ok
5433,South,Doohickey, 440.68 ,2024-05-24,
5434, north⁠ ,Doohickey,380.50,2024-09-03,
5435, north ,Widget,+743.15,2024-11-24,legacy
5436,e,Thingamajig,"1,640.40",2024-02-01,ok
5437,southern,Gadget,"$1,243.86",2024-03-25,
5438,e,Gadget,1264.23,2024-09-07,legacy
5439,Ｅａｓｔ,Doohickey,"$1,822.33",2024-06-27,
5440,northern,Thingamajig,+749.99,2024-01-03,import
5441,Ｗｅｓｔ,Widget," 1,312.74 ",2024-04-06,import
5442,W,Gadget,"+1,175.90",2024-01-14,ok
5443, UnKnown ,Thingamajig,"2,119.43",2024-07-04,ok
5444,NA,Doohickey," 1,413.16 ",2024-02-02,ok
5445,N,Gadget," 2,092.42 ",2024-05-28,legacy
5446,s,Doohickey,"+1,586.07",2024-11-22,ok
5447,South​,Thingamajig, 776.71 ,2024-07-16,
5448,   ,Doohickey,1184.43,2024-05-09,ok
5449,,Gadget,+993.94,2024-08-19,legacy
5450,E,Widget,329.74,2024-02-12,
5451,Ｓｏｕｔｈ,Gadget, 798.14 ,2024-12-28,import
5452,unk,Widget,"$1,457.04",2024-03-19,
5453,﻿East,Gadget,(627.44),2024-03-11,
5454, north⁠ ,Doohickey,+866.05,2024-12-18,
5455,western,Doohickey, 458.53 ,2024-10-28,import
5456, north ,Widget,1471.53,2024-12-02,
5457,﻿South,Thingamajig,"2,288.78",2024-03-26,import
5458,WEST,Thingamajig," 2,452.30 ",2024-07-25,ok
5459,e,Thingamajig,"$1,238.36",2024-03-17,
5460,N,Doohickey,"+2,113.71",2024-12-07,import
5461, north ,Gadget, 781.72 ,2024-05-27,legacy
5462, north⁠ ,Gadget,-43.71,2024-04-07,
5463,S,Thingamajig," 1,376.57 ",2024-06-06,legacy
5464,South​,Thingamajig,$46.02,2024-02-02,import
5465,S,Gadget,122.06,2024-03-06,legacy
5466, west ,Gadget,"2,020.71",2024-11-14,legacy
5467,W,Gadget,"2,412.70",2024-11-26,legacy
5468,North,Doohickey," 1,822.12 ",2024-06-24,legacy
5469,﻿West,Thingamajig,"2,403.68",2024-08-08,
5470, south⁠ ,Widget,1401.24,2024-05-25,import
5471,Ｗｅｓｔ,Thingamajig," 1,727.67 ",2024-01-12,
5472,southern,Doohickey,$692.59,2024-04-10,legacy
5473, east⁠ ,Thingamajig," 2,446.75 ",2024-10-05,legacy
5474,WEST,Doohickey,941.94,2024-05-10,ok
5475,EAST ,Widget,"1,402.06",2024-01-12,
5476, north⁠ ,Thingamajig,"$2,255.57",2024-10-11,legacy
5477,West,Doohickey, 726.18 ,2024-11-14,import
5478,EAST ,Gadget,"+1,132.00",2024-09-10,
5479,​,Thingamajig,"+2,178.12",2024-06-14,legacy
5480,North,Gadget,469.18,2024-04-27,import
5481,North,Thingamajig,"$1,631.62",2024-11-23,ok
5482,North,Gadget,$55.37,2024-03-10,legacy
5483,East,Widget,1112.07,2024-04-09,legacy
5484,﻿South,Widget,$665.20,2024-04-10,
5485,northern,Gadget,(625.12),2024-05-19,
5486,southern,Widget," 1,133.71 ",2024-04-03,
5487,﻿South,Gadget,+929.14,2024-04-02,
5488,southern,Doohickey,"2,287.13",2024-07-21,legacy
5489,W,Widget,$594.40,2024-03-04,
5490,E,Gadget,"2,418.12",2024-08-18,
5491, south⁠ ,Widget,1115.28,2024-11-08,
5492,northern,Gadget,"$1,969.96",2024-02-23,import
5493, north⁠ ,Thingamajig,"(1,149.90)",2024-01-11,
5494,Ｓｏｕｔｈ,Widget,766.41,2024-04-21,import
5495,N,Thingamajig,684.52,2024-12-11,ok
5496,western,Widget,474.12,2024-02-22,legacy
5497,North​,Widget,1710.07,2024-04-09,ok
5498,NORTH,Gadget,"+2,159.30",2024-01-06,
5499,East,Thingamajig,1462.48,2024-12-03,
5500,EAST ,Doohickey,+509.13,2024-09-07,ok
5501,​,Doohickey,"1,089.96",2024-10-06,
5502,Ｎｏｒｔｈ,Gadget, 527.52 ,2024-02-16,ok
5503,﻿West,Thingamajig, 186.78 ,2024-01-28,
5504,E,Gadget,"+1,480.67",2024-03-06,ok
5505,Ｅａｓｔ,Doohickey,$236.83,2024-07-07,
5506,﻿North,Doohickey,"($1,295.08)",2024-05-16,legacy
5507,West,Widget,"+2,214.14",2024-11-11,ok
5508,W,Doohickey,"$1,907.17",2024-12-28,import
5509,null,Thingamajig," 1,642.61 ",2024-06-25,ok
5510,n,Gadget,548.54,2024-10-08,
5511,NORTH,Doohickey,2059.31,2024-05-21,import
5512, south⁠ ,Gadget,1632.59,2024-06-04,ok
5513, west⁠ ,Gadget,466.20,2024-01-02,import
5514, north ,Thingamajig,"1,870.38",2024-09-22,ok
5515,null,Widget,"2,342.39",2024-05-02,legacy
5516,w,Doohickey,"$1,856.96",2024-03-02,
5517,   ,Doohickey,"$1,955.72",2024-07-26,
5518,﻿West,Thingamajig,-293.61,2024-09-13,import
5519, east,Thingamajig,"1,902.03",2024-01-14,legacy
5520,South​,Widget,657.46,2024-12-09,import
5521, south⁠ ,Doohickey,"1,366.07",2024-02-10,import
5522,E,Gadget," 1,762.86 ",2024-08-24,ok
5523, ,Gadget," 1,922.86 ",2024-01-25,
5524,Ｓｏｕｔｈ,Thingamajig,"1,576.84",2024-12-02,
5525, west⁠ ,Widget,"$1,914.96",2024-05-25,legacy
5526, north⁠ ,Widget,550.18,2024-05-06,
5527,﻿West,Widget,$626.78,2024-11-27,
5528,unk,Widget, 973.89 ,2024-06-12,
5529, west⁠ ,Doohickey,"1,207.13",2024-10-18,legacy
5530,﻿West,Widget,1239.57,2024-11-17,import
5531,﻿West,Thingamajig,$82.64,2024-12-13,
5532,South​,Doohickey," 1,348.40 ",2024-05-07,legacy
5533,NULL,Thingamajig,2211.26,2024-05-09,ok
5534,   ,Thingamajig," 1,832.84 ",2024-07-06,ok
5535, south⁠ ,Gadget,"+1,227.93",2024-12-17,
5536,WEST,Widget,$962.25,2024-09-18,
5537,​,Doohickey," 1,872.78 ",2024-09-19,legacy
5538,W,Doohickey," 2,130.06 ",2024-12-03,
5539,northern,Doohickey,+219.71,2024-01-03,
5540,Ｓｏｕｔｈ,Thingamajig,"$2,315.42",2024-01-17,
5541,﻿West,Doohickey," 2,348.39 ",2024-10-13,
5542, north ,Doohickey,2321.46,2024-09-12,
5543,northern,Gadget,"$1,906.75",2024-05-18,legacy
5544,w,Doohickey,1257.77,2024-03-24,legacy
5545, east⁠ ,Doohickey, 955.46 ,2024-01-17,
5546,North​,Doohickey,1363.21,2024-12-27,ok
5547,n/a,Gadget,"1,834.91",2024-11-05,
5548,unk,Doohickey,"+1,966.51",2024-12-16,legacy
5549,East,Thingamajig,"1,734.60",2024-12-15,
5550, south ,Gadget,"$1,506.70",2024-11-18,import
5551, west ,Doohickey,319.26,2024-02-25,import
5552,,Doohickey,"$2,095.00",2024-08-11,import
5553,Ｓｏｕｔｈ,Thingamajig,"1,685.03",2024-06-25,
5554,n,Gadget,"2,462.82",2024-01-21,legacy
5555,NORTH,Doohickey,356.56,2024-02-20,legacy
5556,West,Thingamajig,1142.16,2024-03-18,legacy
5557, east,Doohickey," 2,356.01 ",2024-10-03,import
5558,North,Gadget,232.22,2024-04-17,ok
5559,﻿North,Doohickey,819.44,2024-07-03,import
5560,,Doohickey,657.57,2024-11-17,import
5561,NORTH,Thingamajig," 2,161.50 ",2024-06-22,
5562, north⁠ ,Thingamajig,"$1,887.86",2024-03-15,legacy
5563,EAST ,Widget, 649.69 ,2024-01-06,legacy
5564, east⁠ ,Gadget,655.83,2024-12-15,legacy
5565,Ｎｏｒｔｈ,Thingamajig, 511.31 ,2024-11-10,legacy
5566,West,Doohickey,+84.43,2024-02-04,
5567, UnKnown ,Gadget,"$1,991.76",2024-05-12,
5568,﻿West,Widget,"+1,200.94",2024-03-22,ok
5569, west ,Widget, 807.84 ,2024-07-22,import
5570,null,Gadget,"1,215.17",2024-01-07,ok
5571,​,Doohickey, 857.98 ,2024-04-15,
5572,﻿West,Widget,"$1,569.89",2024-07-17,import
5573,western,Doohickey,"1,654.61",2024-09-12,
5574,​,Widget,"$2,300.64",2024-10-11,ok
5575,﻿East,Thingamajig,(128.77),2024-11-02,
5576,WEST,Widget," 1,742.42 ",2024-11-17,
5577,North,Thingamajig,(962.29),2024-10-25,
5578,northern,Gadget,281.26,2024-03-06,ok
5579, west⁠ ,Gadget,"$2,360.88",2024-07-21,legacy
5580,NORTH,Doohickey,"1,623.56",2024-11-22,ok
5581,S,Widget,"(2,192.82)",2024-05-13,
5582,South,Widget," 1,076.98 ",2024-04-28,
5583,﻿East,Gadget,"1,662.41",2024-06-12,ok
5584, UnKnown ,Thingamajig,+408.73,2024-09-23,ok
5585,S,Doohickey,"+1,187.61",2024-06-22,ok
5586, west⁠ ,Gadget,$871.66,2024-06-19,import
5587,Ｓｏｕｔｈ,Widget,+567.55,2024-06-17,ok
5588,n,Gadget,"-2,198.73",2024-09-10,import
5589,northern,Widget,2144.13,2024-06-23,
5590,South​,Widget,"+1,958.14",2024-11-20,ok
5591,W,Gadget," 1,648.40 ",2024-06-28,
5592,w,Doohickey,"+1,859.18",2024-02-25,ok
5593,NORTH,Widget," 2,054.59 ",2024-03-01,
5594,﻿West,Gadget,56.03,2024-04-13,import
5595,East​,Doohickey,1991.45,2024-10-10,
5596, east,Doohickey," 2,298.19 ",2024-06-12,legacy
5597, west⁠ ,Gadget,2313.62,2024-05-13,
5598,N,Widget,975.24,2024-12-11,
5599,w,Thingamajig,326.53,2024-08-06,legacy
5600,WEST,Thingamajig, 179.36 ,2024-09-21,ok
5601,WEST,Doohickey,"+1,649.00",2024-12-25,
5602,null,Thingamajig,"1,592.83",2024-02-01,
5603,N,Widget,"$1,599.93",2024-04-27,import
5604,NORTH,Doohickey,"+2,039.87",2024-04-24,import
5605,W,Gadget,"+2,090.96",2024-10-07,legacy
5606,E,Thingamajig,$689.44,2024-09-22,
5607,e,Thingamajig," 1,050.67 ",2024-02-12,import
5608,EAST ,Gadget,259.16,2024-05-04,ok
5609,﻿West,Doohickey,"$1,686.90",2024-07-06,legacy
5610,n,Widget,+372.53,2024-11-25,
5611, north⁠ ,Gadget,"1,876.63",2024-04-22,
5612,Ｗｅｓｔ,Gadget,938.41,2024-10-01,legacy
5613,Ｗｅｓｔ,Doohickey," 2,126.70 ",2024-08-24,
5614,East,Gadget,"(2,255.38)",2024-12-28,import
5615,n,Doohickey,"$1,121.45",2024-09-09,ok
5616,Ｗｅｓｔ,Widget,1895.69,2024-05-19,ok
5617,w,Thingamajig,"2,287.47",2024-01-23,ok
5618,n/a,Widget,"2,473.38",2024-07-27,legacy
5619, east⁠ ,Thingamajig,391.56,2024-06-28,import
5620,SOUTH,Widget,1271.08,2024-04-07,import
5621,﻿West,Doohickey,336.19,2024-03-11,import
5622, south⁠ ,Widget," 1,520.93 ",2024-08-10,
5623,southern,Doohickey,"1,447.14",2024-05-20,import
5624, east,Widget," 1,978.56 ",2024-06-01,
5625,northern,Gadget," 1,257.47 ",2024-07-16,legacy
5626,None,Doohickey," 2,062.06 ",2024-05-01,
5627,S,Doohickey,"$1,205.11",2024-10-04,
5628, east,Thingamajig,2332.84,2024-12-21,import
5629, east⁠ ,Widget,+460.05,2024-02-11,
5630,NORTH,Thingamajig,1395.09,2024-11-19,
5631,,Widget,$434.00,2024-04-08,legacy
5632,East,Doohickey,1128.62,2024-04-07,ok
5633,East,Doohickey,"+1,970.65",2024-03-10,ok
5634,Ｅａｓｔ,Thingamajig,"1,254.00",2024-06-27,ok
5635,EAST ,Widget,"+1,874.67",2024-06-22,
5636, west ,Thingamajig, 695.85 ,2024-07-13,
5637,unk,Widget,"+1,729.16",2024-09-08,import
5638, east⁠ ,Widget,$220.69,2024-12-25,legacy
5639,N,Doohickey,"1,685.88",2024-07-25,
5640,western,Widget,291.20,2024-05-22,
5641,South,Widget," 2,401.30 ",2024-09-05,import
5642,East​,Doohickey," 2,130.49 ",2024-11-23,
5643,southern,Thingamajig,1000.55,2024-09-14,ok
5644,E,Doohickey,"$2,384.35",2024-04-24,ok
5645,eastern,Gadget,1514.68,2024-04-03,
5646,Ｗｅｓｔ,Gadget,753.72,2024-10-27,import
5647,﻿,Widget,$623.89,2024-09-26,
5648, south ,Gadget,"$1,979.64",2024-10-27,
5649,S,Gadget,$519.41,2024-06-08,legacy
5650,NULL,Thingamajig,"-1,705.94",2024-01-27,
5651,Ｗｅｓｔ,Thingamajig,2107.35,2024-04-23,ok
5652,E,Thingamajig," 1,716.43 ",2024-03-09,ok
5653,East​,Thingamajig," 1,429.45 ",2024-11-15,import
5654, east,Doohickey,(849.89),2024-08-08,legacy
5655, ,Doohickey," 1,897.40 ",2024-12-18,
5656,e,Thingamajig,$587.58,2024-03-08,
5657,﻿North,Thingamajig,"$1,522.42",2024-01-14,import
5658, east,Widget,2379.56,2024-08-11,
5659,North​,Widget,+396.80,2024-11-23,import
5660,East​,Thingamajig,"(1,444.77)",2024-03-22,legacy
5661, south ,Doohickey," 1,399.01 ",2024-01-10,import
5662,South​,Widget,+258.77,2024-01-15,legacy
5663,﻿South,Gadget,"$1,149.26",2024-02-27,ok
5664,S,Widget,+137.02,2024-05-28,ok
5665,﻿West,Gadget,"1,785.33",2024-05-20,
5666,West,Gadget,2104.83,2024-06-11,
5667,null,Widget,"+1,342.33",2024-08-23,import
5668,North,Gadget,"+2,245.59",2024-12-21,import
5669,n,Thingamajig," 2,215.91 ",2024-06-18,import
5670,SOUTH,Gadget,"+2,025.21",2024-04-09,
5671,e,Widget,1049.57,2024-05-10,import
5672,South​,Gadget,"$1,688.26",2024-02-03,import
5673,N,Doohickey,677.15,2024-05-07,import
5674,southern,Thingamajig," 1,899.05 ",2024-09-10,
5675,W,Thingamajig, 452.02 ,2024-09-01,ok
5676,null,Widget,"1,737.17",2024-11-02,ok
5677,NORTH,Thingamajig,"$2,343.63",2024-11-03,
5678,﻿South,Thingamajig,"($2,490.15)",2024-05-09,
5679,E,Gadget,"$1,763.01",2024-11-14,
5680,southern,Thingamajig, 737.56 ,2024-01-27,legacy
5681,﻿East,Thingamajig,351.37,2024-05-17,import
5682,western,Gadget, 288.64 ,2024-10-23,import
5683,West,Gadget,"1,308.45",2024-06-01,
5684,South​,Doohickey,"$2,426.52",2024-11-16,import
5685,Ｗｅｓｔ,Thingamajig,"$2,333.94",2024-05-13,
5686,​,Thingamajig,(856.99),2024-05-15,
5687,West,Doohickey,$338.95,2024-04-27,ok
5688,North​,Gadget,1342.75,2024-02-20,
5689,﻿West,Thingamajig,$728.54,2024-08-25,
5690,Ｎｏｒｔｈ,Doohickey," 2,231.68 ",2024-11-14,import
5691,North,Thingamajig,"1,130.14",2024-04-09,import
5692, south⁠ ,Doohickey," 2,155.50 ",2024-01-28,
5693,southern,Widget," 1,763.19 ",2024-02-16,
5694, east⁠ ,Thingamajig,762.60,2024-02-26,ok
5695, south ,Thingamajig," 1,801.67 ",2024-03-04,import
5696,North,Doohickey," 2,053.99 ",2024-09-28,
5697,unk,Thingamajig,"1,861.92",2024-07-20,
5698,eastern,Doohickey,+518.92,2024-08-07,import
5699,unknown,Gadget,"2,091.40",2024-07-16,legacy
5700,e,Thingamajig,"-1,357.92",2024-02-18,
5701,e,Widget,"+1,564.85",2024-06-09,import
5702,EAST ,Doohickey,+434.05,2024-01-14,ok
5703,s,Doohickey,+111.06,2024-05-03,
5704,EAST ,Thingamajig," 1,205.85 ",2024-02-18,
5705,West,Widget," 1,446.01 ",2024-01-28,
5706,NORTH,Thingamajig, 26.84 ,2024-11-06,ok
5707,﻿West,Thingamajig,"1,165.13",2024-11-11,legacy
5708,NULL,Widget,"$1,954.14",2024-05-05,
5709, north⁠ ,Widget,2117.51,2024-04-13,legacy
5710,West,Doohickey,(65.60),2024-07-05,
5711,South​,Widget,"$2,073.93",2024-01-20,ok
5712,﻿North,Thingamajig," 2,423.51 ",2024-11-06,legacy
5713, north ,Doohickey,190.47,2024-06-17,import
5714, north ,Gadget,+618.42,2024-06-27,ok
5715,East,Doohickey,36.38,2024-04-21,
5716,   ,Thingamajig,+260.04,2024-05-01,ok
5717,North,Doohickey,74.88,2024-09-15,legacy
5718, UnKnown ,Gadget,2021.03,2024-11-03,
5719,﻿East,Doohickey,2229.44,2024-06-12,
5720,unknown,Doohickey,682.90,2024-11-13,
5721, west⁠ ,Doohickey," 2,426.36 ",2024-05-01,
5722,eastern,Doohickey," 2,341.12 ",2024-05-08,ok
5723,,Thingamajig,$270.24,2024-04-03,import
5724, east⁠ ,Doohickey,"$1,816.72",2024-09-12,import
5725,S,Gadget,"+1,152.10",2024-11-12,
5726, west⁠ ,Gadget,"(2,432.00)",2024-10-01,
5727,East,Widget,1241.99,2024-07-11,ok
5728,​,Widget,953.12,2024-03-23,import
5729,n,Thingamajig,+603.00,2024-03-21,import
5730,North,Gadget,"2,450.34",2024-02-23,
5731,E,Thingamajig,"1,300.30",2024-01-22,import
5732,North,Thingamajig,"2,263.60",2024-02-25,import
5733,﻿,Thingamajig,+24.58,2024-01-18,
5734,NULL,Thingamajig,"+1,213.68",2024-11-20,ok
5735,E,Gadget,"(1,836.97)",2024-10-18,
5736,Ｅａｓｔ,Gadget,"1,803.95",2024-09-25,
5737,South,Thingamajig,"+2,281.17",2024-12-01,
5738,NORTH,Doohickey,901.18,2024-07-06,legacy
5739, south ,Doohickey,1905.81,2024-06-22,
5740, ,Gadget, 5.27 ,2024-12-18,
5741,southern,Widget,"+1,005.72",2024-02-17,import
5742,NULL,Gadget," 1,530.06 ",2024-01-17,legacy
5743,n,Widget,"2,028.11",2024-11-20,
5744,s,Widget,"+1,257.84",2024-02-19,
5745,eastern,Doohickey,182.52,2024-01-10,import
5746,W,Gadget,"+1,195.93",2024-09-09,
5747,﻿,Gadget," 1,132.00 ",2024-03-26,
5748,northern,Widget," 1,995.76 ",2024-02-08,import
5749,West​,Doohickey,20.36,2024-12-21,legacy
5750,S,Gadget,"+2,180.08",2024-02-24,
5751,﻿West,Thingamajig,400.95,2024-01-20,
5752,E,Doohickey,"+2,099.12",2024-07-24,
5753,﻿South,Gadget,$52.42,2024-04-16,
5754, east,Doohickey,"+2,446.55",2024-09-04,legacy
5755,northern,Doohickey, 426.68 ,2024-02-24,import
5756,East,Thingamajig, 103.05 ,2024-08-22,ok
5757,East,Thingamajig,2379.80,2024-04-03,
5758,s,Widget,"+1,589.54",2024-04-16,
5759, UnKnown ,Gadget,1585.32,2024-09-26,
5760,E,Gadget," 1,766.33 ",2024-11-17,import
5761,East,Widget,"1,158.87",2024-01-13,ok
5762,SOUTH,Doohickey,980.71,2024-07-14,legacy
5763, south ,Thingamajig,67.82,2024-08-12,ok
5764,western,Thingamajig,700.78,2024-11-06,
5765,EAST ,Widget,506.65,2024-01-18,ok
5766,﻿South,Thingamajig,"$1,968.77",2024-08-26,import
5767, east⁠ ,Gadget,256.69,2024-11-03,import
5768, south⁠ ,Gadget,(925.59),2024-02-04,import
5769,Ｅａｓｔ,Widget,+520.88,2024-08-27,
5770,eastern,Widget,+464.90,2024-12-21,import
5771,﻿North,Gadget,1109.34,2024-09-08,
5772,Ｓｏｕｔｈ,Gadget,"$2,491.11",2024-09-27,
5773,​,Widget,1743.26,2024-12-18,
5774,Ｗｅｓｔ,Thingamajig,$147.30,2024-04-16,legacy
5775,West,Widget,189.12,2024-03-17,ok
5776,   ,Widget,$525.83,2024-01-14,import
5777,﻿South,Gadget," 2,074.72 ",2024-07-12,
5778, west⁠ ,Gadget,953.51,2024-11-20,
5779, west ,Gadget,$442.46,2024-12-05,legacy
5780,northern,Gadget," 2,316.06 ",2024-11-25,
5781,WEST,Gadget,2387.78,2024-05-09,
5782, west ,Widget," 1,995.27 ",2024-06-12,ok
5783,n,Doohickey,+513.43,2024-01-28,import
5784,w,Thingamajig," 1,825.09 ",2024-12-28,ok
5785,None,Widget,259.89,2024-07-06,
5786,West,Thingamajig,201.32,2024-05-05,
5787,southern,Gadget,$24.44,2024-07-18,ok
5788,W,Gadget," 2,014.65 ",2024-05-12,legacy
5789,unk,Widget,868.81,2024-07-11,legacy
5790,Ｅａｓｔ,Thingamajig,"2,374.55",2024-05-13,legacy
5791,northern,Thingamajig,788.41,2024-09-20,
5792,Ｎｏｒｔｈ,Gadget,+904.58,2024-11-26,
5793, north ,Gadget,971.98,2024-07-03,
5794,﻿West,Thingamajig,"+1,786.00",2024-01-08,ok
5795,e,Widget,"2,102.65",2024-04-08,legacy
5796, north⁠ ,Widget,953.55,2024-09-28,
5797, south⁠ ,Thingamajig,$729.54,2024-04-06,ok
5798,﻿East,Thingamajig,"-1,173.66",2024-12-14,
5799, east,Gadget,2376.53,2024-05-23,
5800,SOUTH,Gadget, 836.32 ,2024-10-15,legacy
5801,Ｗｅｓｔ,Gadget,2282.81,2024-11-19,
5802,,Gadget,"1,366.23",2024-05-14,
5803,Ｗｅｓｔ,Doohickey, 704.27 ,2024-03-20,import
5804,northern,Gadget,964.25,2024-10-15,ok
5805,NORTH,Widget,1848.75,2024-09-03,import
5806,East​,Widget,"+1,883.41",2024-03-15,
5807,Ｅａｓｔ,Thingamajig,+11.31,2024-07-11,
5808,​,Gadget,"(2,136.44)",2024-10-26,
5809,WEST,Gadget,2029.61,2024-02-08,
5810,W,Doohickey,"+1,251.13",2024-03-20,import
5811,Ｓｏｕｔｈ,Widget,"+2,459.03",2024-05-05,
5812,Ｅａｓｔ,Gadget,"1,286.96",2024-12-05,
5813,N,Doohickey, 413.42 ,2024-02-28,
5814, north ,Gadget,230.72,2024-06-02,import
5815,South,Gadget,"(1,378.98)",2024-06-22,ok
5816,western,Gadget,"+2,090.23",2024-12-07,ok
5817,eastern,Thingamajig, 635.18 ,2024-08-11,import
5818,West​,Gadget,46.00,2024-12-19,legacy
5819,w,Doohickey,"-1,852.18",2024-03-01,
5820,n,Doohickey,2456.18,2024-04-25,ok
5821,W,Gadget,"(1,571.39)",2024-11-17,ok
5822,East​,Thingamajig,"2,497.21",2024-02-17,legacy
5823,e,Doohickey,"+1,749.71",2024-03-16,
5824,East,Thingamajig,365.32,2024-04-24,import
5825,Ｅａｓｔ,Thingamajig,"(2,135.32)",2024-03-21,
5826, south⁠ ,Doohickey,-568.04,2024-04-19,
5827, west⁠ ,Gadget,2019.41,2024-09-12,legacy
5828,E,Gadget,$276.02,2024-06-20,
5829,western,Widget,"1,852.92",2024-05-12,ok
5830,N,Gadget,1305.53,2024-09-10,
5831, south⁠ ,Doohickey,2028.89,2024-09-27,
5832, east⁠ ,Gadget,+69.25,2024-07-08,
5833,North,Widget," 1,284.48 ",2024-03-22,
5834,NORTH,Gadget,$395.95,2024-09-19,
5835,western,Thingamajig,-164.56,2024-05-22,import
5836,﻿,Thingamajig, 96.15 ,2024-04-25,import
5837,West,Thingamajig,256.44,2024-06-09,
5838,W,Widget,$775.31,2024-01-18,import
5839,NORTH,Doohickey," 1,031.22 ",2024-06-07,
5840,e,Thingamajig,1349.77,2024-06-13,import
5841, north⁠ ,Thingamajig,"$1,757.94",2024-04-05,import
5842,Ｗｅｓｔ,Thingamajig,2010.75,2024-08-27,ok
5843,﻿,Thingamajig,+149.56,2024-12-27,ok
5844, east⁠ ,Widget,465.80,2024-11-16,
5845,NULL,Doohickey,+633.28,2024-03-13,
5846, east⁠ ,Gadget,1928.97,2024-02-11,
5847,western,Gadget,1459.47,2024-04-19,import
5848,﻿South,Thingamajig,"(1,590.69)",2024-09-18,
5849,﻿South,Thingamajig,"$1,309.43",2024-12-16,
5850, UnKnown ,Doohickey,"$1,203.97",2024-06-05,
5851,﻿East,Thingamajig,"(1,004.37)",2024-12-26,ok
5852,unk,Doohickey,"$1,381.40",2024-12-02,
5853,NULL,Widget,1758.48,2024-04-17,
5854,West,Doohickey,769.81,2024-01-08,ok
5855,East,Doohickey,"$1,028.80",2024-10-23,import
5856, west⁠ ,Widget,"+2,462.33",2024-09-22,
5857,NA,Doohickey,"2,325.21",2024-11-27,import
5858,southern,Doohickey,"1,967.19",2024-03-03,import
5859,western,Widget,"+1,864.74",2024-02-17,import
5860,WEST,Gadget,1141.98,2024-05-20,
5861, east,Widget,2077.68,2024-12-04,legacy
5862,n,Widget,"+2,346.04",2024-09-27,legacy
5863,WEST,Doohickey,+404.63,2024-07-22,
5864,E,Thingamajig,($101.52),2024-06-16,import
5865, south ,Gadget,"$2,037.86",2024-06-28,import
5866,Ｅａｓｔ,Doohickey,"1,886.36",2024-12-24,import
5867,Ｎｏｒｔｈ,Widget,"1,471.67",2024-07-13,ok
5868,WEST,Doohickey,187.02,2024-03-27,
5869,﻿South,Doohickey,"-1,977.85",2024-05-07,legacy
5870,w,Widget,"1,138.07",2024-06-19,
5871,﻿East,Widget,(495.92),2024-10-26,
5872,Ｎｏｒｔｈ,Doohickey," 1,551.05 ",2024-08-15,ok
5873,West,Thingamajig,"+2,395.33",2024-04-07,ok
5874, west ,Thingamajig,"+1,572.86",2024-07-22,
5875,West​,Widget,"-2,332.16",2024-01-09,
5876, ,Doohickey,"2,047.12",2024-06-20,ok
5877,North​,Widget,"+1,805.14",2024-12-27,
5878,eastern,Gadget,308.18,2024-12-21,
5879,s,Doohickey,"1,371.53",2024-07-24,
5880,eastern,Widget,"2,471.39",2024-08-10,
5881, south ,Widget,(647.22),2024-02-19,
5882,North,Widget,"$2,359.10",2024-03-17,legacy
5883,w,Widget,1607.57,2024-04-12,legacy
5884, west⁠ ,Thingamajig,$576.53,2024-02-18,import
5885,North,Gadget,+675.53,2024-05-27,legacy
5886,﻿South,Thingamajig," 1,131.34 ",2024-01-07,import
5887,South​,Gadget,411.51,2024-04-05,ok
5888,East,Widget,220.27,2024-07-13,ok
5889,South​,Widget,"+1,556.30",2024-09-01,
5890,null,Doohickey,"$1,282.33",2024-06-02,
5891,SOUTH,Doohickey,"1,378.85",2024-06-27,ok
5892,North​,Thingamajig,+679.21,2024-07-17,
5893,East​,Widget, 913.94 ,2024-04-28,legacy
5894,West,Thingamajig,1519.50,2024-05-04,import
5895,East,Doohickey,"+1,199.81",2024-08-17,
5896, north⁠ ,Gadget, 668.19 ,2024-01-17,
5897,West​,Doohickey,"$1,280.24",2024-09-03,ok
5898,e,Gadget,1359.99,2024-05-27,
5899, south⁠ ,Gadget,455.00,2024-04-27,
5900,﻿East,Thingamajig," 1,728.36 ",2024-01-11,import
5901,NULL,Thingamajig, 749.61 ,2024-05-22,ok
5902, north⁠ ,Widget,457.79,2024-07-19,legacy
5903,North​,Gadget,"$2,026.32",2024-08-07,
5904,s,Widget,"$1,370.11",2024-04-19,legacy
5905,western,Doohickey,+994.10,2024-03-05,legacy
5906,western,Widget,$956.09,2024-09-24,
5907,   ,Thingamajig,"$1,876.97",2024-09-23,
5908,   ,Gadget,613.07,2024-12-15,legacy
5909,w,Thingamajig,996.73,2024-08-12,import
5910,,Widget,1885.12,2024-09-02,
5911,﻿West,Widget,884.29,2024-06-18,legacy
5912,S,Widget,390.82,2024-07-28,
5913,East​,Gadget,"+1,691.52",2024-04-23,legacy
5914, west ,Thingamajig,$411.81,2024-05-01,legacy
5915,West​,Thingamajig, 361.56 ,2024-06-05,
5916,West,Widget,"-1,787.57",2024-11-22,
5917,S,Widget,"1,990.38",2024-04-02,
5918,unknown,Doohickey,1573.79,2024-12-09,import
5919,Ｎｏｒｔｈ,Widget,$795.37,2024-11-28,
5920,None,Doohickey,2022.01,2024-12-25,legacy
5921,﻿West,Doohickey,"+1,337.55",2024-06-18,ok
5922,southern,Gadget,196.23,2024-04-12,import
5923,South​,Thingamajig,"+1,448.08",2024-06-25,ok
5924,unknown,Doohickey,452.92,2024-02-15,
5925, north⁠ ,Thingamajig,304.97,2024-01-05,ok
5926,eastern,Widget,169.27,2024-04-05,
5927,EAST ,Gadget,"+1,421.57",2024-12-07,import
5928,unknown,Thingamajig,"2,117.05",2024-10-24,ok
5929,﻿East,Gadget, 659.67 ,2024-03-18,import
5930,E,Gadget,524.07,2024-06-19,import
5931,Ｅａｓｔ,Doohickey,786.03,2024-09-20,
5932,﻿East,Widget,+958.53,2024-05-24,import
5933,N,Gadget,$295.47,2024-03-02,legacy
5934, east,Doohickey,"2,303.98",2024-02-18,ok
5935, north⁠ ,Thingamajig,"+1,044.88",2024-03-26,
5936, west⁠ ,Gadget,"2,188.56",2024-09-16,import
5937,﻿East,Widget,855.37,2024-05-09,legacy
5938,SOUTH,Doohickey,$88.63,2024-03-02,import
5939, west ,Widget,256.53,2024-07-19,legacy
5940,NORTH,Doohickey, 355.13 ,2024-09-14,legacy
5941,﻿East,Thingamajig,1477.12,2024-10-14,legacy
5942,null,Thingamajig,"$2,279.23",2024-01-16,
5943,NULL,Widget, 28.59 ,2024-02-23,ok
5944,n,Gadget,956.95,2024-11-03,legacy
5945, west ,Gadget,1801.61,2024-11-28,
5946,southern,Doohickey,+346.56,2024-06-13,
5947,North,Widget," 1,254.48 ",2024-11-05,
5948,East,Thingamajig,$953.86,2024-12-17,
5949,EAST ,Doohickey,2238.54,2024-12-10,legacy
5950, west ,Widget, 545.01 ,2024-11-09,ok
5951,﻿North,Doohickey,442.35,2024-02-28,legacy
5952, west ,Widget,+131.94,2024-02-25,legacy
5953, south⁠ ,Doohickey,"+1,127.79",2024-03-19,
5954,w,Thingamajig," 1,947.96 ",2024-09-15,legacy
5955, west⁠ ,Thingamajig,"$1,203.65",2024-01-06,import
5956, south ,Thingamajig,"2,253.78",2024-11-26,legacy
5957,s,Widget,"$1,042.52",2024-04-02,ok
5958,,Doohickey,320.11,2024-08-15,ok
5959,West,Doohickey, 792.15 ,2024-09-09,
5960,South,Doohickey,1936.62,2024-07-21,
5961, west⁠ ,Thingamajig,2158.84,2024-07-21,import
5962,NORTH,Doohickey," 2,392.23 ",2024-02-03,import
5963,Ｓｏｕｔｈ,Thingamajig," 1,659.47 ",2024-12-23,ok
5964, north ,Widget,86.26,2024-07-17,ok
5965,Ｅａｓｔ,Widget,"$2,479.06",2024-07-06,legacy
5966,South,Gadget,"+2,100.60",2024-10-24,ok
5967,﻿South,Doohickey,"$1,059.34",2024-12-06,import
5968,East,Thingamajig,"1,976.73",2024-11-06,ok
5969,Ｅａｓｔ,Gadget,"$2,372.91",2024-12-16,legacy
5970,w,Gadget,"1,089.54",2024-10-03,
5971,Ｗｅｓｔ,Doohickey,"+1,063.65",2024-01-23,
5972, north ,Widget,"+1,701.71",2024-06-03,
5973, UnKnown ,Widget,734.98,2024-08-07,
5974,﻿East,Gadget,115.00,2024-04-03,
5975,South,Doohickey,1812.02,2024-12-09,legacy
5976, east⁠ ,Doohickey,299.01,2024-07-25,legacy
5977,North​,Gadget,+201.17,2024-08-07,
5978,﻿South,Thingamajig," 2,387.08 ",2024-12-21,
5979,   ,Thingamajig,"$1,473.82",2024-12-02,ok
5980,northern,Doohickey,+395.54,2024-07-10,import
5981,﻿South,Doohickey,412.19,2024-01-13,legacy
5982,Ｓｏｕｔｈ,Doohickey,2473.29,2024-09-20,legacy
5983,W,Thingamajig,"1,482.57",2024-06-23,
5984, west ,Gadget,520.48,2024-08-22,
5985, west⁠ ,Gadget,2216.96,2024-02-06,import
5986,﻿East,Doohickey,795.83,2024-07-11,import
5987, south⁠ ,Doohickey,"$1,640.63",2024-07-20,
5988,e,Doohickey,(84.32),2024-09-04,import
5989,North​,Widget,399.43,2024-09-10,
5990,western,Doohickey,2149.02,2024-02-13,
5991,e,Thingamajig,+261.26,2024-03-01,ok
5992, south⁠ ,Thingamajig,482.64,2024-09-06,ok
5993,Ｗｅｓｔ,Thingamajig,"$1,498.04",2024-01-15,
5994,w,Widget,800.06,2024-12-05,
5995,North,Thingamajig,$190.21,2024-09-26,
5996,﻿,Widget,213.45,2024-12-14,ok
5997,eastern,Gadget,"2,463.55",2024-09-18,
5998, east,Widget,$796.04,2024-11-23,legacy
5999,North​,Gadget,"$1,929.51",2024-08-13,ok
6000,eastern,Doohickey," 1,794.42 ",2024-01-03,ok
6001, east,Thingamajig," 2,423.66 ",2024-12-18,
6002,﻿,Doohickey," 1,831.12 ",2024-04-24,import
6003,,Thingamajig,$96.38,2024-06-15,
6004,﻿,Doohickey,"+1,520.41",2024-12-20,
6005,West​,Doohickey,"1,785.46",2024-01-01,
6006, north⁠ ,Widget," 1,283.40 ",2024-11-12,
6007, north ,Gadget,"1,013.84",2024-01-15,ok
6008,NULL,Widget,"1,518.29",2024-05-20,
6009,﻿South,Gadget,"(2,488.80)",2024-11-10,import
6010,northern,Doohickey," 2,180.33 ",2024-02-14,ok
6011,eastern,Widget,-669.89,2024-02-18,
6012,﻿,Doohickey,"+2,282.22",2024-01-18,
6013,western,Doohickey,302.86,2024-03-13,
6014,West​,Widget,497.12,2024-11-13,ok
6015,East,Doohickey,"(1,097.45)",2024-07-08,ok
6016,e,Doohickey,2052.87,2024-03-27,import
6017,South​,Widget,167.06,2024-10-19,
6018,Ｅａｓｔ,Thingamajig,"$1,917.94",2024-06-23,legacy
6019,﻿South,Gadget,($144.76),2024-10-18,ok
6020,North​,Doohickey,1533.52,2024-07-13,
6021,unk,Thingamajig,"+1,668.74",2024-03-27,legacy
6022,Ｓｏｕｔｈ,Doohickey,"1,309.00",2024-12-20,import
6023,South​,Doohickey,"+1,410.14",2024-10-12,legacy
6024,n/a,Gadget,850.77,2024-09-21,ok
6025,EAST ,Widget,"2,201.22",2024-05-13,ok
6026, west ,Thingamajig,"2,012.54",2024-02-13,legacy
6027,None,Doohickey,+380.69,2024-06-19,
6028,﻿West,Gadget,+329.20,2024-09-28,
6029, UnKnown ,Thingamajig,"$2,349.35",2024-07-17,legacy
6030,EAST ,Doohickey,"$1,363.02",2024-09-04,ok
6031,﻿South,Thingamajig,$152.59,2024-08-06,
6032,null,Widget,+31.19,2024-03-03,import
6033,North,Doohickey," 1,431.96 ",2024-06-05,
6034, south ,Thingamajig,+206.27,2024-01-24,
6035,﻿,Widget,"$1,461.94",2024-04-06,ok
6036,Ｎｏｒｔｈ,Thingamajig, 880.92 ,2024-04-03,
6037,None,Widget,+268.41,2024-07-21,legacy
6038,e,Doohickey,545.26,2024-05-16,import
6039,WEST,Thingamajig,25.99,2024-12-27,
6040,unk,Thingamajig,"-1,783.89",2024-10-25,
6041,null,Doohickey, 256.21 ,2024-06-15,ok
6042,NORTH,Thingamajig," 2,172.51 ",2024-07-19,ok
6043,e,Gadget,"1,185.53",2024-04-07,legacy
6044, south⁠ ,Thingamajig,$448.13,2024-10-24,
6045,EAST ,Doohickey,"1,459.41",2024-07-17,ok
6046,N,Gadget,"2,390.88",2024-12-26,
6047,n,Widget," 2,065.61 ",2024-06-12,
6048,East​,Gadget,473.89,2024-01-14,legacy
6049,Ｗｅｓｔ,Widget,1886.62,2024-08-21,
6050,E,Thingamajig,1693.79,2024-07-14,
6051, south ,Widget,+678.87,2024-06-21,ok
6052, north⁠ ,Thingamajig,+480.31,2024-09-11,legacy
6053,Ｅａｓｔ,Widget,"1,749.52",2024-05-21,
6054,West,Gadget,1458.42,2024-02-11,import
6055,SOUTH,Gadget,2153.37,2024-05-03,import
6056,null,Thingamajig, 64.26 ,2024-09-14,
6057, east⁠ ,Doohickey,811.43,2024-06-25,ok
6058, south ,Widget,"+2,054.37",2024-11-20,legacy
6059,North,Widget, 999.26 ,2024-02-12,
6060, north⁠ ,Doohickey,2361.89,2024-02-25,ok
6061,N,Thingamajig,$465.88,2024-12-28,
6062,W,Doohickey,"+2,109.17",2024-08-16,legacy
6063,South​,Doohickey,"$2,207.11",2024-08-26,legacy
6064,WEST,Thingamajig,"$1,766.15",2024-02-27,ok
6065, east⁠ ,Doohickey,"2,487.62",2024-06-27,
6066,Ｗｅｓｔ,Doohickey,541.06,2024-09-13,ok
6067,​,Thingamajig,"$1,526.20",2024-02-04,
6068,South​,Thingamajig," 2,071.15 ",2024-08-07,import
6069,western,Doohickey,542.19,2024-06-08,ok
6070, south⁠ ,Widget,"-1,821.25",2024-10-27,ok
6071,West,Gadget,"2,092.24",2024-08-05,ok
6072,n,Thingamajig, 763.67 ,2024-09-13,ok
6073,NORTH,Widget,"+1,977.69",2024-06-11,import
6074,n,Widget,+235.67,2024-06-27,import
6075,West​,Gadget,"+1,153.12",2024-03-11,
6076, west⁠ ,Doohickey,"+1,529.85",2024-04-23,import
6077,​,Thingamajig," 1,338.19 ",2024-07-23,ok
6078,NULL,Doohickey," 1,812.20 ",2024-03-18,import
6079, south ,Widget,170.23,2024-03-04,import
6080,E,Thingamajig,"1,139.03",2024-12-27,import
6081,West​,Widget,1814.27,2024-06-13,import
6082,﻿East,Thingamajig,"+1,276.21",2024-07-22,
6083,eastern,Thingamajig,"2,415.30",2024-09-27,
6084,Ｅａｓｔ,Gadget,"1,523.69",2024-02-11,ok
6085,West,Thingamajig,1838.28,2024-06-02,
6086,w,Widget," 1,749.80 ",2024-11-22,
6087,S,Widget,(963.21),2024-03-02,
6088,   ,Widget,"(2,165.80)",2024-10-08,ok
6089,s,Thingamajig,"$1,542.51",2024-03-11,
6090,﻿North,Doohickey,"$1,340.68",2024-11-01,
6091,western,Widget,+143.64,2024-10-13,
6092,​,Gadget," 1,914.86 ",2024-08-13,import
6093,western,Doohickey,"+1,043.64",2024-03-28,
6094,Ｗｅｓｔ,Widget,$826.53,2024-03-02,legacy
6095,East​,Gadget,"$1,045.84",2024-05-26,ok
6096,e,Gadget,+894.49,2024-12-25,legacy
6097,Ｗｅｓｔ,Gadget,"+2,328.53",2024-12-12,
6098, ,Widget,1919.23,2024-08-24,legacy
6099,NULL,Gadget," 1,344.80 ",2024-06-01,import
6100,North​,Widget,"1,553.49",2024-08-04,
6101,Ｅａｓｔ,Doohickey,"$1,113.32",2024-01-22,import
6102,southern,Thingamajig,"+2,480.78",2024-12-15,legacy
6103,s,Thingamajig,925.70,2024-08-06,ok
6104,Ｎｏｒｔｈ,Gadget,989.00,2024-05-06,
6105,﻿South,Thingamajig,665.18,2024-09-09,ok
6106,﻿North,Doohickey,+526.36,2024-01-16,
6107, west⁠ ,Thingamajig,"2,458.49",2024-12-15,
6108,eastern,Thingamajig,"+2,136.82",2024-11-24,
6109,West,Gadget,"$1,106.16",2024-06-19,
6110,N,Widget,"+1,519.75",2024-03-13,import
6111,unk,Gadget,"1,281.31",2024-06-19,ok
6112,Ｗｅｓｔ,Doohickey,(492.24),2024-12-23,
6113,NORTH,Doohickey,652.43,2024-06-12,ok
6114,S,Widget,"$1,812.92",2024-01-17,ok
6115,N,Doohickey, 23.53 ,2024-03-03,ok
6116,Ｓｏｕｔｈ,Doohickey,479.12,2024-12-09,import
6117,Ｓｏｕｔｈ,Gadget,$750.12,2024-07-13,ok
6118, south⁠ ,Thingamajig,541.21,2024-05-01,legacy
6119, UnKnown ,Doohickey,1615.80,2024-02-16,ok
6120,Ｗｅｓｔ,Widget,"(1,821.01)",2024-10-08,ok
6121,unk,Doohickey,"+1,644.40",2024-01-23,
6122, UnKnown ,Widget,2101.31,2024-10-11,ok
6123,West,Widget,"+1,399.06",2024-10-02,ok
6124,West​,Widget, 391.32 ,2024-12-21,
6125,South​,Doohickey, 635.59 ,2024-04-17,import
6126,NORTH,Gadget,1615.87,2024-02-10,
6127,n,Gadget,2443.46,2024-01-09,legacy
6128,WEST,Doohickey," 1,279.68 ",2024-09-27,import
6129,S,Thingamajig," 1,430.05 ",2024-01-27,legacy
6130,South,Doohickey,1761.34,2024-12-25,
6131, east⁠ ,Gadget,779.76,2024-08-21,import
6132,w,Gadget,"1,772.66",2024-10-15,
6133,E,Thingamajig,781.18,2024-10-18,ok
6134,Ｅａｓｔ,Widget," 2,215.17 ",2024-03-06,
6135,eastern,Thingamajig,"+1,153.07",2024-03-05,ok
6136,unk,Doohickey,"$1,765.11",2024-04-18,ok
6137,﻿East,Thingamajig,"1,451.45",2024-02-15,legacy
6138,EAST ,Gadget,"1,040.65",2024-08-12,legacy
6139,Ｎｏｒｔｈ,Thingamajig,+648.22,2024-12-14,
6140, west⁠ ,Thingamajig," 2,159.38 ",2024-08-24,
6141,﻿East,Gadget, 492.92 ,2024-12-13,import
6142, west ,Gadget," 1,727.76 ",2024-04-27,
6143,South​,Thingamajig, 191.50 ,2024-08-03,legacy
6144,n/a,Doohickey,999.77,2024-08-13,
6145,   ,Thingamajig,"1,922.17",2024-02-24,ok
6146,EAST ,Doohickey, 722.97 ,2024-02-06,
6147,Ｗｅｓｔ,Doohickey,"2,491.55",2024-06-03,ok
6148, north⁠ ,Gadget,"2,490.46",2024-06-03,legacy
6149,None,Thingamajig,+893.00,2024-04-16,import
6150, east,Thingamajig, 640.18 ,2024-04-27,legacy
6151,Ｅａｓｔ,Widget,+935.14,2024-07-15,ok
6152,E,Gadget,"$2,218.63",2024-08-24,
6153,E,Doohickey,"+1,927.03",2024-10-22,legacy
6154,northern,Thingamajig,964.84,2024-10-26,import
6155,﻿South,Doohickey,"$1,917.19",2024-03-09,
6156,West,Gadget," 1,535.76 ",2024-04-16,import
6157,E,Gadget,1964.44,2024-11-05,ok
6158,﻿South,Widget,2252.25,2024-01-15,legacy
6159,West​,Doohickey,"$1,253.52",2024-07-14,ok
6160, east⁠ ,Widget,233.96,2024-03-19,
6161, ,Gadget,"$1,196.09",2024-04-17,ok
6162,East​,Widget,"+2,459.48",2024-01-22,legacy
6163,Ｗｅｓｔ,Doohickey, 491.15 ,2024-11-05,ok
6164, east⁠ ,Widget," 1,481.17 ",2024-09-06,
6165,EAST ,Gadget,868.91,2024-05-24,
6166,East,Widget,"+2,481.45",2024-02-12,legacy
6167,﻿North,Doohickey,1351.55,2024-05-05,
6168,w,Widget,301.61,2024-06-05,legacy
6169,Ｗｅｓｔ,Gadget,"+1,421.13",2024-10-28,import
6170,South,Widget,+328.14,2024-05-02,ok
6171, south ,Thingamajig,"(1,983.77)",2024-02-04,
6172,Ｎｏｒｔｈ,Doohickey," 1,720.18 ",2024-03-21,
6173,s,Widget,110.42,2024-05-24,
6174,West,Doohickey,(992.13),2024-07-02,
6175,West​,Thingamajig,"$2,403.40",2024-02-22,
6176,unk,Widget,"$1,373.96",2024-10-24,ok
6177, UnKnown ,Gadget,"+1,200.00",2024-01-07,import
6178,N,Doohickey,"1,503.18",2024-01-05,ok
6179, north ,Widget,"1,139.58",2024-12-26,legacy
6180, south⁠ ,Widget," 2,214.39 ",2024-12-09,
6181,West​,Widget,$479.12,2024-04-26,ok
6182,E,Thingamajig,406.94,2024-08-28,
6183, north⁠ ,Gadget,"+2,093.02",2024-10-28,
6184,s,Thingamajig,829.42,2024-06-10,legacy
6185, south⁠ ,Widget,480.42,2024-06-10,
6186,​,Doohickey," 1,687.35 ",2024-05-25,
6187, east,Widget,"+2,026.37",2024-06-10,import
6188,﻿South,Gadget,"($1,843.94)",2024-04-12,ok
6189,n,Thingamajig,"+1,947.99",2024-07-10,ok
6190,W,Widget," 1,549.87 ",2024-07-06,legacy
6191, west⁠ ,Doohickey," 1,691.33 ",2024-03-19,ok
6192,s,Thingamajig,299.85,2024-03-26,legacy
6193,unk,Thingamajig,2216.30,2024-04-15,import
6194,Ｎｏｒｔｈ,Doohickey,1544.84,2024-07-16,
6195,w,Thingamajig,$512.54,2024-02-22,
6196,﻿East,Thingamajig,786.52,2024-04-05,import
6197,WEST,Thingamajig,"$2,466.27",2024-07-24,
6198,EAST ,Gadget,+509.61,2024-03-24,ok
6199,western,Gadget,$604.90,2024-03-12,
6200,NA,Widget,545.39,2024-09-28,import
4276, ,Gadget,"2,486.58",2024-05-12,reingest
5026,West​,Widget,"$4,046.29",2024-09-04,
5270,﻿East,Widget,bad-data,2024-12-10,reingest
6093,n,Doohickey,"+4,243.83",2024-01-28,retry
5344,eastern,Thingamajig," 1,957.98 ",2024-12-25,
4748,None,Gadget,"(4,787.41)",2024-07-01,
2768,unk,Doohickey,+991.19,2024-11-02,retry
1370,West,Thingamajig,"1,351.84",2024-08-07,
5986,SOUTH,Doohickey,bad-data,2024-01-27,dup
5659, south ,Thingamajig,bad-data,2024-09-16,reingest
4925, west ,Thingamajig,"$1,815.30",2024-12-26,dup
2066,North,Thingamajig,"$3,548.23",2024-08-25,dup
1981,e,Doohickey,85.12,2024-09-17,dup
1009,N,Thingamajig,"1,870.06",2024-06-09,dup
5215, UnKnown ,Gadget,"2,174.35",2024-06-18,retry
901,North,Doohickey,2536.66,2024-12-17,retry
3758,NA,Widget,bad-data,2024-07-24,
5323,n,Widget,2787.12,2024-03-15,dup
3342,﻿West,Gadget,+547.27,2024-12-05,dup
1487,﻿North,Thingamajig,"+2,811.78",2024-01-25,reingest
3092,   ,Doohickey,"+1,402.37",2024-02-07,reingest
4173, west⁠ ,Widget,"1,551.97",2024-10-06,reingest
1287,null,Widget,"-1,041.89",2024-12-09,retry
3766, south ,Gadget,2837.74,2024-01-10,
5965,southern,Widget,bad-data,2024-10-16,dup
6199, UnKnown ,Gadget,"$4,187.03",2024-11-14,dup
2633,EAST ,Thingamajig,2492.81,2024-11-09,
895, ,Thingamajig,bad-data,2024-10-04,dup
2096,N,Gadget,"$2,232.60",2024-04-28,dup
3439,W,Gadget,"1,269.06",2024-12-18,retry
5758,﻿,Widget,"+1,589.54",2024-05-09,retry
1138,   ,Gadget,bad-data,2024-10-19,reingest
377, west⁠ ,Doohickey,1293.31,2024-09-02,retry
2276,North​,Gadget,115.37,2024-09-09,reingest
1929,East​,Doohickey,"1,627.51",2024-01-12,
656, UnKnown ,Gadget,270.90,2024-11-13,reingest
352,﻿West,Thingamajig,4267.56,2024-05-18,dup
1333,N,Doohickey,"-4,883.18",2024-05-24,reingest
5864,null,Thingamajig,621.43,2024-12-19,reingest
3765,n/a,Gadget,bad-data,2024-02-06,
5539, UnKnown ,Widget,"+4,062.16",2024-01-28,retry
1089,Ｓｏｕｔｈ,Gadget,bad-data,2024-07-02,
2659, south ,Doohickey,bad-data,2024-02-24,dup
3499,Ｅａｓｔ,Doohickey,"$2,782.84",2024-09-13,reingest
3409,southern,Widget,"$1,108.16",2024-02-09,
2971,South,Gadget,"($4,489.22)",2024-06-21,retry
3117, west⁠ ,Thingamajig,280.06,2024-06-27,dup
5077, east⁠ ,Thingamajig,bad-data,2024-06-02,dup
454, west ,Gadget,bad-data,2024-03-22,retry
5351,NULL,Doohickey,bad-data,2024-06-12,retry
2606,​,Doohickey,2315.44,2024-04-22,
1086,s,Doohickey,"(4,888.92)",2024-07-01,reingest
2490, east⁠ ,Doohickey,bad-data,2024-08-19,
5398,Ｗｅｓｔ,Thingamajig,bad-data,2024-04-17,reingest
1423,w,Widget,"($2,211.70)",2024-01-07,dup
1769,n,Widget,bad-data,2024-01-06,retry
2114,n/a,Thingamajig,-41.36,2024-02-11,reingest
4491,null,Doohickey,bad-data,2024-04-13,reingest
1336,W,Widget,642.56,2024-01-25,
2711, west⁠ ,Widget,bad-data,2024-10-02,retry
2032,None,Gadget," 1,904.53 ",2024-01-22,
2697,East​,Doohickey,"(4,236.89)",2024-02-28,dup
3362,WEST,Doohickey," 4,082.54 ",2024-06-15,reingest
888,southern,Gadget,"2,364.21",2024-07-22,retry
6030,﻿,Thingamajig,"(2,971.59)",2024-05-12,
5031,Ｎｏｒｔｈ,Thingamajig,+792.82,2024-08-22,
1793,SOUTH,Thingamajig,bad-data,2024-03-18,retry
5862,southern,Gadget,"$4,923.64",2024-11-05,retry
156,﻿North,Doohickey," 1,760.78 ",2024-08-13,dup
3062,North​,Gadget,+901.89,2024-02-10,reingest
5921, north⁠ ,Thingamajig,"1,036.02",2024-09-11,retry
2886,NA,Doohickey,738.55,2024-09-01,retry
5367,Ｎｏｒｔｈ,Doohickey,bad-data,2024-09-09,reingest
4683,n,Widget,2293.62,2024-05-12,retry
4293,﻿East,Doohickey,559.43,2024-06-23,retry
1549,East​,Gadget,"(3,822.04)",2024-05-08,reingest
6162,West​,Gadget,"3,467.37",2024-04-27,
1702,﻿West,Gadget,"1,866.01",2024-06-07,retry
2213, west⁠ ,Thingamajig," 2,556.98 ",2024-10-26,
4942,E,Thingamajig,"+4,193.18",2024-03-11,
2776,Ｓｏｕｔｈ,Gadget,64.69,2024-07-22,reingest
5106,NULL,Thingamajig,"+2,350.21",2024-12-12,reingest
813,﻿South,Gadget,+159.11,2024-06-19,retry
5189,e,Doohickey,"4,615.20",2024-10-10,dup
928,s,Thingamajig,"($3,076.80)",2024-03-21,
4557,﻿North,Doohickey,"4,169.83",2024-08-24,retry
1201,   ,Gadget," 3,519.96 ",2024-12-20,
5954, UnKnown ,Thingamajig," 1,947.96 ",2024-12-28,dup
712,Ｅａｓｔ,Widget, 73.93 ,2024-03-14,reingest
989,East,Widget,bad-data,2024-07-27,retry
5497,East​,Widget,146.40,2024-01-03,retry
2074,s,Widget," 1,861.88 ",2024-08-18,reingest
2339,None,Thingamajig,+821.82,2024-11-26,
1676,e,Gadget,2216.43,2024-08-07,reingest
3681,WEST,Gadget,+208.71,2024-10-24,retry
2171,East​,Doohickey,"(3,561.85)",2024-07-27,dup
597, north⁠ ,Gadget,"+1,778.32",2024-08-18,
4066, UnKnown ,Widget,833.24,2024-06-20,reingest
5902, west⁠ ,Doohickey,"(3,172.16)",2024-01-16,retry
5456,﻿West,Widget,1471.53,2024-10-20,dup
4863,western,Widget,"+2,301.20",2024-12-08,
2305, west ,Gadget,+162.80,2024-05-20,retry
1320,Ｓｏｕｔｈ,Thingamajig," 1,513.26 ",2024-02-07,
1444,West​,Gadget,bad-data,2024-05-17,
1260,﻿East,Gadget,(265.64),2024-03-09,
5940,N,Widget,bad-data,2024-07-10,dup
3583,Ｅａｓｔ,Gadget,87.81,2024-07-10,reingest
2321,East,Thingamajig,bad-data,2024-03-22,
3714,s,Gadget,"2,240.82",2024-06-25,dup
4778,E,Gadget,bad-data,2024-08-10,reingest
3431, north⁠ ,Gadget,bad-data,2024-06-17,retry
4502,Ｅａｓｔ,Doohickey,$735.18,2024-01-05,reingest
3734,W,Gadget,bad-data,2024-04-26,retry
5596,﻿South,Doohickey,bad-data,2024-11-10,
1997,WEST,Gadget,"(4,776.96)",2024-01-26,
3589,South,Gadget,bad-data,2024-12-21,dup
5894,N,Widget,1519.50,2024-12-16,reingest
3315,​,Gadget,bad-data,2024-05-26,
4551, south ,Gadget,2056.23,2024-10-08,
3946,West,Doohickey,2142.83,2024-05-02,dup
2764,NORTH,Thingamajig,+301.55,2024-11-09,
5674,﻿South,Gadget,bad-data,2024-03-16,
2062,West,Gadget,"+3,656.77",2024-09-06,
376, west ,Gadget,$627.07,2024-04-12,reingest
2112,WEST,Widget,"+4,063.21",2024-03-08,reingest
3272, west⁠ ,Doohickey,"(2,467.36)",2024-09-15,
980,WEST,Widget,+545.49,2024-10-07,dup
5566,South​,Widget, 259.57 ,2024-09-25,retry
1572,s,Thingamajig,"4,127.56",2024-08-18,retry
5256,North​,Widget,"(1,043.23)",2024-05-22,dup
851,None,Widget,bad-data,2024-04-09,dup
147,n/a,Widget,bad-data,2024-06-04,
5771,null,Doohickey,1599.24,2024-07-01,retry
5404,West,Doohickey,"(4,646.11)",2024-01-22,reingest
356, south ,Gadget,bad-data,2024-09-25,retry
2174,﻿East,Doohickey,"+2,722.07",2024-05-03,
2001, east⁠ ,Thingamajig,"+1,691.37",2024-07-28,
4148,w,Doohickey,bad-data,2024-03-08,dup
3796,North,Doohickey,bad-data,2024-04-17,retry
3369, west⁠ ,Widget," 1,289.78 ",2024-02-01,dup
1694, north⁠ ,Doohickey,"(3,494.12)",2024-08-01,retry
3948,﻿North,Widget,2022.06,2024-12-21,retry
1068,﻿North,Gadget,bad-data,2024-02-09,dup
2316,Ｅａｓｔ,Gadget,bad-data,2024-04-08,
3631,Ｓｏｕｔｈ,Thingamajig,"1,146.27",2024-03-01,
1518,   ,Thingamajig,bad-data,2024-10-17,
6055, north ,Thingamajig,"($4,569.55)",2024-01-09,
4762, east,Gadget,"1,887.14",2024-03-02,retry
6117,East​,Thingamajig,4181.53,2024-09-04,retry
870,South,Gadget,1792.46,2024-06-11,reingest
1683,EAST ,Widget,"(4,508.29)",2024-08-03,retry
5984,s,Doohickey,520.48,2024-05-23,reingest
4134,NA,Thingamajig,"(4,548.85)",2024-02-05,reingest
812,N,Widget,bad-data,2024-07-04,
3073,E,Doohickey,bad-data,2024-08-06,retry
350,SOUTH,Widget,"(4,330.56)",2024-08-25,retry
5090,NORTH,Doohickey,+588.74,2024-05-12,reingest
1535,unknown,Thingamajig,"2,426.15",2024-01-04,dup
1601,None,Thingamajig,$488.34,2024-10-09,reingest
1248,West​,Widget, 536.94 ,2024-02-21,dup
4697,southern,Gadget,bad-data,2024-03-24,retry
6100, west⁠ ,Thingamajig,"+3,457.08",2024-07-26,dup
2684,w,Widget,1712.96,2024-02-07,retry
4473,N,Doohickey,508.98,2024-06-22,dup
3985, south⁠ ,Thingamajig,$500.51,2024-01-20,
2853,West​,Widget,"2,156.89",2024-08-19,reingest
557, north ,Thingamajig,2514.50,2024-10-17,retry
4928,w,Gadget,"($2,076.54)",2024-03-13,
1173,WEST,Doohickey,"$1,491.68",2024-09-05,
4249,E,Doohickey,1466.33,2024-10-13,retry
4879,SOUTH,Doohickey,"$1,933.34",2024-02-16,dup
4674, ,Doohickey,bad-data,2024-11-01,dup
2456,   ,Gadget,"$1,704.82",2024-01-14,dup
5129,unk,Thingamajig,790.55,2024-06-17,retry
1500,n/a,Thingamajig,2411.02,2024-09-05,retry
2963,﻿West,Thingamajig,"-4,216.20",2024-12-20,reingest
2653,﻿East,Doohickey,bad-data,2024-06-03,reingest
2712,NA,Gadget,"+4,408.99",2024-05-21,reingest
4574,﻿South,Doohickey," 4,430.61 ",2024-07-04,retry
3146, north⁠ ,Widget,bad-data,2024-03-11,
634, west⁠ ,Doohickey,"+3,440.57",2024-12-16,reingest
4334,﻿South,Gadget,bad-data,2024-02-24,dup
1855,﻿,Widget,bad-data,2024-08-17,retry
3249,unknown,Doohickey,2304.29,2024-04-23,dup
4873,WEST,Gadget,bad-data,2024-08-07,retry
4880,Ｎｏｒｔｈ,Gadget,"+1,000.25",2024-03-28,
1184,EAST ,Gadget,"$1,442.12",2024-05-23,retry
2840,SOUTH,Widget,3906.11,2024-09-07,reingest
3125,,Gadget,"+1,473.60",2024-04-17,retry
992,East,Thingamajig, 817.75 ,2024-05-10,
1355,western,Gadget," 1,851.16 ",2024-09-13,dup
1004,﻿South,Thingamajig,"-1,720.79",2024-04-19,reingest
5669,EAST ,Gadget,"(1,292.19)",2024-08-07,reingest
826, west ,Doohickey,"1,608.97",2024-04-21,reingest
2738,S,Doohickey,"$2,263.83",2024-03-15,reingest
1696,East,Widget,bad-data,2024-11-18,retry
6132,West​,Gadget,2055.38,2024-04-24,reingest
2526, north⁠ ,Doohickey,"+1,942.73",2024-02-02,reingest
4825,NA,Widget,"$1,233.68",2024-01-14,retry
3538, north ,Doohickey,bad-data,2024-05-21,retry
449,None,Thingamajig,bad-data,2024-01-28,dup
502,None,Doohickey,bad-data,2024-10-26,
5732, south⁠ ,Widget,"(3,108.93)",2024-04-24,retry
5294,WEST,Widget,972.86,2024-05-20,dup
5769,Ｎｏｒｔｈ,Widget,"+2,556.98",2024-03-08,retry
1387,South​,Widget,"(3,304.88)",2024-05-27,dup
3867,South,Doohickey,1275.89,2024-02-23,dup
3148,E,Thingamajig," 4,983.40 ",2024-08-04,
2713,southern,Gadget," 3,689.78 ",2024-06-20,reingest
5114,s,Thingamajig,"(2,518.20)",2024-07-15,
3361,NORTH,Doohickey,"+3,504.31",2024-08-05,
1003,NORTH,Doohickey,bad-data,2024-07-03,reingest
2337,E,Thingamajig,bad-data,2024-04-28,retry
3907, east,Gadget,2796.75,2024-11-22,
3290, south ,Gadget,903.42,2024-06-01,
3968,N,Widget,"$1,030.49",2024-11-21,
3067,North​,Thingamajig,"($4,715.24)",2024-01-16,dup
4194, north ,Gadget,"($2,137.22)",2024-11-18,retry
2520,n/a,Doohickey,"+4,517.98",2024-10-15,dup
2247,Ｎｏｒｔｈ,Thingamajig,118.97,2024-02-27,dup
5046,NORTH,Gadget,3780.07,2024-05-04,retry
4558,S,Thingamajig," 1,747.15 ",2024-06-17,retry
4128,W,Thingamajig,"+1,979.59",2024-11-26,retry
179, ,Gadget,"($4,867.64)",2024-11-21,
4966,null,Widget,-832.83,2024-12-12,retry
3897,WEST,Gadget,"$2,519.83",2024-07-21,retry
3260,western,Widget,bad-data,2024-10-17,retry
120,NORTH,Widget,bad-data,2024-05-17,
3953,NULL,Gadget,307.79,2024-10-13,reingest
2939,E,Doohickey,bad-data,2024-04-18,
4994,North,Gadget,bad-data,2024-04-16,
4155,﻿North,Doohickey,"+1,443.45",2024-11-01,reingest
6172,Ｅａｓｔ,Doohickey," 1,720.18 ",2024-07-26,dup
2568,﻿West,Thingamajig,4815.41,2024-09-22,
2027,Ｓｏｕｔｈ,Widget,bad-data,2024-09-21,retry
5006,EAST ,Doohickey,bad-data,2024-11-11,retry
4347,EAST ,Thingamajig,"+4,580.36",2024-03-25,retry
1982, north⁠ ,Thingamajig,bad-data,2024-08-23,reingest
2016,unknown,Gadget,"1,920.97",2024-11-07,
3612,eastern,Gadget," 1,553.33 ",2024-02-23,reingest
775,EAST ,Thingamajig,"3,890.81",2024-12-06,dup
3457,unk,Thingamajig,bad-data,2024-08-21,retry
1533,None,Thingamajig,bad-data,2024-09-28,reingest
547,North,Gadget,bad-data,2024-06-21,retry
3530, UnKnown ,Doohickey,"+2,423.40",2024-07-28,
5826,West​,Widget,"+3,959.52",2024-07-19,
3356,northern,Widget,3237.73,2024-02-14,reingest
1949,﻿,Gadget,bad-data,2024-05-21,
7,unk,Widget,bad-data,2024-04-28,reingest
5177,East,Thingamajig,bad-data,2024-10-10,dup
4292, west⁠ ,Widget,bad-data,2024-12-22,retry
3986, south⁠ ,Doohickey,(591.07),2024-02-17,dup
358,W,Gadget," 4,120.52 ",2024-07-25,reingest
2436,West,Doohickey,+596.01,2024-01-13,dup
3792, west ,Gadget,"($3,759.82)",2024-01-14,reingest
230,unknown,Thingamajig," 4,350.75 ",2024-01-09,dup
3943,southern,Widget,bad-data,2024-08-11,dup
4110,unk,Thingamajig,bad-data,2024-02-21,retry
5745,western,Gadget,4931.44,2024-12-04,reingest
4604,w,Widget,"$1,230.71",2024-02-03,dup
5126,North,Thingamajig,bad-data,2024-06-25,dup
1262, south⁠ ,Gadget,"(1,090.85)",2024-02-21,dup
3341, south ,Doohickey,"1,327.84",2024-06-27,dup
3498,western,Thingamajig,"+3,257.18",2024-02-12,dup
4720,E,Thingamajig,"($4,067.46)",2024-08-13,retry
4450,n,Doohickey,bad-data,2024-10-22,reingest
4974,E,Doohickey,"+2,424.85",2024-09-05,dup
6180,South​,Doohickey,1954.95,2024-09-09,dup
3343,E,Widget,"1,003.90",2024-06-23,retry
579,n/a,Gadget,bad-data,2024-05-02,dup
3868,eastern,Gadget,1882.66,2024-02-07,dup
5617,West​,Thingamajig,"2,735.00",2024-05-21,dup
2782,West,Doohickey," 1,157.68 ",2024-06-07,retry
5185, south⁠ ,Doohickey,"-2,502.80",2024-09-12,
4004,Ｅａｓｔ,Thingamajig,"3,588.42",2024-03-19,reingest
5767, south⁠ ,Widget,256.69,2024-07-06,
1594,S,Thingamajig,bad-data,2024-10-24,
1244,﻿North,Thingamajig,"+1,022.73",2024-02-13,retry
636,n,Gadget,+419.90,2024-01-08,reingest
325,southern,Gadget,bad-data,2024-04-09,retry
3710,n/a,Doohickey,bad-data,2024-09-11,retry
2646, east⁠ ,Widget,505.80,2024-10-28,
1041, west ,Thingamajig,"+4,673.98",2024-06-19,retry
4328, north ,Doohickey,"$1,452.41",2024-01-19,
5045,North​,Widget,"+2,317.29",2024-08-05,reingest
247,﻿East,Thingamajig,"(3,684.09)",2024-06-16,
3779,WEST,Gadget,bad-data,2024-02-06,retry
3853,East,Thingamajig,$272.29,2024-09-11,
2878,WEST,Thingamajig,"$3,968.25",2024-05-07,retry
2503,﻿East,Thingamajig," 3,840.87 ",2024-08-12,dup
4052,SOUTH,Doohickey,"+2,741.52",2024-03-21,dup
1666,West,Widget, 810.94 ,2024-07-17,retry
2231,East​,Widget,$125.59,2024-05-02,dup
529,western,Widget,"1,259.20",2024-02-20,reingest
2236,East​,Gadget," 4,174.29 ",2024-04-19,reingest
2401,eastern,Doohickey,"$4,498.39",2024-08-01,
431,null,Gadget,"+2,139.50",2024-10-27,dup
1038, west ,Doohickey,bad-data,2024-09-11,dup
632, east,Widget,"$1,418.12",2024-04-23,retry
5236,northern,Doohickey,"$3,357.33",2024-06-26,dup
2696,South,Thingamajig,"1,241.58",2024-08-02,
2705,S,Doohickey,"1,085.14",2024-08-04,reingest
869,NORTH,Doohickey,"+1,075.74",2024-01-22,retry
4323,West,Widget,+59.93,2024-03-06,reingest
6052,,Thingamajig,bad-data,2024-07-01,retry
6, east,Thingamajig,+969.58,2024-01-13,dup
5961,WEST,Gadget,bad-data,2024-03-27,dup
2374,W,Thingamajig, 291.93 ,2024-10-02,
518, west⁠ ,Doohickey,bad-data,2024-01-27,
2378,null,Doohickey,3059.16,2024-03-26,reingest
2911,NORTH,Thingamajig,1033.68,2024-05-14,reingest
949,e,Widget,bad-data,2024-04-11,retry
238,﻿,Gadget," 3,942.41 ",2024-06-27,
1007,e,Thingamajig,4771.40,2024-12-11,retry
2591,,Gadget," 4,859.85 ",2024-12-01,dup
729,W,Thingamajig," 1,729.53 ",2024-10-20,reingest
1645, east,Thingamajig,$307.04,2024-08-23,retry
896, east⁠ ,Gadget,"(4,295.84)",2024-01-22,reingest
2259,Ｅａｓｔ,Doohickey,"+1,012.18",2024-09-26,
5385,﻿East,Doohickey,(202.34),2024-05-23,reingest
864, east,Widget,818.50,2024-02-06,dup
1781,﻿North,Doohickey,bad-data,2024-03-18,dup
100,Ｎｏｒｔｈ,Widget,(498.45),2024-09-21,reingest
567,﻿West,Widget,+893.33,2024-06-15,reingest
3160, west ,Doohickey,582.47,2024-01-25,dup
1029,North​,Thingamajig,bad-data,2024-06-25,
4537,Ｓｏｕｔｈ,Gadget,-709.14,2024-06-17,retry
1780,eastern,Doohickey,bad-data,2024-11-27,retry
1705,SOUTH,Gadget,bad-data,2024-01-05,reingest
1910,NULL,Widget,(444.37),2024-01-19,
56, north⁠ ,Gadget,bad-data,2024-02-16,retry
355,﻿West,Doohickey,62.27,2024-08-15,dup
4654,eastern,Widget,1999.98,2024-01-22,dup
2683,western,Gadget,bad-data,2024-02-13,dup
2933, east⁠ ,Gadget,"2,371.90",2024-09-28,dup
3574,e,Thingamajig,954.00,2024-12-15,
2936,Ｓｏｕｔｈ,Widget,"-2,413.90",2024-07-11,reingest
549,western,Doohickey,$104.78,2024-07-28,reingest
4062,East​,Gadget,"+1,678.15",2024-12-23,dup
3089,Ｓｏｕｔｈ,Thingamajig,"(3,214.73)",2024-07-26,
2191, west⁠ ,Gadget,"3,013.85",2024-02-15,dup
4058, north⁠ ,Gadget,+572.56,2024-09-24,reingest
5345,s,Widget," 1,958.91 ",2024-10-08,
1752,North​,Widget,"3,063.08",2024-03-06,reingest
1766,n,Thingamajig,"$2,037.94",2024-05-03,
191,S,Widget,4075.43,2024-05-10,dup
5706,﻿,Thingamajig,383.23,2024-10-19,
3701,South​,Gadget,"$4,623.26",2024-12-13,dup
5000,S,Widget," 2,424.76 ",2024-02-18,reingest
5523,E,Gadget,bad-data,2024-02-02,dup
4786,   ,Gadget,"4,346.72",2024-11-10,
5690,South​,Thingamajig,bad-data,2024-10-11,
2655,western,Doohickey,bad-data,2024-03-28,
1485,southern,Gadget,+281.35,2024-03-24,
1015,​,Doohickey,12.95,2024-01-19,reingest
4577,SOUTH,Thingamajig,778.57,2024-10-28,reingest
2685,﻿,Widget,50.14,2024-09-05,dup
998,North​,Doohickey,$431.79,2024-09-09,dup
4603,South,Doohickey,972.98,2024-06-23,dup
5742,North,Gadget,bad-data,2024-01-07,
4758,n,Widget,4233.39,2024-10-19,retry
5970, ,Gadget,bad-data,2024-04-25,
780,﻿East,Thingamajig,985.15,2024-05-20,retry
2092,West,Doohickey," 2,230.28 ",2024-09-07,retry
4793,,Doohickey,3963.53,2024-04-20,
5912,South,Doohickey,3909.10,2024-05-05,reingest
5751, east⁠ ,Widget,400.95,2024-04-04,dup
1726,S,Thingamajig,"$4,943.48",2024-03-07,dup
2968,East,Gadget,350.30,2024-09-14,dup
4164,SOUTH,Doohickey,"+2,428.14",2024-04-02,dup
3996,S,Doohickey,"$3,787.83",2024-06-21,dup
3255,NA,Doohickey,"+1,518.52",2024-04-02,dup
531,﻿South,Thingamajig,"+4,195.46",2024-11-05,reingest
4368, east⁠ ,Widget," 2,491.04 ",2024-05-18,retry
3660,Ｅａｓｔ,Doohickey,$492.08,2024-08-26,
3224,West,Widget,"$2,233.78",2024-05-12,dup
2441,SOUTH,Gadget,bad-data,2024-02-04,retry
4119,North,Widget,12.10,2024-09-22,dup
4020,E,Doohickey,"$2,304.82",2024-02-15,retry
2538,s,Widget,"1,995.60",2024-04-24,retry
396,null,Thingamajig, 652.14 ,2024-08-26,
3562, ,Thingamajig,"(2,143.71)",2024-03-15,retry
5684, south⁠ ,Doohickey,3967.89,2024-05-24,reingest
1704,﻿South,Thingamajig,bad-data,2024-12-20,retry
5080,S,Doohickey," 1,097.91 ",2024-07-22,
2995,E,Widget,"$4,480.74",2024-03-22,retry
1104,North​,Doohickey,bad-data,2024-07-18,
4772,South​,Widget,"+1,431.33",2024-11-22,retry
962,E,Gadget," 2,495.70 ",2024-09-08,dup
825,South,Doohickey,bad-data,2024-05-17,retry
2386,﻿East,Doohickey,4953.98,2024-12-20,reingest
248,Ｅａｓｔ,Thingamajig," 2,395.25 ",2024-05-04,
596,W,Doohickey,bad-data,2024-10-24,dup
3077,   ,Doohickey,"+4,453.08",2024-08-28,reingest
4403,West,Widget,bad-data,2024-09-02,retry
3932,﻿,Gadget,"$2,475.33",2024-06-20,dup
4321,Ｎｏｒｔｈ,Thingamajig,"(2,156.30)",2024-04-24,retry
805,western,Widget,"$1,690.32",2024-09-17,
965,EAST ,Widget," 4,203.45 ",2024-07-24,retry
4898,East,Doohickey,+378.09,2024-01-05,retry
537,﻿West,Widget," 2,352.10 ",2024-03-24,
4651,n,Widget,+776.19,2024-03-09,dup
2876, ,Gadget,"1,343.86",2024-07-02,dup
5544,​,Widget," 3,658.07 ",2024-05-11,reingest
6160,﻿South,Widget,233.96,2024-02-13,retry
3810,EAST ,Gadget,bad-data,2024-05-24,dup
3590, ,Gadget,"+3,300.88",2024-05-03,dup
1378,null,Widget,bad-data,2024-01-26,dup
5444,North,Gadget," 1,413.16 ",2024-09-03,retry
406,Ｅａｓｔ,Widget," 2,162.02 ",2024-06-14,
1551,n/a,Gadget,"2,432.59",2024-07-09,reingest
3782,NA,Widget,"$2,089.59",2024-06-06,reingest
4481,Ｓｏｕｔｈ,Widget, 519.21 ,2024-12-24,retry
2949, south⁠ ,Gadget,"$4,150.82",2024-06-18,
401,W,Thingamajig,bad-data,2024-01-24,retry
979,WEST,Widget,"-2,551.09",2024-02-24,reingest
639,﻿North,Widget,"+2,366.64",2024-10-16,dup
72,Ｗｅｓｔ,Thingamajig,"(3,274.79)",2024-01-24,reingest
5525,North,Widget,"$1,914.96",2024-10-06,
4393,NA,Doohickey,"+4,074.83",2024-12-04,dup
2217, north⁠ ,Doohickey,704.13,2024-07-09,dup
1205,﻿South,Doohickey,"+2,973.51",2024-04-10,reingest
2143, south⁠ ,Gadget,"+4,586.64",2024-06-27,reingest
1101,None,Gadget,"1,898.29",2024-03-24,
328,North​,Widget,bad-data,2024-07-08,dup
4626,n/a,Thingamajig,"$4,663.12",2024-09-26,
2382,NORTH,Gadget,bad-data,2024-10-21,dup
5092, south⁠ ,Thingamajig,bad-data,2024-05-21,dup
5067,﻿West,Widget,856.34,2024-06-26,
5174,SOUTH,Thingamajig,"4,229.61",2024-07-15,reingest
2491,﻿East,Thingamajig,bad-data,2024-01-18,retry
2438,East,Thingamajig,+271.91,2024-07-04,reingest
4805, west⁠ ,Thingamajig,"$1,963.49",2024-05-16,retry
1692,﻿North,Gadget,"$3,731.17",2024-02-26,dup
2809,SOUTH,Thingamajig,bad-data,2024-11-04,reingest
4647,S,Gadget,bad-data,2024-10-10,dup
1761,NORTH,Gadget,"+1,438.75",2024-03-25,reingest
4887,East,Doohickey,"$2,887.75",2024-02-04,
4858,EAST ,Doohickey,2659.64,2024-05-19,dup
2205,East​,Thingamajig,"$1,527.82",2024-06-16,
5194,Ｗｅｓｔ,Gadget,$373.02,2024-04-18,retry
1846,South​,Gadget,"$3,849.32",2024-06-03,
4080,N,Widget,bad-data,2024-10-18,reingest
4057, west⁠ ,Doohickey,bad-data,2024-02-15,retry
1922, south ,Thingamajig,"(4,152.80)",2024-07-19,
2788,North​,Doohickey,"$1,493.42",2024-12-11,
6002,﻿North,Doohickey," 1,831.12 ",2024-08-19,
1155,None,Gadget,"+2,429.74",2024-07-11,retry
1788,EAST ,Thingamajig,"+4,003.40",2024-02-27,retry
2292, east,Doohickey,$777.09,2024-09-25,dup
6044,EAST ,Gadget,2067.41,2024-09-09,reingest
6090,NORTH,Doohickey,bad-data,2024-06-12,dup
150, south⁠ ,Gadget,bad-data,2024-09-09,
1095, west⁠ ,Thingamajig,+183.44,2024-09-01,
90,western,Thingamajig,"(3,833.30)",2024-05-14,reingest
201,East,Gadget,bad-data,2024-02-07,reingest
4727,Ｅａｓｔ,Gadget,"+4,336.14",2024-07-27,
2532,West​,Gadget,bad-data,2024-11-19,
4540,East,Widget,"(1,294.03)",2024-03-25,
3445,None,Doohickey,"+2,773.66",2024-05-19,retry
6184,e,Doohickey,bad-data,2024-07-24,retry
5559,s,Thingamajig,819.44,2024-07-16,retry
5089,Ｎｏｒｔｈ,Doohickey," 3,720.54 ",2024-05-01,retry
5579,n,Widget,"$2,360.88",2024-11-06,dup
5538,S,Gadget,bad-data,2024-10-01,dup
716,unknown,Gadget,bad-data,2024-06-17,
437,n,Thingamajig,bad-data,2024-07-27,retry
2910,Ｗｅｓｔ,Widget,"$3,107.26",2024-08-14,
5899,NULL,Doohickey,"+3,754.50",2024-07-19,
1430,S,Gadget,3116.95,2024-08-20,dup
5756,   ,Widget,1776.24,2024-01-19,retry
3698,N,Doohickey,"$1,255.17",2024-11-28,retry
3459,Ｎｏｒｔｈ,Gadget,"+3,600.99",2024-09-08,reingest
3633, west ,Doohickey,"3,451.36",2024-11-12,dup
3797,n/a,Doohickey,bad-data,2024-07-02,
2019,unk,Doohickey,"2,481.99",2024-11-26,dup
2499,w,Thingamajig,bad-data,2024-01-21,
153, north⁠ ,Gadget,bad-data,2024-04-05,retry
1252, south ,Gadget,bad-data,2024-08-10,
4419, ,Thingamajig,"(1,335.21)",2024-03-02,dup
2280,North,Gadget,bad-data,2024-02-28,
5553, east⁠ ,Thingamajig,"1,685.03",2024-01-08,reingest
2900,null,Gadget,"1,154.99",2024-04-28,
840,E,Gadget,599.93,2024-10-08,reingest
3749, ,Gadget,"+3,805.23",2024-05-17,reingest
2976, west ,Widget,bad-data,2024-11-06,reingest
2202,   ,Widget,bad-data,2024-11-02,reingest
452,s,Doohickey,+355.74,2024-06-16,reingest
3162,S,Gadget,bad-data,2024-06-28,retry
1514,EAST ,Doohickey,"3,818.97",2024-06-01,
1507,   ,Thingamajig,"$2,224.93",2024-03-25,
4976,northern,Gadget,1483.36,2024-01-02,
2325,​,Gadget,634.48,2024-08-07,retry
844, south⁠ ,Thingamajig," 2,250.92 ",2024-09-09,retry
576,SOUTH,Widget,bad-data,2024-12-15,
67,e,Thingamajig,"$4,036.54",2024-10-12,
3501,SOUTH,Gadget,"1,826.60",2024-01-20,dup
3005,northern,Gadget," 1,754.92 ",2024-06-07,reingest
3095,N,Gadget,bad-data,2024-01-14,
5730,,Widget,"$3,580.01",2024-06-06,
1131,East​,Widget,bad-data,2024-11-28,reingest
585,W,Doohickey,2440.20,2024-03-13,reingest
2370,W,Doohickey,587.23,2024-02-11,retry
5101,﻿South,Doohickey, 882.87 ,2024-10-04,retry
4655,   ,Thingamajig,723.19,2024-01-15,dup
3925,East,Thingamajig,"3,098.38",2024-11-19,
4349,s,Widget," 2,230.90 ",2024-04-24,dup
6060, south ,Gadget,bad-data,2024-03-01,reingest
305, ,Widget,"$1,558.60",2024-08-22,
3879,NORTH,Thingamajig,bad-data,2024-07-05,
4900,E,Gadget,"-3,244.21",2024-08-14,
1785,North,Widget,"(4,588.89)",2024-03-21,reingest
5622,None,Widget,"(3,161.57)",2024-03-15,
3683,s,Doohickey,"2,244.23",2024-12-25,dup
1132,NA,Gadget,"$1,609.77",2024-07-01,dup
4466, south ,Widget,"+3,704.56",2024-05-10,dup
93,northern,Thingamajig,bad-data,2024-02-02,dup
38,North​,Thingamajig,+408.15,2024-01-10,reingest
2664,﻿West,Thingamajig," 4,665.88 ",2024-08-25,dup
3679,,Widget,"1,554.72",2024-07-06,dup
2055,northern,Doohickey,bad-data,2024-03-18,retry
5125, south⁠ ,Thingamajig," 1,037.86 ",2024-09-22,
1299,n,Doohickey,bad-data,2024-01-07,dup
4582,unk,Doohickey,bad-data,2024-05-12,dup
5317,null,Widget,"2,088.23",2024-05-05,reingest
4043,Ｅａｓｔ,Doohickey,"+1,460.50",2024-11-11,
705,South​,Thingamajig,2618.62,2024-11-14,reingest
5782,,Thingamajig,bad-data,2024-11-17,retry
3711, east⁠ ,Widget," 2,241.36 ",2024-07-02,dup
1913,EAST ,Widget,1480.35,2024-07-28,reingest
1446,None,Widget,+960.01,2024-10-17,retry
1652,Ｅａｓｔ,Gadget,3345.68,2024-09-19,reingest
4372,s,Widget,330.73,2024-10-08,reingest
4929,East​,Thingamajig,1099.01,2024-09-03,
3373,None,Widget,$224.55,2024-08-21,reingest
3756,﻿North,Gadget,446.32,2024-06-17,
2583,eastern,Gadget,bad-data,2024-01-10,dup
380,eastern,Doohickey,"2,436.25",2024-03-18,retry
1707,Ｎｏｒｔｈ,Doohickey,"(4,834.23)",2024-02-21,retry
98,SOUTH,Gadget,"(4,392.78)",2024-02-09,
944,n/a,Widget,bad-data,2024-04-26,dup
4470,West​,Thingamajig,365.04,2024-10-15,dup
5057,None,Gadget,$466.34,2024-01-20,
1169,e,Widget,bad-data,2024-08-03,dup
6186,s,Gadget," 4,621.97 ",2024-06-28,reingest
5280,NORTH,Doohickey,"+3,492.11",2024-09-26,retry
5117, east⁠ ,Thingamajig,"4,577.58",2024-11-25,dup
3287,western,Doohickey,+105.35,2024-10-27,
3675, east,Thingamajig,"1,724.61",2024-03-22,dup
5924, west ,Gadget,452.92,2024-03-22,
92,None,Thingamajig,"$3,331.96",2024-05-13,retry
4039, UnKnown ,Gadget,bad-data,2024-05-09,retry
4852,EAST ,Gadget,"+4,445.70",2024-10-18,dup
2412,North​,Thingamajig,"-3,331.16",2024-03-22,
5801,northern,Doohickey,2282.81,2024-03-20,
3181,n/a,Doohickey,bad-data,2024-01-07,reingest
5343,West​,Gadget,"(3,943.99)",2024-08-09,
1474,None,Thingamajig," 2,167.51 ",2024-02-22,dup
1115,   ,Doohickey,bad-data,2024-10-16,reingest
462,northern,Gadget,$400.20,2024-03-19,retry
3917, west ,Gadget," 1,965.32 ",2024-08-02,dup
6171,﻿East,Gadget,"(1,983.77)",2024-07-06,
6082,NORTH,Thingamajig,2457.25,2024-04-08,reingest
2435,NULL,Gadget,"$1,513.20",2024-11-17,dup
863,South​,Doohickey," 3,772.85 ",2024-01-26,dup
2061,﻿North,Thingamajig,"1,457.28",2024-07-02,
5689,NORTH,Thingamajig,"$3,499.92",2024-08-22,dup
1106,W,Widget,bad-data,2024-08-01,
1658, east,Thingamajig,bad-data,2024-03-28,reingest
6095,unknown,Gadget,4207.69,2024-07-24,retry
535,S,Gadget,bad-data,2024-05-13,retry
2465,West,Gadget,"+1,241.14",2024-07-05,retry
3690,eastern,Thingamajig,"(2,717.57)",2024-04-02,retry
6137,n,Widget,"+3,290.86",2024-01-25,
86,North,Thingamajig,bad-data,2024-07-22,
786, north ,Thingamajig,"2,823.98",2024-08-18,
3502, west ,Doohickey,bad-data,2024-01-17,
6154,Ｓｏｕｔｈ,Gadget,"$4,856.00",2024-10-19,reingest
4818,eastern,Doohickey,"-3,404.03",2024-05-20,
1232, south⁠ ,Widget,"+2,005.23",2024-03-22,dup
5406,e,Gadget,1350.31,2024-12-26,retry
6094, west⁠ ,Thingamajig,"1,895.12",2024-11-24,
2275,Ｎｏｒｔｈ,Widget,bad-data,2024-09-21,dup
3456,SOUTH,Thingamajig,"+1,412.22",2024-07-02,dup
1142,northern,Doohickey,"+2,418.56",2024-10-01,reingest
2088,,Doohickey,"$2,502.70",2024-11-23,
2807,﻿South,Thingamajig,bad-data,2024-07-09,reingest
2740,w,Gadget,bad-data,2024-04-06,retry
3700,South,Thingamajig,bad-data,2024-05-15,dup
1541, south⁠ ,Thingamajig," 1,760.36 ",2024-06-16,
2894,South,Widget,"+2,872.48",2024-05-01,dup
1812,western,Widget,142.76,2024-02-19,dup
3139,South​,Widget,"-3,143.47",2024-01-27,reingest
978,South​,Thingamajig,"(4,897.13)",2024-07-23,
5091,S,Doohickey,bad-data,2024-10-28,
4883,NULL,Thingamajig,bad-data,2024-11-01,
1619,WEST,Doohickey,"(4,202.50)",2024-07-09,dup
5229,North,Thingamajig,"+1,147.19",2024-01-05,retry
3489, east,Doohickey,"(3,366.72)",2024-04-24,reingest
3213,North,Thingamajig,"+3,651.46",2024-03-12,
2549,E,Gadget,bad-data,2024-09-07,retry
2416,eastern,Widget,"$1,246.56",2024-05-04,dup
2667,Ｅａｓｔ,Gadget,bad-data,2024-03-13,
4891,null,Gadget,"+2,938.47",2024-07-06,
494,EAST ,Widget,810.46,2024-05-28,dup
6169,E,Thingamajig,"+1,421.13",2024-10-16,dup
1113,   ,Thingamajig,bad-data,2024-02-25,reingest
5024,WEST,Gadget," 1,141.16 ",2024-01-27,reingest
4543,Ｎｏｒｔｈ,Widget, 805.60 ,2024-03-23,reingest
3043, east,Widget,"1,754.02",2024-12-10,retry
5515,West​,Thingamajig,(795.98),2024-12-05,reingest
4710,western,Widget,"$1,955.77",2024-11-08,
3038,​,Thingamajig,bad-data,2024-04-22,dup
832,Ｅａｓｔ,Gadget,bad-data,2024-10-01,reingest
3355, north⁠ ,Doohickey,"3,758.92",2024-02-01,dup
5053,NORTH,Widget,"4,852.20",2024-08-25,retry
5660, west⁠ ,Gadget,"($3,712.06)",2024-11-05,
2011,SOUTH,Gadget,bad-data,2024-08-06,retry
1412, north ,Gadget,2290.32,2024-09-13,reingest
839,NORTH,Thingamajig,bad-data,2024-01-22,
5206,eastern,Gadget,798.56,2024-07-21,retry
594,North,Widget, 625.71 ,2024-04-09,
5682,North​,Doohickey,"+2,859.63",2024-10-16,
4431,S,Gadget,747.46,2024-06-21,reingest
5381,None,Thingamajig,909.88,2024-03-23,retry
4427, north ,Thingamajig,"$4,205.29",2024-06-21,dup
2829,unknown,Gadget,bad-data,2024-08-12,
5012,West​,Doohickey," 1,159.63 ",2024-02-02,dup
4103, south⁠ ,Thingamajig,bad-data,2024-05-03,dup
2123,,Gadget,"4,063.87",2024-04-07,reingest
5170,NULL,Widget,4043.55,2024-04-24,dup
4475, east,Widget,1063.42,2024-01-07,dup
4747, north⁠ ,Doohickey,1862.99,2024-08-03,retry
4519,West​,Widget,"$1,490.01",2024-11-02,
486, east⁠ ,Gadget,bad-data,2024-08-13,retry
5141,   ,Thingamajig,$469.69,2024-10-18,retry
4086,East​,Thingamajig,"1,065.68",2024-08-01,
2742,﻿South,Gadget," 2,273.98 ",2024-07-08,dup
1158,NORTH,Doohickey,$123.20,2024-08-23,retry
324,Ｗｅｓｔ,Gadget,bad-data,2024-10-02,reingest
6025,southern,Thingamajig,"2,201.22",2024-03-12,dup
5955,North,Doohickey,bad-data,2024-03-25,
3926,﻿North,Gadget,"+2,661.21",2024-02-27,dup
3009, north ,Widget,bad-data,2024-03-04,reingest
4034, east⁠ ,Doohickey,$463.17,2024-04-21,retry
2330,southern,Doohickey,bad-data,2024-06-07,
5010,South​,Gadget,bad-data,2024-03-17,dup
360,SOUTH,Gadget,"+1,863.83",2024-02-18,retry
2671, east⁠ ,Widget,bad-data,2024-12-16,reingest
1428,W,Gadget,900.22,2024-08-03,reingest
2844, north ,Gadget," 1,128.90 ",2024-08-08,
5652,W,Widget,4578.65,2024-03-05,reingest
2187,WEST,Gadget,"4,840.30",2024-09-06,dup
3728,w,Gadget,bad-data,2024-10-15,retry
427, east⁠ ,Gadget,bad-data,2024-09-14,
1411, west ,Widget,"(3,006.61)",2024-06-15,reingest
5110,unk,Widget,(344.23),2024-11-03,retry
5948,Ｎｏｒｔｈ,Thingamajig,bad-data,2024-11-09,
3981,western,Doohickey,4929.64,2024-09-20,dup
6127, UnKnown ,Widget,959.79,2024-11-20,dup
866, south ,Gadget,"+2,071.60",2024-04-10,dup
3892,southern,Widget," 1,554.08 ",2024-05-03,retry
1729,﻿South,Doohickey," 1,536.32 ",2024-03-16,dup
239,unk,Thingamajig,312.37,2024-11-06,dup
4946,W,Doohickey,bad-data,2024-11-28,dup
2766,SOUTH,Thingamajig,bad-data,2024-12-23,
4063,EAST ,Doohickey,1256.27,2024-08-09,retry
3916,None,Gadget," 3,183.37 ",2024-05-07,
210,East,Widget,bad-data,2024-03-02,reingest
3780,SOUTH,Doohickey,$438.36,2024-12-18,reingest
3016,﻿North,Gadget,"3,689.35",2024-10-03,retry
1342,﻿,Gadget,"+2,397.52",2024-10-05,retry
1498,N,Thingamajig,bad-data,2024-01-10,retry
2200,n,Widget,$63.20,2024-01-19,dup
814,NORTH,Thingamajig,3098.40,2024-10-02,
2494,w,Doohickey,bad-data,2024-08-13,retry
6023, east⁠ ,Widget,4357.18,2024-04-23,
1187,NA,Gadget,"+1,010.11",2024-01-14,retry
4810,East,Doohickey," 4,726.69 ",2024-06-14,retry
6096, south⁠ ,Thingamajig,4657.95,2024-03-10,
3869,w,Widget,"(1,278.88)",2024-04-03,
2424,North​,Thingamajig,1175.56,2024-05-26,
3625, south ,Doohickey,bad-data,2024-04-20,reingest
386,﻿East,Doohickey,"$4,956.50",2024-11-25,
2257, east,Gadget,"+2,043.51",2024-03-19,retry
5,South​,Thingamajig," 1,778.45 ",2024-08-23,
4451,E,Widget,bad-data,2024-10-18,
5157,E,Gadget,bad-data,2024-03-06,reingest
2003,South​,Doohickey,"1,198.45",2024-05-19,retry
1688,eastern,Thingamajig,+729.54,2024-05-08,retry
4099,,Thingamajig,bad-data,2024-03-26,
4539,NORTH,Doohickey,1461.88,2024-09-18,reingest
5087,unk,Widget,"$2,798.82",2024-04-18,dup
1110, east,Doohickey,bad-data,2024-11-22,reingest
3399, east⁠ ,Doohickey,"1,591.61",2024-07-14,
2098,n/a,Doohickey,bad-data,2024-01-13,retry
3378,North,Widget,+489.42,2024-08-06,reingest
4236,n,Widget,"-3,109.23",2024-03-15,
4232,n/a,Gadget,bad-data,2024-04-05,dup
4822,NULL,Gadget,$66.78,2024-11-13,reingest
3813,South​,Doohickey,+287.17,2024-03-28,
4329,western,Gadget,+960.78,2024-07-04,retry
858,North​,Gadget,bad-data,2024-09-25,reingest
4643,West,Doohickey,"+2,459.64",2024-09-12,
574,North,Doohickey,"(3,950.03)",2024-05-04,retry
1303,N,Widget,bad-data,2024-07-02,dup
5683, south⁠ ,Gadget,bad-data,2024-02-27,retry
5467,​,Widget,"2,412.70",2024-02-16,reingest
234,South,Doohickey,"1,792.70",2024-05-25,dup
1157,n,Doohickey,"$2,777.14",2024-02-10,reingest
1866,Ｓｏｕｔｈ,Widget,bad-data,2024-12-18,dup
2085,﻿East,Doohickey,"+1,162.50",2024-08-06,reingest
4637,n/a,Thingamajig,bad-data,2024-11-23,dup
15,NORTH,Doohickey,"-2,196.17",2024-08-18,reingest
3707,North,Gadget,bad-data,2024-10-17,
4594, east⁠ ,Thingamajig,"4,525.44",2024-12-16,dup
816,W,Gadget,1752.84,2024-11-02,dup
4399,WEST,Thingamajig,bad-data,2024-01-05,
3688,﻿West,Doohickey,bad-data,2024-06-04,reingest
2403,w,Thingamajig,bad-data,2024-07-10,reingest
5246, north ,Thingamajig,"4,730.77",2024-12-11,retry
1843,S,Doohickey,"$1,488.47",2024-06-18,retry
1455,w,Gadget,bad-data,2024-11-02,reingest
5488,N,Thingamajig,bad-data,2024-06-19,retry
6018,western,Gadget,"$1,917.94",2024-11-07,reingest
695,Ｓｏｕｔｈ,Gadget,1071.26,2024-12-04,dup
1546,﻿South,Thingamajig,bad-data,2024-04-21,dup
3598,East​,Doohickey,"($2,416.58)",2024-11-01,retry
3472,﻿South,Doohickey," 2,630.67 ",2024-07-23,
3302, east⁠ ,Gadget,"(4,596.66)",2024-12-04,
2468,Ｗｅｓｔ,Thingamajig,bad-data,2024-08-19,
856,Ｓｏｕｔｈ,Widget,$278.38,2024-09-03,
2794,w,Thingamajig,"+1,703.21",2024-03-11,dup
3848,W,Doohickey,"+1,614.67",2024-05-10,
3190,W,Gadget,bad-data,2024-03-28,
6175,Ｅａｓｔ,Thingamajig,bad-data,2024-04-25,dup
3967,null,Doohickey,2213.79,2024-12-23,
1674,southern,Doohickey,"$1,987.90",2024-11-05,
4231,NORTH,Doohickey,bad-data,2024-08-06,
614,e,Widget," 1,451.93 ",2024-02-07,
3795,n,Thingamajig,bad-data,2024-09-26,reingest
1241,southern,Gadget,bad-data,2024-10-16,retry
3269,﻿,Gadget,"3,342.52",2024-01-25,dup
3286,East​,Thingamajig,bad-data,2024-06-01,dup
5520,None,Thingamajig,1758.75,2024-04-01,reingest
5453, UnKnown ,Widget," 3,507.46 ",2024-07-18,retry
3577,,Widget,"+2,581.28",2024-08-06,
1591,West​,Gadget,"$1,941.15",2024-05-04,reingest
2109,N,Gadget,"$4,768.07",2024-11-13,
3306,South​,Widget,"-1,682.07",2024-10-10,
3285,NA,Thingamajig,"(4,746.16)",2024-09-12,retry
4272,West​,Doohickey," 4,604.30 ",2024-04-02,reingest
6191,﻿,Doohickey,231.54,2024-01-10,dup
5777,w,Doohickey,bad-data,2024-11-20,retry
2347,western,Gadget,"4,576.73",2024-09-01,dup
3375, ,Doohickey,2119.41,2024-10-04,dup
5120,eastern,Thingamajig,496.96,2024-02-17,reingest
2767,﻿South,Gadget,bad-data,2024-08-16,
1534,s,Widget,(47.26),2024-12-20,dup
3211,North​,Widget,"+1,692.79",2024-04-11,reingest
277, east,Widget,bad-data,2024-02-19,retry
624,western,Gadget,"$4,466.92",2024-11-12,
258,unknown,Doohickey,"$1,200.16",2024-10-05,
395,Ｅａｓｔ,Widget,bad-data,2024-07-05,reingest
2089,East,Thingamajig,bad-data,2024-07-02,dup
5073,None,Gadget,bad-data,2024-09-11,reingest
4649, east⁠ ,Thingamajig,bad-data,2024-10-18,
213,S,Gadget," 4,479.08 ",2024-03-26,reingest
1830,NULL,Thingamajig, 35.19 ,2024-11-07,reingest
4570,S,Thingamajig,bad-data,2024-12-08,dup
4418,NULL,Doohickey,bad-data,2024-07-18,retry
1700,West,Gadget,"$1,227.29",2024-09-04,
4924,Ｗｅｓｔ,Widget,"+1,301.40",2024-04-28,dup
4584,West,Doohickey,"($1,139.66)",2024-05-08,reingest
2540,E,Doohickey,139.56,2024-09-06,
996,western,Widget,"3,555.07",2024-05-13,
3706,S,Gadget,"+1,480.62",2024-10-01,
2077,NULL,Doohickey,"$2,751.72",2024-09-26,
3137, west ,Widget, 617.15 ,2024-12-03,retry
4136,Ｎｏｒｔｈ,Gadget,(162.46),2024-12-13,
3197,northern,Thingamajig,2.98,2024-11-12,retry
2078,WEST,Widget,+502.82,2024-03-18,dup
4467,West​,Gadget,bad-data,2024-10-18,dup
2245,﻿East,Thingamajig," 1,388.25 ",2024-02-12,reingest
2994,WEST,Thingamajig,"$4,557.03",2024-07-09,
2727,East​,Doohickey,3162.70,2024-01-20,retry
2110,E,Thingamajig,758.77,2024-05-27,
4121, north⁠ ,Widget,"-2,509.06",2024-05-14,retry
5757, east⁠ ,Gadget,2763.16,2024-09-21,reingest
3268, UnKnown ,Gadget,"3,376.56",2024-06-09,retry
4023,﻿South,Doohickey,369.34,2024-09-07,dup
1588,Ｅａｓｔ,Thingamajig,+828.03,2024-04-15,dup
135,s,Widget," 4,222.25 ",2024-04-19,dup
1389,﻿,Gadget,bad-data,2024-09-08,dup
367,w,Gadget,"+1,497.97",2024-09-17,reingest
82,n/a,Doohickey," 1,214.77 ",2024-04-12,reingest
176,﻿South,Doohickey,bad-data,2024-03-07,dup
5741, east⁠ ,Thingamajig,"$4,074.69",2024-07-02,retry
5326,southern,Thingamajig,"1,256.40",2024-09-07,
909, east,Gadget,"$3,568.35",2024-10-21,retry
4745,WEST,Thingamajig,4825.16,2024-11-22,retry
1569,NA,Thingamajig,367.15,2024-07-15,
5261,N,Gadget,"$1,206.47",2024-03-15,dup
2293, west⁠ ,Gadget,(134.41),2024-03-02,reingest
4213,None,Gadget,bad-data,2024-02-09,retry
5893,,Widget, 913.94 ,2024-07-10,reingest
51, north ,Widget,"+3,321.02",2024-02-04,retry
3384,West​,Doohickey,bad-data,2024-03-21,
1005,n,Thingamajig,"1,913.12",2024-09-15,dup
2025,n,Doohickey,bad-data,2024-09-06,retry
2883,South​,Gadget,1459.69,2024-03-25,reingest
3367,NORTH,Doohickey,bad-data,2024-03-11,dup
114,None,Gadget,"$3,868.62",2024-06-09,retry
5127, north ,Gadget,+195.06,2024-04-20,
3733,s,Thingamajig,1864.58,2024-05-01,reingest
5947,n/a,Gadget,bad-data,2024-06-03,
2504,western,Doohickey,"2,062.57",2024-05-19,reingest
3240,E,Thingamajig," 4,712.24 ",2024-05-20,retry
3153,n,Widget,bad-data,2024-01-14,retry
1596,West,Widget,"-1,359.40",2024-02-01,dup
4079,S,Thingamajig,"$1,385.08",2024-01-21,reingest
320,southern,Thingamajig,bad-data,2024-04-25,reingest
2944,East​,Gadget," 1,661.10 ",2024-11-10,reingest
1958,East,Thingamajig,"2,743.69",2024-09-10,reingest
5731,E,Widget,bad-data,2024-02-02,retry
178,East​,Doohickey,"$3,257.15",2024-11-15,dup
2006, north ,Doohickey,bad-data,2024-02-16,dup
279,n,Thingamajig,3979.33,2024-08-17,reingest
5283,West,Doohickey,bad-data,2024-11-07,
2586,unk,Thingamajig, 687.54 ,2024-12-02,dup
4861,S,Doohickey," 2,042.34 ",2024-05-10,retry
2607, north ,Gadget,4432.29,2024-10-21,retry
5720,None,Gadget,bad-data,2024-01-27,
5219,﻿North,Doohickey,"+4,016.29",2024-06-02,
1327,West,Thingamajig,"$2,057.41",2024-03-27,
5333,North​,Gadget,407.70,2024-05-05,retry
1599,w,Thingamajig,bad-data,2024-10-06,dup
2328,unk,Thingamajig,"$2,155.26",2024-11-18,
1298,North,Thingamajig,849.28,2024-12-07,dup
469,﻿South,Gadget,"(3,001.68)",2024-08-22,dup
2039,n,Widget,"+2,107.01",2024-04-20,dup
5799,southern,Doohickey,"$3,843.49",2024-04-28,retry
4010,Ｎｏｒｔｈ,Gadget, 979.38 ,2024-05-24,retry
192,EAST ,Thingamajig,bad-data,2024-12-27,reingest
3964,Ｓｏｕｔｈ,Thingamajig,+685.56,2024-12-18,dup
5409,North,Gadget,$199.29,2024-02-05,retry
5003, north⁠ ,Gadget,bad-data,2024-10-06,retry
1886,s,Gadget,2025.98,2024-05-28,
5312,W,Doohickey,"($1,083.83)",2024-08-03,
442,﻿East,Widget," 1,919.72 ",2024-01-15,dup
3608,SOUTH,Thingamajig,bad-data,2024-07-26,reingest
4461,West,Doohickey,bad-data,2024-12-27,dup
1099,North​,Thingamajig,+445.65,2024-01-18,reingest
83,Ｗｅｓｔ,Gadget,"$2,018.80",2024-06-28,retry
319, south⁠ ,Widget,+475.65,2024-03-23,
3630,﻿West,Widget,2232.73,2024-04-26,dup
1491,NA,Widget,"$1,632.25",2024-07-16,retry
45,﻿West,Widget," 3,425.34 ",2024-05-02,
4210,NULL,Widget,"+4,056.01",2024-10-08,
4389,South,Widget, 384.29 ,2024-05-24,reingest
422,NORTH,Widget,"(3,994.92)",2024-02-21,
5054, north ,Thingamajig,"$2,425.64",2024-05-06,dup
2901,n/a,Doohickey,"2,703.86",2024-11-07,retry
5898, south⁠ ,Thingamajig,bad-data,2024-09-19,dup
1940, UnKnown ,Doohickey,bad-data,2024-05-17,dup
2262,NA,Widget,bad-data,2024-11-11,dup
5563,South​,Gadget, 649.69 ,2024-07-14,retry
4253,Ｗｅｓｔ,Widget,266.69,2024-04-18,reingest
3138,northern,Gadget,bad-data,2024-07-19,dup
2492,S,Gadget,3652.78,2024-08-21,retry
4044,North,Widget,bad-data,2024-05-26,reingest
3763,Ｅａｓｔ,Widget,"+2,592.20",2024-01-11,retry
3919,e,Doohickey,477.85,2024-03-25,retry
4429, west ,Thingamajig,bad-data,2024-09-15,
4291,northern,Thingamajig,"+4,320.09",2024-06-18,retry
5364,North​,Widget,"1,398.97",2024-03-08,dup
1733, north⁠ ,Doohickey,"(4,802.33)",2024-12-02,reingest
1353,﻿East,Doohickey," 3,244.13 ",2024-06-21,dup
758,South,Widget," 2,048.67 ",2024-11-16,retry
1280,Ｗｅｓｔ,Widget,+175.76,2024-07-19,retry
4421, west⁠ ,Doohickey,331.98,2024-08-02,reingest
2009, ,Thingamajig,bad-data,2024-10-01,reingest
286, north⁠ ,Widget, 858.39 ,2024-01-27,
5800,northern,Doohickey,788.72,2024-04-28,retry
5386, south ,Thingamajig,$347.13,2024-03-22,retry
4920,western,Widget,4915.90,2024-04-15,
4247,North,Gadget,+859.92,2024-08-01,reingest
2785,North,Gadget,bad-data,2024-01-23,
2450,northern,Widget,bad-data,2024-02-19,reingest
4309,s,Gadget,"1,031.65",2024-04-18,reingest
5027,West​,Thingamajig,"(4,572.49)",2024-03-19,dup
3097,n/a,Widget,"1,327.30",2024-04-09,dup
929,Ｎｏｒｔｈ,Thingamajig,+831.83,2024-09-15,dup
3877,null,Doohickey,1082.35,2024-07-04,reingest
4975,None,Widget," 4,437.03 ",2024-06-10,retry
2523,South,Doohickey,bad-data,2024-10-12,
2734,Ｅａｓｔ,Gadget,"+1,773.71",2024-08-27,retry
2049,Ｎｏｒｔｈ,Widget,bad-data,2024-04-11,retry
5302, south⁠ ,Thingamajig,"$2,601.37",2024-07-24,
2269,western,Thingamajig,bad-data,2024-03-07,
6201,NULL,Doohickey,N/A,2024-09-16,bad_amount
6202,NULL,Widget,"12,34,56",2024-04-28,bad_amount
6203,s,Thingamajig,$$,2024-03-12,bad_amount
6204,W,Widget,abc,2024-10-05,bad_amount
6205,w,Thingamajig,(12.3,2024-10-28,bad_amount
6206, UnKnown ,Thingamajig,abc,2024-06-04,bad_amount
6207,North,Gadget, ,2024-07-21,bad_amount
6208,unk,Gadget,(12.3,2024-02-22,bad_amount
6209,NORTH,Gadget,,2024-09-28,bad_amount
6210,West​,Gadget,$$,2024-04-11,bad_amount
6211,North,Gadget,$$,2024-06-08,bad_amount
6212,s,Thingamajig, ,2024-03-04,bad_amount
6213,South​,Widget,1.2.3,2024-06-26,bad_amount
6214,﻿North,Thingamajig,--5,2024-01-21,bad_amount
6215,﻿North,Widget,null,2024-12-02,bad_amount
6216,SOUTH,Doohickey,N/A,2024-09-28,bad_amount
6217, east⁠ ,Doohickey,$$,2024-05-24,bad_amount
6218,None,Doohickey,N/A,2024-11-18,bad_amount
6219,n,Gadget,"12,34,56",2024-07-22,bad_amount
6220,unknown,Widget,abc,2024-05-19,bad_amount
6221,West​,Thingamajig,N/A,2024-03-14,bad_amount
6222,EAST ,Doohickey,abc,2024-12-13,bad_amount
6223,unk,Gadget,N/A,2024-07-14,bad_amount
6224,NORTH,Doohickey,null,2024-04-14,bad_amount
6225,Ｅａｓｔ,Gadget,(12.3,2024-02-27,bad_amount
6226,West,Thingamajig,N/A,2024-11-11,bad_amount
6227,South,Widget,$$,2024-08-05,bad_amount
6228,North,Gadget,null,2024-06-17,bad_amount
6229,North​,Gadget, ,2024-11-12,bad_amount
6230,s,Widget,abc,2024-12-26,bad_amount
6231,West​,Widget, ,2024-11-01,bad_amount
6232, east,Widget,N/A,2024-05-23,bad_amount
6233,South,Doohickey,(12.3,2024-12-19,bad_amount
6234,n/a,Thingamajig,abc,2024-11-04,bad_amount
6235,None,Thingamajig,null,2024-10-03,bad_amount
6236,eastern,Thingamajig,(12.3,2024-03-27,bad_amount
6237,NA,Gadget,(12.3,2024-01-24,bad_amount
6238, north⁠ ,Gadget,1.2.3,2024-04-21,bad_amount
6239,﻿South,Gadget,abc,2024-08-19,bad_amount
6240,Ｗｅｓｔ,Gadget,1.2.3,2024-09-01,bad_amount
6241,W,Widget,null,2024-07-03,bad_amount
6242,N,Widget,N/A,2024-12-04,bad_amount
6243,W,Doohickey,1.2.3,2024-01-07,bad_amount
6244, west ,Gadget,1.2.3,2024-05-22,bad_amount
6245, west ,Thingamajig,abc,2024-10-04,bad_amount
6246,null,Widget,abc,2024-04-13,bad_amount
6247,Ｅａｓｔ,Widget,--5,2024-07-24,bad_amount
6248,South,Widget,"12,34,56",2024-09-22,bad_amount
6249, north ,Doohickey,$$,2024-01-13,bad_amount
6250,Ｅａｓｔ,Thingamajig,"12,34,56",2024-04-26,bad_amount
6251,s,Gadget,"12,34,56",2024-11-27,bad_amount
6252,southern,Thingamajig,N/A,2024-01-18,bad_amount
6253,EAST ,Doohickey,(12.3,2024-05-27,bad_amount
6254, north⁠ ,Gadget,abc,2024-09-06,bad_amount
6255,﻿,Gadget,abc,2024-10-18,bad_amount
6256, south ,Thingamajig,(12.3,2024-04-26,bad_amount
6257,East​,Widget, ,2024-10-10,bad_amount
6258,unknown,Doohickey,null,2024-06-14,bad_amount
6259,   ,Doohickey,--5,2024-07-22,bad_amount
6260,N,Thingamajig,N/A,2024-05-22,bad_amount
6261,West​,Gadget, ,2024-03-12,bad_amount
6262,n,Thingamajig,null,2024-10-09,bad_amount
6263,SOUTH,Thingamajig,N/A,2024-01-19,bad_amount
6264,West,Widget,"12,34,56",2024-08-15,bad_amount
6265,﻿North,Doohickey,N/A,2024-12-26,bad_amount
6266,​,Thingamajig,1.2.3,2024-05-18,bad_amount
6267,﻿,Widget,N/A,2024-10-02,bad_amount
6268,eastern,Doohickey,--5,2024-11-04,bad_amount
6269,None,Widget,abc,2024-04-03,bad_amount
6270,South​,Doohickey,1.2.3,2024-10-18,bad_amount
6271,South,Widget,null,2024-06-25,bad_amount
6272,western,Doohickey,abc,2024-10-07,bad_amount
6273, north⁠ ,Widget, ,2024-06-08,bad_amount
6274,NULL,Widget,N/A,2024-11-01,bad_amount
6275,western,Widget,1.2.3,2024-10-19,bad_amount
6276,Ｓｏｕｔｈ,Thingamajig,abc,2024-03-22,bad_amount
6277, west ,Doohickey,$$,2024-05-20,bad_amount
6278,unknown,Gadget,$$,2024-12-14,bad_amount
6279,   ,Doohickey,--5,2024-11-14,bad_amount
6280,E,Thingamajig,(12.3,2024-06-28,bad_amount
6281, west ,Thingamajig,abc,2024-06-19,bad_amount
6282, north⁠ ,Doohickey,$$,2024-04-14,bad_amount
6283,South​,Widget,null,2024-07-22,bad_amount
6284, ,Gadget,$$,2024-09-06,bad_amount
6285, south ,Gadget,$$,2024-09-01,bad_amount
6286,﻿West,Gadget,,2024-10-25,bad_amount
6287,E,Doohickey,N/A,2024-11-06,bad_amount
6288, ,Doohickey,null,2024-09-02,bad_amount
6289,East,Widget,,2024-01-11,bad_amount
6290,West​,Widget,null,2024-02-25,bad_amount
6291,unk,Widget,--5,2024-05-23,bad_amount
6292,,Gadget,$$,2024-10-12,bad_amount
6293,western,Thingamajig,null,2024-05-28,bad_amount
6294,,Gadget,null,2024-06-28,bad_amount
6295, west ,Doohickey, ,2024-04-14,bad_amount
6296,N,Thingamajig,,2024-06-24,bad_amount
6297, UnKnown ,Gadget,N/A,2024-06-17,bad_amount
6298,s,Gadget,abc,2024-09-13,bad_amount
6299,South​,Widget,abc,2024-11-07,bad_amount
6300, west⁠ ,Widget,,2024-09-28,bad_amount
6301,West​,Doohickey,$$,2024-03-09,bad_amount
6302, north⁠ ,Gadget,abc,2024-11-03,bad_amount
6303,E,Thingamajig,1.2.3,2024-03-19,bad_amount
6304, east⁠ ,Widget,"12,34,56",2024-12-09,bad_amount
6305,s,Thingamajig,null,2024-09-17,bad_amount
6306,unk,Gadget,(12.3,2024-05-23,bad_amount
6307,E,Thingamajig,1.2.3,2024-04-17,bad_amount
6308, north ,Doohickey, ,2024-11-09,bad_amount
6309,Ｗｅｓｔ,Doohickey,$$,2024-11-21,bad_amount
6310,﻿South,Doohickey,(12.3,2024-04-24,bad_amount
6311,E,Widget,--5,2024-12-24,bad_amount
6312,South​,Thingamajig,N/A,2024-01-12,bad_amount
6313,unk,Thingamajig,abc,2024-06-23,bad_amount
6314,e,Gadget,N/A,2024-02-16,bad_amount
6315, west⁠ ,Gadget,(12.3,2024-10-25,bad_amount
6316,North,Thingamajig,N/A,2024-09-17,bad_amount
6317, UnKnown ,Doohickey,$$,2024-02-21,bad_amount
6318,W,Doohickey,N/A,2024-06-20,bad_amount
6319,   ,Widget,--5,2024-08-22,bad_amount
6320,SOUTH,Widget,$$,2024-04-11,bad_amount
6321,WEST,Widget,"12,34,56",2024-11-15,bad_amount
6322,None,Gadget,null,2024-03-19,bad_amount
6323, south ,Widget,1.2.3,2024-12-21,bad_amount
6324,E,Doohickey,1.2.3,2024-04-04,bad_amount
6325, ,Thingamajig, ,2024-10-14,bad_amount
6326,﻿South,Doohickey,"12,34,56",2024-08-06,bad_amount
6327,None,Thingamajig,--5,2024-03-22,bad_amount
6328,NORTH,Doohickey,(12.3,2024-09-24,bad_amount
6329,East​,Doohickey,null,2024-03-27,bad_amount
6330,​,Gadget,--5,2024-11-23,bad_amount
6331,western,Widget,null,2024-04-18,bad_amount
6332,n,Widget,1.2.3,2024-04-16,bad_amount
6333,Ｗｅｓｔ,Widget, ,2024-09-19,bad_amount
6334,Ｎｏｒｔｈ,Doohickey,"12,34,56",2024-05-08,bad_amount
6335,North,Doohickey,--5,2024-02-19,bad_amount
6336, north⁠ ,Gadget, ,2024-09-23,bad_amount
6337,unknown,Doohickey,1.2.3,2024-10-19,bad_amount
6338,W,Thingamajig,1.2.3,2024-04-14,bad_amount
6339,null,Gadget,"12,34,56",2024-04-16,bad_amount
6340,S,Gadget,1.2.3,2024-04-04,bad_amount
6341,northern,Doohickey,,2024-07-08,bad_amount
6342,n,Gadget,abc,2024-01-02,bad_amount
6343,WEST,Widget,,2024-07-12,bad_amount
6344,SOUTH,Thingamajig,,2024-09-07,bad_amount
6345,N,Widget,abc,2024-12-07,bad_amount
6346, east⁠ ,Doohickey,abc,2024-03-05,bad_amount
6347,﻿South,Doohickey,$$,2024-09-04,bad_amount
6348,None,Widget,,2024-02-02,bad_amount
6349,w,Gadget,$$,2024-07-14,bad_amount
6350,﻿East,Widget,"12,34,56",2024-07-10,bad_amount
6351,w,Doohickey,"12,34,56",2024-09-01,bad_amount
6352, UnKnown ,Gadget,1.2.3,2024-12-09,bad_amount
6353,e,Widget,$$,2024-02-14,bad_amount
6354,western,Gadget,,2024-03-14,bad_amount
6355,﻿South,Thingamajig,(12.3,2024-07-17,bad_amount
6356,South​,Thingamajig,null,2024-04-23,bad_amount
6357, south⁠ ,Gadget,N/A,2024-04-05,bad_amount
6358,w,Doohickey,abc,2024-01-27,bad_amount
6359, north ,Gadget,N/A,2024-09-22,bad_amount
6360, south ,Gadget,"12,34,56",2024-04-11,bad_amount
6361, west ,Doohickey,$$,2024-01-03,bad_amount
6362,null,Doohickey,1.2.3,2024-04-10,bad_amount
6363,eastern,Doohickey,,2024-01-09,bad_amount
6364,e,Thingamajig,--5,2024-09-06,bad_amount
6365,East,Gadget,1.2.3,2024-07-25,bad_amount
6366,s,Doohickey,1.2.3,2024-08-09,bad_amount
6367,EAST ,Widget,$$,2024-01-22,bad_amount
6368,s,Widget,--5,2024-11-08,bad_amount
6369,WEST,Widget,"12,34,56",2024-01-18,bad_amount
6370,e,Widget,(12.3,2024-05-28,bad_amount
6371,southern,Gadget,$$,2024-05-05,bad_amount
6372,﻿,Widget,1.2.3,2024-12-07,bad_amount
6373,null,Thingamajig,$$,2024-09-02,bad_amount
6374, west ,Thingamajig,1.2.3,2024-02-02,bad_amount
6375,e,Thingamajig,N/A,2024-12-05,bad_amount
6376,E,Widget,1.2.3,2024-01-23,bad_amount
6377,North​,Widget,1.2.3,2024-01-20,bad_amount
6378,EAST ,Gadget,--5,2024-06-16,bad_amount
6379,Ｗｅｓｔ,Thingamajig, ,2024-10-09,bad_amount
6380, east,Thingamajig,,2024-09-18,bad_amount
6381,n/a,Thingamajig, ,2024-08-06,bad_amount
6382,n,Gadget,null,2024-08-27,bad_amount
6383,unk,Gadget,--5,2024-05-02,bad_amount
6384, west ,Thingamajig,,2024-07-06,bad_amount
6385, south⁠ ,Thingamajig,1.2.3,2024-09-11,bad_amount
6386,N,Thingamajig,null,2024-08-24,bad_amount
6387,NORTH,Thingamajig,null,2024-01-17,bad_amount
6388,NORTH,Gadget,N/A,2024-10-12,bad_amount
6389,North​,Doohickey,abc,2024-09-14,bad_amount
6390,EAST ,Thingamajig,"12,34,56",2024-09-15,bad_amount
6391,Ｗｅｓｔ,Thingamajig,abc,2024-08-14,bad_amount
6392,West,Thingamajig,null,2024-06-04,bad_amount
6393,South,Gadget,$$,2024-10-23,bad_amount
6394,northern,Widget,,2024-04-04,bad_amount
6395,Ｅａｓｔ,Widget, ,2024-06-28,bad_amount
6396, north⁠ ,Gadget,N/A,2024-09-03,bad_amount
6397,North​,Thingamajig,null,2024-07-02,bad_amount
6398, west⁠ ,Widget,abc,2024-03-04,bad_amount
6399,Ｗｅｓｔ,Widget,null,2024-12-13,bad_amount
6400,w,Thingamajig,,2024-01-08,bad_amount
6401,S,Widget,abc,2024-03-10,bad_amount
6402,EAST ,Gadget, ,2024-03-15,bad_amount
6403,n,Doohickey,$$,2024-05-16,bad_amount
6404,None,Gadget,"12,34,56",2024-11-02,bad_amount
6405,n,Thingamajig,(12.3,2024-09-16,bad_amount
6406,South,Thingamajig,abc,2024-12-17,bad_amount
6407,null,Gadget,null,2024-03-05,bad_amount
6408,WEST,Widget,(12.3,2024-03-12,bad_amount
6409,E,Widget,,2024-05-02,bad_amount
6410, east,Gadget,null,2024-12-15,bad_amount
6411,E,Doohickey, ,2024-01-21,bad_amount
6412,North,Gadget,null,2024-11-06,bad_amount
6413,,Gadget,1.2.3,2024-07-17,bad_amount
6414,e,Thingamajig, ,2024-01-06,bad_amount
6415, south ,Gadget,,2024-02-08,bad_amount
6416,N,Widget,--5,2024-03-14,bad_amount
6417,﻿West,Widget,--5,2024-06-20,bad_amount
6418, east⁠ ,Thingamajig,(12.3,2024-04-18,bad_amount
6419, west ,Widget,1.2.3,2024-06-06,bad_amount
6420, UnKnown ,Widget,"12,34,56",2024-05-05,bad_amount
6421,﻿East,Thingamajig,--5,2024-07-06,bad_amount
6422,﻿West,Gadget,,2024-08-16,bad_amount
6423,western,Doohickey,null,2024-10-18,bad_amount
6424,NORTH,Gadget, ,2024-11-25,bad_amount
6425, north ,Doohickey,(12.3,2024-11-13,bad_amount
6426, UnKnown ,Doohickey,$$,2024-11-25,bad_amount
6427,West​,Thingamajig,1.2.3,2024-11-22,bad_amount
6428,﻿,Doohickey,,2024-07-13,bad_amount
6429,null,Doohickey,--5,2024-06-17,bad_amount
6430,EAST ,Gadget,,2024-07-28,bad_amount
6431,N,Doohickey, ,2024-05-04,bad_amount
6432,Ｓｏｕｔｈ,Thingamajig,abc,2024-08-09,bad_amount
6433,Ｎｏｒｔｈ,Gadget,null,2024-11-10,bad_amount
6434,Ｓｏｕｔｈ,Thingamajig,$$,2024-06-01,bad_amount
6435,unknown,Widget,$$,2024-10-14,bad_amount
6436,Ｎｏｒｔｈ,Thingamajig,--5,2024-08-26,bad_amount
6437,EAST ,Thingamajig,$$,2024-03-22,bad_amount
6438,EAST ,Thingamajig,N/A,2024-12-20,bad_amount
6439,​,Thingamajig,N/A,2024-02-05,bad_amount
6440,East​,Doohickey,,2024-03-24,bad_amount
6441,East,Thingamajig,,2024-09-13,bad_amount
6442, UnKnown ,Thingamajig,--5,2024-08-17,bad_amount
6443,North,Thingamajig,N/A,2024-03-22,bad_amount
6444, UnKnown ,Thingamajig,N/A,2024-03-04,bad_amount
6445,﻿North,Gadget,$$,2024-06-07,bad_amount
6446,North,Thingamajig,abc,2024-05-18,bad_amount
6447,S,Thingamajig,null,2024-07-22,bad_amount
6448,n/a,Gadget,(12.3,2024-05-20,bad_amount
6449,East,Thingamajig,null,2024-11-22,bad_amount
6450,western,Doohickey,N/A,2024-10-08,bad_amount
6451,northern,Gadget,null,2024-02-15,bad_amount
6452,n/a,Doohickey,null,2024-02-14,bad_amount
6453, south ,Thingamajig,null,2024-08-24,bad_amount
6454,West,Widget,1.2.3,2024-11-12,bad_amount
6455,SOUTH,Thingamajig,null,2024-03-27,bad_amount
6456,Ｅａｓｔ,Widget,"12,34,56",2024-11-20,bad_amount
6457,North,Widget,,2024-07-08,bad_amount
6458, west ,Gadget, ,2024-08-09,bad_amount
6459,South,Doohickey, ,2024-09-21,bad_amount
6460,s,Doohickey, ,2024-04-12,bad_amount
6461,Ｅａｓｔ,Doohickey,abc,2024-11-21,bad_amount
6462, south ,Widget,(12.3,2024-03-07,bad_amount
6463,N,Gadget,"12,34,56",2024-12-19,bad_amount
6464,S,Doohickey,1.2.3,2024-02-22,bad_amount
6465,southern,Doohickey,"12,34,56",2024-07-01,bad_amount
6466,unknown,Doohickey,1.2.3,2024-05-23,bad_amount
6467,null,Thingamajig,(12.3,2024-03-18,bad_amount
6468,W,Widget, ,2024-01-28,bad_amount
6469,n,Thingamajig,"12,34,56",2024-11-20,bad_amount
6470,North,Doohickey,(12.3,2024-08-12,bad_amount
6471,southern,Gadget,"12,34,56",2024-06-09,bad_amount
6472, east,Widget,N/A,2024-05-19,bad_amount
6473,North,Thingamajig,(12.3,2024-10-02,bad_amount
6474,​,Gadget,N/A,2024-10-09,bad_amount
6475,n,Widget,"12,34,56",2024-11-13,bad_amount
6476,SOUTH,Widget,1.2.3,2024-02-03,bad_amount
6477,northern,Widget,"12,34,56",2024-05-14,bad_amount
6478, west ,Thingamajig,abc,2024-06-03,bad_amount
6479,e,Gadget,null,2024-09-27,bad_amount
6480,EAST ,Doohickey,1.2.3,2024-09-17,bad_amount
6481,﻿,Doohickey,abc,2024-04-21,bad_amount
6482,NULL,Thingamajig,null,2024-08-08,bad_amount
6483,﻿East,Doohickey,1.2.3,2024-08-22,bad_amount
6484,﻿North,Gadget,$$,2024-12-25,bad_amount
6485,s,Gadget,1.2.3,2024-10-06,bad_amount
6486, east,Doohickey,$$,2024-04-08,bad_amount
6487,​,Widget,--5,2024-04-10,bad_amount
6488,n/a,Thingamajig,--5,2024-08-10,bad_amount
6489,SOUTH,Thingamajig,(12.3,2024-10-23,bad_amount
6490, south ,Widget,N/A,2024-10-19,bad_amount
6491, north⁠ ,Gadget,null,2024-03-25,bad_amount
6492,﻿East,Gadget,(12.3,2024-02-25,bad_amount
6493,Ｗｅｓｔ,Widget, ,2024-01-14,bad_amount
6494,North​,Doohickey,--5,2024-11-02,bad_amount
6495,n/a,Widget,abc,2024-05-17,bad_amount
6496,Ｗｅｓｔ,Thingamajig, ,2024-08-18,bad_amount
6497,EAST ,Doohickey, ,2024-05-28,bad_amount
6498,﻿,Widget,1.2.3,2024-05-05,bad_amount
6499, north⁠ ,Widget,,2024-02-26,bad_amount
6500,,Widget,1.2.3,2024-05-26,bad_amount
6501,Ｓｏｕｔｈ,Widget,$$,2024-03-08,bad_amount
6502,North​,Doohickey, ,2024-02-15,bad_amount
6503,western,Thingamajig,abc,2024-04-03,bad_amount
6504,​,Doohickey,N/A,2024-03-08,bad_amount
6505,northern,Gadget,1.2.3,2024-12-01,bad_amount
6506,southern,Doohickey,$$,2024-09-15,bad_amount
6507,East,Doohickey,,2024-10-05,bad_amount
6508, ,Gadget,null,2024-10-09,bad_amount
6509,South,Widget, ,2024-11-28,bad_amount
6510, east,Widget,N/A,2024-06-19,bad_amount
6511,﻿East,Thingamajig,(12.3,2024-07-08,bad_amount
6512,West,Doohickey,(12.3,2024-05-05,bad_amount
6513,northern,Doohickey,abc,2024-12-13,bad_amount
6514, south ,Doohickey,1.2.3,2024-12-09,bad_amount
6515,South​,Doohickey,"12,34,56",2024-04-15,bad_amount
6516,southern,Widget,abc,2024-12-24,bad_amount
6517,North,Gadget, ,2024-05-11,bad_amount
6518,w,Gadget,--5,2024-03-03,bad_amount
6519,n/a,Gadget,"12,34,56",2024-10-16,bad_amount
6520,n/a,Gadget,$$,2024-09-27,bad_amount
6521,SOUTH,Doohickey,1.2.3,2024-05-23,bad_amount
6522, south ,Doohickey,abc,2024-02-03,bad_amount
6523,North,Widget,$$,2024-06-11,bad_amount
6524, west ,Gadget,$$,2024-03-27,bad_amount
6525,North,Thingamajig,"12,34,56",2024-10-18,bad_amount
6526,EAST ,Gadget,(12.3,2024-07-12,bad_amount
6527,Ｓｏｕｔｈ,Gadget,,2024-06-01,bad_amount
6528,None,Thingamajig,,2024-07-04,bad_amount
6529,northern,Gadget,abc,2024-08-28,bad_amount
6530,﻿East,Widget,(12.3,2024-08-13,bad_amount
6531,East,Widget, ,2024-09-14,bad_amount
6532, west ,Thingamajig,1.2.3,2024-08-01,bad_amount
6533,South,Widget,(12.3,2024-05-27,bad_amount
6534,None,Doohickey,(12.3,2024-02-22,bad_amount
6535,Ｓｏｕｔｈ,Thingamajig,null,2024-04-07,bad_amount
6536,NULL,Gadget,abc,2024-07-16,bad_amount
6537,NA,Thingamajig,--5,2024-10-12,bad_amount
6538,NA,Gadget,abc,2024-12-04,bad_amount
6539,Ｅａｓｔ,Doohickey,(12.3,2024-10-20,bad_amount
6540,eastern,Gadget,1.2.3,2024-08-15,bad_amount
6541, ,Doohickey,(12.3,2024-02-08,bad_amount
6542,S,Widget,abc,2024-02-21,bad_amount
6543, ,Widget,null,2024-08-25,bad_amount
6544,South,Widget, ,2024-12-08,bad_amount
6545, west ,Widget,,2024-03-18,bad_amount
6546, UnKnown ,Gadget,--5,2024-01-26,bad_amount
6547,﻿South,Gadget,$$,2024-07-16,bad_amount
6548,E,Widget,"12,34,56",2024-08-14,bad_amount
6549,​,Widget, ,2024-04-24,bad_amount
6550,s,Doohickey,$$,2024-06-18,bad_amount
6551,??,Gadget,$503.86,2024-08-15,weird_region
6552,region-1,Widget,$538.36,2024-09-12,weird_region
6553,east-west,Thingamajig,995.46,2024-07-09,weird_region
6554,central,Doohickey, 768.97 ,2024-11-11,weird_region
6555,region-1,Widget,543.73,2024-10-12,weird_region
6556,SW,Thingamajig,+379.92,2024-04-24,weird_region
6557,??,Gadget,766.36,2024-08-14,weird_region
6558,??,Thingamajig,480.86,2024-02-25,weird_region
6559,0,Doohickey,337.64,2024-04-21,weird_region
6560,0,Gadget,921.23,2024-09-09,weird_region
6561,east-west,Gadget,157.35,2024-11-27,weird_region
6562,0,Gadget, 304.55 ,2024-09-12,weird_region
6563,Northeast,Widget,122.49,2024-08-14,weird_region
6564,region-1,Widget,230.23,2024-04-21,weird_region
6565,0,Doohickey, 277.55 ,2024-12-11,weird_region
6566,Northeast,Thingamajig,$424.18,2024-03-12,weird_region
6567,Northeast,Widget,393.39,2024-02-12,weird_region
6568,0,Gadget,83.78,2024-07-07,weird_region
6569,region-1,Gadget,$354.92,2024-11-28,weird_region
6570,central,Thingamajig,$471.04,2024-02-09,weird_region
6571,east-west,Gadget, 451.76 ,2024-07-20,weird_region
6572,Northeast,Thingamajig,838.64,2024-04-06,weird_region
6573,east-west,Gadget,443.92,2024-09-10,weird_region
6574,east-west,Gadget, 837.24 ,2024-10-09,weird_region
6575,central,Thingamajig,$923.94,2024-10-19,weird_region
6576,region-1,Doohickey, 916.97 ,2024-08-09,weird_region
6577,Northeast,Widget, 8.17 ,2024-06-28,weird_region
6578,central,Thingamajig,+904.27,2024-10-28,weird_region
6579,region-1,Doohickey,+132.76,2024-04-28,weird_region
6580,0,Doohickey,+239.32,2024-10-11,weird_region
6581,central,Gadget,$428.36,2024-10-07,weird_region
6582,region-1,Gadget,648.47,2024-02-24,weird_region
6583,0,Thingamajig,+719.77,2024-08-12,weird_region
6584,region-1,Thingamajig,$711.34,2024-10-04,weird_region
6585,east-west,Gadget,929.44,2024-09-16,weird_region
6586,central,Doohickey,+26.40,2024-01-22,weird_region
6587,0,Gadget, 676.41 ,2024-12-20,weird_region
6588,region-1,Thingamajig,$307.71,2024-07-18,weird_region
6589,0,Thingamajig, 985.15 ,2024-06-24,weird_region
6590,east-west,Widget,+857.03,2024-05-21,weird_region
6591,??,Widget,501.35,2024-11-25,weird_region
6592,??,Gadget,710.97,2024-05-28,weird_region
6593,central,Doohickey,+55.59,2024-09-08,weird_region
6594,??,Doohickey, 26.48 ,2024-12-19,weird_region
6595,region-1,Thingamajig,625.05,2024-03-28,weird_region
6596,0,Thingamajig,559.35,2024-07-03,weird_region
6597,0,Thingamajig,163.55,2024-12-19,weird_region
6598,east-west,Thingamajig,817.78,2024-08-23,weird_region
6599,SW,Thingamajig,+363.89,2024-12-20,weird_region
6600,central,Gadget,563.64,2024-02-11,weird_region
6601,0,Doohickey,89.89,2024-12-04,weird_region
6602,central,Gadget,246.99,2024-10-10,weird_region
6603,central,Gadget,972.13,2024-12-11,weird_region
6604,0,Doohickey,807.67,2024-01-16,weird_region
6605,0,Doohickey,75.32,2024-02-21,weird_region
6606,region-1,Widget, 600.34 ,2024-01-26,weird_region
6607,Northeast,Thingamajig,708.70,2024-08-21,weird_region
6608,0,Doohickey,528.96,2024-09-02,weird_region
6609,0,Doohickey,8.55,2024-09-03,weird_region
6610,Northeast,Gadget,271.13,2024-07-06,weird_region
6611,east-west,Doohickey,763.57,2024-07-12,weird_region
6612,central,Doohickey,307.35,2024-02-12,weird_region
6613,??,Doohickey,523.58,2024-11-27,weird_region
6614,??,Gadget,424.44,2024-07-18,weird_region
6615,central,Thingamajig, 722.00 ,2024-03-23,weird_region
6616,region-1,Widget,991.62,2024-10-24,weird_region
6617,??,Thingamajig,+656.93,2024-11-09,weird_region
6618,0,Thingamajig,651.85,2024-10-28,weird_region
6619,central,Thingamajig, 578.44 ,2024-02-17,weird_region
6620,east-west,Doohickey,590.34,2024-06-05,weird_region
6621,??,Widget,669.58,2024-06-08,weird_region
6622,SW,Gadget,+759.75,2024-11-27,weird_region
6623,Northeast,Doohickey,+181.65,2024-03-12,weird_region
6624,central,Thingamajig,+173.78,2024-06-04,weird_region
6625,??,Gadget, 996.59 ,2024-12-08,weird_region
6626,region-1,Thingamajig,+915.75,2024-11-24,weird_region
6627,??,Doohickey,+768.32,2024-04-25,weird_region
6628,central,Gadget, 288.53 ,2024-12-08,weird_region
6629,central,Doohickey,$650.44,2024-11-16,weird_region
6630,central,Gadget,180.84,2024-01-14,weird_region
6631,central,Widget, 787.50 ,2024-04-03,weird_region
6632,east-west,Widget, 597.32 ,2024-07-11,weird_region
6633,region-1,Gadget,$435.78,2024-05-22,weird_region
6634,0,Doohickey,$509.68,2024-06-08,weird_region
6635,central,Widget,+140.20,2024-12-01,weird_region
6636,0,Gadget, 981.04 ,2024-03-22,weird_region
6637,central,Doohickey,558.81,2024-12-14,weird_region
6638,??,Thingamajig,$646.79,2024-09-13,weird_region
6639,east-west,Gadget,972.38,2024-10-11,weird_region
6640,SW,Thingamajig, 541.08 ,2024-04-17,weird_region
6641,Northeast,Widget,+707.34,2024-08-16,weird_region
6642,Northeast,Doohickey, 490.56 ,2024-08-07,weird_region
6643,central,Gadget,379.38,2024-07-08,weird_region
6644,east-west,Thingamajig,+866.87,2024-02-12,weird_region
6645,??,Widget,$165.71,2024-04-09,weird_region
6646,region-1,Doohickey,800.24,2024-11-03,weird_region
6647,??,Widget,+696.90,2024-07-27,weird_region
6648,central,Doohickey,24.21,2024-05-13,weird_region
6649,SW,Widget,525.66,2024-07-26,weird_region
6650,central,Thingamajig,1.53,2024-11-16,weird_region
6651,region-1,Doohickey, 337.27 ,2024-07-13,weird_region
6652,Northeast,Widget,$222.60,2024-09-10,weird_region
6653,0,Gadget,765.81,2024-01-28,weird_region
6654,central,Widget,+355.52,2024-04-25,weird_region
6655,east-west,Gadget, 32.27 ,2024-07-09,weird_region
6656,SW,Doohickey, 41.41 ,2024-09-01,weird_region
6657,SW,Widget,461.23,2024-05-24,weird_region
6658,??,Doohickey,$489.69,2024-10-19,weird_region
6659,??,Doohickey,474.75,2024-06-21,weird_region
6660,central,Thingamajig,96.24,2024-09-24,weird_region
6661,east-west,Gadget, 363.09 ,2024-06-16,weird_region
6662,SW,Gadget, 530.78 ,2024-05-12,weird_region
6663,Northeast,Thingamajig,554.40,2024-04-17,weird_region
6664,0,Gadget,$263.74,2024-08-26,weird_region
6665,??,Widget,+99.21,2024-02-01,weird_region
6666,0,Widget,+575.12,2024-06-07,weird_region
6667,east-west,Doohickey, 400.19 ,2024-10-08,weird_region
6668,central,Thingamajig, 497.04 ,2024-04-03,weird_region
6669,east-west,Doohickey,$362.05,2024-03-16,weird_region
6670,region-1,Widget, 705.89 ,2024-07-18,weird_region
6671,0,Widget,149.01,2024-10-09,weird_region
6672,SW,Doohickey,$736.77,2024-02-09,weird_region
6673,central,Doohickey,726.09,2024-12-21,weird_region
6674,0,Doohickey,+457.39,2024-01-13,weird_region
6675,SW,Doohickey,686.63,2024-08-01,weird_region
6676,region-1,Thingamajig,+800.08,2024-12-02,weird_region
6677,region-1,Widget, 344.37 ,2024-05-04,weird_region
6678,central,Gadget,957.79,2024-03-24,weird_region
6679,central,Thingamajig,863.44,2024-03-21,weird_region
6680,east-west,Thingamajig,462.61,2024-04-23,weird_region
6681,central,Doohickey, 641.54 ,2024-02-01,weird_region
6682,0,Gadget,878.92,2024-07-21,weird_region
6683,SW,Doohickey,+889.39,2024-11-20,weird_region
6684,??,Widget,950.28,2024-12-21,weird_region
6685,0,Thingamajig,$796.22,2024-02-02,weird_region
6686,region-1,Gadget,+285.93,2024-01-04,weird_region
6687,Northeast,Widget,+888.00,2024-04-07,weird_region
6688,region-1,Doohickey,486.04,2024-03-28,weird_region
6689,0,Doohickey, 54.53 ,2024-08-09,weird_region
6690,SW,Widget, 345.47 ,2024-01-12,weird_region
6691,east-west,Widget,+471.57,2024-02-14,weird_region
6692,??,Doohickey,$921.27,2024-01-12,weird_region
6693,Northeast,Doohickey,613.71,2024-05-09,weird_region
6694,central,Thingamajig,818.08,2024-03-02,weird_region
6695,central,Gadget, 955.71 ,2024-05-15,weird_region
6696,0,Widget,+881.32,2024-03-15,weird_region
6697,Northeast,Doohickey,+381.71,2024-01-04,weird_region
6698,Northeast,Gadget,+139.83,2024-09-05,weird_region
6699,SW,Doohickey,+543.22,2024-10-15,weird_region
6700,0,Gadget,+417.05,2024-02-09,weird_region
6701,east-west,Doohickey, 746.43 ,2024-01-26,weird_region
6702,SW,Gadget, 810.05 ,2024-11-17,weird_region
6703,SW,Thingamajig,579.98,2024-07-17,weird_region
6704,region-1,Widget,+899.67,2024-09-09,weird_region
6705,central,Widget,+529.21,2024-06-18,weird_region
6706,SW,Gadget,+159.65,2024-12-07,weird_region
6707,??,Widget,719.23,2024-08-12,weird_region
6708,central,Widget,459.10,2024-03-11,weird_region
6709,??,Doohickey,$956.44,2024-10-23,weird_region
6710,SW,Gadget,$289.49,2024-04-07,weird_region
6711,??,Doohickey,26.55,2024-06-06,weird_region
6712,SW,Thingamajig,516.44,2024-10-14,weird_region
6713,central,Thingamajig, 829.80 ,2024-04-03,weird_region
6714,central,Gadget,345.98,2024-11-02,weird_region
6715,Northeast,Doohickey,217.15,2024-12-03,weird_region
6716,central,Doohickey, 20.99 ,2024-10-02,weird_region
6717,region-1,Thingamajig,$94.49,2024-11-15,weird_region
6718,0,Doohickey,117.05,2024-08-27,weird_region
6719,east-west,Gadget,56.56,2024-11-21,weird_region
6720,SW,Gadget, 581.20 ,2024-12-15,weird_region
6721,east-west,Widget,536.85,2024-11-05,weird_region
6722,east-west,Widget, 932.92 ,2024-06-16,weird_region
6723,0,Thingamajig,9.41,2024-03-07,weird_region
6724,east-west,Widget, 207.38 ,2024-10-04,weird_region
6725,SW,Thingamajig,$655.10,2024-11-06,weird_region
6726,Northeast,Thingamajig,907.49,2024-01-02,weird_region
6727,SW,Gadget,946.59,2024-09-02,weird_region
6728,region-1,Thingamajig,+307.39,2024-06-15,weird_region
6729,0,Widget, 806.58 ,2024-02-23,weird_region
6730,region-1,Gadget,989.87,2024-09-21,weird_region
6731,0,Widget,410.26,2024-02-05,weird_region
6732,0,Doohickey,+839.28,2024-05-26,weird_region
6733,Northeast,Gadget,$830.16,2024-09-19,weird_region
6734,Northeast,Widget, 825.81 ,2024-07-20,weird_region
6735,east-west,Gadget,$150.61,2024-09-28,weird_region
6736,SW,Thingamajig, 92.64 ,2024-09-27,weird_region
6737,??,Thingamajig, 78.34 ,2024-03-02,weird_region
6738,??,Gadget,$961.85,2024-04-20,weird_region
6739,SW,Thingamajig,78.14,2024-08-28,weird_region
6740,0,Doohickey,791.40,2024-11-14,weird_region
6741,region-1,Thingamajig,428.15,2024-07-03,weird_region
6742,0,Doohickey,108.96,2024-02-14,weird_region
6743,east-west,Doohickey,$414.09,2024-01-11,weird_region
6744,region-1,Thingamajig,$368.71,2024-03-10,weird_region
6745,region-1,Thingamajig,$128.80,2024-02-06,weird_region
6746,region-1,Thingamajig,243.90,2024-04-08,weird_region
6747,central,Thingamajig,$452.77,2024-12-28,weird_region
6748,central,Gadget,663.65,2024-03-10,weird_region
6749,east-west,Gadget,606.45,2024-05-27,weird_region
6750,region-1,Widget,$16.97,2024-05-23,weird_region
6751,region-1,Widget,$740.00,2024-04-10,weird_region
6752,Northeast,Widget,+419.22,2024-06-13,weird_region
6753,central,Gadget,376.15,2024-10-01,weird_region
6754,central,Widget,134.15,2024-08-06,weird_region
6755,??,Widget,684.35,2024-07-23,weird_region
6756,central,Widget,648.59,2024-11-07,weird_region
6757,Northeast,Doohickey,$676.20,2024-08-09,weird_region
6758,0,Widget,+901.38,2024-09-13,weird_region
6759,SW,Doohickey,557.87,2024-01-01,weird_region
6760,Northeast,Gadget,765.92,2024-02-09,weird_region
6761,central,Gadget, 664.01 ,2024-06-12,weird_region
6762,0,Thingamajig,476.76,2024-02-18,weird_region
6763,SW,Gadget,187.16,2024-03-13,weird_region
6764,??,Doohickey,985.91,2024-03-05,weird_region
6765,east-west,Gadget,+979.95,2024-09-12,weird_region
6766,central,Gadget,$793.21,2024-11-12,weird_region
6767,??,Gadget,+942.68,2024-03-10,weird_region
6768,Northeast,Doohickey,$497.31,2024-12-12,weird_region
6769,SW,Thingamajig, 190.36 ,2024-09-02,weird_region
6770,region-1,Thingamajig,999.67,2024-08-20,weird_region
6771,SW,Thingamajig,734.51,2024-02-03,weird_region
6772,??,Gadget,280.67,2024-04-25,weird_region
6773,??,Doohickey,965.84,2024-01-15,weird_region
6774,SW,Doohickey, 537.79 ,2024-04-11,weird_region
6775,central,Doohickey,$145.19,2024-09-13,weird_region
6776,??,Gadget, 317.37 ,2024-11-05,weird_region
6777,??,Widget,314.09,2024-12-04,weird_region
6778,SW,Widget, 775.01 ,2024-06-06,weird_region
6779,??,Doohickey, 293.82 ,2024-10-01,weird_region
6780,SW,Doohickey,398.66,2024-01-03,weird_region
6781,??,Thingamajig,507.26,2024-04-11,weird_region
6782,0,Widget,$374.92,2024-03-18,weird_region
6783,Northeast,Widget, 74.17 ,2024-03-27,weird_region
6784,east-west,Gadget,368.74,2024-03-17,weird_region
6785,SW,Thingamajig,+459.69,2024-10-14,weird_region
6786,central,Thingamajig,$16.23,2024-06-23,weird_region
6787,??,Widget, 363.67 ,2024-07-05,weird_region
6788,Northeast,Doohickey,$96.49,2024-01-19,weird_region
6789,SW,Widget,+704.84,2024-07-02,weird_region
6790,east-west,Widget,+786.86,2024-12-09,weird_region
6791,??,Doohickey,482.08,2024-05-15,weird_region
6792,east-west,Widget,957.86,2024-12-14,weird_region
6793,east-west,Widget,+261.56,2024-05-19,weird_region
6794,Northeast,Gadget, 386.88 ,2024-05-03,weird_region
6795,0,Thingamajig,357.48,2024-05-14,weird_region
6796,east-west,Widget,$226.73,2024-12-16,weird_region
6797,region-1,Doohickey,+620.14,2024-05-18,weird_region
6798,central,Gadget, 359.40 ,2024-01-18,weird_region
6799,central,Gadget,+285.95,2024-03-08,weird_region
6800,Northeast,Gadget,610.16,2024-08-03,weird_region
