student_id,Course_Id,​semester‌,​grade‌
104, 159,Fall2023,C
226,28,Fall2023,C+
 544, 160,Spring2025,C+
 765 ,8,Fall2024,A
208 , 105,Spring2024,C+
976, 218,Fall2024,B
527, 101 ,Fall2023,B-
574 ,200,Spring2024,B+
622, 124 ,Fall2023,B+
 ,122,Fall2024,B+
​329‌, ,Fall2023,B+
 871,41 ,Spring2025,A-
638 , 231,Fall2024,C
​69‌, 189,Fall2024,C
1096 ,83 ,Spring2024,A
479 ,53,Spring2025,B+
 492, 42 ,Spring2025,C
​341‌,62 ,Fall2023,C
​104‌, 187 ,Spring2025,B
 29, 6,Fall2023,A-
743,​6‌,Spring2024,A
133,13,Fall2024,B-
 67 , 171,Fall2023,A-
 968 ,99,Fall2024,B
-3,-9,Spring2024,B+
969, 17 ,Spring2025,B-
878 , 231 ,Fall2023,A
​848‌,​148‌,Spring2024,C
860 ,​178‌,Spring2025,A
 1019, 23 ,Fall2024,B
12 ,65,Spring2025,C+
841 ,​37‌,Spring2024,C+
664 , 12,Spring2024,A-
 107 ,​15‌,Fall2024,B
68 , 99 ,Fall2024,C+
519 ,​143‌,Fall2023,B-
 976, 110,Fall2024,B
 384,60,Spring2025,B-
 953, 105 ,Fall2023,B-
 749 ,​8‌,Spring2024,A-
 258,11 ,Spring2024,A
​689‌, 155,Fall2024,C
635 ,80,Spring2025,A
804,​121‌,Spring2025,C+
699 , 3 ,Spring2024,A
 711, 115 ,Fall2024,B-
517, 156 ,Fall2024,B
​584‌,​150‌,Spring2025,B
​31‌, 32,Spring2025,B-
​282‌, 125 ,Spring2024,B
​54‌,​90‌,Fall2024,B-
​602‌, 118,Spring2025,C
799 ,​120‌,Fall2023,B-
381,​169‌,Spring2025,B+
389 , 122 ,Fall2024,B+
abc,-9,Fall2023,B+
 427 , 183,Spring2025,B+
 655 , 184,Fall2023,A-
​121‌, 50 ,Spring2024,A-
118 , 176 ,Spring2024,A-
 211,​190‌,Spring2025,B+
208 ,17 ,Spring2025,B+
 , 46 ,Spring2024,B
 600 ,4,Spring2025,A
 339, 217,Spring2025,C
 648,195 ,Fall2024,B
375, 74 ,Fall2023,A-
​665‌,64 ,Spring2024,B-
​1065‌,​130‌,Fall2024,A
 539 ,20,Spring2025,A
516, 7,Spring2025,C
620 , 120 ,Fall2024,B
 443, 32 ,Spring2025,B+
 374, 67 ,Spring2024,C
 804,65 ,Fall2024,B-
85 ,40,Spring2024,C+
612 , 19,Spring2025,B-
​562‌, 34 ,Spring2024,B
 540,163 ,Fall2023,C+
698,​131‌,Fall2023,A-
248 ,​175‌,Spring2025,B+
927 , 132,Fall2023,C+
285 , 105,Spring2024,C+
 1036 , 5,Fall2024,B
295, 64,Fall2023,A
466 , 138,Fall2023,A
951 , 91,Fall2024,B-
26 , 43 ,Fall2024,B
879 , 156 ,Fall2024,A
 679 , 58,Spring2025,C
 778 ,44,Spring2024,C
230,88,Spring2024,B
 236 ,5 ,Fall2024,C+
 152 ,125 ,Spring2024,B-
1099, 62 ,Spring2025,A
 415,105 ,Spring2025,B+
 685,​11‌,Spring2025,A
 306,127 ,Spring2025,C
130 ,​200‌,Spring2025,C
662 , 120 ,Spring2025,B+
523, 3 ,Fall2024,C+
 582 , 153 ,Fall2023,A-
402,​29‌,Fall2024,B+
​224‌,11 ,Spring2025,B
 541 , 103,Fall2023,C+
416, 91 ,Spring2024,C+
380,8 ,Spring2025,B
 990 , 150 ,Fall2024,A-
1006 ,81,Spring2025,C+
​524‌,88 ,Spring2025,C
301, 41,Fall2023,A
​30‌, 10 ,Spring2024,B-
 518, 229 ,Spring2024,B
 870 , 84,Spring2025,B+
 , 34 ,Spring2025,B
896 ,,Spring2024,C
 676,7 ,Spring2025,A
​42‌, 88 ,Spring2024,B-
 109 ,150,Fall2024,A-
​823‌,1 ,Fall2023,B-
763 ,144,Fall2023,A
 1064 , 166 ,Fall2024,B-
​467‌,​43‌,Fall2023,C+
 667 ,39,Fall2023,A
​672‌,​58‌,Fall2024,C+
 497, 196 ,Fall2024,C+
 481 , 26 ,Spring2025,C
 626,81 ,Spring2024,A
 507,82,Fall2023,A
 198 , 11,Spring2024,A
806, 41 ,Spring2024,C+
1073,​197‌,Fall2023,C+
 817,120,Spring2025,B+
​928‌,225 ,Fall2023,B-
 866 ,167,Fall2024,B-
 319, 17,Spring2025,B-
N/A,​143‌,Fall2023,C
760 ,120 ,Fall2024,A
 903 ,186,Spring2025,A-
​812‌,​201‌,Fall2023,B
 145,3 ,Fall2024,B
​275‌,​1‌,Spring2024,A
674,​159‌,Fall2023,B+
26 , 186 ,Spring2024,B-
741,​3‌,Spring2025,A-
968 , 61,Fall2023,A-
48, 23,Fall2023,B
737 ,​2‌,Fall2023,C+
 1059,​159‌,Spring2025,C+
23 , 80 ,Spring2025,A
​91‌, 30,Fall2023,B-
 277 , 196,Fall2024,B-
 829 ,219,Fall2023,C
880, 154 ,Spring2024,B
907,90 ,Spring2025,C+
 806 ,​172‌,Fall2024,B
371,17,Spring2025,C
 356 , 232,Fall2023,A-
 940 ,​66‌,Spring2025,A-
​929‌,17 ,Spring2024,C+
 632,​115‌,Fall2023,B
 260 , 103 ,Spring2024,C
​424‌,194 ,Spring2024,A
​531‌, 18,Spring2025,B
 283 ,66 ,Spring2024,A-
 585,106,Fall2023,A-
 477 ,102 ,Spring2024,C
 659, 163 ,Fall2024,B-
537,​26‌,Spring2024,B-
 876, 164 ,Spring2024,C+
200 , 175,Spring2025,B+
 337 , 67,Spring2025,B-
​595‌, 42 ,Fall2023,A
417,​59‌,Spring2025,C+
1049 ,81,Spring2025,B+
 142 , 7 ,Spring2024,B-
1022, 72 ,Spring2024,B+
​1026‌,​99‌,Fall2024,A
​968‌, 7 ,Spring2025,B+
 635 , 170,Fall2023,B+
416 ,109 ,Fall2024,B-
522,61 ,Fall2023,B
 918,76 ,Fall2023,B-
 502, 137,Spring2024,C+
 102 , 17 ,Spring2024,B-
 554,173,Spring2025,A
541,171 ,Fall2023,B
 421 ,​235‌,Fall2023,B
​1098‌,77 ,Fall2024,A-
540, 61,Fall2024,B-
759, 3,Fall2023,B+
 545,163 ,Spring2024,A
 22, 11 ,Spring2024,B-
 184,166 ,Fall2024,C+
755 , 121,Spring2025,A-
 1060 ,​88‌,Spring2024,A-
583 ,​84‌,Spring2024,A-
928,​208‌,Spring2024,A-
129 ,105 ,Fall2024,B+
 282,​35‌,Fall2024,C
​788‌,127,Spring2025,B-
​607‌,40 ,Fall2024,C+
 484,150,Spring2025,A
64,64,Fall2024,C
180 ,50 ,Fall2024,C
 199 , 12,Fall2024,A-
 482, 89,Spring2025,C+
​47‌,200 ,Fall2024,B
 905,​117‌,Fall2024,B-
 788 , 17 ,Fall2024,B+
nan,​159‌,Fall2024,C+
 273,​31‌,Fall2023,A-
 777,​185‌,Fall2024,B-
 481,150,Fall2024,B-
 546 ,88,Fall2024,C
-3,0,Fall2023,B-
 715 , 166 ,Spring2025,B
 986, 82,Spring2025,C+
915, 177 ,Fall2024,A-
913, 156 ,Spring2025,C+
 543 ,​112‌,Fall2023,A-
​740‌, 50,Fall2023,B-
 528, 88,Fall2023,B+
659,105,Fall2024,B
​530‌,188 ,Fall2024,A
​982‌,241,Fall2024,B-
​689‌, 155,Fall2024,C
​234‌,88 ,Fall2024,C+
637 ,​45‌,Spring2024,B-
​992‌,​16‌,Fall2023,C
 329 , 17,Fall2024,C
 831 ,168 ,Spring2025,B+
423 ,53 ,Fall2023,B-
​330‌,11,Spring2024,B+
974 ,76 ,Spring2025,C
867,109,Fall2024,A-
​962‌,​42‌,Fall2023,C+
​340‌,10 ,Spring2025,B+
735 , 88,Spring2025,C
 696 , 33,Fall2023,A-
None, 178,Fall2023,C
384, 153,Spring2024,A-
​640‌,56 ,Fall2023,B-
317, 147,Fall2023,B-
162, 88,Spring2024,B-
 725 , 63 ,Spring2025,A
​1030‌, 31 ,Spring2025,A
554 , 150,Spring2025,B
 87 , 231 ,Fall2024,C+
470, 190,Spring2025,B-
 25, 5 ,Fall2024,A-
978 , 99,Spring2025,B-
 400 ,128,Spring2025,B-
​961‌,105 ,Fall2023,C
​282‌, 89 ,Spring2024,B-
116, 102 ,Fall2024,B-
​536‌, 37 ,Spring2025,B-
 315 , 117,Fall2024,A-
 486 ,​1‌,Fall2024,B+
811 ,78 ,Spring2025,B-
907,55,Fall2023,B-
798,4,Fall2024,A
273, 25 ,Fall2024,B-
217 , 111 ,Fall2023,A
 342 ,61,Spring2025,B
 126, 59,Fall2023,A
 48,83 ,Spring2025,B
156, 165,Spring2024,C+
811, 42 ,Fall2023,C+
820,,Fall2023,A
 772, 34,Spring2025,C+
​499‌,99,Fall2023,C+
747,173,Spring2024,A
 411 , 194,Fall2024,A
911, 91,Fall2023,B+
717 ,127 ,Spring2024,B-
​670‌, 27 ,Fall2023,B-
-3,-9,Fall2024,C+
505 ,​43‌,Fall2023,C
232 ,155,Spring2025,C+
648 , 122,Fall2023,B-
917,​94‌,Spring2025,B-
704,​39‌,Spring2024,A
 608 ,7,Fall2024,B
 827,​77‌,Spring2025,B+
396 , 93,Spring2024,B+
664, 48,Fall2023,A-
761 ,94,Spring2024,A
 671 ,134,Spring2025,C+
553 , 48 ,Fall2024,B
​760‌,​58‌,Spring2024,A
981,​150‌,Spring2024,B+
 618, 150 ,Fall2023,B
 202 ,120,Spring2025,B
 760,5,Fall2023,B+
 343 ,181 ,Spring2024,A-
 345,​181‌,Fall2023,C
​356‌,105 ,Fall2023,B+
 175, 134,Fall2023,B
​1069‌, 165,Spring2025,A
 582,​5‌,Fall2024,C+
750 ,37 ,Fall2024,A-
 21,1 ,Fall2024,B+
598,120 ,Spring2024,B
996 ,4,Fall2024,A-
 812,52 ,Fall2023,C+
663,​119‌,Fall2024,C
 634 ,179 ,Spring2025,B-
​656‌, 157,Spring2025,C
444,120 ,Fall2024,B
831 ,nan,Fall2024,A-
 723 ,130,Fall2023,A
​979‌, 11,Spring2024,B+
​166‌, 25 ,Spring2025,A
 255 , 36 ,Fall2023,B
308 , 36 ,Spring2024,C
 102, 173 ,Fall2024,C+
572,107 ,Spring2024,A-
356 , 2,Spring2025,B+
 199,157 ,Fall2024,B
​513‌,204,Fall2023,C+
​373‌,​148‌,Spring2025,A
 , 58 ,Fall2024,B
454 , 115,Spring2025,A
1087 ,37 ,Spring2025,B
258 ,​42‌,Spring2024,C
 6 ,10,Spring2024,C+
794 , 205 ,Fall2023,B-
608 ,​59‌,Fall2024,B
 1031 ,168,Spring2024,A-
 791, 79 ,Spring2024,B
 454 ,​43‌,Spring2025,A
 100,184,Fall2024,A
782 , 7,Spring2024,A-
 586 , 60,Fall2024,B+
913,​42‌,Fall2023,B-
​301‌,110 ,Spring2025,C+
​176‌, 155 ,Spring2024,A-
332 , 134 ,Spring2025,B+
845,34,Fall2023,A
190 , 50 ,Fall2024,B
 863 ,144 ,Spring2024,A
608 , 85 ,Fall2023,A-
512 ,120 ,Spring2024,B-
289 ,115,Fall2023,C+
 144,10,Fall2024,B
​932‌,​34‌,Fall2023,C+
 592 , 18,Spring2024,C+
​831‌,​124‌,Spring2024,A
416, 191,Fall2023,B+
447 ,69 ,Fall2023,B-
822,​184‌,Fall2023,B+
117 , 71 ,Spring2025,A
409 ,​134‌,Spring2025,B+
 430 , 57,Fall2024,A
824,253 ,Spring2025,C
 931 , 42,Fall2023,B
​146‌, 58 ,Fall2024,B
164 , 1 ,Spring2025,A-
485,53 ,Fall2023,B
​978‌, 200 ,Fall2024,B-
 234 ,50,Spring2025,A-
703 ,​11‌,Fall2023,B-
1027, 19,Fall2023,C+
​446‌, 137 ,Spring2025,C+
488, 1,Spring2024,A-
 524 ,98,Fall2023,B-
556 ,22 ,Fall2024,B-
​696‌,165 ,Fall2023,A
 793,​129‌,Spring2024,A
476 ,150,Fall2024,C+
734 , 102,Spring2025,C
​11‌,​127‌,Spring2025,C+
108,98 ,Spring2024,B-
300 ,104 ,Fall2023,B
 111,​154‌,Fall2024,C+
935,​3‌,Fall2023,B
472, 86 ,Fall2024,B+
897, 47,Spring2025,C
​200‌, 14,Spring2024,B+
 948 ,​134‌,Spring2025,B-
 1083,​89‌,Spring2024,B
832 , 73,Spring2025,B-
219, 121,Fall2023,B
 364 ,​104‌,Spring2025,A
299 , 145 ,Spring2025,A
481,15 ,Spring2025,B+
 1042, 137,Fall2023,B+
 930 ,​200‌,Fall2023,C+
​648‌, 147,Spring2025,B-
​403‌,​207‌,Fall2023,A-
 166,65 ,Fall2023,B-
​316‌,51 ,Fall2024,C
 729 ,83 ,Fall2024,B
 181 ,58 ,Spring2025,A-
 372 ,33,Fall2024,A
​848‌,148 ,Fall2024,C+
 719 ,16,Spring2025,C+
235 ,31,Spring2025,C
​402‌, 231,Fall2023,C+
652, 238 ,Spring2024,C+
​840‌, 32,Fall2024,B-
 354 ,​5‌,Fall2024,B-
 692 ,29,Fall2023,B+
 18,​159‌,Spring2025,B-
 399,197 ,Spring2025,B-
 672,​58‌,Fall2023,C+
​156‌, 88 ,Fall2024,C+
403,171,Spring2025,C+
1059 ,​7‌,Fall2024,B-
​559‌,125,Fall2023,B-
 174, 200 ,Fall2024,B
 142,1,Fall2023,B-
 811 ,​119‌,Fall2023,B-
 1047, 181 ,Fall2023,B+
 810,139 ,Spring2025,C
960 ,24,Spring2024,C
​280‌, 45,Fall2024,B+
 33 , 137 ,Fall2024,C+
574 , 17,Fall2023,B+
 1063, 181 ,Fall2023,A-
​589‌,14,Fall2023,A
 1, 88,Fall2024,B-
 962,​187‌,Spring2024,C+
 754,137 ,Spring2024,A-
 1043 ,121,Spring2024,A
​807‌,144 ,Fall2024,B
707 ,​5‌,Spring2025,B-
 495,17 ,Fall2023,C+
​95‌, 182 ,Fall2023,B+
NULL,171 ,Spring2025,B
58,120,Fall2023,B
 111 , 11 ,Fall2023,B+
29 ,6,Spring2024,B-
 584, 111,Fall2024,A-
 151 ,7,Fall2023,B-
524 , 113 ,Fall2023,B-
511 , 133,Fall2024,B+
​351‌,​173‌,Fall2023,C+
​448‌,97 ,Fall2023,B
720 ,200 ,Fall2024,C+
​847‌, 190 ,Spring2024,B-
 110,120 ,Fall2023,B+
92 ,26 ,Fall2024,C+
 322 , 38 ,Fall2023,B-
825,32,Spring2024,C+
857,​200‌,Spring2025,A-
 802,11 ,Fall2023,C
 985 ,​86‌,Spring2025,A-
205 ,3,Spring2025,A
689,153,Spring2025,C
​1045‌,​82‌,Spring2025,A
 7, 51 ,Spring2024,C+
 71 ,,Fall2024,C
364,78 ,Spring2025,C
 93 ,130,Spring2024,C+
 745,193 ,Spring2024,B-
​634‌,3 ,Spring2024,C
 8 , 94 ,Spring2025,A
​784‌, 95,Fall2024,C+
​674‌,123 ,Spring2025,A-
 164 ,​119‌,Spring2025,C
 978, 160 ,Fall2024,C
 244 , 56 ,Spring2024,C+
877 , 49 ,Fall2024,A
​100‌,​200‌,Spring2024,C+
515 , 84 ,Spring2024,A-
 1071 ,​8‌,Spring2024,C+
​118‌,121,Fall2024,C+
 48,31 ,Fall2024,C+
487 ,38 ,Spring2024,C+
 272 ,120,Fall2024,A
​197‌,44,Fall2024,B-
​577‌, 188 ,Fall2024,C
 478 ,​1‌,Spring2025,C
812 , 114,Spring2025,C
497 , 150,Fall2023,A-
844,50,Spring2025,A-
 187,​119‌,Fall2023,C
 397 , 6,Spring2025,C
36 , 93,Fall2023,B
625 ,​94‌,Spring2024,B+
 97,N/A,Spring2025,C+
​623‌,21,Spring2024,C
​229‌,​54‌,Spring2024,B
​522‌, 249 ,Fall2024,C
898,126 ,Spring2025,A
 548 ,203 ,Spring2025,B-
38,nan,Spring2025,A-
 111,42,Spring2024,B
429 ,256,Spring2025,A-
39 ,198,Spring2024,A
 679,58,Fall2023,A
222, 27 ,Fall2023,B-
195 ,213,Spring2024,B
 365 , 42,Fall2024,C+
 120, 83,Fall2024,B
632, 227,Fall2024,A-
93, 120 ,Spring2025,B-
 531,​119‌,Spring2025,B+
 637,​99‌,Spring2025,C+
724 , 141 ,Fall2023,C
315,152 ,Fall2023,C
​749‌,​7‌,Fall2023,A
761 , 126 ,Spring2025,C+
12.7,8.2,Spring2024,C
930,116 ,Spring2025,A
 830,42,Fall2023,B-
​, 48 ,Fall2024,A-
789, 77,Fall2024,B
 906 , 109,Fall2024,A
​833‌,4 ,Fall2024,C
 262,115,Fall2024,B
 664,88 ,Fall2024,C+
381,88,Spring2024,B
 225,117,Spring2024,C
 777,141,Spring2024,A
970,​198‌,Fall2024,B+
597,105 ,Spring2025,A-
530 ,​188‌,Spring2024,A
 705,​141‌,Fall2024,C
129 , 33 ,Spring2024,A-
 957 , 77 ,Spring2024,A-
619 ,​171‌,Fall2023,C+
883 ,101,Fall2024,A
618,​45‌,Spring2024,C+
158 , 135 ,Spring2024,B-
 1001,182,Fall2024,A-
203 , 46,Fall2024,C
​447‌,189 ,Fall2023,B
802 , 120,Fall2024,B
​366‌,119,Spring2025,A
842 ,169 ,Spring2025,B+
 793 ,113 ,Fall2023,A-
77,200 ,Fall2024,C
683 ,197 ,Spring2024,B-
1017 ,162 ,Spring2024,B
 717, 186 ,Spring2024,B
​994‌, 84 ,Fall2023,A-
​273‌,31,Fall2023,B
52 ,99 ,Fall2023,C
245 , 11 ,Fall2023,C
 600,14 ,Spring2025,A-
 341 ,​6‌,Spring2025,B
742 ,85 ,Fall2023,C
283, 14 ,Spring2024,B-
 22 ,42 ,Spring2025,B-
 1034 , 45 ,Spring2024,B
116, 1 ,Spring2025,C+
​633‌,126 ,Spring2024,B
​905‌,3 ,Spring2025,B+
​165‌, 200,Fall2023,A
262,​198‌,Fall2023,C
 327 ,99 ,Fall2023,A-
782,88,Fall2024,A-
 759 , 126,Fall2023,A-
 315 ,99,Spring2025,A
 21, 91 ,Spring2024,B
 665 , 43,Spring2025,B-
1059, 49,Spring2025,B-
 940 , 138,Spring2024,A
280 ,49,Fall2024,C+
310, 25,Fall2023,B-
 156 , 1,Fall2024,C
​999‌,52,Spring2025,B+
 261,​99‌,Spring2024,B-
929 ,57,Fall2023,B-
 766 ,83,Spring2025,A-
206 ,​197‌,Fall2023,B
 455 ,80 ,Fall2024,B
​52‌,99 ,Spring2024,B-
 94 ,21 ,Fall2024,B-
342,143,Spring2024,A-
​796‌, 112 ,Spring2024,B+
​696‌, 18,Spring2024,B
 1096 ,158 ,Fall2023,A
 854 , 3 ,Spring2024,B
 367,​150‌,Fall2023,C
 64 ,88 ,Spring2024,C
192 , 95,Fall2023,B-
 888,120 ,Fall2024,A
1023 ,​199‌,Fall2023,B
958, 11,Fall2024,C+
 655 ,​143‌,Fall2024,A-
891,168,Fall2024,C+
 415 ,8 ,Spring2025,B
 301 , 99 ,Spring2024,C
 301, 74,Fall2024,B-
 262 , 105,Spring2024,C
 864,257 ,Fall2023,C+
 884 , 41,Fall2023,B+
847 , 84 ,Fall2023,B+
767,1 ,Fall2024,C+
 309 , 34 ,Fall2024,A-
​99‌,11 ,Spring2025,C+
793,125 ,Spring2025,B-
 718 ,39 ,Fall2023,C
 643,​14‌,Spring2024,C
454 ,,Spring2024,B+
​855‌,​196‌,Spring2024,A
N/A,43 ,Spring2025,C+
426,​1‌,Fall2024,B+
​627‌,​99‌,Fall2023,A-
687, 20,Fall2024,C+
 117 ,​3‌,Fall2024,C+
939, 84 ,Fall2024,A-
NULL,​63‌,Fall2023,A
 423, 114 ,Spring2024,C
 415,​3‌,Fall2024,B+
931,135 ,Fall2024,B-
 453 ,5 ,Fall2023,A
 785, 59,Fall2023,B+
 279 ,113 ,Fall2023,B+
840 ,172,Spring2025,C
35 ,68 ,Fall2024,A
 511,​120‌,Fall2024,B
 607,40 ,Spring2025,A-
148,​15‌,Spring2024,C+
468 ,15 ,Spring2024,B+
 84 , 17 ,Spring2025,A-
​201‌,​36‌,Spring2024,B
 733 ,​3‌,Fall2024,B+
234,​194‌,Fall2024,B+
​310‌, 63,Fall2023,B+
 387,99 ,Spring2024,C
448 ,109,Spring2025,B-
 881 ,​143‌,Spring2025,C
253,​43‌,Spring2025,B+
102 ,153,Fall2023,A-
 487 , 117 ,Fall2024,C
670 ,128 ,Fall2023,B+
 783,​142‌,Spring2025,B
​973‌, 254,Spring2025,C
1069 , 34 ,Spring2025,A-
504 , 95,Fall2023,B-
 546 , 143,Spring2025,C
642 ,75 ,Spring2024,B
367 ,​164‌,Spring2024,B-
456 ,59 ,Spring2025,B-
 1006, 91,Spring2025,A
 740 ,84,Spring2024,B-
 487,207,Fall2024,A-
​522‌, 140,Fall2024,A
 336 , 6,Fall2024,B+
255 ,​40‌,Fall2024,A-
801 , 41,Fall2024,B-
931,53 ,Spring2024,A-
 234,​66‌,Fall2024,A
 605,​41‌,Spring2025,B-
 936,123,Spring2025,C
437,​90‌,Spring2024,A-
 215 ,​18‌,Fall2023,C
 358, 183 ,Fall2024,B-
 21, 1,Fall2023,A-
​639‌, 214,Fall2023,A-
​878‌, 194 ,Fall2023,A-
651,​41‌,Spring2024,A
 406,154,Spring2025,C
538 , 167,Fall2023,B
35 , 160,Fall2024,A-
 485 ,53,Fall2024,C+
789 , 90 ,Fall2023,B+
 69 ,45 ,Spring2025,B+
502 , 198,Fall2023,B+
 423 , 53 ,Spring2025,C
 691,​96‌,Fall2023,A
859,136,Spring2025,B
1077 , 89,Spring2024,C
 778,​194‌,Spring2025,C+
15,156 ,Spring2025,C+
​922‌,213 ,Fall2024,B
41 ,51,Fall2024,C
abc,-9,Fall2024,C
​870‌,​26‌,Spring2024,A
 249,​77‌,Spring2024,A
259,195,Spring2024,C+
49 , 142,Fall2024,B
159, 114,Fall2024,B
​16‌,8 ,Fall2024,A
662 ,197 ,Spring2024,C
nan,89 ,Fall2023,B
​35‌,​116‌,Spring2024,A
216, 106,Spring2025,A-
64 ,76,Spring2025,C+
 919, 116,Fall2024,A-
991 , 158 ,Fall2024,B+
​736‌,96,Spring2024,C+
 618 ,​45‌,Fall2024,B+
969 , 73,Fall2024,A
718 ,179,Spring2025,C+
90,97,Spring2025,B-
307,​87‌,Spring2025,B
​975‌,101,Fall2024,B+
 640 , 42 ,Spring2024,C
 830,​42‌,Spring2025,C+
 845, 9 ,Fall2024,C
973, 22,Fall2024,B-
 724, 152,Spring2025,C
128,170,Spring2025,C
​225‌,​11‌,Fall2024,C
953 ,110,Spring2025,B-
160 , 110,Fall2024,B
 823,179,Spring2024,B
352, 57,Spring2025,A-
761 , 167 ,Fall2023,B-
575, 58 ,Spring2025,C+
 32 ,​195‌,Spring2025,A-
934 ,​22‌,Spring2025,A-
 120 ,200 ,Fall2023,C+
 882 ,​3‌,Fall2024,B-
670,183,Spring2024,B-
 732,121 ,Spring2025,C
​758‌,122,Spring2024,A
 437 ,​98‌,Spring2025,B
 893 ,​172‌,Fall2023,A
​100‌,134,Spring2025,C
 262,​147‌,Fall2024,A
88 ,​165‌,Fall2024,B-
​683‌,42 ,Spring2025,B+
 107,63 ,Spring2024,C
 981, 122 ,Spring2024,B-
956 ,101,Spring2024,A-
 771 , 70 ,Fall2023,C
 102 ,81,Fall2024,C+
794,​40‌,Spring2025,A
 170 ,63 ,Fall2023,A
 68,103,Fall2024,B+
 12 ,171 ,Fall2024,A
323 , 52,Spring2024,B-
​13‌, 150,Fall2024,B+
 783 ,77 ,Spring2025,A
 904, 105,Fall2024,B+
abc,0,Spring2024,B-
12,15 ,Fall2023,A
 737 , 173 ,Spring2024,B
788 ,7 ,Fall2023,A-
 118,​21‌,Spring2025,C
​695‌,80,Fall2023,A-
 124 , 41 ,Spring2025,B-
56, 108,Fall2023,A-
​777‌,185,Fall2023,C
NA,171 ,Spring2025,A-
​728‌,150,Spring2025,B
486 ,​179‌,Fall2024,B
997,136,Spring2024,A-
84, 106,Fall2024,B-
661 ,​80‌,Spring2025,B+
667, 113,Spring2024,C+
910,174,Spring2025,C+
863,​42‌,Fall2024,A-
832, 63 ,Fall2023,A-
 237, 144,Fall2024,C+
 146 , 30,Spring2024,C+
 348 ,17,Fall2024,A-
 289 , 84 ,Fall2023,A-
674,123,Fall2023,B+
​585‌,69,Spring2024,B
​275‌, 178 ,Spring2025,A-
 626 ,​134‌,Spring2025,A
528 , 88 ,Fall2024,C
 865,47 ,Spring2024,C+
 472,48,Fall2024,C
 603 , 71 ,Spring2025,A
 823,54 ,Fall2024,A
 152 ,153 ,Spring2025,C+
973 , 32,Fall2023,C+
​406‌,139,Spring2025,B
 1046 ,153 ,Spring2025,A-
133 , 13 ,Spring2024,B-
​,​155‌,Spring2025,A-
705,​169‌,Spring2025,A
 676 , 10,Spring2024,C+
​439‌,104,Spring2024,A-
 874, 171 ,Spring2025,C+
​936‌,147,Fall2023,B
888 , 125 ,Spring2025,A
 4,130,Spring2025,B+
​486‌,1,Spring2024,B-
240, 52 ,Fall2024,B
 70 , 56 ,Spring2024,A
171,161 ,Spring2024,B+
​549‌, 1 ,Fall2023,A
 370, 143,Spring2025,A-
​1018‌,84 ,Spring2025,A-
 663, 119,Spring2025,A
 37 ,56 ,Fall2023,B+
133 ,6,Fall2023,B-
 967 , 1 ,Fall2024,C+
58,199,Spring2024,B
​947‌,200,Fall2023,B-
 109, 19 ,Spring2025,A
 953,124,Fall2024,C
 759,2 ,Spring2024,B+
 644 , 135 ,Spring2024,B-
 826,​105‌,Fall2023,C
126, 96,Spring2024,C+
 108, 226 ,Spring2024,B-
991 , 130 ,Fall2023,B
​250‌,​28‌,Fall2024,B+
661 , 178,Fall2023,C
 192,146 ,Spring2025,C
139 ,89 ,Spring2024,B+
​559‌,​223‌,Spring2025,C
762 , 1 ,Fall2023,B+
​18‌,100 ,Spring2024,B
​936‌,​195‌,Spring2025,B+
825,​38‌,Fall2023,A
 911,161,Fall2024,A-
​781‌,20,Spring2024,B
 987,139 ,Fall2024,B+
 63 ,75 ,Spring2025,B-
638 , 4 ,Spring2025,B
 444, 42,Spring2025,B-
​192‌,​95‌,Spring2025,B
324,149,Spring2025,A
 514 ,​42‌,Fall2024,B+
663 ,​42‌,Fall2024,A-
500,​126‌,Fall2024,C
486 ,159,Fall2023,C+
​200‌, 175 ,Fall2023,A-
 217 ,​3‌,Fall2024,C+
755 ,107,Spring2024,A
​472‌,131,Spring2024,A
 1059 ,53 ,Fall2023,C
-3,-9,Spring2024,C
1052 , 182,Spring2024,C+
526 ,53,Fall2023,A
 22 ,111,Fall2024,B-
​457‌,215,Fall2023,C
452,​,Spring2024,B-
50, 2 ,Fall2024,B+
 767 , 1 ,Fall2023,A
​692‌, 12 ,Fall2023,B-
 66 , 150,Spring2024,A-
838 ,172 ,Spring2024,A
184 , 166 ,Spring2025,B-
 664,42,Spring2024,A-
823 , 137 ,Fall2023,A-
180, 131 ,Fall2023,B-
 124, 134,Spring2025,B
​61‌,178,Fall2023,C
675,200,Spring2024,B
 329 , 36,Fall2024,A
714 ,​1‌,Fall2023,B+
​232‌,80 ,Spring2025,B
508 , 164,Fall2023,B-
 7 ,40 ,Spring2024,B-
​871‌, 9 ,Fall2024,C+
350,194 ,Spring2025,B-
 566,42,Spring2024,B+
 1025, 56,Spring2024,A
 973 ,234,Spring2025,C+
910,192,Fall2023,B+
 458, 18 ,Fall2024,B
​309‌, 34,Fall2024,C+
843 ,59 ,Spring2024,A-
 101,183 ,Spring2024,B
799, 177 ,Fall2024,C+
877 ,26,Fall2023,A-
 858 ,56 ,Spring2024,B
 820 ,​181‌,Fall2023,A-
384,169 ,Fall2023,C+
 153, 162,Spring2025,C+
 1067,​6‌,Spring2024,B+
69 ,11,Fall2023,A-
 957 ,102,Fall2024,A
919,128 ,Spring2025,B-
​92‌,67 ,Fall2024,C+
​589‌,47,Fall2024,A
146 , 58 ,Fall2024,A-
 368,111 ,Spring2024,B-
863, 169 ,Fall2024,B
 54, 79,Spring2024,B
​1067‌,90 ,Fall2024,A
 576, 1,Fall2024,B
​746‌,171 ,Spring2024,B
 639,11,Spring2025,C
 883,36,Fall2024,B-
​127‌,​36‌,Spring2025,B-
​748‌,17,Spring2025,B+
 314 , 108,Spring2025,B+
 149,​1‌,Fall2024,B+
960,147,Spring2025,B-
131,182 ,Spring2025,B+
 515 ,90,Spring2024,A
552 ,128 ,Spring2024,C+
 966 ,​197‌,Spring2024,B
​81‌,N/A,Spring2025,C
 210 , 97,Fall2024,C+
706 , 120,Fall2024,C
637,92,Spring2024,C+
580 ,​139‌,Spring2025,B+
1000 ,39,Fall2023,C+
 435,167 ,Spring2025,C+
327 ,11 ,Fall2024,C+
21,242 ,Spring2025,B
 474,114,Fall2023,C+
N/A, 91,Spring2025,C
​485‌,158,Fall2024,C+
 655,184,Fall2024,B-
 251,33 ,Fall2023,A
335 ,54,Fall2023,A
 15,​37‌,Fall2024,B
928 ,70 ,Spring2025,A-
944,88,Spring2025,B+
156 , 195,Spring2024,C+
 523,187,Fall2023,A
464,172,Fall2024,A
 11 , 120,Spring2025,A
 408,20 ,Spring2024,C+
​753‌, 78,Spring2025,B
 439 ,132 ,Fall2024,C
642, 73 ,Spring2025,B-
 591,88,Fall2024,B-
​782‌, 47,Fall2023,B-
 1019 , 45,Fall2024,B+
​957‌,150,Fall2024,B
 155,221 ,Fall2023,B
​748‌,11 ,Fall2024,B
1000 ,39 ,Spring2024,B+
596,178 ,Spring2025,B+
 569,79 ,Spring2025,B-
0,xyz,Fall2023,B+
 614 ,​194‌,Spring2025,B+
698,​43‌,Spring2025,A
244, 200,Spring2024,C+
 928 ,​97‌,Spring2024,B+
100,170 ,Spring2024,C+
133 ,11,Spring2025,B+
 862 , 175,Fall2024,B+
716 ,134 ,Spring2024,B-
424 , 114 ,Fall2023,A-
​424‌,194 ,Spring2024,A
​776‌,42 ,Spring2025,A
 322,210 ,Fall2024,A
252 , 21 ,Fall2024,A
969,130 ,Fall2023,A
 781 ,156,Spring2024,A-
89,​125‌,Fall2024,C+
 640 ,191 ,Fall2023,B+
494,113,Fall2024,C+
934 ,7 ,Spring2024,B
164 ,​102‌,Fall2024,B
​242‌,​232‌,Fall2024,C
31 , 32,Fall2024,B
852 , 204 ,Fall2024,A-
 688 ,​52‌,Spring2025,B+
905 ,​3‌,Spring2024,A
​292‌, 89,Spring2025,B
 693, 93,Fall2024,B-
504,​187‌,Fall2024,B+
399 ,3,Fall2024,A-
958 , 159,Fall2024,C+
 160,68,Fall2023,C+
291,88 ,Fall2023,A
783,131,Spring2024,B+
732,​93‌,Fall2024,B
 356 ,83 ,Spring2025,C+
 473, 61 ,Fall2024,B
​783‌,131,Fall2024,B-
898,​25‌,Spring2024,A
 807,,Spring2025,B
 374,None,Fall2024,B-
 692 ,82 ,Fall2023,C+
​1042‌, 115 ,Fall2023,A-
 248, 139 ,Fall2024,C+
596,20 ,Fall2023,C+
550 ,91 ,Fall2024,B
734 ,120 ,Spring2024,B+
​183‌,​253‌,Spring2025,B+
 276,​129‌,Spring2025,B-
 593 , 59 ,Spring2025,B+
304 ,​85‌,Fall2024,A-
814 , 84 ,Spring2025,B-
 628 ,​,Fall2023,B
12.7,0,Fall2024,A-
N/A,77 ,Spring2024,C
614 ,168 ,Fall2023,A-
 803 , 10 ,Spring2024,C
​990‌,206 ,Spring2025,C
​236‌,138 ,Spring2024,B-
​779‌, 71 ,Fall2023,C+
508 , 169 ,Spring2025,B
​484‌,​58‌,Fall2024,B-
NA, 17 ,Spring2025,B+
​329‌, 109 ,Spring2025,A
314 ,​75‌,Fall2023,B-
​996‌,130,Spring2025,B-
​710‌, 200,Fall2024,A-
​646‌, 76 ,Fall2024,B-
182 , 40 ,Spring2024,A
450 , 91,Fall2023,B+
221,​,Fall2023,C+
546,22 ,Fall2023,B+
 224,​140‌,Fall2023,A-
 717,53 ,Fall2024,B+
980,55,Fall2024,C
​760‌, 149,Fall2023,A-
​511‌, 120 ,Fall2023,B-
616, 100,Fall2024,A-
​678‌,​162‌,Fall2024,B-
​205‌,3 ,Spring2024,C+
780 , 69 ,Spring2024,B
 75 , 58 ,Spring2025,C
 288, 7,Spring2024,B+
​603‌,N/A,Spring2024,B+
​749‌,​166‌,Spring2024,B-
853,153,Spring2025,C
835, 68 ,Spring2024,C
​714‌,42,Spring2025,B-
855,​18‌,Fall2024,A
973 , 22,Fall2024,C
425,83 ,Fall2024,C
 978,99 ,Fall2024,A-
44 , 35,Fall2024,A
 80 , 116 ,Spring2025,C
 23,​13‌,Spring2025,A-
​123‌, 78 ,Spring2025,A-
 439,​196‌,Spring2025,A
​366‌, 158 ,Fall2024,B+
 679, 135 ,Spring2025,B
 88, 195,Spring2025,C
381,169 ,Fall2024,A
 692, 14 ,Spring2025,A-
728,150,Fall2023,B-
889 ,​4‌,Spring2025,A
206 , 67,Fall2024,C+
389,225,Fall2023,B-
591,​84‌,Fall2024,A-
624 , 130 ,Spring2024,B+
 227,​152‌,Fall2023,B+
​322‌,​121‌,Fall2024,B-
 682 , 148,Spring2025,B-
846,​198‌,Spring2024,A-
 540, 59 ,Fall2024,A
241 , 179,Fall2023,B+
444,103,Fall2023,A
 373 ,7,Fall2023,B-
 405 ,​78‌,Spring2024,B+
11 ,​65‌,Fall2023,A-
 876 , 164,Fall2024,B+
​492‌, 191,Spring2025,A
286, 120 ,Fall2024,B+
238 ,89 ,Spring2025,B
 265 , 163 ,Fall2023,C+
768,17,Fall2023,C+
​29‌,120,Fall2023,C+
​218‌, 96 ,Fall2024,B+
 577 ,1,Fall2024,C+
​704‌,​89‌,Fall2023,A-
 178 ,​40‌,Fall2023,B-
​1019‌,​19‌,Spring2025,C
319, 22,Spring2024,A-
380 , 109,Spring2024,A-
 569,117 ,Spring2024,A-
​,159 ,Spring2024,A
 976 ,110,Spring2024,B+
 536 , 22 ,Fall2024,C+
 853,​122‌,Spring2025,B+
156 ,1 ,Spring2025,B-
 413,196 ,Fall2023,B
682 , 2 ,Fall2024,B+
707 ,​150‌,Spring2024,C+
 13, 102 ,Spring2024,C+
627 ,63,Spring2025,A-
 659, 105 ,Fall2023,C
 540 , 48,Spring2025,B-
 963 ,​166‌,Fall2023,B
​907‌,90,Fall2024,B-
 482 ,​252‌,Spring2024,B-
592 , 95,Spring2025,B
 778 , 56 ,Fall2023,A-
482 ,​190‌,Fall2023,C+
762 , 185,Spring2024,C+
121 ,125 ,Spring2025,A-
 303,​85‌,Spring2024,C+
​155‌,116 ,Spring2025,B
​109‌,​119‌,Fall2023,C
​326‌,12 ,Spring2024,A-
​242‌, 7 ,Spring2024,A
196,​147‌,Spring2024,B+
 433 , 168,Spring2024,C+
 205 ,​150‌,Spring2024,A
373,​204‌,Fall2024,B+
846,154 ,Fall2023,B-
597 ,83 ,Spring2025,A-
 942 ,191,Spring2024,B
 868, 239 ,Spring2024,B
​161‌, 166,Fall2023,C
936 , 75,Spring2025,B-
​823‌,7 ,Spring2025,C
792 , 165 ,Spring2024,C+
1024,150 ,Fall2024,B-
​500‌, 185 ,Spring2024,C
53,​47‌,Spring2024,A-
1022 ,193,Spring2025,B
768 ,7 ,Fall2023,A-
 432 , 167 ,Spring2024,B-
62,150 ,Spring2025,C+
605, 51,Fall2023,B-
688,182 ,Spring2024,A
 32,​200‌,Spring2025,A
352, 23,Fall2024,B-
 656,16,Spring2024,A
N/A, 142 ,Fall2024,A
​925‌,42,Spring2025,A
​979‌,​11‌,Spring2025,B-
 881,​163‌,Fall2024,B-
 472,86,Spring2024,C
15, 78 ,Spring2025,C
 52,​95‌,Fall2023,B
​612‌,​141‌,Spring2025,A-
 469,99 ,Spring2025,C
476 , 99,Spring2025,A-
773,​150‌,Spring2024,B-
 424, 93,Spring2025,B
​612‌,​135‌,Spring2025,B-
 681,​146‌,Spring2024,C
​589‌,148 ,Spring2025,A-
 820,7 ,Fall2024,A-
 858 , 56 ,Fall2024,A-
80,​129‌,Fall2023,A
 19 ,​105‌,Fall2024,B-
710,​120‌,Fall2023,B-
 114,84,Fall2023,A
 802 ,168 ,Fall2024,A-
565,133,Spring2024,C+
​51‌, 120 ,Fall2023,C+
454 , 115 ,Fall2023,A-
595 , 1,Spring2024,B-
319, 109,Spring2025,B+
553 ,78,Fall2023,C+
 809,39 ,Fall2024,B-
​496‌,105 ,Fall2024,B-
936 ,75,Spring2024,B
 883,​181‌,Spring2024,B-
14,17 ,Fall2024,B-
1009 ,31 ,Fall2024,C+
303, 47,Spring2025,C
573 , 151,Spring2025,C+
66 ,11,Fall2024,A
370,134,Spring2025,B+
 236 ,​53‌,Fall2024,B-
1037 , 60 ,Spring2025,A-
 772, 83 ,Spring2025,B
451 ,143 ,Fall2024,B+
 402 ,​47‌,Fall2024,C+
 874 ,​112‌,Fall2023,B-
 381 ,​105‌,Spring2025,B+
​232‌,1,Spring2025,A-
511, 61,Fall2023,B-
683,9,Spring2024,B
 337,67,Fall2024,A
​971‌, 173 ,Fall2023,B
​538‌, 229,Fall2024,B
​549‌,127 ,Fall2024,B+
 147, 36,Spring2025,C+
 1, 181 ,Fall2024,B
​499‌, 3 ,Spring2025,B-
​833‌,150 ,Fall2024,C+
252 , 20 ,Spring2025,A-
495,99,Spring2025,C+
N/A, 143 ,Spring2025,C
470,​190‌,Fall2024,B-
 111 , 154,Fall2024,C
351,​5‌,Fall2024,B
 480 ,169,Fall2023,C
 510, 19 ,Spring2025,A
745 ,132 ,Fall2024,B
 258, 60,Spring2024,A-
 918,​76‌,Fall2024,A-
 447 ,189,Fall2023,B
 931, 35,Fall2024,A-
 94 ,​213‌,Fall2023,A
890 ,25,Fall2024,B+
NA,​3‌,Spring2024,A-
 590 , 244,Fall2023,B-
125 ,144,Fall2023,B-
411,42,Spring2025,C+
 480,​122‌,Fall2023,C
​976‌,181,Fall2023,A-
864 ,N/A,Fall2023,C
427 ,183 ,Fall2024,B-
448,​140‌,Spring2025,B-
212 ,56,Fall2023,B
​234‌,43 ,Spring2025,B
​1072‌,119,Fall2023,B-
​384‌,60,Spring2024,A
 980 ,​8‌,Fall2023,B+
987 ,100,Spring2025,A-
295, 117 ,Fall2024,B-
​185‌, 161 ,Fall2024,A
 184 ,​3‌,Spring2024,B
 244, 56 ,Spring2024,B
194,8 ,Spring2024,C+
​674‌, 151,Fall2023,C
 540,200 ,Fall2023,C+
 272 ,69,Fall2024,C+
nan, 183 ,Spring2025,B-
62 ,153,Spring2024,C
9, 30 ,Fall2024,C
 811, 95,Spring2024,C
51 , 64,Spring2025,C+
870 , 26 ,Spring2024,C+
628, 109 ,Spring2025,B-
897,2,Fall2023,A
12.7,-9,Fall2023,C+
783, 120 ,Spring2025,A-
 303 , 155 ,Spring2025,B+
 588, 124,Spring2024,C+
205, 5 ,Spring2024,B
​885‌,​54‌,Spring2024,C
225, 114 ,Fall2023,B+
494,61,Fall2024,A
N/A, 80 ,Fall2024,B-
625, 229,Spring2025,B+
934 ,​100‌,Spring2025,B-
983 ,107 ,Fall2024,B-
 64, 73 ,Spring2025,C+
 32 ,195,Spring2024,A
 1015 ,31,Spring2024,B-
 641, 75,Fall2024,B-
 974 , 210,Fall2024,A-
 465,137 ,Spring2025,C+
 194, 1,Fall2024,B+
348 ,243,Spring2024,B
​535‌, 143 ,Fall2023,C+
​530‌, 188 ,Fall2023,A-
145 , 109,Spring2024,B-
​484‌,17 ,Spring2025,B-
925,88 ,Spring2024,B-
 723,209,Spring2024,A-
 304 ,​,Spring2024,C+
 452 , 174 ,Spring2025,B
 94 ,21 ,Fall2024,B-
756,​182‌,Fall2024,C+
234 , 128 ,Fall2023,A
249,228,Spring2025,B
 995 , 200 ,Fall2023,B-
 232,19 ,Fall2023,A-
​854‌,92 ,Spring2024,A
572 , 19 ,Spring2024,B+
 252 ,​56‌,Spring2025,C
959,13 ,Fall2024,B+
​114‌,​101‌,Spring2025,B
 1097,5,Fall2024,C
 562 , 100,Spring2024,B
845, 7 ,Fall2023,A-
247 ,​171‌,Fall2023,B-
​13‌,29 ,Fall2023,B-
 792 ,​29‌,Spring2024,B
 470,2 ,Spring2025,A
​2‌,​88‌,Spring2024,A
301,94,Fall2023,C
320,nan,Fall2023,B-
947,161 ,Spring2024,C
 377, 99 ,Spring2025,B
 340 ,150,Fall2023,C+
 861 ,​171‌,Spring2025,A-
 269 ,​170‌,Fall2024,C
 85,​62‌,Spring2025,B-
 998 , 190 ,Spring2025,B
​267‌,200,Fall2023,A-
 394,48,Fall2023,A-
​181‌, 58 ,Fall2024,A
,114,Spring2024,C
167 ,177 ,Fall2024,B
 ,​138‌,Spring2025,A-
670, 165,Spring2025,B
452,42,Fall2024,B
991,162 ,Fall2024,C+
 881, 92 ,Spring2024,B
 21, 1,Fall2023,A-
929 ,74 ,Fall2024,C+
​750‌,100 ,Spring2024,B-
 215, 144,Fall2023,B-
783,131,Spring2024,B+
225 , 35 ,Fall2024,C+
324 ,116,Spring2025,A-
656,42 ,Fall2024,B-
 12 , 135,Fall2023,C+
​345‌, 88 ,Spring2025,C+
409 ,​134‌,Spring2025,B+
​890‌,1,Spring2024,A
 894 ,​168‌,Fall2024,C
 923 , 162 ,Fall2024,B+
 311,​73‌,Fall2024,A
​766‌, 62,Fall2024,B
698 , 47,Spring2024,A
130 ,64 ,Spring2024,A-
463, 132,Spring2025,A
 574,​15‌,Fall2023,B
 832 , 57 ,Fall2024,C+
173 , 139,Fall2024,B
 280,99,Fall2024,B
 954,172,Spring2024,B
979 ,​43‌,Fall2023,A-
 20 , 154 ,Spring2025,B-
113 ,41 ,Fall2023,A-
577 ,11 ,Spring2024,A
707, 78 ,Fall2023,A
​439‌,186,Spring2025,C+
 222 , 82 ,Fall2024,A
1054,35,Fall2024,C+
429 ,12,Fall2023,B
247 , 3,Spring2025,B
 989, 5 ,Spring2024,B-
816 ,​148‌,Fall2023,B
​221‌,108,Fall2024,B
710 ,73 ,Spring2025,C+
 375, 108 ,Spring2025,A-
653 ,​3‌,Spring2025,C
 85 , 150 ,Fall2023,A-
 70 ,​73‌,Spring2025,B+
 758 , 88,Fall2024,C+
​653‌,99,Spring2024,B+
 1031, 75 ,Fall2023,A-
 112, 200,Spring2024,C
​403‌,65 ,Spring2025,B+
 1090 , 33,Spring2024,C
 984,64 ,Fall2024,A
590, 113 ,Spring2025,B+
794, 175,Spring2025,A
 884,9 ,Fall2024,A
1021, 163,Fall2024,B
 909 ,156 ,Spring2024,B+
 316,149 ,Fall2023,C
472, 181 ,Spring2025,B+
 665 ,N/A,Spring2024,A-
913 ,42 ,Fall2023,C
​436‌,​131‌,Spring2025,A
12 ,65,Fall2024,A-
 752, 130 ,Spring2025,B-
 640 , 1,Fall2024,A-
553 ,78,Fall2023,C+
436, 40,Spring2025,A-
 929,74 ,Fall2024,B-
1034 ,2 ,Fall2024,B-
903,​46‌,Spring2024,A-
​494‌,190,Spring2025,C
263,14,Fall2023,B
237, 5 ,Spring2024,A-
 760 ,2,Fall2023,C
 619 , 153,Fall2024,B-
 236,134 ,Fall2023,C+
​733‌, 120,Spring2024,B
 432 ,9 ,Fall2024,A
140,NULL,Spring2025,B+
​151‌, 154 ,Fall2023,A
​36‌, 175,Spring2025,C
 18 ,162,Spring2024,B-
 49,​42‌,Spring2025,C+
​281‌, ,Spring2024,B-
 399 ,​95‌,Fall2023,B
​595‌, 112,Spring2024,B
992,​134‌,Spring2025,B
 139, 105,Spring2024,A
359, 247 ,Spring2025,A
​579‌,​6‌,Spring2025,A
519 ,117 ,Fall2023,A-
​807‌,188,Spring2024,B+
 658,3 ,Fall2023,C
​909‌,17 ,Fall2024,C+
406 ,140 ,Spring2025,B
 491 ,167 ,Fall2024,B+
296 ,​5‌,Spring2024,B-
-3,0,Fall2023,C
288 ,134 ,Fall2024,A-
 667 , 54,Fall2023,B+
606, 221,Fall2023,B-
306,​123‌,Spring2024,C
 639, 11 ,Spring2024,B+
 11,15 ,Spring2024,C
258, 137,Fall2024,B+
 782, 66,Fall2023,B
​667‌,158,Spring2024,C+
888 ,71,Spring2025,C
 131 ,200,Spring2024,B+
250 , 119 ,Fall2024,B+
​854‌, 3 ,Spring2025,B
​44‌,120,Fall2024,B+
 963, 24,Spring2024,C
472 ,133 ,Spring2025,B-
 162,135 ,Fall2024,B
​368‌,112,Fall2023,A-
682 , 148,Spring2024,B
102 , 150 ,Spring2024,C
 539,20 ,Spring2024,C+
 683 ,​14‌,Fall2023,B+
244,160 ,Fall2024,C
 648,​122‌,Fall2024,C+
 838,17,Spring2025,C
 668 , 43 ,Fall2024,C
792, 39,Fall2023,C+
 283 ,​55‌,Fall2023,B+
469, 101,Fall2024,B-
 759,2 ,Spring2024,B+
 667 , 88 ,Fall2023,C+
401 , 105 ,Fall2023,C+
 42 , 45 ,Fall2023,B-
895, 122,Fall2023,A
 1092 ,​55‌,Fall2023,A
821 ,​74‌,Spring2024,C
 121 ,​125‌,Fall2024,B
 580,189,Fall2023,A-
 730,40 ,Spring2024,A-
 477,47 ,Spring2025,A
 893, 150,Fall2023,A
 534 ,17 ,Spring2025,B
​819‌,​33‌,Fall2024,B-
 194,30,Spring2025,B
 545,163 ,Spring2025,C+
 679, 135 ,Spring2025,B
562, 182,Spring2025,B+
415, 105 ,Fall2024,C+
792, 107,Fall2023,B-
 816,91,Spring2025,B+
212,99 ,Spring2024,A-
891 , 145,Fall2023,B-
170, 63,Fall2024,A-
​536‌, 88 ,Fall2023,A-
1013, 141,Fall2024,A-
 687 ,176 ,Spring2025,B-
367 ,120,Fall2023,C+
 825,​64‌,Spring2024,A-
67 ,​74‌,Fall2024,A-
99,​29‌,Spring2024,A
​407‌,202 ,Fall2024,B
 414 ,​219‌,Spring2024,A-
 319,109,Fall2024,C+
387 , 35,Fall2023,B-
 756 , 92 ,Fall2023,A
 707, 178,Spring2024,A-
​548‌,110 ,Spring2024,C+
​164‌,102 ,Spring2025,A
413,112 ,Fall2023,A
 760 , 167 ,Fall2023,A-
 824, 62 ,Spring2025,C+
392,150,Spring2024,A-
632,52,Fall2023,A-
215 ,​139‌,Spring2024,B-
 984,64,Fall2023,B
426,84 ,Fall2024,B-
647 ,178,Spring2024,B+
 96 ,116 ,Fall2024,C+
​89‌,71 ,Fall2024,A
42, 199 ,Fall2024,A
 603, 49 ,Fall2023,A
​922‌, 189 ,Fall2024,C
641, 3 ,Fall2024,C+
​188‌, 124,Fall2023,C
 171 , 239,Fall2023,A-
1022 ,179,Fall2024,A
​964‌,146 ,Fall2024,B-
 674 ,​176‌,Spring2025,A
43, 21,Spring2025,B+
687 ,​199‌,Fall2023,C+
57, 214,Spring2025,B
 557, 54 ,Fall2023,A
525 , 11,Spring2025,C
 446 , 64 ,Spring2025,C+
 94 ,51,Fall2024,C
 603 , 71 ,Spring2025,A
​1001‌,​174‌,Spring2025,B-
340, 10 ,Fall2023,C
 205,​134‌,Spring2025,A
 827,17,Spring2025,B
949,116,Spring2024,B+
679 ,135 ,Spring2024,B
130,182 ,Fall2023,B+
 508,150 ,Fall2023,A
​34‌,​88‌,Fall2023,A
​589‌,​27‌,Fall2023,B-
 692, 158 ,Spring2024,C+
 700, 86,Spring2025,A
219, 134,Fall2023,A
 ,142,Spring2024,A
​192‌,​95‌,Spring2025,B
 573 , 142,Spring2024,C
784, 105,Fall2023,A-
 824 , 183,Spring2024,A-
480,​165‌,Spring2024,C+
607 ,​96‌,Fall2023,A
676 , 200,Spring2024,B+
 865,117,Fall2024,C
 105,​16‌,Fall2023,C+
​788‌, 17 ,Spring2024,A-
338 , 120 ,Fall2023,B-
​399‌, 130,Spring2024,B+
881, 150 ,Fall2023,A-
 198 , 7 ,Spring2025,A-
​658‌, 200,Fall2023,A
 665 , 195,Spring2024,A
22, 90 ,Spring2024,B
 1017,​194‌,Spring2025,B-
​994‌, 139,Spring2024,B-
854 ,​158‌,Spring2024,B-
715, 8,Spring2024,C+
369,56,Fall2024,B+
​885‌,182,Spring2025,C+
​1060‌,​38‌,Fall2024,B+
​31‌,28,Fall2024,A
255,54 ,Spring2025,B
331 , 77 ,Spring2024,B+
310,19,Fall2024,B-
330 ,147,Spring2025,C+
464,​175‌,Spring2025,C
 793, 113 ,Spring2024,B-
 291, 64,Spring2025,B-
 162,​12‌,Spring2025,B+
551,26 ,Spring2024,B-
​356‌,​130‌,Fall2024,B
 425 , 1 ,Fall2024,B+
​956‌,N/A,Spring2024,A-
166 ,​157‌,Spring2024,C+
​480‌,157,Fall2024,B
​248‌,179 ,Fall2023,A
​794‌,199 ,Fall2023,B+
 633,​6‌,Fall2024,A
 245 ,129,Fall2024,B-
 13, 49,Fall2024,B
 630 ,211,Fall2024,B+
 343 ,13,Spring2025,B+
 117, 7 ,Fall2023,B
 197 ,​44‌,Fall2024,A
175 ,17,Fall2024,A-
 298, 28 ,Fall2023,A-
​676‌, 17,Spring2024,B+
981 , 253 ,Fall2024,A-
​184‌,​143‌,Spring2024,C
​416‌, 184,Spring2024,C
​325‌, 127,Spring2025,A
351 , 25 ,Fall2024,C
 1012,89 ,Fall2023,A-
 236 ,5 ,Fall2024,C+
42,​130‌,Spring2025,A-
 412 ,​59‌,Fall2023,B+
 113,11,Fall2024,C+
 626,130,Fall2024,A-
988 ,​165‌,Spring2024,B-
 884,​104‌,Fall2023,B
 671,50,Spring2024,A
 737, 88 ,Fall2024,A-
 218 , 96 ,Spring2024,C
57, 64 ,Spring2025,A-
847, 84,Fall2024,A
​823‌,​7‌,Fall2024,A
 786,104 ,Spring2024,B+
 909 ,213 ,Fall2023,C+
​,152,Spring2024,B-
 409,57 ,Fall2023,A-
 25 , 88,Fall2024,B-
18 ,​171‌,Spring2024,B-
 976,​74‌,Spring2024,B
 569 ,117 ,Spring2024,A-
 ,​11‌,Fall2023,A
130 ,​200‌,Fall2024,C
 651,155,Fall2024,A
614,75,Fall2023,A
847 , 149 ,Spring2025,B
 491 , 26,Fall2024,C
871, 112,Fall2024,C+
956 ,​179‌,Spring2025,C
​163‌,79 ,Spring2025,C+
 672 ,3 ,Spring2025,B
588,46,Spring2024,B-
​467‌,​110‌,Spring2024,B-
1081 ,​161‌,Spring2025,A-
 28 , 17 ,Spring2024,B-
174,7,Spring2024,B+
​659‌,71 ,Spring2024,C+
 454 , 68,Fall2023,C
 358,85,Fall2024,C+
742,133,Spring2024,A
​794‌, 199 ,Spring2025,C
​562‌,100,Fall2023,A
 894 ,106 ,Spring2024,A
 1091, 196 ,Spring2024,A-
 175,​188‌,Fall2024,C+
​459‌,​9‌,Fall2024,A
57, 64 ,Spring2025,A-
 366,139 ,Spring2025,B+
 31 ,34,Fall2024,A-
​175‌, 188,Spring2025,A
316 ,​150‌,Spring2025,B-
 927,None,Fall2024,B+
nan,31,Fall2023,A
209 ,189,Fall2023,B-
64, 64,Fall2023,C+
479, 57 ,Spring2025,A-
 997 , 136,Spring2025,C+
603 ,​71‌,Spring2024,B+
410, 143,Spring2025,A-
818, 135,Fall2024,B+
723 ,​134‌,Spring2025,B+
 957,​150‌,Fall2023,C+
488 ,1 ,Fall2024,C
 424 ,51 ,Fall2024,B
 962 , 187,Spring2025,C+
 307 ,53 ,Spring2025,B+
782, 138 ,Spring2024,B+
 986 , 134 ,Fall2024,C+
 801 ,122 ,Spring2024,B+
 241 , 139,Fall2023,B-
201,63 ,Spring2024,C
 435, 167,Spring2024,B
882 ,​123‌,Spring2025,C+
904 ,64 ,Fall2024,C
 134,​159‌,Fall2023,A
 630,​6‌,Fall2024,A-
 828, 120 ,Fall2024,C+
 324,​195‌,Fall2023,C+
 976 ,74,Fall2024,C
​571‌, 38,Fall2024,A
​432‌,184,Fall2023,B-
​952‌,​3‌,Fall2024,B
 92 , 26,Spring2025,B
 488, 51 ,Spring2025,B-
 1095 ,​2‌,Spring2024,B-
​291‌,​61‌,Fall2023,B+
​224‌, 163 ,Spring2025,A
​1017‌,144 ,Fall2023,A-
875,128 ,Fall2024,C+
​1024‌, 163 ,Fall2024,C
382, 105,Fall2023,B+
None, 128,Spring2025,B+
​156‌,124 ,Fall2024,B-
 510 , 193,Fall2023,C
 685,11 ,Spring2025,A
686,105,Fall2023,C+
1052 , 128 ,Fall2024,C+
149 , 169 ,Fall2023,A-
 152 , 1 ,Spring2024,A
 747 , 33,Fall2023,A
​713‌, 100,Fall2024,C
 775, 3 ,Fall2024,B-
499, 109 ,Fall2024,A-
469,​197‌,Fall2023,B-
 435,​31‌,Spring2024,C+
 868, 17,Fall2024,B-
 429 , 79,Spring2025,C+
 911,173 ,Fall2024,A-
211,15,Fall2024,B+
 700,86,Spring2024,C
 624 ,100 ,Spring2024,C
787 ,​51‌,Fall2024,A-
 974 , 11 ,Fall2024,A-
415 ,​58‌,Fall2023,A
341 ,​6‌,Spring2024,B
393,69 ,Spring2024,B-
630 ,159 ,Fall2024,A
378, 99,Spring2024,B
801 , 59,Spring2024,A
190 , 130,Spring2024,B+
 780 , 4,Fall2024,A
 710 ,NULL,Spring2025,C
​981‌,​1‌,Spring2024,C+
 607,​130‌,Fall2024,B+
 133 ,​42‌,Spring2024,A
902 ,209,Spring2025,B+
791,188,Fall2024,C+
 225 , 56 ,Spring2025,B+
1050 ,45,Spring2025,C
829, 99 ,Fall2024,B+
278, 187 ,Spring2024,C+
 817,120,Spring2024,A-
 140 ,​84‌,Fall2024,B
798,248 ,Spring2025,B
 665 , 195,Spring2024,A
 507 , 136 ,Spring2025,A-
 413 ,​112‌,Spring2024,C
937,45,Spring2024,A-
666, 7,Fall2024,A
 993,105,Fall2023,C+
344,70,Spring2025,A
 53,​191‌,Fall2024,A
​888‌, 88 ,Fall2023,A
988 , 105 ,Fall2024,A
178,105,Fall2023,C
 701 ,126,Spring2025,A-
None, 26,Fall2024,B-
 44, 84 ,Spring2025,B+
​373‌,​29‌,Spring2024,A-
993, 51 ,Fall2024,B
987, 245,Spring2024,B
332,26,Spring2025,C+
 717 ,17 ,Spring2024,C+
5 , 190 ,Fall2023,B-
896 ,99,Fall2023,A
 389 ,46 ,Fall2023,C+
59,200 ,Fall2024,B-
371,​82‌,Fall2024,B-
623,64 ,Fall2024,B-
​699‌, 86,Fall2023,B+
1076 ,151,Spring2024,A-
59, 88,Spring2025,C+
1000, 146 ,Fall2024,C+
​250‌,45,Spring2025,C
730 ,169,Fall2023,B+
533 ,75 ,Spring2024,C
956,N/A,Spring2024,B+
449 , 140 ,Fall2024,C
808,​1‌,Fall2024,C
​904‌, 7 ,Fall2024,B+
539 ,​101‌,Spring2024,B+
​1037‌,175 ,Spring2024,A-
448 ,109,Spring2025,B-
852,​11‌,Fall2023,A
270,42 ,Spring2025,B-
331, 77 ,Spring2024,C+
​589‌, 1,Spring2024,B
19 ,​105‌,Spring2024,B-
​142‌, 115 ,Fall2023,B-
 76,42 ,Spring2024,C+
449, 170,Spring2024,C+
217 , 3,Spring2025,A
 2,​123‌,Spring2024,B-
 18,162,Spring2025,B-
​436‌, 16,Fall2023,C
113 , 11,Fall2023,C
 329 , 184 ,Fall2023,C+
361 , 185,Fall2023,A-
 942, 14,Spring2024,A
837 , 20,Spring2025,A
 85 ,62 ,Fall2023,B-
 640,​191‌,Spring2024,B-
​5‌,190 ,Spring2025,C+
 716 ,75,Fall2023,C+
663 ,30,Fall2023,A
 944 ,67,Spring2024,B+
164, 203,Spring2025,B-
 600, 42,Spring2024,C
1081, 17,Fall2024,B-
 160 ,184,Fall2024,A
 413 , 14,Spring2025,B
 1023 , 16,Fall2023,B
​21‌,​91‌,Fall2023,B-
 45,70,Spring2025,B
 874 , 186 ,Fall2024,B
960,51 ,Fall2024,C
 650, 83 ,Spring2024,C+
 218,17 ,Fall2024,A-
​244‌,189 ,Fall2024,C
 1051, 118 ,Fall2024,A-
 697 ,174 ,Spring2025,C+
​606‌,69,Spring2024,B
​48‌,1,Fall2023,A
1093, 120,Fall2024,B-
846, 133,Fall2023,A
​859‌, 108,Fall2023,C+
​412‌,139,Spring2024,C
​718‌,115,Spring2024,A
 276,253 ,Spring2025,A-
196,​105‌,Spring2025,C
 444, 42,Spring2025,B-
​351‌,25,Fall2024,B+
489 , 65 ,Fall2023,A
 729, 88,Spring2024,C
​28‌,79,Spring2024,C+
 705 , 69 ,Fall2024,A
​895‌, 132,Fall2023,B-
502 ,89 ,Fall2023,B
271, 32 ,Spring2024,C
610 ,88 ,Spring2024,A-
263 ,203 ,Fall2024,C
435 , 31,Fall2024,A
​424‌,​194‌,Fall2024,A-
​755‌,​107‌,Fall2023,C
​458‌,NA,Spring2025,A
​415‌, 149 ,Spring2025,A
62,​142‌,Spring2024,B+
​885‌, 54,Spring2024,B-
​413‌, 36 ,Fall2023,C+
 444 ,​7‌,Spring2025,B-
614 , 75,Spring2024,C
 1095,68 ,Spring2024,A
​1098‌,187,Fall2024,A
72, 64 ,Fall2024,A-
37 , 150 ,Fall2024,B
​966‌,28,Fall2023,B
62,​50‌,Fall2023,B+
​178‌,120,Fall2023,B-
 272 ,120,Fall2024,A
NULL,117,Spring2025,C
895 ,​120‌,Spring2025,B+
 468 ,127 ,Spring2024,C+
 728 ,​93‌,Fall2023,B-
 263 ,​112‌,Spring2025,C+
 525,196,Fall2024,B
​536‌, 58 ,Spring2025,A-
343 ,2 ,Spring2025,B-
560, 192,Spring2025,C
539 , 101,Fall2024,B
 799 , 188 ,Fall2024,B-
 409 ,70,Fall2023,B-
​600‌, 105 ,Fall2023,B
 251 , 3,Fall2024,B+
17 ,​34‌,Spring2024,A
233 , 169 ,Fall2023,A-
280 ,86,Spring2025,C
690 , 125 ,Spring2024,A-
 88 ,162,Spring2024,B-
267 , 59 ,Fall2023,B
 475 ,54,Fall2023,A
​195‌, 201 ,Spring2024,B+
 384, 133,Fall2023,C+
​431‌, 6 ,Spring2024,B
 325,​127‌,Spring2024,B+
 ,160,Spring2024,B
​772‌,34 ,Spring2024,A-
925,137,Fall2024,C
638, 208 ,Fall2024,B
280 , 96,Spring2024,B-
 742 , 48 ,Spring2025,B
​, 156,Spring2025,C
​255‌, 88,Fall2023,A
12 ,65,Spring2024,C
​832‌,200 ,Spring2024,A
 933 ,​186‌,Fall2024,C
 276 , 112 ,Spring2025,A
552 ,89 ,Fall2024,A
 884,150 ,Spring2025,C+
407 ,13,Fall2023,A
​766‌, 71,Fall2023,C+
​607‌,​99‌,Spring2024,A
 809 ,36,Spring2024,C+
89 ,60,Spring2024,C
​88‌, 175 ,Spring2025,B-
​382‌,​108‌,Spring2024,C
 224 ,171 ,Fall2024,A-
51 ,​7‌,Spring2025,A-
962 , 199,Spring2025,B+
​39‌,198 ,Spring2025,C+
104,​193‌,Fall2023,A
,​90‌,Spring2025,B+
450 , 23,Spring2024,C
​765‌,93,Spring2025,A
 528,95,Fall2024,C
 188 ,42 ,Spring2024,C+
581 ,​194‌,Fall2023,C
 929,74 ,Fall2024,B-
 111 ,​82‌,Fall2023,A
635,255 ,Spring2025,B+
 333 , 178 ,Fall2024,C
​987‌, 46 ,Fall2023,C
​390‌, 101 ,Spring2025,A
166,73,Spring2024,A
​717‌, 99,Fall2023,A
111,NULL,Spring2024,A
32 ,​7‌,Spring2025,B+
369,56,Fall2024,B+
​196‌, 99,Fall2023,B+
519,​14‌,Fall2024,A
 421,67 ,Fall2023,A
370, 106,Spring2025,A
305 ,​11‌,Spring2024,B+
81 ,​120‌,Spring2025,A-
611, 23,Spring2024,A
322 ,145 ,Fall2023,A-
272, 120 ,Spring2024,B-
176 , 39 ,Fall2024,C
149,120,Fall2024,C
 381,​105‌,Spring2025,A
​495‌, 67,Spring2024,C+
 566, 126,Fall2024,B
793,84 ,Fall2023,A-
​932‌,187 ,Fall2024,B-
 961,175 ,Spring2024,A-
 632 , 52 ,Fall2023,A
563 ,91 ,Fall2023,B+
​289‌,​84‌,Spring2024,A-
 716 , 216 ,Fall2023,A-
 646 , 24,Spring2025,A-
​905‌,​197‌,Fall2023,B
 1062, 46,Fall2023,B
​772‌,90 ,Fall2023,B-
909 ,242,Spring2024,A
​132‌,111 ,Fall2023,B+
 461 ,42 ,Fall2023,A
918 ,​23‌,Fall2023,C
 203,108 ,Fall2023,C+
985 ,93 ,Fall2024,A
 848,99,Spring2024,C+
367 ,164 ,Spring2024,C
​886‌, 114 ,Spring2024,B
 176,25,Spring2024,C
739, 200,Fall2023,B-
33, 71,Spring2025,B
 653,120 ,Fall2024,B+
​237‌, 168 ,Spring2025,A-
 496 , 124,Fall2024,B
 889,73 ,Spring2025,B
 612, 11 ,Spring2024,B+
​565‌,120,Fall2024,C
734,87,Fall2024,A-
901,​1‌,Spring2024,B+
​35‌,​116‌,Spring2025,B
107,154 ,Spring2025,B-
​779‌,184,Fall2023,A-
 39,​164‌,Spring2025,A-
 540,​77‌,Fall2024,C+
 773, 120 ,Spring2025,A-
560 ,140,Fall2024,B
 875,​128‌,Spring2025,A
 ,​176‌,Fall2024,A
918, 23 ,Fall2024,C+
 384,​192‌,Spring2024,B
​165‌,6 ,Spring2024,B-
 625 , 180 ,Spring2025,B-
​592‌, 151,Spring2025,C
​,48,Spring2025,C+
​552‌, 198 ,Spring2025,B
 142 , 1,Fall2024,B-
568,​93‌,Fall2023,C+
 541 ,88 ,Fall2024,A-
87 , 129 ,Spring2024,B
687 ,​199‌,Fall2023,C+
938 , 48,Spring2024,C+
 309, 59 ,Spring2025,A
 194 , 7,Fall2023,A-
 163, 221 ,Fall2024,B
 959 ,N/A,Spring2024,B-
58,199 ,Fall2024,C
 947,238 ,Spring2024,C
 196, 106,Spring2024,B-
822,133,Spring2024,A
 559 ,​151‌,Fall2024,A-
561,​53‌,Fall2023,B-
12.7,-9,Fall2023,A
753, 78,Spring2025,C
31,153,Spring2025,B-
739, 200,Spring2025,B
505, 177,Spring2025,A
303,86,Spring2025,B+
 546,85,Spring2025,C+
711,​199‌,Fall2024,A-
525 ,23 ,Spring2024,B-
​782‌, 88,Spring2024,B-
​758‌,67,Fall2023,B+
​394‌, 156,Spring2024,B-
​27‌,​150‌,Fall2023,A
166 ,​73‌,Fall2024,C
376 , 45 ,Fall2024,A
 375 ,,Spring2024,B-
 927 ,197,Fall2023,B
 257,42,Fall2023,C+
 580,175,Spring2025,A-
​67‌,160 ,Fall2024,C+
 730 ,39 ,Spring2024,A
​444‌, 22,Fall2024,B
608,59,Spring2024,C+
948 , 35,Fall2024,B+
 962 ,11,Spring2024,C
 81, 99,Spring2024,A
 54, 110,Spring2024,A
 191, 100,Fall2023,B+
 752,130,Fall2024,B+
 178,28 ,Spring2024,A
945, 105,Spring2024,A-
271,152,Fall2024,C+
674,123,Fall2023,B+
​89‌,11 ,Fall2023,B-
832 ,200 ,Spring2024,A-
452,42 ,Spring2024,A
 88,113,Fall2023,C
 457 ,120 ,Fall2023,A-
889 ,88,Spring2025,A-
17 ,​105‌,Spring2024,B
307 , 190 ,Spring2024,A-
​24‌,125 ,Spring2024,A-
891 ,44 ,Fall2024,B+
 451,​200‌,Spring2025,A
244 ,​14‌,Fall2023,B-
​554‌,​62‌,Fall2024,C+
 77,6,Fall2023,C
 951 ,70,Fall2024,B
 77,6,Fall2023,C
​932‌,​34‌,Fall2023,C+
531, 119,Spring2024,B
898,​168‌,Spring2025,B-
986 ,73 ,Fall2024,B-
 102 ,81,Fall2024,C+
461,69 ,Fall2023,B
N/A,44,Spring2025,C+
 733 , 10,Spring2024,C+
 527,98 ,Spring2025,B
287, 49,Spring2025,A
​729‌,​,Spring2025,A-
575,​22‌,Spring2025,B-
 760,167,Fall2024,A-
120,176,Spring2025,B
​137‌,​45‌,Fall2024,B-
​695‌,99,Spring2024,B
 859, 1,Fall2024,B-
 287 ,​80‌,Spring2024,B+
798 ,112,Fall2024,B-
 318,45,Spring2024,B+
866 , 61 ,Fall2023,A-
32 ,​117‌,Spring2024,C
 290,181,Fall2023,A
 793 ,113,Spring2025,C
795 ,106 ,Spring2024,B-
 134 , 98 ,Spring2025,B
147 , 36 ,Fall2023,C
701,199,Fall2023,A
517 ,​42‌,Fall2023,C
466,109 ,Fall2024,A-
431, 134,Spring2025,A
abc,xyz,Spring2025,A
406 , 139 ,Fall2024,A-
 527,120,Fall2024,A-
435,184 ,Spring2024,C
 365 ,17,Fall2023,A-
​625‌,​40‌,Fall2024,C
224 , 106,Spring2024,A
 294 ,39 ,Spring2025,C+
 36 ,119 ,Spring2025,C
486,18 ,Fall2023,C+
323 ,212 ,Spring2024,C
 150,nan,Spring2024,A
​850‌,217 ,Fall2023,C+
​653‌,​28‌,Fall2023,B+
 869, 96 ,Fall2023,B-
 729 ,92 ,Fall2024,B
523, 3,Fall2024,B
 256,50 ,Spring2025,C+
​628‌,142,Fall2024,A
 630,​6‌,Fall2024,A-
 327, 11 ,Spring2024,B-
​396‌, 188,Fall2024,B
​668‌,197 ,Fall2023,C+
​859‌,82 ,Fall2024,B-
460, 193,Spring2024,A-
29,101,Fall2024,A
192,​3‌,Spring2025,A-
 1017,138,Fall2024,C+
 956 , 7 ,Fall2023,A-
99, 29,Spring2025,A-
111,17,Fall2023,B-
 505 ,​140‌,Fall2023,B-
 563 , 60 ,Fall2024,A
691 ,​96‌,Fall2023,B+
 287 ,49 ,Spring2024,A
 826 ,​88‌,Fall2024,B+
13 ,93 ,Spring2025,C+
​54‌,90,Spring2025,C
41,170 ,Spring2024,C+
 487 ,​28‌,Fall2023,B-
​57‌,28,Spring2024,A-
​637‌,​18‌,Spring2024,B+
272 ,155 ,Fall2023,B+
128, 99 ,Fall2023,B+
618,​162‌,Spring2024,C+
 718, 117,Fall2023,C
301 ,​119‌,Fall2023,B-
381,169 ,Fall2024,A
845, 34 ,Spring2024,C+
 934,63,Fall2023,A-
474,17 ,Spring2025,C+
567 , 142,Fall2023,C
 97,222 ,Spring2025,C
778,​99‌,Spring2025,A
nan, 161,Fall2024,C
496 ,​69‌,Spring2024,B-
44 , 27 ,Spring2024,B+
511 , 151 ,Spring2025,B-
 801 ,122 ,Spring2024,B+
329, 95,Fall2023,B
606, 69,Fall2023,C
 495, 17 ,Fall2023,A
848 , 148,Spring2025,A
 316 ,​149‌,Fall2024,A
280 , 49,Fall2024,B+
626 ,​47‌,Fall2024,A
​384‌,95,Fall2023,B+
 317 ,132,Spring2025,A
 359 , 143 ,Fall2024,A-
 197, 109 ,Fall2023,A
 679 , 182,Fall2023,C+
909,88 ,Fall2023,B-
735, 102 ,Spring2024,A
588 ,82 ,Spring2025,A
​596‌,​25‌,Spring2025,B-
160 ,1 ,Spring2024,A-
466,179,Fall2023,A
 752,7 ,Spring2025,B+
549, 70 ,Fall2024,C+
 99,11 ,Spring2024,B+
​79‌,67 ,Fall2024,C
889 ,​73‌,Spring2025,A
 664,42,Fall2024,A
45,70 ,Spring2024,A
​440‌, 85 ,Fall2024,A
0,-9,Spring2025,C+
 972, 120 ,Fall2024,B
1087,​126‌,Spring2024,B-
457 ,59 ,Fall2024,C+
25,152 ,Spring2024,B-
105,66,Fall2024,B-
 329 , 36,Fall2023,B
644 , 4,Fall2023,C
606,​139‌,Spring2025,B+
NULL,​10‌,Spring2025,B
150 ,​89‌,Spring2025,C
430 , 86,Spring2025,A
 215, 144,Fall2023,B-
 359 ,143,Spring2025,A
 905 ,​42‌,Spring2024,B+
136, 111,Spring2025,C
1069 ,111 ,Spring2025,B-
353 ,​11‌,Spring2025,B-
 972 , 196,Fall2024,B-
 635,170,Spring2025,A-
 466, 103 ,Spring2024,B-
737,198,Fall2023,A
 859,136 ,Spring2025,A-
 178,​143‌,Spring2025,B-
607,141 ,Spring2025,C+
 974,11 ,Fall2023,B-
926 ,​70‌,Spring2025,B-
 230, 15,Fall2023,C+
1029 ,​168‌,Spring2024,B+
 433, 7,Spring2024,A
423,​81‌,Spring2024,C+
991 , 150,Fall2024,A-
​44‌,88,Spring2025,B
 224 , 140 ,Fall2023,A
735 ,57 ,Fall2023,A
337 , 7 ,Spring2024,A-
 907,100 ,Fall2023,B+
 377 ,​89‌,Fall2024,C
197 ,​,Spring2024,C
, 52 ,Spring2025,A
 609,120,Fall2023,B+
 187 , ,Fall2024,B-
77,​6‌,Spring2025,B+
423,​81‌,Fall2024,C
​971‌, 1 ,Spring2024,B+
 543,118 ,Fall2023,C+
772 , 122 ,Spring2025,B
810 ,77 ,Spring2024,B
396 , 125,Spring2024,C
​1098‌,182,Fall2023,C
 592,157 ,Spring2025,C
36,​158‌,Fall2023,B-
​170‌, 249 ,Fall2024,A
23 ,6 ,Fall2023,A
 714, 42 ,Spring2025,B
 744 , 25 ,Fall2024,B+
199 , 43,Fall2024,B+
690 , ,Fall2023,B
​377‌,75,Fall2023,B+
 576, 42,Fall2024,C+
 538,223,Spring2025,B-
 985 ,42 ,Spring2025,B-
 615 ,​80‌,Spring2024,C+
 827, 17 ,Spring2024,B+
 859 ,164,Fall2023,C
894 , 21,Fall2023,C+
 674 ,164,Spring2025,B+
858,223 ,Spring2025,B
 418,50 ,Fall2023,B-
812 ,128,Spring2024,A
 336, 97 ,Spring2025,B+
516 , 85 ,Spring2025,C
925,​57‌,Spring2024,B+
 77 , 3,Spring2024,C
 820,86 ,Spring2025,C
​432‌, 167,Spring2024,B-
 518,31 ,Fall2024,B
 1000,​146‌,Fall2024,B
 885, 91 ,Fall2023,A-
525,199 ,Fall2023,A-
​325‌, 190,Spring2024,C+
153 ,​63‌,Spring2024,C
 323,84,Spring2024,C
​468‌, 4 ,Spring2025,C+
NULL,123 ,Spring2024,B
 117 , 199,Spring2024,B
​848‌,148 ,Fall2024,C+
834, 98 ,Fall2023,C
 785, 59,Fall2023,B+
N/A,51 ,Spring2024,C
 187 , 71,Spring2025,C
998, 11 ,Fall2024,C+
 619,36,Fall2024,A-
 780 ,186 ,Spring2025,B+
 286,​139‌,Spring2024,B+
267 , 99 ,Fall2024,B+
 585,​48‌,Spring2024,C
798 ,148 ,Spring2025,A-
 283 ,​55‌,Fall2023,B+
​338‌,42,Spring2025,A-
 84, 159,Spring2025,B-
29 ,161 ,Spring2024,B-
​912‌,150,Spring2025,C+
 598 ,​174‌,Spring2025,B
 20 , 11 ,Spring2025,B-
766,93,Spring2025,C+
 142 ,184 ,Spring2025,B+
 801 ,134,Spring2024,B
 40 , 7 ,Fall2024,A-
 974, 14 ,Spring2025,B
241 ,198 ,Spring2025,B+
 178 ,105,Fall2024,C
271,113 ,Spring2025,A-
7, 50,Spring2024,A-
255,32 ,Fall2024,C
​241‌,​139‌,Fall2024,C+
554 ,3,Spring2024,C+
712, 174,Fall2023,A
 661,36 ,Fall2024,B+
547,​1‌,Fall2023,B+
 450,26,Fall2024,B+
NA,48 ,Fall2024,A
​159‌,​158‌,Spring2025,B
 537 , 89 ,Spring2025,C+
 170,​42‌,Fall2023,B+
335 , 54 ,Spring2024,C+
 232, 105,Fall2024,B-
153 , 168,Fall2023,B
474,259 ,Fall2023,B
​10‌,​120‌,Spring2025,C+
 ,157,Fall2024,A
 986 , 159 ,Fall2024,C+
​613‌, 191,Spring2025,B
766,93,Spring2024,A
 53,45,Spring2025,A-
 880 ,​154‌,Spring2024,A
995 ,​88‌,Fall2023,B-
560,140 ,Fall2023,C
​94‌,142,Fall2024,C
1,150,Spring2025,B
 891, 33 ,Spring2024,B-
747,101,Spring2025,C+
1095 ,5 ,Fall2024,C+
768,​29‌,Fall2023,C+
 521 ,106 ,Spring2025,B+
626 ,129,Fall2023,B+
 455,80 ,Fall2024,B
 139, 88,Spring2024,B+
​356‌,105,Spring2024,B-
​477‌,​58‌,Spring2024,A-
 161 , 108,Spring2024,C
​626‌, 48,Spring2024,B
 132, 92 ,Fall2023,C
​459‌,193,Spring2024,C
529,145 ,Spring2024,A
​717‌,127,Spring2025,C+
 375,​200‌,Spring2025,B+
257,23,Fall2024,C
200 ,14 ,Spring2024,B+
 855, 68 ,Spring2025,B
292 , 39 ,Fall2023,B
 359 , 143 ,Fall2024,A-
 980 , 172 ,Spring2025,B+
326, 12,Fall2023,B-
 597,​105‌,Spring2024,B
85 ,79,Spring2024,C+
829 ,14,Fall2024,B
​894‌,200 ,Fall2023,C+
 565 , 120,Fall2024,B-
 833 ,33 ,Spring2025,A-
794 ,86 ,Spring2024,B+
​617‌, 16,Fall2024,B+
​758‌, 88,Fall2023,B-
822 , 147,Spring2025,B+
 563, 22 ,Spring2024,B
242 ,7,Fall2023,A
 125,57 ,Fall2023,A-
387 ,89 ,Spring2025,B
 390,91,Fall2023,B-
 22 ,​111‌,Fall2024,A-
 367 , 120 ,Fall2024,B
 571 ,11,Spring2025,B+
219, 121,Spring2025,C
​45‌,​109‌,Fall2024,B-
​712‌,​174‌,Spring2025,B
​990‌, 150 ,Fall2024,B-
612,120,Spring2024,A
 719 , 99,Spring2024,B-
 705,169,Fall2023,B+
 387,78,Fall2024,B-
​866‌,179 ,Fall2023,C
676, 69,Spring2025,C
​1030‌,132 ,Spring2024,C
475 , 202 ,Fall2024,B-
 838 ,​61‌,Fall2023,C
 135, 89,Spring2024,B+
183 ,​99‌,Fall2024,B+
​927‌,46,Spring2025,B
261, 99 ,Spring2024,B-
780 ,186 ,Fall2023,C+
 1026 ,​120‌,Spring2024,C+
735,197 ,Spring2024,A
 900,204,Spring2025,C+
117,​157‌,Spring2024,B+
 1040 , 12 ,Spring2024,B+
17, 105,Fall2024,A-
 103 ,173 ,Spring2024,B
 641,184,Fall2024,A
 39,124,Spring2024,B
422, 7 ,Spring2025,C+
 81 ,208 ,Spring2024,A-
810 , 87 ,Fall2023,B+
 524 ,​188‌,Fall2024,C
644 ,​240‌,Spring2025,C
​995‌, 200 ,Fall2023,A
​875‌,​244‌,Fall2023,C+
 885 ,​159‌,Fall2023,A-
 230 , 88 ,Fall2024,B-
 894 ,14 ,Fall2024,C
752,3,Fall2023,B-
 795,​134‌,Spring2024,B-
 779, 94,Fall2023,B-
880 ,221,Fall2024,C
10,151 ,Spring2025,B+
 41 , 170,Spring2024,C
83,83 ,Fall2024,A-
13 , 93,Fall2023,B+
 255, 107,Spring2024,C+
 270,​42‌,Spring2025,B-
 293 , 26,Fall2024,C
457 ,3,Spring2024,C+
 257,110,Spring2025,C+
 369,​81‌,Fall2024,B
188 , 17 ,Fall2024,C+
​117‌,110,Spring2025,B
 197, 44 ,Spring2024,B
​718‌,115,Spring2024,C
486, 159,Fall2024,B-
 455,​151‌,Spring2025,B-
160 ,​1‌,Fall2023,C
​571‌, 126,Spring2025,A-
991 , 158 ,Fall2024,B+
​1079‌,​77‌,Fall2023,B
​291‌,​61‌,Fall2023,B+
 115 , 177,Fall2023,B
​685‌, 251 ,Spring2024,C
230,92 ,Spring2024,C
 540 , 61,Fall2024,A
988, 166 ,Spring2025,A
 673 ,​179‌,Spring2024,C
617, 152,Spring2024,A
307 ,251 ,Fall2023,C+
​72‌,179,Spring2025,A-
​780‌,41,Fall2024,A-
698,71,Fall2023,B+
 617 ,​41‌,Fall2024,C+
 815 ,N/A,Fall2024,A-
 1072 , 93 ,Spring2024,B+
641 , 42,Fall2023,C+
 420,​36‌,Fall2023,C+
 161 ,3 ,Fall2024,A-
​591‌,​40‌,Fall2023,A-
 901, 157 ,Fall2023,B-
219, 108,Spring2025,B
 251, 61,Fall2024,C
 430,86 ,Fall2023,C
 165, 135 ,Fall2023,B-
945, 10 ,Spring2025,B+
​742‌,​93‌,Fall2023,A
​459‌,​193‌,Spring2025,B
787 , 3 ,Spring2024,B-
​798‌,105 ,Spring2025,C+
​303‌,32,Spring2025,C
NULL,166,Spring2024,A-
​575‌,​103‌,Fall2024,C
 732 , 221,Spring2025,A
​788‌, 127 ,Spring2024,A
 255 , 148 ,Spring2024,A
461,69 ,Fall2023,B
777, 86 ,Fall2024,A
152 , 101,Fall2024,B-
465 ,157,Spring2024,C
 996, 237,Spring2025,B
79 ,11 ,Spring2024,C+
303, 59 ,Spring2025,B-
​303‌, 150 ,Spring2025,B+
12.7,-9,Fall2024,A
​519‌,​143‌,Fall2023,C
517 , 103 ,Spring2025,C+
 646 , 24,Spring2025,A-
381, 208,Spring2025,A
 122, 135 ,Spring2024,B+
11,108,Fall2023,B+
979 ,146,Spring2025,C
 152, 176 ,Fall2023,A
 501 ,185 ,Fall2023,C+
72,​38‌,Fall2024,A-
​614‌, 88,Fall2023,A-
 756 ,259,Spring2024,C
1059 , 144,Spring2024,B
724 ,152,Spring2024,B-
 823 , 58,Spring2025,B
 632,88 ,Fall2023,B
 495,105 ,Fall2024,B-
 438,139 ,Fall2024,B
​85‌, 150,Fall2023,C+
 879 ,146,Fall2024,A-
​199‌, 146 ,Spring2024,C
​844‌,​44‌,Fall2023,B-
 746,117 ,Spring2025,B-
983 ,233 ,Spring2025,B+
766 , 64,Fall2023,B-
 846, 198 ,Fall2023,B+
912,134,Fall2023,A
643,101 ,Fall2024,B-
0,8.2,Spring2024,B
​675‌, 92,Fall2023,C+
 937 , 17,Spring2025,C
495 , 35 ,Spring2025,A
 558, 52 ,Fall2023,B
​1011‌,121,Fall2023,A-
-3,8.2,Fall2024,C+
781, 82,Spring2025,B
NULL,​34‌,Fall2023,C+
 427,15,Fall2024,B-
 22 ,111 ,Spring2024,B+
810 ,77 ,Spring2024,B
695,​99‌,Fall2024,B+
 591, 254 ,Spring2025,C
 811 ,​95‌,Spring2024,B
637, 106 ,Spring2024,B
786 , 10,Fall2023,C+
 138,93 ,Spring2024,B+
329,NULL,Spring2025,A
 850,​149‌,Fall2023,B+
None, 8,Spring2025,A
388 , 156 ,Spring2025,A-
1000, 200 ,Spring2025,A
899,167,Fall2023,B-
 897 , 98,Spring2024,B
490 ,19,Spring2025,B+
 773 , 36,Fall2024,A
​570‌,176 ,Spring2024,C+
​189‌, 111,Fall2024,A-
191 ,​210‌,Spring2024,B-
​406‌,88,Fall2024,A
 352,83 ,Spring2024,A
 991, 130 ,Spring2024,A-
​567‌, 173 ,Spring2025,B-
934,138 ,Spring2024,B-
 557,216 ,Fall2023,B
NULL, 3,Spring2025,B+
​413‌, 99 ,Fall2023,C+
34, ,Spring2024,C
121,​251‌,Spring2025,A-
988 ,150 ,Spring2025,C
​523‌,​195‌,Spring2024,B-
 509 ,42,Fall2024,B
 562 ,​87‌,Spring2024,C
 87 ,​129‌,Spring2025,B+
 679,58,Fall2023,A
 15 ,9 ,Fall2023,B+
 30,9 ,Spring2025,C+
377 ,​233‌,Fall2023,C+
 484 , 72,Fall2024,C+
0,0,Spring2024,A
291, 156,Spring2025,C+
 27 , 98 ,Spring2025,B
365,105,Spring2025,B-
 444 ,​7‌,Spring2025,B-
 , 185,Spring2024,C
 785,3,Spring2024,C
 220 , 153 ,Spring2024,C
 152 ,​101‌,Spring2025,B+
72, 137 ,Fall2023,C+
 592 ,95 ,Spring2024,C+
 475 ,23,Spring2024,C+
91 , 15,Spring2024,B-
 342,143 ,Fall2024,B+
 465 , 108,Spring2024,C+
​83‌,​134‌,Fall2024,B
431,32 ,Spring2024,A-
 424 ,​194‌,Spring2025,C
 621, 59 ,Spring2025,C+
837, 80,Spring2024,A-
​527‌, 23 ,Spring2024,C
118 , 99,Spring2025,B+
48, 17,Spring2025,C
192, 40 ,Spring2025,A
 297 ,​96‌,Spring2025,C
963,​158‌,Spring2025,C
924 ,105,Spring2024,B-
​624‌,66,Spring2025,C
935 ,​83‌,Spring2025,B
540,​200‌,Fall2023,B-
 698 ,181 ,Fall2023,B-
 430,​151‌,Spring2025,B
​190‌, 130,Fall2023,A
160 ,​1‌,Fall2023,C
645 ,​137‌,Fall2023,A-
 1080 , 184 ,Spring2025,C+
 1026,178 ,Spring2025,C+
 205, 5,Spring2025,B-
 992,134 ,Fall2023,B-
 665,172,Spring2024,B-
114,​122‌,Fall2023,B-
 375,21 ,Fall2024,B+
​644‌, 194 ,Fall2024,C+
 82,7,Fall2023,B-
816, 151,Spring2024,A
545,​44‌,Spring2025,B-
​489‌,​65‌,Fall2024,C+
​705‌,162 ,Spring2024,C+
​562‌, 53 ,Spring2024,B-
668 , 10,Spring2024,C
341 ,​153‌,Fall2024,B-
 63 , 142,Spring2024,B
497, 1 ,Spring2024,B
 282,1,Fall2023,C+
​805‌,42,Spring2024,B+
​419‌,3,Spring2025,B+
 795,84 ,Fall2024,C+
508,150,Spring2025,B
678 ,162,Spring2024,C+
 102 ,173 ,Fall2024,B+
480,1 ,Fall2023,A
 , 183 ,Spring2025,B+
NA, 125 ,Fall2024,B
​306‌,150 ,Spring2025,C+
 257,​190‌,Fall2024,B
444 ,77,Spring2024,B
​261‌, 95,Spring2024,A-
256 , 126,Spring2025,A
724, 86,Spring2025,C+
 168 ,88,Fall2024,B-
73 , 66 ,Fall2024,A
 255, 148,Fall2024,B
 162 , 99 ,Spring2025,A-
314 , 2 ,Fall2024,C+
​527‌,​80‌,Fall2024,C
 200,2 ,Fall2023,C
679, 189 ,Fall2023,A-
644 ,​194‌,Spring2025,B-
258,88,Fall2023,B-
802 , 7 ,Spring2025,B+
209 ,137,Spring2025,B+
682,132,Spring2025,C
581 ,​11‌,Fall2023,B+
 485, 138,Spring2025,A
575,174 ,Fall2024,B
​67‌, 155 ,Fall2024,C+
757,​107‌,Spring2024,B-
12.7,xyz,Fall2024,A
​687‌, 199 ,Spring2024,B+
​572‌,59,Fall2024,B
 549, 150,Spring2024,A-
​97‌,101 ,Fall2024,C+
281 , 47 ,Spring2024,B-
 560 ,81 ,Fall2024,A-
 497 ,150 ,Spring2024,B
​489‌,90,Fall2024,C+
449, 206 ,Fall2024,C+
​976‌,189 ,Fall2024,A
116,60,Spring2024,B-
754 ,​137‌,Spring2025,A-
 718, 139,Fall2023,C+
​113‌,​195‌,Spring2025,C
 450,137,Spring2024,C+
 115, 124,Spring2025,C
963,24,Fall2023,C+
 381, 96 ,Spring2024,C
 128,​62‌,Fall2023,B
808 ,102 ,Fall2023,C
159,234 ,Spring2024,C
 409 ,​15‌,Spring2025,B-
​665‌,88 ,Spring2024,B
​861‌,​51‌,Spring2025,A-
 144, 63 ,Spring2024,B-
973, 24 ,Fall2023,A-
​625‌,40 ,Spring2024,A-
nan, 106,Fall2023,A-
1 ,181 ,Spring2024,B-
N/A, 66,Fall2024,A-
​971‌,54 ,Fall2023,A-
275 ,​190‌,Fall2024,A
347 ,65,Spring2025,B+
 354 ,​5‌,Fall2024,B-
794, 66 ,Spring2025,B-
824,116,Spring2025,B-
​139‌,34,Fall2023,C
​1056‌,111 ,Spring2024,B+
779,121,Fall2024,A
577 ,​178‌,Fall2024,B+
 509, 69 ,Spring2025,A-
142, 151,Fall2024,C
 732, 96,Fall2024,B+
 758,72 ,Spring2024,B-
 785,3,Fall2023,C+
 840 ,17,Spring2025,B+
 458 , 18 ,Spring2024,B+
697 , 42,Fall2023,B
​783‌, 86,Fall2023,B+
830,​105‌,Fall2023,C
939 ,​156‌,Fall2023,A
 618 ,​45‌,Fall2024,B+
603 ,105,Fall2023,A
487 ,​28‌,Spring2025,B-
​994‌,139 ,Fall2024,B
 362 , 105 ,Spring2024,A-
 674, 49 ,Fall2023,B+
156 , 40,Fall2023,B-
585 ,114,Spring2024,B-
948 ,105 ,Spring2024,B+
 1011,​163‌,Fall2023,C+
 785,24,Spring2025,B-
446 ,​188‌,Fall2023,B
973 , 22 ,Spring2025,B+
1014 ,​110‌,Fall2024,A
120 ,​42‌,Spring2025,A-
148 , 200,Spring2024,B+
 1013,77 ,Spring2025,C
​574‌, 200,Spring2024,A
574,17,Fall2023,A
​822‌, 113,Fall2023,B
 741,33 ,Spring2025,C+
892,,Spring2025,A-
 506 , 91 ,Spring2025,B-
​978‌,104,Fall2024,A
 793 , 125,Fall2023,B
​920‌, 150,Spring2025,C
​498‌,N/A,Fall2023,B
540, 61,Fall2024,B-
 175 , 96,Fall2023,B+
​886‌,188 ,Fall2023,B
531, 119,Spring2024,B
853, 153,Fall2024,A
 711 ,53,Spring2024,B-
​567‌, 81,Spring2024,B
204 ,​38‌,Fall2023,B-
62 ,34 ,Spring2024,A
 747 , 11 ,Spring2024,C+
​192‌, 126 ,Spring2024,A-
467,95,Spring2025,C
​563‌,210,Spring2025,A
​303‌, 7,Fall2024,B-
​907‌, 202,Spring2025,B-
​676‌,NULL,Fall2023,A
​422‌, 164,Fall2024,A-
446 , 185,Fall2024,C+
​487‌, 117 ,Fall2024,A-
 943, 89,Fall2023,B
 628 , 97 ,Fall2024,A
 667 , 13 ,Spring2024,B
834 , 2 ,Spring2024,B
 950 , 135 ,Spring2024,A-
 478,​18‌,Fall2023,B
​358‌,85 ,Spring2025,B+
 520 ,134 ,Spring2024,B
 147,163,Spring2025,C+
 210 ,105,Fall2024,B-
948 ,​116‌,Spring2024,B-
487 ,​28‌,Spring2025,B-
 1081 , 198,Fall2023,C+
13 , 31,Spring2024,C
 815 , 174,Fall2024,C
 820,​98‌,Spring2025,B+
245, 7,Spring2024,B+
455 ,151,Spring2025,A
716 , 4 ,Spring2025,C+
269,​7‌,Fall2023,A
​746‌,​42‌,Spring2024,B+
 41 ,​175‌,Spring2024,A
 160, 4,Fall2024,B+
​288‌, 55,Spring2025,B
 200,2 ,Fall2023,C
350, 190,Fall2023,C
nan, 18 ,Fall2023,C+
 942,​141‌,Fall2024,B-
​736‌,120,Spring2024,A-
423 , 53 ,Spring2024,C+
 340 ,200 ,Fall2024,B+
23, 101,Spring2024,B
 188,203,Fall2023,A-
29,None,Fall2023,A-
430 , 122 ,Spring2024,C+
20,​1‌,Spring2025,B+
 210 ,105 ,Fall2023,B+
 758 ,122 ,Spring2024,B+
715 ,177,Fall2023,B+
N/A, 99,Fall2023,B
265, 44 ,Fall2023,B
 361 ,185 ,Spring2025,A
175 ,17,Fall2024,B
436,51 ,Fall2023,C+
675,​73‌,Spring2025,C+
 89,​185‌,Fall2023,A
​423‌, 92,Fall2023,B+
 548, 120,Spring2025,C+
 849,88,Spring2024,B-
898, 68,Fall2023,B
158,​200‌,Fall2024,A
429 ,164 ,Fall2023,A-
559, 125 ,Spring2025,C+
 609, 175,Spring2025,C+
301 ,​119‌,Fall2023,B-
346,​154‌,Fall2023,C
 406,158 ,Fall2023,C+
​7‌,5,Spring2024,C+
​983‌, 26,Fall2023,C
761,104 ,Fall2024,A
N/A,​13‌,Fall2024,A
743 ,129 ,Spring2024,B
​680‌,​47‌,Fall2023,A
 147 ,152,Fall2024,A
 823,67,Spring2025,B-
 89 ,60 ,Fall2024,A
​453‌,​7‌,Fall2023,A
 440,64,Fall2023,C
None,14 ,Fall2023,B+
 578 ,​7‌,Spring2024,C+
498 ,​72‌,Fall2023,A
241,11,Spring2024,B-
​782‌,​137‌,Spring2025,B+
​706‌, 55,Fall2024,B+
607,141 ,Spring2025,C+
 511 ,63 ,Fall2024,C+
 825 , 38,Spring2025,B-
 329 , 17,Fall2024,C
​417‌, 105,Fall2023,C
​287‌, 188,Spring2025,A
1041 , 125,Fall2023,B-
 737, 173 ,Spring2025,A-
 285 ,191 ,Spring2025,B-
806, 10,Spring2024,A
​886‌, 41,Spring2024,B
1072,​89‌,Spring2025,B-
 754, 8,Spring2025,C+
353, 78 ,Fall2023,B
803 ,​10‌,Fall2024,C+
​1004‌, 77,Spring2025,A-
 537 ,​51‌,Spring2024,C+
1031 , 61 ,Fall2024,A-
81 ,99 ,Fall2024,C
 404,​44‌,Spring2025,A
 501 ,​192‌,Spring2025,C+
 530, 87,Fall2024,B+
315,98 ,Fall2023,C+
 850 ,​1‌,Fall2023,B
338 ,​120‌,Fall2023,B-
 978, 232,Spring2024,B
 547 ,150,Spring2025,A-
 1040,​7‌,Fall2024,A-
 883 ,147,Spring2025,A
488 , 51 ,Spring2025,B
​749‌, 143 ,Spring2024,B-
848,98,Fall2024,B
NULL,33,Spring2025,A
204 , 194,Spring2025,B-
223,​87‌,Spring2025,A-
431 ,​134‌,Fall2023,B-
​215‌,139 ,Spring2025,C+
 111 ,​11‌,Fall2024,B
 353, 140 ,Fall2023,B-
167 ,98,Spring2025,B-
 877 , 86 ,Spring2025,B
​400‌, 69,Fall2023,C+
​375‌,​180‌,Spring2024,B-
581 , 20 ,Fall2023,B+
 385,​200‌,Spring2025,B
 142 , 107 ,Fall2023,B+
814 ,125 ,Fall2024,B
NA,161,Fall2024,B-
 991 , 143,Spring2025,C
 235 ,60,Fall2024,A
996 , 4 ,Spring2025,B
585 ,170,Spring2025,B
977, 135 ,Spring2025,B
 544 , 160,Spring2025,B
 215 , 92,Fall2023,B
​349‌,109,Spring2025,A-
 447,148,Fall2024,C+
1036, 144 ,Spring2024,B
 639,27 ,Fall2023,A
 700, 190,Spring2024,C
 423 ,​19‌,Fall2024,B
 481,1,Fall2023,A
 80,242 ,Fall2023,A
​172‌,​42‌,Fall2024,A
 128 , 195,Fall2024,B+
 600 , 121 ,Fall2024,B
​350‌,8 ,Fall2024,B
131 ,11 ,Spring2025,C+
787, 131 ,Spring2024,B-
 825 ,​182‌,Spring2024,B+
356 ,​1‌,Spring2024,B
​344‌,​193‌,Fall2023,B+
 757, 21,Fall2024,B
​1087‌, 67 ,Spring2024,B-
​620‌,​102‌,Spring2024,A-
989 , 190,Fall2023,C+
​804‌, 20,Fall2023,C+
424 ,​114‌,Spring2024,A-
724 ,104,Fall2023,A-
 373, 7 ,Fall2024,C
522 ,​140‌,Fall2024,A
749,​105‌,Fall2024,C+
459 ,193,Fall2023,A-
 188 , 92 ,Fall2024,B-
​971‌, 89,Fall2023,C
356 , 1 ,Fall2023,A
921,​105‌,Fall2024,A-
 783 ,77 ,Spring2025,A
636,201 ,Fall2023,B-
 618 , 199,Fall2024,A
403, 65,Spring2024,B+
 7, 50,Fall2024,B
 929, 17 ,Spring2024,C+
​664‌,35,Fall2024,B-
883 , 2,Spring2024,A-
​762‌, 69 ,Spring2025,B+
​356‌, 254,Fall2024,C
 278,21 ,Fall2024,C+
 975 ,​247‌,Spring2025,A
 950 ,168,Fall2023,C
456,​120‌,Fall2023,A
​317‌, 147,Spring2024,C
186,42 ,Fall2024,A
 1052,​66‌,Fall2024,C
175 ,17,Fall2024,B
 689 ,155,Spring2024,B-
293 ,86 ,Spring2024,B-
 904 , 173 ,Fall2023,A
27,190,Fall2024,C+
 785,41 ,Spring2025,C
-3,0,Fall2023,C
932,​34‌,Fall2024,C
​,199 ,Fall2023,C+
​264‌,111,Fall2024,C
 726,​258‌,Spring2025,A-
​512‌,None,Fall2023,A
 270 ,193,Spring2024,B
 113, 195 ,Spring2025,C+
358,​107‌,Fall2023,B-
​481‌,15,Fall2024,A
 719 , 98,Fall2024,C+
​415‌,40 ,Spring2025,C+
 759 ,103 ,Fall2024,A
12.7,8.2,Fall2024,A-
637,124,Spring2025,A
939, 143 ,Spring2025,B+
 150, 80 ,Spring2024,A-
 529, 95 ,Spring2024,B+
​693‌,173 ,Fall2024,B-
 264 , 65,Fall2024,C
​338‌,155 ,Fall2024,A-
154 ,152 ,Fall2023,C
​70‌,​73‌,Spring2024,B+
 901 ,​200‌,Spring2024,B
 993,105,Fall2023,C+
882,96 ,Spring2025,B+
710,​200‌,Fall2023,C+
​729‌, 168,Spring2025,B+
 593,​106‌,Fall2024,C+
 115 , 123 ,Spring2025,C+
 446 ,146 ,Spring2024,A
74, 11,Spring2024,B-
​585‌,​114‌,Fall2024,C+
​504‌, 140,Spring2025,A-
 49 ,20,Fall2024,B-
 516 ,17 ,Spring2024,C+
505 ,140,Fall2023,B
​13‌, 29,Spring2024,C
 104 , 187 ,Spring2024,B+
 856 , 90,Spring2024,B-
1065,​17‌,Fall2024,B
 596 ,244 ,Fall2023,B+
 , 97 ,Fall2023,A
975 ,101 ,Fall2023,B
829, 44 ,Fall2024,C
 844, 9 ,Spring2024,B-
 571 ,49 ,Fall2023,C
 926,150 ,Fall2023,B+
799 ,​120‌,Fall2023,B-
 565,148,Spring2024,C
699, 63 ,Spring2025,B
 574, 15,Spring2024,C
​581‌, 150,Fall2024,A-
​109‌, 119 ,Spring2025,A
895 ,​120‌,Spring2024,B-
 11,15 ,Spring2024,C
 888,59,Spring2024,A
793,133 ,Fall2024,A
 1034 , 29 ,Fall2024,C
 98 , 174 ,Spring2024,A-
 144, 45,Fall2024,B-
​230‌,168 ,Fall2024,A-
​653‌,​120‌,Spring2024,B
476 ,99,Spring2024,B-
401, 182 ,Spring2025,C
214 ,​159‌,Spring2025,A-
741,130,Fall2024,B-
N/A,​78‌,Spring2024,B-
211,24,Spring2025,B
575,​174‌,Spring2024,A-
 227, 3 ,Spring2025,C+
879 , 117,Fall2024,A-
​617‌,162,Spring2024,C+
1021 ,​13‌,Fall2023,B+
​423‌,19,Fall2023,B+
​489‌, 16,Fall2024,B
227,​152‌,Spring2025,C
478,105 ,Spring2025,A
599,175,Spring2024,C+
​874‌, 171 ,Fall2023,B
795 , 123,Spring2025,B-
 182 , 40 ,Fall2023,C+
581 ,131,Spring2024,B+
 797 , 89,Spring2024,A-
​784‌,127,Spring2025,B-
 454 , 59 ,Fall2024,C
688 ,​94‌,Spring2025,C+
​244‌,​150‌,Spring2025,C
​562‌,​52‌,Fall2023,A
​436‌, 38 ,Fall2023,A-
801 , 122 ,Spring2025,A-
 129 ,​144‌,Fall2024,B
 638, 134 ,Spring2025,B
​446‌, 35 ,Spring2025,C
195,131,Spring2025,B-
 10 ,​168‌,Fall2023,C
553,78 ,Fall2024,B-
 991, 37,Spring2024,C+
59,​200‌,Fall2024,A
​429‌, 104,Fall2024,B
799,63 ,Fall2024,C
 162 ,9,Fall2024,B
 377, 17 ,Spring2025,A
1004, 5,Spring2024,A
27,190,Fall2024,C+
563,82 ,Spring2025,B-
abc,0,Spring2025,C+
350, 67 ,Spring2025,B-
​830‌,84 ,Fall2024,B-
288, 134,Spring2025,B-
75 ,​135‌,Spring2025,B-
​43‌,17,Spring2024,B-
 368, 28,Spring2025,B-
795 , 99 ,Fall2023,A-
12 ,65,Fall2024,A-
829 ,58,Spring2025,C+
370, 48,Fall2023,B
​907‌,​55‌,Spring2025,B+
 666 , 193 ,Fall2024,A
​1030‌,90,Spring2024,B+
393 ,57 ,Fall2023,A-
167 ,98 ,Spring2024,C
 74 , 138,Spring2025,C+
906 ,189,Spring2025,B-
442, 5,Fall2023,B
996 ,4,Fall2024,A-
375 ,​5‌,Fall2024,B-
 901 , 200,Fall2024,A-
960, 3,Fall2023,C
 961, 18 ,Spring2024,C+
 316,149 ,Fall2023,C
 439, 29,Fall2024,C+
 577 , 131,Spring2025,B+
​930‌,4 ,Spring2024,B
432, 91 ,Spring2024,C
79 , 47,Spring2024,B-
380,132 ,Fall2024,C
​940‌,​239‌,Fall2024,C
839,149 ,Fall2024,A-
928,69 ,Fall2023,A
298, 133,Spring2024,B
 125 , 99 ,Spring2024,B
646,113,Fall2024,C
451,​170‌,Fall2024,B
196 ,N/A,Fall2023,C
​515‌,99 ,Fall2024,B
 549,​1‌,Fall2024,A
 162,​99‌,Fall2023,B+
 813 , 29 ,Fall2023,C
88 ,181,Fall2024,C
 902 ,29,Spring2024,C+
231 ,76 ,Fall2024,B+
​647‌,95 ,Fall2024,C+
​559‌, 151,Spring2025,C
950 ,137 ,Fall2023,B-
​536‌,​37‌,Fall2023,B-
​79‌,​187‌,Spring2025,B
877 , 49 ,Fall2023,C+
 618 ,64,Spring2024,B
 842 ,​50‌,Fall2023,C+
 578, 82 ,Fall2024,A
 528 ,​176‌,Spring2024,C
652 ,126,Spring2024,A-
 925, 176 ,Fall2023,B
743 ,​88‌,Fall2024,B-
695,87,Spring2025,B
798 ,​87‌,Spring2025,B
82, 7,Spring2024,A-
137 ,​25‌,Spring2025,C
 394 ,114,Spring2024,C
107,3,Spring2025,A-
​817‌, 42,Spring2025,A-
 888,71 ,Fall2023,B+
​833‌,200,Fall2023,B+
825 ,​195‌,Spring2024,A
682, 42 ,Fall2024,B-
​619‌,​36‌,Spring2025,C
979, 126 ,Spring2024,B
​97‌, 130,Fall2024,B+
614, 203,Fall2023,A-
 647 , 119,Fall2023,C+
1058 , 160,Fall2024,C+
 576,​85‌,Spring2025,B
​456‌,3,Spring2024,C+
443 , 17 ,Fall2023,B-
 176 , 165 ,Fall2024,B
396 ,​112‌,Fall2023,C+
 502 , 198,Fall2024,A-
​585‌, 34 ,Spring2025,C+
 405,​17‌,Spring2025,A-
 12 ,171 ,Fall2024,A
950 , 194,Fall2024,C
​418‌,144 ,Fall2024,A-
981 , 122 ,Spring2025,C
 142 , 115 ,Fall2024,B
423 , 114,Spring2025,A
 22, 89,Spring2024,C
 182 ,2,Spring2025,A
985 ,​180‌,Spring2025,A
227 ,259 ,Spring2024,A-
326,39 ,Spring2024,B
 579, 20,Spring2024,B-
692 ,82,Fall2023,B
 133,​150‌,Spring2025,B-
 578,NA,Spring2025,A
934 ,179 ,Fall2023,A-
 800,7,Spring2025,B+
870 , 26 ,Spring2024,C+
751 ,148 ,Fall2023,A
 65, 1 ,Spring2024,C
733 , 3 ,Fall2024,A-
​826‌, 11 ,Spring2025,A-
 11 , 170,Fall2024,A-
​323‌, 160,Spring2024,B+
​546‌,158,Spring2024,B-
 498,​187‌,Spring2024,A
​760‌,176 ,Spring2025,C+
 13,​100‌,Spring2024,C
67 ,​74‌,Fall2024,A
 1031 ,​30‌,Spring2024,C
34, 23,Spring2025,A
394, 202,Fall2023,B+
 374 , 171 ,Fall2023,A-
​225‌,56 ,Spring2025,A
 299 , 112 ,Fall2023,B+
 293, 155,Spring2024,B
 756 , 92 ,Fall2023,A
 343 ,181 ,Spring2025,B+
 389, 171 ,Fall2024,A-
749,188,Fall2023,B+
​920‌,62,Spring2025,A-
883 ,36 ,Spring2024,A
​496‌, 17,Spring2025,B+
423 , 114,Spring2025,A
 358,116 ,Fall2023,C+
 912 ,​153‌,Spring2024,A
99 ,​185‌,Spring2025,C
 96 ,143 ,Spring2025,B+
 977 ,130 ,Spring2024,C
 764,42,Fall2024,C+
 509 ,69,Fall2023,B-
 626 , 165,Fall2023,A-
 394 , 90,Fall2023,B+
​392‌,252,Spring2025,A
180 ,104,Fall2023,A
 710 , 145 ,Spring2024,C
 888,​128‌,Spring2024,C+
NA, 102,Fall2023,C
 110 ,120,Spring2025,B
102 ,​207‌,Spring2025,A
1089,111,Fall2024,C+
​287‌, 80 ,Spring2024,A
​934‌,​86‌,Fall2024,B
 242 , 107,Fall2024,A
1080,81 ,Spring2025,A
​356‌,​3‌,Fall2023,B
​679‌,135,Fall2023,A
​368‌,​28‌,Spring2025,C+
126,59,Spring2025,C+
348 , 97 ,Spring2025,B+
726, 136,Fall2023,B-
 248 ,149 ,Fall2024,A-
 885, 94 ,Spring2025,B
 720,88 ,Fall2024,A-
 911,​161‌,Spring2025,A-
​180‌,154,Fall2023,A
444 ,43,Spring2025,B-
571, 7,Spring2025,A-
​206‌, 3,Spring2024,A-
​500‌,​94‌,Spring2025,B+
2, 123,Spring2025,C+
​276‌,​67‌,Fall2023,B
 747,​75‌,Spring2024,B
708 , 172,Spring2025,B-
 747, 33,Spring2025,C
 801 ,41 ,Fall2024,B-
 89 ,​60‌,Spring2024,B-
485 ,4,Spring2025,A-
689, 110 ,Spring2025,B
179 ,41 ,Fall2024,A
​1071‌,125,Spring2025,C
​143‌, 12,Spring2025,B
 837 , 168 ,Spring2024,B
​181‌,112,Spring2025,B-
146 , 58 ,Fall2024,A-
​427‌, 7 ,Spring2025,C
1015, 132 ,Fall2023,B-
​837‌, 104,Spring2025,A
1039,​20‌,Spring2024,C
​845‌, 50,Spring2024,B+
871, 97 ,Spring2024,C+
 299 ,211,Fall2024,C
 319 , 22 ,Fall2024,B-
​304‌, 40,Fall2024,C+
505 ,200,Fall2023,B+
363 , 58 ,Spring2025,C
887 ,130 ,Fall2023,B+
 451, 143,Spring2025,A
925 ,97 ,Fall2023,B-
775 ,234 ,Fall2023,B+
 479 ,​204‌,Spring2024,C+
 299, 220 ,Spring2024,C
462,225,Spring2024,B-
1002, 146 ,Spring2024,B
107 ,154,Fall2024,A
1045,​77‌,Fall2024,B+
​22‌,89 ,Spring2024,C
​577‌, 33 ,Spring2024,B-
 309 , 252,Fall2023,A-
 845 ,120,Spring2024,C
 1072,​88‌,Spring2025,C+
 1046 ,187 ,Spring2024,B-
180,131 ,Fall2024,B+
359,​52‌,Fall2024,B+
​492‌,114,Fall2024,C+
 1049,134,Spring2025,A-
536 , 88 ,Spring2024,C
 938 , 91 ,Spring2024,B-
​591‌,​40‌,Fall2023,A-
214,42,Fall2024,A-
 944,34,Fall2023,A-
982,173 ,Fall2023,C+
346,​154‌,Fall2024,B+
 737 , 120,Fall2024,A
 580,​141‌,Fall2023,B-
 14 ,122 ,Fall2023,C+
​866‌,61 ,Fall2024,A-
 383,151,Spring2025,C+
735 ,57,Spring2024,B-
282,1 ,Spring2025,A
​266‌,120 ,Fall2024,B-
900 ,1,Fall2023,B
 879,93,Fall2023,A-
​642‌,82,Spring2025,B+
 742, 85,Fall2024,A
 658, 120 ,Fall2024,B-
631 ,86,Spring2024,A
732 ,106,Fall2023,B+
 425 , 129 ,Spring2024,C+
 339, 71 ,Fall2024,B+
 968 ,99,Fall2024,B
 233 , 68,Fall2024,A-
928,​47‌,Fall2024,B
 981, 111,Spring2025,B+
 620 ,​120‌,Spring2024,A
​129‌,None,Fall2024,C+
 513,45,Fall2023,A
29,99,Spring2024,B+
 423 ,59,Spring2024,B
168, 166,Spring2025,B
 876,30,Spring2025,B+
582, 99 ,Fall2024,C
​940‌,66,Fall2024,A
971,82,Spring2025,C+
​660‌, 26,Spring2025,C
84, 77,Fall2024,B
 1012,147 ,Spring2025,B+
890,1 ,Fall2023,A
 921 ,237 ,Spring2025,A-
184,99,Fall2023,A
​792‌,​165‌,Fall2023,A
 328 ,​,Fall2023,B
​205‌,5,Fall2023,C
​944‌,79,Fall2024,B
​203‌,147 ,Fall2023,B+
273,139,Fall2024,C
 67,155 ,Spring2024,B+
abc,xyz,Spring2024,B+
​281‌, 47,Fall2023,C
539 , 99 ,Fall2024,B-
 150 ,105 ,Spring2025,C
989,​159‌,Fall2023,C
428 ,150,Spring2025,B-
 263 , 14,Spring2024,B-
 31 ,25,Fall2024,B+
 1049,74,Fall2023,A
 257 , 42,Spring2024,B-
 980,8,Fall2024,A-
129 ,105,Fall2023,B
1000, 131 ,Fall2024,B+
 257 , 18 ,Fall2024,A
 389,​117‌,Spring2025,A-
376 ,78 ,Fall2023,B
​246‌,109,Spring2025,B-
 782,117 ,Spring2024,B-
 761,​65‌,Spring2024,A
NA,​129‌,Fall2023,C+
887, 120 ,Spring2025,A-
​96‌, 110,Fall2023,A
92 ,​165‌,Spring2024,C+
802 , 7 ,Spring2025,B+
 224 ,​105‌,Fall2024,C
 996, 130,Spring2024,C
​375‌,​157‌,Fall2023,C+
​686‌, 197,Spring2024,B
445 ,88,Spring2025,C
 111,​177‌,Fall2023,C
​998‌, 190 ,Spring2025,B-
​264‌,169,Spring2024,A
​267‌,75,Fall2023,B
 176, 158 ,Spring2024,A-
​,​144‌,Spring2024,A
 597, 39 ,Spring2025,B
876, 86 ,Spring2025,A
​750‌, 3,Fall2024,A
 241 , 79 ,Fall2024,A-
753, 3,Spring2024,B-
634,3,Spring2024,C+
 931, 119 ,Spring2025,A-
 159 ,148,Spring2024,C+
46 , 53 ,Spring2025,C
 913,179 ,Fall2023,B
​1083‌,104,Fall2024,B-
 562 ,189,Spring2025,B+
​868‌, 235,Fall2023,C+
830,​82‌,Spring2025,C
​51‌,92 ,Spring2024,C
nan,​192‌,Spring2025,B+
 1042,129,Fall2023,B-
 480, ,Fall2024,B
 541, 185,Fall2024,B-
205,134 ,Fall2023,B-
129,​56‌,Spring2024,C
376 , 19,Spring2025,B-
​565‌, 68 ,Spring2025,C+
 701,NULL,Spring2024,A-
​192‌, 131 ,Spring2025,B-
444,​95‌,Spring2024,B-
881 , 1,Fall2024,B+
 944, 142 ,Fall2024,B+
 190 ,87,Spring2024,C+
 655 , 99,Spring2025,A-
​283‌,​14‌,Spring2025,A
 820 ,178 ,Fall2023,C
​1045‌, 10,Fall2024,C
 267, 193,Fall2023,B-
​467‌, 140 ,Fall2023,C
 851 ,4,Fall2023,B-
123, 67 ,Spring2024,B-
 983,241 ,Spring2024,C
736 , 105,Spring2025,B-
577 ,​31‌,Spring2024,C
5,190,Fall2024,B-
​1095‌,179,Fall2024,C+
 678 , 9,Fall2023,A
​698‌, 67 ,Fall2023,B
668 , 148,Spring2025,A
 147,88,Fall2024,A
 ,40,Spring2025,B
​14‌, 24,Spring2025,C+
851 ,105,Spring2025,B-
 966, 182 ,Fall2023,B-
 618 , 199,Fall2024,C+
968 ,​36‌,Fall2023,A
 154 , 130 ,Fall2023,A
890 , 106 ,Spring2025,C
 96,186,Spring2025,B+
1078 ,​9‌,Spring2024,B
 1072 ,99,Fall2023,C+
​839‌, 162 ,Fall2024,A-
 221,​171‌,Spring2025,C
​358‌,​183‌,Fall2024,A
 404 ,​237‌,Fall2024,B+
​475‌,52,Fall2024,A
​985‌,42,Spring2025,B-
 896 , 138 ,Fall2023,C
 468 , 159,Fall2023,A-
 ,67 ,Fall2023,B-
 973, 29 ,Spring2025,A
743 , 184,Spring2025,A
​136‌,​99‌,Spring2025,B-
153,46,Fall2023,B+
 180, 119,Spring2025,B
85 ,79,Spring2025,B-
 816,3 ,Fall2024,A
476,​108‌,Spring2024,A
​925‌, 120,Fall2024,C+
​589‌,​119‌,Spring2024,C
6,133,Fall2024,B-
 244,184 ,Fall2024,B
​993‌,​156‌,Fall2024,A-
404 ,44,Spring2025,B
476 , 99,Spring2025,A-
 16, 109 ,Fall2023,C
​478‌,11 ,Fall2023,B
140 , 84 ,Fall2023,C
 848 ,116 ,Fall2024,B+
690, 92 ,Fall2024,C+
600 ,151,Fall2023,C
 108 , 32 ,Spring2024,B-
​859‌, 3,Fall2023,A-
771 , 11 ,Fall2023,B
abc,8.2,Fall2023,C+
702,170 ,Fall2024,C
​440‌,​11‌,Spring2024,B+
416 ,184 ,Spring2024,A
​579‌,121,Fall2023,B+
135, 167 ,Fall2023,C+
​459‌, 39,Fall2023,A-
​333‌, 177 ,Fall2024,A-
​1014‌,31,Spring2024,A-
​572‌,​59‌,Fall2024,A
 73, 66,Spring2025,B
​51‌,62 ,Fall2023,C
207, 122 ,Spring2024,B
 42 ,75,Spring2025,C+
 465,90 ,Fall2024,A
356 ,​1‌,Spring2024,B
​473‌, 88,Fall2024,B-
940 ,21,Fall2023,A
 990 , 150 ,Fall2024,A-
 976 ,110,Spring2024,B+
​766‌, 64 ,Spring2025,B
369,124 ,Spring2024,A
 885 ,182 ,Spring2025,C+
498,12 ,Spring2024,C
​829‌,150,Fall2023,C
 786 , 88,Fall2023,A
​759‌,3 ,Fall2024,C
 315, 1 ,Fall2023,A
787, 74,Fall2023,A-
 80, 129 ,Fall2023,A-
1083 , 99 ,Fall2023,C+
 977,58 ,Fall2024,B+
 122,​160‌,Fall2023,A-
587, 30 ,Spring2024,B
 389, 117 ,Spring2024,B
79, 47 ,Spring2025,A
 371 ,​17‌,Spring2025,B-
1009 ,92,Spring2024,B
387 ,​198‌,Fall2023,C
675, 73,Fall2023,A
143,60 ,Fall2024,B+
​786‌,96 ,Spring2025,A-
 490,​136‌,Fall2023,B-
 270,52,Spring2024,B+
 378 ,186 ,Spring2024,B
 451, 143,Spring2025,A
​147‌, ,Spring2025,B+
 505,143 ,Fall2024,B+
730, 40,Fall2023,B-
​678‌,​162‌,Fall2024,B-
 658 , 189 ,Spring2024,A-
 318 ,45,Spring2025,B+
 935,43 ,Spring2024,C+
 482, 4,Fall2024,B-
 734, 98 ,Spring2024,B-
458,138,Fall2024,B
 272,17,Fall2023,C
​668‌,17,Fall2024,A
21 ,​134‌,Spring2025,C
356,​251‌,Spring2024,C+
393 ,175,Fall2024,B+
 598 ,​11‌,Fall2023,C
447 , 120 ,Spring2024,C+
​965‌,​159‌,Spring2024,B-
946,111 ,Spring2025,B
 999, 78 ,Spring2024,B-
244, 189 ,Fall2023,A-
771 ,56,Spring2025,B+
193, 137,Spring2025,A-
 761,65,Fall2023,A-
 314, 199 ,Fall2024,A
N/A, 143,Spring2024,B-
 594 , 107,Spring2025,B-
411 ,193,Fall2024,A-
575 , 103,Fall2023,C
 122 ,​104‌,Fall2023,B+
​605‌,​60‌,Spring2024,C
636,183,Fall2023,B+
689,168,Fall2023,C
​445‌,88,Spring2025,A-
 967 , 1 ,Fall2024,C+
624 ,​100‌,Fall2023,C+
​316‌, 69,Fall2023,C+
14, 108 ,Spring2025,C+
 479 ,133 ,Fall2023,A
159 ,​158‌,Fall2023,C
225 ,35,Spring2025,B+
 2 , 112 ,Fall2024,C
879 , 218,Spring2025,A-
 400 , 69 ,Fall2024,B+
1049,44,Fall2024,A
​69‌,11,Fall2024,A
718 ,​190‌,Spring2024,B
​731‌, 25 ,Fall2023,B-
​142‌,17 ,Fall2023,B+
 988 ,​195‌,Fall2024,B-
 833,105 ,Spring2025,C+
​569‌, 1,Spring2025,C
 603 ,​26‌,Spring2024,B
-3,xyz,Fall2024,C+
 994,​84‌,Spring2025,C
​334‌, 47 ,Fall2024,A-
​874‌,88 ,Spring2024,A-
694 ,28 ,Fall2023,C+
 620 ,nan,Spring2025,A
​947‌,130,Spring2025,C+
 117 ,​3‌,Fall2024,C+
702,42 ,Fall2023,C+
​645‌,11,Spring2025,C
​806‌, 19,Spring2025,B
​211‌, 252,Fall2023,B-
358, 107,Fall2024,B
476 ,150,Fall2024,C+
520 , 88,Fall2023,A
540 , 9 ,Fall2023,A
263,14,Fall2023,B
 4,39,Fall2023,B-
​233‌,50 ,Spring2024,A-
960 , 113 ,Fall2023,C
​360‌,​179‌,Spring2025,B-
 366 ,167 ,Spring2025,B
 920,​87‌,Spring2024,C+
 850 , 104 ,Fall2023,B-
120 ,​190‌,Spring2025,A
509, 145 ,Spring2024,C+
 452 ,​68‌,Fall2024,B+
 845, 9,Fall2023,A-
 728 ,23,Spring2024,A-
 477,167 ,Fall2023,B
694 , 231 ,Fall2024,B
​731‌, 57 ,Spring2025,B-
1074 , 75 ,Fall2023,C+
​408‌,20,Spring2025,B+
​405‌, 138 ,Spring2024,C
447,103,Spring2024,A
696 ,18,Fall2023,C
258,11,Spring2025,B-
 733 , 152,Fall2024,C
​539‌, 17 ,Spring2024,C
​660‌, 26,Spring2025,C
 458, 185,Fall2023,B+
42,17 ,Spring2025,A-
787 , 74 ,Spring2025,A
 464 ,​55‌,Fall2023,A
NULL, 40,Spring2025,B-
 740,​107‌,Spring2025,C+
 156 ,165,Fall2024,A-
 779 ,94 ,Spring2024,B
 918,209 ,Spring2025,B+
439 ,​189‌,Spring2025,B+
121 ,125 ,Spring2025,A-
 224 ,9,Spring2024,A
​467‌, 43 ,Spring2025,C
​679‌,182,Fall2023,B+
875 ,221 ,Fall2023,B-
 49 ,199,Fall2024,B+
980 ,172,Fall2024,C+
​178‌, 143 ,Fall2023,A-
548, 137 ,Fall2024,A
652 ,11,Fall2024,A
 662 ,200,Spring2024,A-
964, 146,Fall2024,A
 667 , 13 ,Spring2024,B
 646, 123,Spring2025,C+
816 ,191 ,Spring2025,C
858 ,150,Fall2023,A-
​969‌,​95‌,Fall2023,C
 570,​188‌,Fall2024,A
375 ,5,Fall2024,C
294 ,108,Fall2024,B-
 273 , 76,Spring2025,B-
251 , 65 ,Spring2025,C
 272, 155,Fall2024,C+
 328 ,243 ,Spring2024,A
926 ,88 ,Fall2023,B+
 245,​129‌,Spring2024,C+
 847, 190,Fall2024,A-
190, 107,Fall2023,C
761,104 ,Fall2024,A
 971 , 89,Spring2025,C
393,57 ,Fall2023,B+
281 , 61,Fall2024,C
710 ,​145‌,Spring2025,A
12.7,xyz,Spring2025,C
 575, 13 ,Fall2024,B+
697 ,99 ,Fall2023,B
135, 10 ,Fall2024,C+
 402 ,​47‌,Fall2024,C+
 976 ,​181‌,Fall2023,C
439 ,245,Spring2024,C
​826‌, 11 ,Spring2025,A-
 207 ,122,Fall2024,A-
 420,105,Fall2023,A-
 326,39,Fall2023,C
​767‌,123 ,Spring2025,C+
​830‌,​82‌,Fall2023,B-
​132‌,​171‌,Fall2024,B-
 607,99,Spring2025,A-
​524‌, 105 ,Fall2024,C+
114 , 173 ,Fall2023,A-
516,​17‌,Spring2025,C+
 897 , 210 ,Fall2023,C
1035 ,​52‌,Fall2023,A-
237,181,Spring2024,B+
 473,​136‌,Fall2023,C
473, 69,Fall2023,B+
​299‌, 17 ,Spring2024,B-
abc,xyz,Fall2023,B+
664 , 1,Fall2024,B
​118‌,121,Fall2024,C+
408, 130 ,Fall2023,B
914 ,​132‌,Spring2025,B+
647 , 107,Fall2024,A
642,15,Fall2023,B
48 , 1,Spring2025,C+
663,129 ,Spring2024,B
116 ,124,Spring2024,B+
905,​189‌,Spring2024,C
​582‌, 143 ,Fall2024,A-
1074, 100,Fall2023,B
-3,xyz,Fall2023,B
 651,135,Fall2023,B
749,​105‌,Fall2024,C+
 63 ,18,Spring2025,B
 588,3 ,Fall2024,A
​34‌, 23,Spring2025,B+
​720‌,170,Fall2023,B+
495 ,105 ,Fall2023,B
 871 ,17,Spring2024,A
​244‌,189 ,Fall2024,C
492 , 178 ,Fall2023,B+
 864 ,​200‌,Fall2023,C
​955‌,108,Fall2023,B-
​812‌,22 ,Spring2024,B
​242‌,107 ,Spring2025,C
754,137 ,Fall2024,C
​105‌,16 ,Spring2025,C
​728‌,​152‌,Fall2023,C+
 689 ,​7‌,Fall2024,B
​612‌,11 ,Fall2024,A-
,40,Spring2024,B
987 , 100,Fall2024,A-
748, 86,Spring2024,B-
​557‌, 86,Fall2023,C+
 957,113 ,Fall2024,A
691 , 41 ,Spring2025,B+
 22 ,111 ,Spring2024,B+
490, 57 ,Spring2024,A
​111‌, 119,Spring2025,B-
 871 ,​94‌,Fall2023,A-
652, 111 ,Fall2024,B+
​641‌,5,Spring2024,A
​93‌,105,Fall2023,B
1010 ,100,Spring2025,C+
 230, 15,Fall2023,C+
 968,​61‌,Spring2024,B+
928 ,​70‌,Spring2025,B
406 , 36 ,Fall2024,B-
 301 , 119 ,Spring2025,B+
​617‌,​18‌,Fall2024,A-
​261‌, 184 ,Spring2025,A-
 216 ,3,Fall2023,B
​758‌,122,Spring2024,A
691 ,​96‌,Fall2023,C+
 836,​44‌,Spring2025,C
 150, 200,Spring2025,A
abc,8.2,Spring2024,A-
249,164 ,Spring2025,B-
 136 , 227,Spring2024,B+
57,7 ,Fall2023,B+
​925‌,52 ,Spring2025,B+
 990,150 ,Spring2024,C+
 258, 179 ,Fall2024,A
242,120,Spring2025,B
​766‌,51,Fall2024,C
95,100 ,Fall2024,B-
413,44 ,Fall2024,C
946 ,96,Spring2024,C+
 759,181,Spring2024,C+
 640 ,56,Fall2024,C+
 734, 98 ,Spring2024,B-
448 ,3,Fall2024,A
213 , 252 ,Fall2024,C+
 367, 99,Spring2025,C
29, 99 ,Spring2025,A
​101‌, 13,Fall2023,B-
 1003 ,184 ,Spring2025,A-
594 ,70,Spring2025,B-
 631 ,166 ,Fall2023,B-
123 ,111 ,Spring2025,C+
 390 ,​1‌,Spring2025,B+
888 , 11 ,Spring2024,C
 890 ,​179‌,Fall2024,B+
 378 , 60 ,Fall2024,C+
​880‌,120,Fall2023,A
149,105,Fall2024,A-
 963, 229 ,Fall2024,A
673, 80,Fall2023,C+
809,​105‌,Spring2025,C+
746 , 149 ,Fall2024,C
470,​6‌,Spring2025,A
 748,17,Spring2024,B-
 909, 154 ,Fall2023,B
 326 ,162 ,Spring2024,C+
432 , 184,Fall2023,A-
588 , 198,Fall2024,B-
​975‌,126 ,Fall2023,B
 279 ,3 ,Spring2024,C
 627 ,​162‌,Spring2024,A-
187,136 ,Spring2025,A
​538‌, 167 ,Fall2024,A
​269‌,172 ,Fall2024,A
 914,88,Fall2024,A
 847,20,Fall2024,A
23,​13‌,Spring2024,C+
 44 , 27,Spring2024,A
76 ,78 ,Fall2024,A-
​424‌,57,Spring2024,C
​808‌, 43,Spring2024,C+
​,50,Spring2024,C
 206 , 45,Spring2025,C
 184,212 ,Spring2025,B
 941 ,91 ,Spring2025,B
​223‌,193,Fall2023,A
​553‌,195,Spring2024,A-
​627‌, 62,Spring2025,B+
600,​42‌,Fall2024,C
 1000,161 ,Spring2024,B-
 681, 57 ,Spring2025,A-
156 , 35 ,Spring2025,C+
866 ,100,Spring2025,C+
17 ,​154‌,Spring2025,B
 927 ,191,Spring2024,B
 167 , 177 ,Fall2024,B-
nan,​114‌,Fall2023,B-
669 , 169,Spring2025,C+
53,42 ,Fall2023,B+
17,​34‌,Fall2023,C+
581 , 134,Fall2023,A-
503, 49,Fall2023,B+
​122‌, 135,Spring2024,B+
801 , 41,Fall2024,B-
531 ,54 ,Spring2024,B+
 785,1,Spring2025,A
 980,​86‌,Fall2023,B
​145‌, 109,Fall2023,A
​580‌,​15‌,Fall2024,B
 1008,61,Spring2024,B
​775‌,​229‌,Fall2023,A
​907‌, 30,Spring2024,C
​464‌,141 ,Fall2023,A-
 991, 37,Spring2024,C+
 567, 126 ,Fall2023,B-
413, 99 ,Spring2024,A
708 ,​110‌,Spring2025,A-
​51‌, 226 ,Spring2025,C
 1044,​64‌,Fall2024,C+
​152‌,​1‌,Spring2024,C
​5‌, 6 ,Fall2023,C+
​362‌, 116,Spring2024,A
abc,xyz,Fall2023,C+
 775 ,52 ,Fall2023,C
 439 ,​1‌,Fall2024,A
​916‌, 46 ,Spring2024,A-
 199 ,​146‌,Spring2024,A
​952‌,​150‌,Fall2024,A
652,166,Spring2024,B+
 773 , 193 ,Spring2024,B
337,None,Spring2024,A-
 878 ,​122‌,Fall2024,B
1023 , 36,Spring2025,B
352,21 ,Spring2024,C
​980‌,72 ,Fall2023,A-
685,3 ,Spring2024,B-
991,150 ,Spring2024,C
 987,46,Fall2023,B-
 1056, 27,Fall2023,B-
583 , 19,Spring2024,A-
 231, 1 ,Fall2024,B-
​990‌,​148‌,Spring2025,C+
389, 161 ,Spring2025,B
98,​150‌,Spring2024,A-
160,135 ,Spring2024,C+
​704‌, 69,Spring2024,A
261, 4 ,Fall2024,A
920,87,Fall2024,A
​380‌, 81,Spring2024,C
278, 58,Spring2025,A-
672, 151 ,Spring2025,C+
975,135,Spring2024,B
 696,​82‌,Fall2023,B-
577 ,11 ,Spring2024,A
​694‌,None,Spring2024,B+
231 ,1,Spring2024,A-
578 , 7 ,Spring2024,B-
 359,​63‌,Spring2024,B-
89 , 185 ,Fall2023,A-
 810 , 100 ,Fall2023,B-
 562, 1,Spring2024,B+
617 ,​154‌,Spring2025,A
 186 , ,Fall2023,B
​920‌, 146 ,Fall2023,C+
854, 158,Spring2024,B
​54‌, 59,Spring2025,C+
​1057‌, 32 ,Spring2024,A
489 ,​182‌,Fall2024,B+
 749, 143,Spring2025,A-
93, 193 ,Spring2024,B
​945‌,​192‌,Spring2025,B
 577,​1‌,Spring2024,C+
936,​2‌,Spring2024,C
 53 , 191,Spring2025,B+
 920,171,Fall2024,C+
113 , 122 ,Fall2023,B+
609 , 38,Fall2023,C
​102‌,​115‌,Fall2023,A-
469,​197‌,Fall2023,B-
​592‌, 151,Fall2024,B+
 316,​146‌,Spring2024,A-
 777 ,44 ,Spring2025,C+
​913‌, 68 ,Fall2024,C+
​152‌, 101 ,Fall2024,B-
​176‌,​8‌,Spring2025,B
 406,99,Spring2024,A
​283‌,​99‌,Fall2023,B-
471,​134‌,Spring2024,A
​88‌, 195 ,Spring2025,C
8, 94 ,Fall2023,C+
66 ,36,Fall2023,B-
 1100 ,​122‌,Spring2025,C+
492 ,​191‌,Fall2024,C
 607, 49,Fall2023,C
790,​200‌,Spring2025,A-
 598 ,​29‌,Fall2023,C
​538‌,207,Fall2024,C
953 , 105,Fall2023,C+
303 ,47,Fall2023,B-
248, 144,Fall2024,C
193,117,Fall2023,C+
 607,​120‌,Spring2024,B
729 , 166 ,Fall2023,B+
 123,N/A,Fall2024,B+
​965‌, 94,Fall2023,A
421 , 1 ,Spring2025,C+
​907‌, 214,Spring2024,B+
 646,24,Fall2024,B+
 947 ,​104‌,Fall2023,C
448,​140‌,Spring2025,B-
​769‌,​64‌,Fall2024,C
 134 ,​234‌,Fall2023,B
​840‌, 32,Fall2024,B-
996 ,​106‌,Spring2024,C
646 ,176 ,Spring2025,C+
 22 ,176,Fall2023,C+
353,81,Spring2024,B-
-3,xyz,Fall2023,A
342,31,Fall2023,A-
761 ,99 ,Fall2024,C+
424,114,Spring2024,C+
​287‌,39,Fall2023,B+
​717‌, 11 ,Spring2025,A
 731 ,42,Spring2025,A-
​426‌,​172‌,Fall2024,A
 594,147 ,Spring2024,B+
 966, 193 ,Spring2024,B
64, 5 ,Spring2025,A
 443, 32 ,Spring2025,B+
 159, 148 ,Spring2025,A
​737‌, 120,Fall2023,C
526 ,​111‌,Spring2024,A
 495 ,​1‌,Fall2024,C
833 , 103 ,Spring2025,A-
11, 127,Fall2024,A
 465,​197‌,Fall2024,B
 1090, 85,Fall2024,C
484 , 150,Fall2023,A-
340 ,149 ,Spring2024,A
 179 ,​42‌,Fall2024,C
 224, 114,Spring2024,B
 490,235,Spring2025,B
 831 , 139 ,Fall2023,C+
 197, 43,Fall2023,B-
227,69 ,Fall2023,B-
946, 32,Fall2024,A-
 998 , 190 ,Spring2025,B
758 ,​113‌,Spring2024,B+
 7 ,162,Fall2023,C
​474‌,17 ,Spring2024,B-
 183,81,Spring2025,C
​952‌,​150‌,Spring2024,A
 470,​140‌,Fall2024,A-
1087 , 104,Spring2024,C+
 992,134 ,Fall2023,B-
611 ,110,Fall2024,A
602, 9,Spring2025,A
 415 , 146 ,Fall2024,B-
 856, 187,Fall2024,A-
289 ,​164‌,Spring2024,A-
 310 , 56 ,Fall2023,A-
​844‌, 1 ,Spring2025,A
 680 ,3,Spring2024,B-
 110,​7‌,Spring2024,A
​468‌, 143 ,Spring2025,B-
​74‌,56 ,Fall2023,B-
​134‌, 105 ,Spring2025,C
628,​168‌,Fall2024,C
 108,98 ,Spring2025,C+
​10‌,158,Fall2023,B-
 664, 35,Spring2025,C+
328,39,Fall2024,A-
 789, 137,Spring2025,A-
 728 ,,Fall2024,B
275 , 196,Spring2025,A-
971, 92 ,Fall2024,B-
​351‌,25,Fall2024,B+
 529 , 145 ,Spring2025,B-
0,-9,Spring2024,B+
 44 , 27,Spring2024,A
​749‌, 105 ,Spring2025,A-
​770‌,​11‌,Spring2024,B
 273, 108,Spring2024,B-
​676‌,7 ,Fall2024,B
 729 ,92 ,Fall2024,B
641,​42‌,Fall2024,C
 415,105 ,Spring2025,B+
60, 103 ,Fall2024,B
​612‌, 53,Fall2024,A-
489 ,​182‌,Fall2024,B+
 623 ,64,Fall2024,B-
 314,108,Spring2024,C
321, 85 ,Spring2025,A-
 67,155 ,Spring2024,B+
 532,105,Fall2023,B-
 589 , 3 ,Spring2025,A
 110 ,17 ,Fall2023,A-
 120, 47 ,Spring2024,C+
 329 ,17,Fall2024,C
​419‌, 41 ,Spring2024,A-
abc,8.2,Fall2023,B
366,NA,Fall2024,A-
​557‌, 54 ,Fall2024,C+
601 ,7,Fall2023,B+
 545,112,Spring2025,A
 422 , 88,Spring2025,B-
682, 101 ,Fall2023,B+
110,191,Spring2025,A-
625 , 94 ,Spring2025,A
​1044‌, 102,Spring2025,B+
797 , 42 ,Fall2023,A
489 , 182 ,Fall2023,C
764 ,67,Spring2025,C+
 400, 105,Spring2024,A
NA,​81‌,Spring2025,B+
​89‌,38 ,Fall2023,B+
986 ,27 ,Fall2023,B+
57 ,28 ,Spring2024,A-
 629, 195,Spring2024,C+
​40‌,​3‌,Fall2024,B+
174 , 200 ,Spring2025,C+
 386 ,​105‌,Spring2025,A-
 838 ,​108‌,Spring2025,B
 17 , 93 ,Fall2024,B
​783‌, 142,Spring2025,A
 682 , 132 ,Spring2025,A-
502, 8 ,Spring2025,A-
791,​42‌,Fall2023,B-
 366 ,119,Fall2023,A-
43 ,56,Spring2025,A-
769 ,100,Fall2024,C
104,173,Fall2023,B
 907 ,100,Fall2023,A-
 114,101,Spring2024,B
 741 ,178,Spring2024,B
904, 7,Spring2025,B+
 604,8 ,Fall2023,B-
142 ,149 ,Fall2023,B+
387,​99‌,Fall2023,B+
​537‌, 69,Spring2024,A
 681,​92‌,Fall2024,B
 314,​129‌,Fall2024,A-
 271,​111‌,Fall2024,A-
 543 , 85,Fall2024,C
 83 , 44,Fall2023,A
97 , 99,Fall2023,B-
 905, 172 ,Fall2023,A-
165,​200‌,Spring2025,A
1000, 200 ,Spring2024,B
511, 61,Fall2023,B-
 516, 63 ,Spring2025,B-
725, 91,Spring2024,C
 168 , 71,Spring2024,C+
​352‌, 115 ,Fall2024,A
 835, 108 ,Fall2023,A-
 838 ,61 ,Fall2023,B+
​675‌, 91 ,Spring2024,B+
​583‌, 84 ,Spring2025,B-
322, 37,Spring2025,C+
561, 110,Spring2024,C+
 1023,111 ,Fall2023,B+
​97‌,​11‌,Fall2023,A
 980,215 ,Fall2023,A
​699‌,​65‌,Fall2024,C
386,​200‌,Spring2025,B+
​489‌,​65‌,Fall2024,C+
 100 , 134 ,Fall2023,A-
 734, 87,Fall2023,A-
172 ,3,Fall2024,A-
222,​27‌,Spring2025,B
654 ,258,Spring2025,B
511,79,Fall2024,B
550,134 ,Fall2023,A-
 887 , 130,Fall2024,A-
575 , 171,Spring2025,C+
776, 31,Spring2025,B
174, 200 ,Fall2024,C
 579 , 7,Spring2025,A
274, 200,Spring2025,C
501, 183 ,Fall2024,B-
805 ,​42‌,Fall2023,C+
800 ,7 ,Spring2024,B
245 , 81,Spring2024,B
​947‌,200 ,Fall2024,B-
 339,105 ,Spring2025,C+
​270‌, 78,Fall2024,A-
 710 , 127 ,Fall2023,A
854, 158,Spring2024,B
​98‌,150 ,Spring2024,C
 987,46,Fall2023,B-
389,62,Spring2025,B-
 914, 68,Spring2024,A
 329,​95‌,Fall2023,C+
550 ,​3‌,Fall2024,A
 522, 145,Fall2023,A-
​985‌,​162‌,Spring2024,B-
 244,​75‌,Spring2025,C+
 565 , 68 ,Spring2025,B-
300,181,Fall2024,C+
720 ,200 ,Fall2024,C+
 436, 131 ,Spring2024,A-
211 ,​15‌,Fall2023,C+
NULL,​68‌,Fall2024,B
179,72,Fall2024,C+
356 ,200,Fall2024,B-
129 , 144 ,Fall2023,A
​725‌,185,Fall2024,A-
 651, 183,Spring2024,B-
122 ,​132‌,Spring2024,C+
 979 , 108 ,Fall2023,A-
​705‌,74,Spring2025,B+
 148 ,40 ,Spring2024,B
963 ,39,Fall2024,B+
 831 , 88,Spring2025,B
 732 ,​38‌,Spring2024,B+
 307, 93 ,Spring2024,A
​24‌,​120‌,Fall2024,B
 337 , 156,Fall2023,B
 794 ,86 ,Spring2025,A-
155, 45 ,Spring2024,A
81 ,24 ,Fall2023,B+
​102‌,​87‌,Fall2023,A
 855, 31,Spring2024,C+
596,178 ,Spring2025,B+
,73,Fall2024,B
​246‌, 41 ,Fall2024,A-
​1042‌, 52,Spring2025,B-
 873, 229,Spring2025,A-
192 , 1,Spring2025,C
​696‌,98,Spring2025,B+
​265‌, 99 ,Spring2024,B
​983‌,133 ,Spring2025,C+
273,161,Fall2023,A
600,3 ,Spring2025,C
2 ,150,Spring2025,C
126,193 ,Fall2024,B
 681, 70 ,Fall2024,B+
309, 11 ,Fall2024,A
 197 , 43 ,Spring2025,A-
 377,36 ,Fall2023,C+
 555,​17‌,Spring2024,C+
 924,40 ,Fall2024,B
295,​32‌,Spring2024,A-
 218,​89‌,Fall2023,B+
 146 ,​4‌,Spring2024,B+
​759‌,​181‌,Fall2023,B-
967,210 ,Fall2023,B+
518 , 31 ,Fall2024,C
485,158 ,Fall2024,B
​686‌,​28‌,Fall2024,A
 305, 30,Spring2025,B
 456,91,Fall2023,B-
​407‌,​94‌,Spring2024,B-
 596, 200 ,Spring2025,A
 580 , 175 ,Fall2023,A
168 , 88 ,Spring2024,C+
 110 ,92 ,Spring2025,C
 1029, 146 ,Fall2023,B
796, 231,Fall2023,B-
 305 ,180,Spring2025,C+
​196‌,106,Fall2023,C
 254,7,Fall2024,B
 663,​195‌,Fall2023,B
88 , 167 ,Spring2025,A
371, 156,Fall2024,B-
 531 ,165 ,Spring2025,C+
​1047‌, 103,Fall2024,B-
 293 ,26,Fall2023,B
 576, 42,Spring2024,A
 738 , 26 ,Fall2023,A-
860,24 ,Spring2025,B+
 519,184 ,Spring2024,B-
 819,58 ,Fall2024,C
 497 ,177 ,Fall2023,C+
 847 , 84 ,Spring2025,A
963,7 ,Fall2024,C
​276‌,​,Spring2025,B-
736,​99‌,Fall2023,B
845,7,Fall2024,B+
 665,195 ,Fall2024,C+
705 , 58,Fall2023,B
​971‌,54 ,Fall2023,A-
​530‌,188 ,Fall2024,A
 993,51,Spring2025,B+
703, 4 ,Spring2025,C
​927‌, 36,Spring2024,A
 642,50,Fall2024,B+
​997‌,NULL,Spring2024,B+
65,141,Fall2023,C
​384‌,60,Spring2024,A
​777‌,​114‌,Spring2025,B
715 ,177,Fall2023,B+
​728‌,182 ,Spring2024,A-
​151‌, 156 ,Fall2024,B+
 906,​15‌,Spring2024,B
303, 133,Spring2024,B
​953‌,155 ,Fall2023,C
​515‌, 81 ,Spring2024,C+
991, 143,Spring2024,A
N/A,​117‌,Fall2024,B-
618,162 ,Spring2024,C+
 407 ,2 ,Fall2023,B
506,162 ,Spring2025,C
 ,147,Fall2023,B-
 676,7 ,Spring2025,A
802 , 62,Spring2025,B-
62 ,116,Spring2025,B+
 , 8,Spring2024,C
NA,​119‌,Fall2024,A
​700‌, 146,Spring2025,C+
939 ,110,Spring2025,C+
448 ,​140‌,Fall2024,B-
 881 ,1 ,Spring2025,B-
1051,136,Fall2024,A
0,-9,Spring2025,A-
 449, 111 ,Fall2023,A
424, 200 ,Fall2023,C
​1096‌,​91‌,Spring2024,A-
​39‌,198 ,Spring2025,C+
 968 ,88 ,Fall2023,B
 453,​241‌,Spring2024,C+
​562‌, 7 ,Fall2024,C+
 263 , 35 ,Spring2025,B
​531‌,​119‌,Spring2024,B-
62 ,​150‌,Fall2024,C+
​962‌, 137 ,Fall2023,B+
 383, 143 ,Fall2023,B-
 732 ,​38‌,Spring2024,B+
 291, 4 ,Spring2024,A-
600,​71‌,Spring2025,C
 345 ,114 ,Spring2024,B-
 1 ,186,Spring2024,C+
 673 , 129,Spring2024,B-
566, 35 ,Spring2025,B
​13‌,​35‌,Spring2025,C+
​304‌,121 ,Fall2023,B-
 979 ,43,Fall2024,C+
 879,9 ,Spring2024,B-
 190 ,193,Fall2024,B
 150 ,183 ,Fall2023,B-
121 , 161 ,Spring2024,B
 204 ,194,Fall2024,B
 347 , 78,Spring2025,B-
 640 ,193,Spring2025,A-
 904,​37‌,Spring2025,B
 72,178 ,Spring2025,B-
​535‌, 72,Fall2024,C+
383 , 69,Spring2025,C
229,31,Fall2023,B
746,149,Spring2024,C+
​821‌, 64,Fall2023,C
​276‌,123 ,Fall2023,C+
836 ,​44‌,Spring2025,C
942 ,200 ,Fall2024,B
​911‌,184 ,Spring2024,B
660 ,26 ,Fall2023,B-
 622 ,69 ,Spring2025,A-
968, 7 ,Fall2024,A-
900 ,​97‌,Fall2024,B-
 715,177 ,Fall2023,B
 268, 57,Fall2023,B
 935 ,22,Fall2023,B-
​234‌,​200‌,Spring2024,A-
835 , 55,Spring2024,A-
 754, 152,Spring2024,C+
​946‌, 17 ,Fall2024,A-
 1051,​108‌,Spring2025,B+
​658‌,​243‌,Spring2025,A
​900‌,195 ,Spring2024,A
 321 ,88 ,Spring2024,B+
818 ,​49‌,Fall2024,C+
 85,40 ,Spring2025,B
 561, 53 ,Fall2024,B
​826‌, 140 ,Spring2025,A-
 1073 , 146 ,Spring2024,B+
 971 , 89,Spring2025,C
 901 ,64,Fall2023,A
 998 ,239 ,Fall2024,C
 666,248,Spring2025,A
991, 158,Fall2023,B-
 557,86 ,Spring2025,C
 12 , 178 ,Spring2025,B+
220,7 ,Fall2024,B+
​932‌, 179,Fall2023,A-
​849‌,​150‌,Fall2023,B-
​668‌,​148‌,Fall2024,B-
​927‌, 113 ,Fall2024,C
 566,183 ,Spring2025,A
31, 197 ,Fall2024,B
607 ,141 ,Fall2024,C+
295,​187‌,Spring2025,C
475,54 ,Fall2024,A
587 ,230 ,Spring2024,C+
​503‌, 194 ,Spring2024,C+
 590,180 ,Fall2024,B+
450,​176‌,Fall2024,B-
583 ,​84‌,Spring2024,A-
 431, 103 ,Spring2024,C+
633, 75,Spring2024,C+
 672,​58‌,Fall2023,C+
 388 ,​89‌,Spring2024,A-
421 , 114 ,Spring2024,B+
 644 ,​110‌,Fall2024,B+
204,142,Fall2023,B-
248 , 108 ,Spring2025,C
596, 213 ,Spring2024,B
740,158 ,Fall2024,C+
​49‌, 6 ,Spring2024,B+
50, 230 ,Spring2024,C
-3,0,Fall2024,C+
111,17,Fall2023,B-
 242 , 7 ,Spring2025,B
412, 134,Spring2025,A
255 ,107 ,Spring2025,A-
 108 , 123 ,Fall2024,C+
138,93,Spring2025,B-
​350‌,86 ,Spring2024,A-
676 ,69,Fall2023,B+
757 ,65 ,Fall2023,C
230 , 51,Spring2024,B-
291, 35 ,Fall2024,C
​358‌,85 ,Spring2025,B+
213, 139,Spring2025,A
30, 173,Fall2023,A
996,99,Fall2024,B-
N/A,89,Fall2023,B+
 82 ,NA,Fall2024,A-
701,126 ,Fall2024,A
​699‌, 79 ,Fall2024,C
582,125,Fall2024,B-
 548 , 120 ,Spring2025,C
711 , 111,Spring2024,C+
893,​172‌,Fall2023,B+
84 ,206,Spring2025,C+
461,110,Fall2023,C
​595‌,28 ,Fall2024,A
335 , 45,Fall2024,C
859 , 130,Spring2025,C
525,58,Spring2025,B
683 ,​105‌,Fall2024,C
957 ,​77‌,Spring2025,A-
772 , 11 ,Spring2025,A-
​885‌, 54,Spring2024,B-
 335 , 60,Fall2024,C+
 89 ,60 ,Fall2024,A
 424 , 57 ,Spring2025,C
 280, 96 ,Fall2023,A
743 , 6,Fall2024,B
 561, 242 ,Spring2025,B-
 866,167 ,Fall2024,A
 307,93,Spring2025,A
​295‌, 64 ,Fall2024,B-
​479‌, 53 ,Fall2023,B
​963‌,11 ,Spring2024,B-
74 ,128,Spring2025,C+
​789‌,​113‌,Fall2023,C+
 426 ,172 ,Fall2024,B+
 942 , 141 ,Spring2024,A
 177,196,Fall2024,B-
​889‌,189 ,Spring2024,A-
 687 ,​126‌,Fall2023,A-
​601‌,7,Fall2023,A-
 944, 67 ,Spring2025,A
676 ,17,Spring2024,B-
 411 ,​193‌,Spring2025,B
 420 , 155 ,Fall2024,A
 72,57 ,Spring2024,A
986,​159‌,Spring2025,B+
786, 10,Spring2024,B+
467 , 110,Fall2024,B+
123 ,​150‌,Spring2024,C
 724 , 17,Spring2025,B+
 319 , 96,Spring2025,C+
 464,​88‌,Spring2024,B-
825 ,1 ,Spring2024,B+
 683 ,14 ,Spring2024,A
 956 , 31 ,Spring2025,B
515, 81 ,Fall2023,B
920 , 121 ,Spring2024,A-
473, 61 ,Spring2024,C
​384‌,192,Fall2024,B-
70, 6,Fall2024,C
​204‌,142 ,Fall2023,C+
​493‌,54 ,Fall2023,C
 495, 51 ,Fall2023,B-
 2 , 88,Fall2023,B-
 802,​15‌,Fall2024,B-
 602, 118 ,Spring2025,B
113 ,41 ,Fall2023,A-
 69,110,Fall2024,A
 83 ,11 ,Fall2023,B-
504 , 105,Spring2025,B+
135, 117 ,Fall2024,C
447 ,148,Spring2024,B-
748 ,17 ,Fall2023,B-
 813 ,​23‌,Spring2025,B-
 906 , 189 ,Spring2025,B+
​315‌,15 ,Fall2023,A-
 1005,146 ,Spring2024,C
936, 231 ,Fall2024,C+
 382 , 88 ,Spring2024,A
918, 105,Spring2024,C
​205‌,179 ,Spring2024,A
975 ,178,Spring2025,B
 40, 190,Spring2024,C+
153 ,​162‌,Spring2024,A-
388,101,Spring2025,B-
 376 , 11,Fall2023,C+
848,​116‌,Spring2024,B-
 1020,196 ,Spring2024,B+
 750 ,251 ,Spring2025,A-
​279‌, 3 ,Spring2024,B+
 241,11 ,Fall2024,A
 430 ,193 ,Fall2023,C
951 ,​200‌,Fall2023,B-
 650 , 168,Fall2024,A
​894‌, 200,Spring2024,C
 860 ,37 ,Spring2024,A-
​497‌,1 ,Fall2023,A
921 ,120,Fall2024,B-
​413‌, 99 ,Fall2023,C+
920,87,Fall2024,A
 446 , 99 ,Fall2023,C+
​115‌,244 ,Fall2024,C
​675‌, 179,Spring2024,B
 760,24 ,Spring2024,B+
 291, 156,Spring2024,B+
975, 163 ,Fall2023,C
 677, 10,Fall2024,A-
521,40 ,Fall2024,C
 159, 162 ,Fall2024,A
 945, 10 ,Fall2023,B
877, 86 ,Spring2024,C
275,47,Fall2024,A-
884 ,71,Fall2023,B-
1093 , 149,Fall2023,C+
623, 7 ,Fall2023,C
194 , 30 ,Fall2024,B+
76,13 ,Fall2023,A
836, 166,Spring2024,B-
859 , 135 ,Fall2024,C+
 364,119 ,Fall2024,A
399,​16‌,Fall2023,B
 370 ,143 ,Fall2023,B+
 287, 34 ,Fall2023,B+
 580,189,Fall2023,A-
316 ,33,Spring2024,C
​521‌,88 ,Fall2024,A-
 896 ,99 ,Fall2024,C
540,116 ,Spring2024,A
​118‌,245 ,Spring2025,A
​498‌,80 ,Fall2023,B
675,17 ,Fall2024,A-
​29‌,216,Spring2025,B+
62 , 123 ,Fall2024,C
​687‌,​176‌,Spring2024,A
423 ,53 ,Fall2023,B-
561,​42‌,Spring2024,C
 146 , 29,Spring2024,B+
 754,159 ,Fall2023,A-
 92 , 26,Spring2025,B
 25 , 206 ,Fall2023,C
 946,111 ,Fall2023,B
30, 165,Fall2024,B
​22‌,5,Fall2023,C+
​50‌,2,Spring2025,B+
​832‌,200 ,Spring2024,A
963, 39 ,Fall2024,B+
633 ,126,Fall2024,B-
411 ,43,Fall2023,A
454, 68,Fall2023,B
​30‌,157,Spring2024,A
 20 , 49 ,Fall2024,B+
461,110,Fall2023,C
 469 ,11 ,Spring2025,C
257 ,65 ,Spring2025,A-
 826,85,Fall2024,B
 636,​183‌,Spring2025,C
 501, 166,Fall2023,B
​113‌, 165,Fall2024,B
262,3 ,Spring2025,B-
924 , 185 ,Fall2023,B+
​902‌,29,Fall2024,B+
 811 ,​195‌,Fall2023,C+
 955 , 151,Spring2025,C
816 , 7 ,Fall2024,B
280 ,11 ,Fall2024,A
145 , 109,Spring2024,B-
​886‌, 114,Spring2025,B
 694,7 ,Spring2025,B-
 302,145 ,Fall2024,C+
 136 , 183,Spring2024,B
725 , 53,Fall2024,A-
 62 , 34 ,Spring2024,B
1100, 78,Spring2025,B+
697 , 21,Fall2024,B
 801, 3,Fall2024,A-
270 , 52 ,Spring2025,A-
 943 , 25 ,Spring2024,C+
​692‌,123,Spring2024,C+
 1066 ,116 ,Spring2025,A
89 ,100,Spring2024,C
​411‌,145 ,Spring2024,A-
​564‌, 120 ,Fall2024,C+
248 , 179,Fall2023,C
 44,​120‌,Spring2024,B+
882, 123,Spring2025,C+
 823 , 54,Spring2025,C+
​179‌,​47‌,Spring2024,C+
983, 81,Fall2024,B
 440,85,Spring2025,C+
215 ,42 ,Spring2024,C+
 901 , 82 ,Fall2023,B
 173, 139,Spring2024,C+
 140, 41 ,Spring2025,B-
48,83,Fall2024,B-
 782 ,230 ,Fall2023,C
931 , 42 ,Fall2024,B+
 862,88 ,Fall2023,C+
1018 , 148 ,Fall2024,A
718, 134 ,Spring2024,C+
298, 133,Spring2024,B
423,​81‌,Fall2024,C
​1033‌,53,Fall2024,B+
​2‌, 21,Spring2024,A-
​97‌, 7,Spring2024,A
​782‌,​1‌,Spring2025,C+
​319‌,​51‌,Spring2024,A
 479, 57 ,Fall2024,C+
​948‌,109,Spring2025,B+
922, 161,Fall2024,B
​320‌,158 ,Spring2024,A-
 121, 105,Fall2024,B-
​831‌,133 ,Spring2025,B+
 123, 150 ,Fall2023,B+
​449‌,37,Fall2024,A-
910,​200‌,Spring2024,A-
176, 133,Spring2024,B+
 701,​13‌,Fall2023,A
297,74,Fall2024,B
608,59,Spring2024,C+
 825 , 182 ,Spring2024,B+
12.7,8.2,Spring2025,B-
472,48 ,Fall2024,A
​872‌, 167,Spring2024,A-
532 ,17,Spring2024,A
111,119 ,Spring2024,B-
​595‌,24 ,Spring2024,B+
​418‌,56 ,Spring2025,A-
885, 99 ,Fall2023,C+
 923 , 185 ,Fall2024,C+
 25 ,88 ,Spring2024,B+
140,41 ,Spring2025,B+
​232‌,​40‌,Spring2024,B
557,200 ,Spring2025,B+
 268 ,None,Fall2024,B
334,97,Spring2025,C+
882 , 3 ,Fall2023,A
​890‌,​25‌,Spring2025,B-
​200‌,2,Spring2025,A
348, 17,Spring2024,A-
 766 , 120 ,Spring2024,A
 390 , 1 ,Spring2024,B
838 , 11 ,Fall2024,B+
 57,​7‌,Fall2023,B+
246 ,36 ,Spring2025,C
 863 ,144,Fall2023,B
668 , 43,Spring2025,B-
17, 69,Spring2025,B
135 , 10,Spring2024,A-
​53‌,​159‌,Fall2023,C
 447 ,69,Fall2023,A-
275 , 190,Spring2024,B+
 856 ,100,Spring2024,B+
169,​65‌,Spring2024,C+
​219‌,48,Spring2025,B+
988 ,​195‌,Spring2024,C+
 369,​56‌,Spring2024,B
452,53 ,Spring2024,A
241,198 ,Fall2024,A
573, 195 ,Spring2024,A
​176‌, 30 ,Spring2024,B-
 710, 5 ,Fall2024,B-
1073,​57‌,Fall2023,B-
​136‌,26,Fall2023,B
823,​99‌,Spring2024,A
 529,127 ,Fall2023,A
946,105,Spring2025,A-
 390 , 1 ,Spring2024,B
106,N/A,Spring2024,A-
 1097, 156 ,Fall2024,B+
​387‌, 198 ,Fall2024,B
116 , 126,Spring2025,A-
​257‌, 23 ,Spring2024,B
840 ,25,Spring2024,C
40,​190‌,Spring2024,A-
973 , 22,Fall2024,C
205 ,​150‌,Fall2023,A
 477 , 167,Fall2023,C
 128 ,​170‌,Spring2025,C
​297‌, 100,Fall2024,A-
 831,66,Spring2024,A
​89‌,43,Fall2023,A
 326,16,Fall2023,A
 932, 20,Spring2025,C+
 838,NULL,Fall2024,C
 771 ,nan,Spring2025,C+
10,158,Fall2023,B
 420 , 62 ,Spring2025,C+
 35 ,​169‌,Spring2025,B
693,​120‌,Fall2024,B+
18 ,​68‌,Fall2024,B+
 456 ,​172‌,Fall2024,B-
​809‌, 260 ,Fall2023,B-
156 ,​7‌,Spring2024,A
 255, 148,Fall2024,B
752,​219‌,Spring2024,B
 371, 167 ,Fall2024,A-
628, 109 ,Spring2024,B
562 ,​34‌,Fall2024,A-
 476, 150,Spring2025,A-
​356‌, 187,Fall2023,B+
​486‌, 18,Spring2024,B-
NULL,​50‌,Fall2023,B-
727 ,​34‌,Fall2023,B-
200 , 108,Spring2024,C
 758,​113‌,Fall2024,B-
 631,86,Fall2023,C+
 908, 29,Fall2023,C+
989, 5,Spring2024,B+
139,120 ,Fall2023,A
​682‌,149,Fall2024,C+
808 ,88,Spring2025,B-
 823, 166 ,Fall2023,B-
215 ,92,Fall2024,C+
 758,​113‌,Fall2024,B-
 1067 ,​74‌,Fall2023,A
123, 207 ,Fall2023,A
 481,​15‌,Fall2024,C+
91 , 105,Spring2024,B+
1006 ,4,Fall2023,A
 192 ,​131‌,Spring2024,C+
​759‌, 103,Fall2023,C+
828 ,10 ,Spring2025,C+
815 , 55,Spring2025,C+
​487‌,22 ,Spring2024,B-
 522,61,Fall2023,C+
 791,105,Fall2024,A-
296,​196‌,Spring2025,C+
​5‌,48,Spring2024,B+
526, 107,Spring2024,B+
135 , 10,Spring2024,A-
 168,166 ,Spring2025,C+
​952‌,​150‌,Fall2024,A
 858 ,​,Fall2024,A-
256, 146,Spring2025,C
 578 , 37,Fall2024,B
 46 , 105 ,Fall2024,C
 1040,184 ,Fall2024,C
 612, 11 ,Spring2024,B+
 651 , 155 ,Spring2024,C+
 929 ,29,Fall2024,B
​249‌,164 ,Fall2024,C
858 , 115 ,Fall2023,B-
 785, 59,Spring2025,A
 640,​191‌,Spring2024,B-
​122‌,79,Spring2024,A-
 840 , 32 ,Fall2023,C
801,​237‌,Spring2024,A-
758,​56‌,Spring2025,A
875, 65 ,Spring2025,B-
275 , 190,Spring2024,B+
 143 ,​105‌,Spring2024,A
5 , 190 ,Fall2023,B-
 230 , 88 ,Fall2024,B-
 629, 52,Spring2024,B+
250, 71,Fall2024,C+
​758‌,​3‌,Spring2024,C+
451,​170‌,Fall2024,B
​83‌, 150 ,Spring2024,B-
427, 64 ,Fall2024,B-
​457‌,3,Spring2024,B-
430 , 86,Spring2025,A
224 , 65 ,Fall2024,A-
723,​67‌,Spring2024,C
​944‌,192 ,Spring2025,B+
67, 157 ,Fall2024,C+
656 ,42,Fall2024,A
110,7 ,Fall2024,B
 1092 , 32 ,Spring2025,B-
 ,66 ,Fall2024,C+
 823 , 58 ,Spring2024,C+
1052, 169 ,Fall2023,A
 898 , 68,Spring2025,C+
​317‌,17,Spring2025,B
475 , 198,Spring2024,A-
114 ,​84‌,Spring2024,A
 245, 126 ,Fall2024,B-
713 , 116,Fall2024,C+
113,41,Spring2024,B
668 ,197,Fall2024,C+
​561‌, 2 ,Fall2023,A
 564,163,Spring2024,A-
642 , 15 ,Fall2024,C
 779 ,34 ,Fall2023,B-
933 ,99,Fall2023,C+
 898 , 150,Fall2023,A-
​1061‌, 151,Fall2024,C
 981 ,​150‌,Fall2024,B
 587, 36 ,Spring2024,B-
 400 ,​48‌,Fall2024,B+
 999, 99,Spring2025,C
​633‌,​56‌,Fall2023,B
658 ,194,Spring2024,B
992 , 24 ,Spring2024,B-
489 , 145 ,Spring2025,A
 130 , 144 ,Fall2023,B
 874,​11‌,Spring2024,A
912,11 ,Fall2024,C+
 808, 1 ,Spring2025,B-
​47‌, ,Fall2023,C+
 44,88 ,Fall2023,C
​152‌,177 ,Fall2024,A
72,57,Fall2024,A-
 643 , 24 ,Spring2024,A
238 ,​42‌,Fall2024,A-
 358 ,32,Fall2024,B+
 943 , 69 ,Spring2025,B-
95 , 109,Fall2024,A
​409‌, 89,Spring2025,C+
 271 , 113 ,Spring2024,A
980,86 ,Fall2024,B-
390 ,101 ,Fall2023,A
228,​4‌,Fall2024,A
 497 ,177 ,Fall2023,C+
 56 ,​20‌,Spring2024,A-
​960‌, 197,Fall2023,C+
519, 117,Spring2024,A
​751‌,173,Fall2024,C
 376,126,Fall2024,A-
286 ,​120‌,Fall2024,C+
​772‌, 83 ,Fall2024,B-
415 , 3,Spring2025,B
970 ,​198‌,Fall2024,A-
​620‌, 99 ,Spring2025,B
761, 104,Fall2023,B+
976,156 ,Fall2023,B-
 333 , 4,Spring2024,B-
 288, 84 ,Spring2024,A
106,191,Spring2025,B+
 898 , 174 ,Spring2025,C+
971 ,70,Spring2024,B-
706 , 23 ,Spring2024,B+
 626,165 ,Spring2025,C+
 352 ,​21‌,Fall2023,C
84 , 42,Fall2023,C
​324‌,​120‌,Spring2025,A-
 962, 33,Spring2025,A
514 , 166 ,Fall2023,B
​760‌, 176,Fall2023,C
138 ,30 ,Spring2025,A
 679 ,​35‌,Fall2024,B+
 615 ,​17‌,Spring2025,C
984,​77‌,Fall2023,A
 491 ,160 ,Fall2023,B
​664‌, 42 ,Spring2025,C
79, 47 ,Spring2025,A
924, 80 ,Fall2024,B+
165,​25‌,Spring2024,A-
 301 ,119 ,Spring2025,B+
505,143,Fall2024,A
 442 ,​5‌,Spring2024,B-
782 ,83,Fall2024,B+
​959‌,​109‌,Spring2024,C+
 1076 , 33 ,Spring2024,C
 529 , 145 ,Spring2025,B-
178, 40,Spring2025,A-
991 , 176,Fall2023,B-
 871 ,105 ,Spring2024,B
 759 , 184,Fall2024,C+
945 ,107 ,Spring2025,A
​349‌, 99,Spring2024,A-
 474 ,184 ,Fall2023,C
510 ,19 ,Fall2024,B-
762 ,111,Spring2025,B-
 300, 133 ,Spring2025,C+
321 ,​88‌,Spring2024,B-
 95 , 20,Spring2025,B+
338,83,Spring2024,B+
 337 , 67,Spring2025,B-
​809‌,89,Fall2023,B+
787,1,Spring2024,A-
 701, 3 ,Spring2025,B
 537 , 69,Fall2024,A
298 , 133,Fall2023,B
 745,3,Fall2024,B-
 491,26,Spring2024,B
 331 ,61,Fall2024,A
248 ,149,Fall2024,B-
479 , 145,Spring2024,B+
760 ,​113‌,Fall2023,B-
 423 , 195,Fall2023,B+
113 ,122 ,Spring2025,C
NA, 113,Spring2025,B+
 871 ,9,Spring2024,B
519 ,117 ,Fall2023,A-
​471‌,​60‌,Fall2023,A
​827‌,99,Spring2025,B+
390, 88,Fall2024,A-
345,​227‌,Spring2025,B+
​943‌, 49 ,Fall2024,C
 44,​178‌,Spring2025,A-
​227‌,16 ,Spring2024,A
641, 3 ,Fall2024,C+
 760 ,59 ,Fall2023,C+
​947‌,200,Fall2023,B-
 567, 126 ,Fall2023,B-
 379 ,120,Fall2023,B+
​686‌, 195 ,Spring2024,C+
480,165,Fall2023,C+
 215 ,211,Fall2024,B-
​835‌,71 ,Fall2024,B-
1037 , 146 ,Spring2025,B
 139 ,120,Spring2024,A
 62,​199‌,Fall2023,A-
153 ,​162‌,Spring2024,A-
 489 ,184,Fall2024,B+
​828‌, 155,Fall2023,C
497 ,​99‌,Spring2024,C+
​212‌,150,Fall2024,C
925 , 120 ,Fall2023,B+
 215 ,​226‌,Fall2023,B+
 494,123,Fall2024,C
722 ,81,Spring2025,C
​914‌,​222‌,Spring2025,B-
653 ,58,Spring2024,A-
 978 ,150 ,Fall2023,A-
​587‌,​20‌,Spring2024,B-
​789‌, 242 ,Fall2024,A-
​132‌,161,Fall2024,B
907 ,180 ,Spring2024,B
​619‌, 120 ,Spring2025,A
 732 ,​229‌,Fall2023,B
 632 , 81 ,Spring2025,B-
689, 110 ,Spring2025,B
967 ,1 ,Fall2023,C+
646 , 24 ,Spring2024,A-
809 ,​48‌,Spring2024,C
 527 ,98,Fall2024,A-
 9 , 6 ,Fall2023,B+
 907 ,212,Fall2024,A
 1088, 25 ,Spring2025,C+
726,47,Spring2024,C
 615 ,110 ,Spring2024,B
768 ,​1‌,Spring2024,A-
 619 ,171 ,Fall2023,A
85 ,40,Spring2024,C+
94,21 ,Spring2025,A-
 565 ,25,Fall2024,B+
 481,84 ,Fall2024,A
​449‌,​37‌,Spring2025,B+
184,​3‌,Spring2025,A
 359 ,​119‌,Spring2024,A-
 945,​120‌,Spring2024,A
​384‌,192,Fall2024,B-
705 , 69,Spring2025,C+
869,​104‌,Spring2024,C+
​332‌,134 ,Spring2024,B-
 372,106,Fall2024,B
 1036,28,Fall2024,B+
 36, 1,Spring2024,A-
204 , 194,Spring2025,B-
898 ,126 ,Spring2025,B
​1053‌, 48 ,Fall2024,C
​475‌,52,Fall2024,A
493,​145‌,Fall2024,C
 350,6,Fall2023,C+
​206‌,197 ,Spring2025,A-
766 , 71 ,Fall2024,B
292, 6 ,Fall2023,B+
​319‌, 51,Fall2023,C+
-3,8.2,Spring2024,B-
 456 ,​121‌,Fall2023,B
​1017‌,153,Fall2024,C
 295,​59‌,Spring2024,A-
1048 ,​115‌,Spring2025,C
 375 , 21 ,Spring2024,A
496 , 42,Fall2024,C
 496 ,183,Spring2024,A-
​, 147 ,Spring2024,C+
​921‌, 37,Fall2024,A
​882‌, 96 ,Fall2023,B
291 ,146 ,Fall2024,C
​430‌, 193 ,Spring2025,A-
523,​151‌,Spring2024,B
​823‌,64,Spring2024,C+
 988 ,​195‌,Fall2024,B-
296,​196‌,Spring2025,C+
539, 17,Spring2025,A-
 218 ,​140‌,Spring2024,C+
​333‌,19,Spring2024,A-
214 ,​99‌,Spring2025,A-
125 ,​3‌,Fall2023,C+
 999 ,225 ,Spring2024,C+
​123‌,​177‌,Fall2023,A-
​89‌,128 ,Spring2024,A-
 289,179 ,Fall2023,A-
 230, 15,Fall2023,A-
 869,​175‌,Fall2024,B+
 585 ,​7‌,Spring2025,A
​765‌, 125,Spring2025,A
 781,23 ,Spring2025,C
613 ,191 ,Fall2023,B-
 603 , 105 ,Spring2024,B-
169 , 65,Fall2024,B
357, 16,Spring2024,A
 342 ,132 ,Fall2024,B+
 928 ,150 ,Spring2025,B-
​341‌,​189‌,Fall2024,A
 476, 116 ,Fall2024,C
 537,105,Fall2023,A-
​943‌,31,Fall2023,A
480 ,109 ,Spring2025,B
 782 ,​138‌,Fall2023,B+
816 ,​91‌,Spring2025,B-
242 ,7,Fall2023,A
 1034 , 164 ,Fall2024,A-
 687, 149,Fall2023,B+
​713‌,187 ,Fall2024,B-
 268 ,76 ,Spring2025,B+
485,4,Fall2023,C+
 152 , 22 ,Spring2024,B-
​477‌, 102 ,Fall2024,B+
​781‌,72 ,Fall2024,A-
519,184,Spring2024,B+
 529, 191 ,Fall2024,A-
 333 , 11 ,Fall2023,C
 235 ,125 ,Fall2024,C
883,2,Spring2025,A-
​789‌,​192‌,Fall2024,B
 743 ,165,Spring2024,C
 294,200,Spring2024,A-
83 ,​44‌,Fall2024,B+
 980 ,187 ,Fall2024,A-
​443‌, 105,Fall2024,A-
 381 ,96 ,Spring2024,C
 856, 23,Fall2024,B-
 17 , 93 ,Fall2024,B
923, 12,Fall2024,B
 519,7,Spring2025,B
411,145,Fall2023,C
376,117,Spring2024,A
729 ,92 ,Spring2025,B
 88, 113,Fall2023,A
536 ,42 ,Fall2024,B+
707 ,​17‌,Fall2024,A
 683 , 33 ,Spring2025,A-
​639‌, 57 ,Fall2023,A
577 ,​123‌,Fall2023,B
 845, 9,Fall2023,A-
 601, 84,Fall2023,B
518,21,Spring2025,C
 261,​99‌,Spring2024,B-
 706 , 160 ,Fall2024,A
 993,156 ,Fall2023,A-
​807‌,120,Spring2025,C
717,53,Spring2025,C+
​,​50‌,Fall2024,A
587 ,151,Spring2025,A
​691‌, 54,Fall2024,C
 273 ,17,Spring2025,B+
215 ,​8‌,Spring2025,C
 782, 122 ,Fall2023,B
585,69,Spring2025,C+
 1093, 88,Fall2023,C+
515 , 246 ,Fall2023,B+
832, 214 ,Fall2024,A
711, 200,Fall2024,C+
 327 , 23,Spring2024,B
762, 62,Spring2024,A
​622‌, 26 ,Spring2024,B+
 1005 ,​158‌,Spring2025,A-
227 ,188,Fall2023,C
 1038 ,​42‌,Fall2024,B-
299 ,77 ,Spring2024,C
809 , 167,Fall2023,A-
495,49 ,Fall2024,B
 888 ,200,Spring2024,C+
 986, 183 ,Spring2024,A
​474‌,17 ,Spring2024,B-
320 ,​157‌,Fall2023,C
​653‌, 79,Fall2023,B-
158 , 146,Fall2023,C+
 491 ,195 ,Fall2024,A-
 309 , 88 ,Spring2024,A-
 941 ,N/A,Fall2023,B
 530 ,225 ,Fall2023,C
217, 108 ,Fall2023,A-
292 ,3,Spring2025,B
​288‌,84 ,Fall2024,B-
 669 ,97,Spring2025,C+
​497‌,1 ,Fall2023,A
899, 34 ,Fall2024,C
 143, 105 ,Fall2024,C
882,99 ,Fall2024,A-
649, 91 ,Spring2024,B-
​66‌,36 ,Spring2025,B
NA, 152,Spring2025,C+
235,​125‌,Spring2024,B-
 899,109,Spring2024,C
​599‌,​144‌,Fall2023,B
668,​253‌,Fall2023,C+
1011,123,Fall2024,A
 409 , 134 ,Spring2024,B-
​791‌, 64,Spring2024,A
659,7 ,Fall2023,B+
 782 ,​211‌,Fall2023,A-
​266‌,120 ,Fall2024,B-
123 , 111,Fall2024,B-
 227, 26 ,Spring2024,B
 447 ,189 ,Spring2024,C+
​26‌,200,Spring2024,B+
123 ,67 ,Spring2024,C+
 27 , 152 ,Spring2025,A
 164 ,260,Spring2024,B
 613, 15,Fall2023,B-
​150‌,​89‌,Fall2024,C+
​932‌, 187,Fall2024,A-
146 , 42 ,Fall2023,C+
465,161,Spring2024,A
​341‌,​189‌,Fall2023,A-
39 ,42 ,Spring2024,B
836 ,​44‌,Spring2025,C
 302 , 145,Spring2025,C+
933 ,66,Spring2024,C+
 233, 68,Spring2024,A
 830,42,Fall2023,B-
918,104 ,Spring2025,B+
1089 ,33 ,Fall2023,B
 275 ,NA,Fall2024,C+
 799, 120 ,Fall2024,B-
​262‌,​129‌,Spring2025,A-
​502‌, 3 ,Spring2024,B+
 920 ,162,Spring2025,A
344 ,68 ,Fall2024,B
387 , 31,Fall2023,C
​1008‌,155 ,Fall2023,A
181 ,4 ,Fall2024,C
 679, 189 ,Spring2024,C
​24‌, 27 ,Fall2024,A-
 394,​114‌,Fall2024,B
​860‌,37,Spring2024,B-
153,54,Fall2024,B
422 , 164,Spring2024,B+
845,7,Fall2024,B+
 57, 99,Fall2023,C
126,​167‌,Fall2023,B-
 1014 ,15,Fall2024,C
 279,126,Fall2023,C+
860 , 178 ,Fall2024,B-
 489, 54,Fall2024,C+
 1036, 190 ,Spring2025,B
​150‌,​89‌,Fall2024,C+
​850‌,​126‌,Spring2024,C+
 713 ,​,Spring2025,C
887 ,73 ,Fall2023,B
 85 ,​88‌,Fall2024,B
​567‌,66,Fall2023,A
 458 , 191,Fall2023,B+
971,82 ,Spring2024,B+
​507‌,16,Spring2024,A
​200‌,​120‌,Spring2025,B-
1063,99 ,Fall2024,A
​51‌, 154,Fall2023,C
156,29 ,Spring2025,A
​1095‌,​121‌,Spring2025,A-
539,99 ,Spring2025,B
525,196 ,Spring2025,B-
681 ,​57‌,Fall2023,B
1034 , 119 ,Fall2024,A-
​766‌,141,Spring2024,B-
​291‌,79 ,Spring2024,B
0,-9,Fall2023,C
 813,​129‌,Fall2024,B+
 579, 41 ,Spring2024,C
467 ,​72‌,Fall2023,C+
 300 ,​181‌,Fall2024,C+
​384‌, 207 ,Fall2023,A-
516 ,​137‌,Fall2023,B+
 977 , 159 ,Spring2024,B
 823,​42‌,Fall2024,A
827, 241,Spring2024,B-
 515 ,4 ,Spring2024,C
167, 97,Spring2025,C+
222,​37‌,Fall2024,B
​401‌,123 ,Fall2023,B
 499 , 180,Spring2025,A-
184, 119,Fall2023,A-
​905‌,​172‌,Spring2024,A
 802,11 ,Fall2023,C
​152‌,​1‌,Spring2024,C
116, 17 ,Fall2024,A-
 629, 120,Spring2024,A-
 855, ,Spring2025,A
886,​18‌,Fall2023,C+
592 ,213,Fall2023,B+
​126‌, 59 ,Spring2024,B-
194,139 ,Fall2024,A-
695 ,​7‌,Spring2024,B+
​624‌, 107 ,Spring2024,A-
837, 57 ,Spring2024,C
608 ,​106‌,Fall2024,C+
516,153 ,Spring2025,A-
 637,158 ,Spring2025,B+
722,​55‌,Fall2024,C+
 95,169,Spring2024,A-
1030,76,Spring2025,B+
471, 60,Fall2023,A-
 178,​143‌,Spring2025,B-
 668, 197,Spring2024,B-
​802‌,11,Spring2025,C
 146 ,​42‌,Fall2023,A
904, 7,Spring2025,B+
 569,148 ,Spring2024,B+
1011 ,​13‌,Spring2024,A
 895 ,32,Spring2024,A
​232‌,​155‌,Spring2024,C+
 937,140 ,Fall2024,A-
 465, 161 ,Spring2024,C+
 608, 170 ,Fall2023,C+
201 ,​136‌,Fall2024,A-
370 , 48,Fall2023,B
 888,​181‌,Fall2024,C+
​327‌,​188‌,Spring2024,B+
 624 , 197,Spring2025,C+
 593 ,145,Fall2024,B
983, 62 ,Spring2025,B+
​285‌,15,Spring2024,A-
 664,42,Spring2024,A-
635 ,NULL,Fall2024,B-
 388 , 29,Spring2024,B+
275,190 ,Spring2024,A
​117‌,157 ,Fall2024,C
 276 ,112,Spring2025,B
 142,2,Fall2024,C+
 896,​105‌,Spring2025,C+
​802‌, 7 ,Fall2023,B+
 899,109,Fall2024,C
 498,​72‌,Spring2025,C
 322 ,​19‌,Spring2025,A-
264, 71,Spring2024,B+
502 , 198,Fall2023,B+
410, 150,Fall2023,B+
 385, 194,Spring2025,B+
606, 69,Fall2024,A
 66,18,Fall2023,A-
999 ,​9‌,Fall2024,B+
 793 , 62 ,Spring2025,A
60 , 123,Spring2025,A-
117 , 110 ,Fall2023,A-
969 , 159 ,Spring2025,B+
​928‌,122 ,Spring2024,B-
 153 ,​54‌,Fall2024,A
915 ,​198‌,Spring2025,A
30 ,157 ,Spring2025,A
 257 , 145 ,Spring2025,B+
332,3 ,Fall2024,B
 56,19,Fall2023,B+
988, 3,Spring2025,A
 827,88,Spring2025,B+
943 , 49 ,Fall2024,A
 35 ,169 ,Spring2025,C+
356 ,20,Spring2024,C+
467,15,Spring2025,C
318, 112,Fall2023,B-
 531 ,135 ,Spring2025,B+
,​91‌,Fall2023,C
244,200,Spring2025,B-
 541 , 99 ,Spring2024,B+
 230,168,Spring2025,C+
 583,​77‌,Fall2023,A
430 , 163 ,Fall2023,A-
473 , 150 ,Spring2025,C
702, 74 ,Spring2025,B
 265,44,Fall2023,B-
363 ,​45‌,Spring2025,C
 668, 148 ,Fall2024,A-
724 , 145,Fall2023,C+
132,171,Fall2024,A
 57,​64‌,Fall2023,A
​582‌,35,Spring2024,C
 557 ,​200‌,Spring2024,A-
453, 5,Fall2024,C+
 110,​7‌,Spring2024,A
594,​147‌,Fall2023,B+
424,​132‌,Spring2024,B-
153 ,63,Spring2025,C+
513,189,Fall2024,C+
 434,105 ,Spring2025,B-
84,​42‌,Fall2023,A
​691‌,​126‌,Spring2024,B-
 624,3,Fall2024,C+
​818‌,135,Spring2025,C
 743,88 ,Fall2023,A-
 176 ,10,Spring2025,C
529,40 ,Spring2024,A
 27 ,44 ,Fall2023,A
 386 ,​127‌,Fall2024,A-
241,​120‌,Spring2025,C
 274 ,200 ,Spring2024,A-
 109 , ,Spring2024,B-
​10‌,158,Fall2023,B-
 170, 42,Fall2023,A-
​474‌,141,Spring2024,B+
492 , 26,Spring2024,A-
​215‌, 4,Spring2024,C+
419 ,​104‌,Spring2025,B-
277 , 89,Fall2024,B-
191, 159,Spring2024,B+
​415‌,​102‌,Spring2025,B-
 654 , 1,Spring2025,A-
577 ,11 ,Spring2024,A
​539‌, 17 ,Spring2024,C
317, 147,Fall2023,B-
142 , 151,Fall2024,A
 230,​88‌,Fall2023,C+
0,0,Fall2023,B+
 540 , 165 ,Spring2025,C
​215‌,42,Fall2024,A
 1014,173,Fall2023,B-
 223 , 88 ,Fall2024,B+
​101‌, 1,Fall2024,A
486 ,159,Fall2023,C+
 935 ,43,Fall2023,B
222 , 82,Spring2025,C
174 ,7 ,Fall2023,C
351 , 73,Spring2025,A
​35‌, 61,Spring2025,C+
 961, 18 ,Spring2025,B+
​969‌, 159 ,Spring2025,B+
 490 ,57 ,Fall2024,C
 182 ,8,Spring2025,A
564, 139,Spring2024,A
abc,-9,Fall2024,B-
 573 , 195,Spring2024,C
 995,54,Spring2024,B
1057 ,108 ,Spring2024,B-
 798, 2,Spring2024,B
 523 , 173 ,Spring2025,C
​353‌, 78 ,Spring2025,B+
374, 147 ,Fall2023,A
 95,181,Fall2023,A
 894 ,150,Fall2023,C+
 197 ,​44‌,Fall2024,A
 1072 , 190 ,Fall2024,B-
-3,8.2,Spring2024,C+
​1003‌, 168 ,Fall2024,B
74 ,111 ,Fall2024,C
511 , 133,Fall2024,A
385,154,Fall2024,C+
 860 ,37 ,Spring2024,A-
​968‌, 7 ,Spring2025,B+
 359 , 47,Fall2024,B
​689‌, 110,Spring2024,A
 133,​150‌,Fall2023,B+
270 ,NA,Fall2023,C+
​88‌, 195 ,Spring2025,C
476 , 42 ,Fall2024,B+
465 ,90,Spring2025,B-
393,57 ,Fall2023,B+
 595,129,Spring2025,A
 400, 174,Spring2024,B+
​142‌, 229,Spring2025,C
 69,120,Fall2024,B-
 157, 120,Spring2025,C
220, 17 ,Spring2024,C+
 491,26,Spring2024,B
​51‌,154 ,Fall2024,B
660, 191 ,Fall2024,B-
 268 , 88 ,Fall2023,A
​, 35,Fall2024,C+
188,197,Spring2025,A
36 , 158 ,Spring2025,B-
​475‌, 195,Spring2025,B
 457,​26‌,Fall2023,A
 672 , 56 ,Spring2025,A-
644 ,​163‌,Fall2024,C+
​204‌, 158,Fall2023,C+
 544, 86,Spring2025,C
 486,179,Spring2024,A-
​119‌, 180,Spring2024,B-
​646‌, 54 ,Fall2024,A
473 ,​25‌,Spring2025,A
 543,80,Spring2025,A
 227, 3 ,Spring2024,B+
 511 , 61 ,Spring2025,C+
345 ,51,Spring2024,B
​643‌,77,Fall2023,C+
​1024‌, 74 ,Fall2024,A-
606 , 180,Fall2023,B-
251,​61‌,Spring2024,C
605,35 ,Fall2023,B+
530,24,Fall2024,B
 290 ,91,Fall2024,B
 750,37,Spring2025,B-
 868,2 ,Fall2024,B+
 1009,50 ,Spring2024,B
991 , 192 ,Spring2025,B-
818 ,None,Fall2024,B
 497 , 142,Fall2024,B
​447‌,189 ,Fall2023,B
 373 ,​188‌,Fall2023,B
340,200 ,Spring2024,A
 222 , 61 ,Fall2024,C+
641,38,Fall2023,B-
​1079‌,​48‌,Spring2024,C
 466 , 17,Spring2024,B+
 93 ,​130‌,Fall2024,B-
845 ,58 ,Fall2024,B-
860,22,Fall2024,C+
 523 , 151,Fall2024,A
195, 53 ,Fall2024,A
11 ,83,Spring2025,C+
 70 ,​73‌,Spring2025,B+
 592,252,Fall2024,B-
 108 , 212 ,Fall2024,C+
 116 ,126 ,Spring2024,A
1013 ,143 ,Fall2023,B
 77 , 6 ,Fall2024,C
353 , 145,Spring2025,A
 634, 30 ,Spring2025,B
 528 ,​153‌,Spring2025,A
805 , 73,Fall2024,C+
641 ,​151‌,Fall2023,C+
591, 40 ,Fall2023,A
 893 ,​108‌,Spring2025,C
854 ,158 ,Fall2023,A-
1046 ,175,Spring2024,B-
 597,​105‌,Spring2024,B
192,​3‌,Spring2025,B+
 947 , 200,Spring2024,B+
​266‌,22 ,Fall2023,C+
 736 ,​134‌,Spring2024,A
370 , 35 ,Spring2025,B
745 ,​166‌,Fall2024,A-
 430 ,193 ,Fall2023,C
 807 ,185,Spring2024,C
 436 , 150,Fall2023,A
577,131 ,Fall2024,C+
201,63 ,Fall2023,B-
 663,N/A,Fall2023,B
 1100 , 45,Fall2024,C+
​867‌,180,Spring2024,C
 145 , 109,Fall2024,B-
​997‌,150,Spring2024,A
​29‌, 179,Fall2024,B-
118 ,121,Fall2023,B-
​998‌,200 ,Fall2024,A-
 813 , 147,Fall2023,A
 785 , 99 ,Fall2024,B
 192 ,200 ,Spring2025,B+
889, 101 ,Spring2024,C
0,-9,Fall2023,C
 469 ,​105‌,Fall2023,C
 474,NA,Fall2024,A-
358, 107,Fall2024,B
917 ,187 ,Spring2025,B
​251‌,190 ,Spring2025,A
​121‌, 165,Spring2025,A
 521, 178,Spring2024,C
 913, 99,Spring2025,B
 1 , 26 ,Spring2024,B+
 984,64,Fall2023,B
​889‌, 147,Fall2024,B
 235,173 ,Spring2024,A
519,NA,Fall2024,A-
​32‌, 122 ,Fall2024,A
 266 , 56 ,Fall2024,C
899 ,​56‌,Fall2024,A-
 585 , 48 ,Spring2024,B
27 , 45 ,Spring2025,A-
 385 ,​182‌,Spring2024,C+
 113,11,Fall2024,C+
 375 , 200,Fall2023,A-
 939 ,​137‌,Fall2024,A-
 231, 89 ,Fall2024,A
​583‌, 43 ,Spring2025,B
 321,110 ,Fall2024,B-
419,154 ,Fall2023,C+
548,251,Fall2023,B-
​774‌,30,Fall2024,A
617, 152 ,Fall2023,A-
 118 ,​121‌,Fall2024,B+
​420‌,22,Spring2024,B
92,26,Fall2024,C
 182,51,Fall2023,C
 233 ,169 ,Fall2024,C
 742 ,93 ,Spring2025,A
​619‌,​36‌,Spring2025,C
1080 , 51 ,Fall2024,C+
 535 , 246,Fall2023,B
 126, 78 ,Fall2023,A
500,26 ,Spring2025,C+
​585‌,69,Spring2024,B
 96 ,​143‌,Fall2024,A-
594,42 ,Spring2024,B+
507 ,16,Fall2024,B-
581 , ,Fall2024,C+
440,153 ,Fall2024,B
527 ,​7‌,Fall2023,B-
787, 51,Spring2024,A
526 ,​26‌,Spring2025,C
495 ,​120‌,Spring2025,C+
 69 , 174 ,Spring2025,A-
 826 , 105,Fall2024,A-
265 ,​136‌,Fall2023,B+
​546‌,83,Spring2024,B-
982,28 ,Spring2024,C+
 21, 40 ,Spring2024,C
 936 ,​134‌,Fall2023,C
475, 22 ,Fall2024,B
 22 , 42,Spring2024,C
​89‌,38 ,Spring2024,B-
​249‌, 129 ,Fall2024,B
​648‌,​156‌,Fall2023,A
 352,115 ,Fall2024,A
30 , 173 ,Spring2025,B
 936 , 129 ,Fall2024,C+
 927,94 ,Fall2024,B
​368‌,​28‌,Spring2025,C+
43 , 53,Fall2024,B
842, 50 ,Spring2025,C+
 826,​116‌,Spring2025,A
​736‌,120 ,Fall2023,C+
898 , 25 ,Fall2024,A-
​870‌, 93 ,Spring2025,C
643 ,​39‌,Fall2023,A-
​701‌,40 ,Fall2023,C
​676‌, 127 ,Spring2025,B
 482 , 152,Fall2023,B
527 ,​22‌,Spring2025,A
​1061‌, 48,Spring2024,A
364 ,119 ,Fall2023,B+
 605 , 110 ,Fall2023,C+
​326‌,162 ,Spring2024,A-
677 ,142 ,Spring2025,B-
 772 ,​249‌,Fall2023,C+
 826,11 ,Fall2024,A-
991 , 130 ,Fall2023,B
911 ,259,Spring2024,B-
770,​247‌,Spring2024,A
 , 48 ,Fall2024,A-
 884, 11 ,Spring2024,B-
 528 ,​123‌,Spring2025,B+
 16,​186‌,Fall2024,A
957,102 ,Spring2025,B-
​398‌,82 ,Spring2024,C+
 664, 88,Fall2024,B
 828 , 105,Spring2025,A
57,88 ,Fall2023,A
1009 ,​145‌,Fall2024,B+
622, 124 ,Fall2024,C+
 772 ,​186‌,Spring2025,A
356,​20‌,Spring2024,C
1054 ,​150‌,Fall2024,C
 108 ,32 ,Spring2025,A
859 ,130,Spring2024,A
697 , 87,Fall2023,C
497 ,105,Spring2024,B+
​629‌,​142‌,Fall2023,B+
152, 124,Fall2024,B
194,7,Fall2024,A-
​544‌, 260 ,Spring2025,B+
​715‌, 171 ,Fall2024,A-
​203‌,76 ,Spring2025,B
 828 ,126 ,Fall2024,B
​469‌, 150 ,Fall2024,A
​399‌, 130 ,Spring2024,C
​716‌,146 ,Fall2023,B
 296 , 196,Fall2024,A-
 665 ,​131‌,Fall2024,C
 235,101,Fall2023,B-
880,249,Fall2024,B+
 821 ,66,Fall2024,B-
 487,150 ,Spring2025,C+
 651,​26‌,Fall2024,B
 238 , 198 ,Spring2025,C
864, 105,Spring2024,B-
 382,16 ,Spring2025,B-
844 , 3,Fall2024,B+
301, 39 ,Fall2023,B
308,122,Fall2023,C+
609 ,​120‌,Fall2023,B
 481 ,​84‌,Spring2025,B
​710‌,7,Spring2025,A
​743‌, 129,Spring2025,B+
 39 , 105,Spring2025,C+
​835‌,​71‌,Spring2025,B
422, 107,Fall2024,B
 105 , 138 ,Fall2023,B-
 377, 89,Spring2024,C+
 461,​144‌,Spring2024,C+
 919,140,Spring2024,B
14 ,12 ,Fall2024,B+
​13‌,150 ,Fall2023,B-
681 ,167,Spring2025,C
956 ,​,Spring2024,A-
 , 1 ,Fall2024,A-
 43 ,21,Spring2025,B-
 824 ,254,Spring2024,C
​757‌,11 ,Spring2024,B-
​505‌, 16,Fall2024,B+
 688, 94,Spring2024,B+
-3,xyz,Spring2025,C
​986‌, 73,Fall2024,C
 482 ,NA,Fall2024,B+
1040, 59,Fall2023,C
​863‌, 198 ,Fall2023,B+
 543,148 ,Fall2024,A
 422 ,107,Spring2024,A-
341 , 258,Fall2024,A
150 , 105,Fall2024,B-
675,​73‌,Spring2025,C+
1009,​89‌,Fall2024,A
835,93 ,Fall2023,C
 759 ,2 ,Spring2024,B-
229 ,103 ,Fall2024,C+
 926 ,88 ,Fall2024,C
 970,​175‌,Fall2023,A
 38, 242,Fall2024,A-
167, 36,Fall2023,C
45,131 ,Fall2024,B
788, 7,Spring2024,B
597 ,60 ,Fall2024,A-
512,163 ,Spring2024,B+
 793 ,58,Fall2024,C
 1056 , 4 ,Fall2024,B-
 194 , 61,Spring2024,A
​399‌,16,Fall2024,A
​664‌, 37 ,Fall2024,B
​133‌,40 ,Fall2024,A
 818, 173,Spring2025,B
​270‌,193 ,Spring2024,B
641, 143 ,Spring2024,A
​301‌, 94 ,Spring2024,B-
 858 , 56 ,Fall2024,A-
 983,​62‌,Spring2025,C+
 456, 3,Spring2024,A-
215 , 144 ,Spring2024,B-
 286,120,Fall2023,C+
 880 ,27,Fall2024,B
361 ,185 ,Spring2025,A
468 , 193 ,Spring2025,C
547, 165 ,Fall2023,B
 85, 64 ,Fall2023,C+
954,168,Fall2023,A-
​202‌,30,Fall2023,B-
767,1 ,Fall2024,C+
 576, 91 ,Fall2024,A
195,None,Spring2024,B+
 582,99,Fall2024,B
 273 ,25,Spring2024,B
967 , 200,Fall2023,B
120, 42,Fall2023,A
788 , 76 ,Fall2023,B-
248,175,Fall2024,B-
 108,​247‌,Fall2024,B
 26 , 158 ,Fall2023,B+
117 , 71 ,Fall2023,B-
 523,​99‌,Fall2023,A
317, 22 ,Fall2023,B
 656,​42‌,Fall2023,C+
​660‌, 4 ,Fall2024,B
​345‌,51 ,Fall2023,C
607, 130,Fall2023,C+
 759,17,Fall2024,C
​692‌, 136 ,Fall2023,C
 718, 117,Fall2023,B+
378, 144 ,Spring2024,B
494 , 96 ,Fall2024,A-
​768‌, 110,Spring2025,C
480, 248,Fall2023,B+
985,139 ,Fall2024,B-
 900 , 243 ,Fall2024,B+
722, 150,Spring2024,A
​809‌,48,Spring2025,C+
523, 3 ,Fall2024,C+
 454,52,Spring2024,B
 162 ,N/A,Fall2024,C
​796‌,​150‌,Fall2024,C
 610,88,Fall2024,B
 793, 84,Fall2024,B+
​677‌, 3,Spring2025,A-
​594‌,​107‌,Fall2024,B
394 ,108,Spring2025,A-
585 ,134 ,Spring2024,B-
350, 67,Fall2024,A-
 667,​13‌,Fall2024,A
887,159 ,Spring2024,A-
914, 137,Fall2024,A-
802 , 107,Spring2024,B
784 ,171,Fall2024,A
96, 110 ,Fall2024,A-
 57 ,102 ,Spring2024,A
​750‌, 101,Spring2025,B-
 939,​32‌,Fall2024,A-
 877 , 86 ,Spring2025,B
 81 ,​155‌,Fall2023,A
 764 , 93,Fall2024,A
806, 120 ,Spring2025,B
​596‌,178,Fall2024,A
 1087 , 70,Fall2024,B+
 750 ,84 ,Fall2024,B-
32, 200 ,Fall2024,C+
136 , 26,Spring2025,B-
746 ,122,Spring2024,C
 913, 179 ,Spring2025,A-
​844‌,44 ,Fall2023,A
​260‌,​16‌,Spring2024,B+
 953, 110,Spring2024,C
 260 , 134,Fall2023,C+
306 ,NULL,Fall2024,A
 840 ,32,Spring2025,A
299,​17‌,Fall2024,B
210,217 ,Fall2024,A-
 219 ,54 ,Fall2023,C+
 837,​166‌,Spring2025,B+
 765,​177‌,Fall2024,C
 1000,​146‌,Fall2024,B
​1001‌,53,Fall2024,B+
398 ,194 ,Fall2023,A
​914‌, 200 ,Spring2025,C+
555, 57 ,Spring2024,B+
393,​175‌,Spring2025,C
416,109 ,Spring2025,A
 12 , 171 ,Fall2024,A-
244 ,66 ,Spring2025,A-
 1 ,​157‌,Fall2023,A-
 582 ,153,Spring2024,B
 119 , 99,Fall2024,B+
 899,​200‌,Spring2025,B+
113 ,122 ,Spring2025,C
 268 ,​230‌,Fall2023,B
366,64,Spring2024,B-
 316,105,Spring2024,A-
 709 ,,Spring2024,B
688 ,​87‌,Spring2025,A
​658‌,NA,Spring2024,B+
 1072, 170,Fall2024,B
​278‌, 21,Fall2024,A
 324 , 187,Spring2025,B
 830,​1‌,Fall2024,A-
 344, 117,Fall2023,C+
697 ,42 ,Fall2023,B-
​856‌,100 ,Spring2025,B
613,17 ,Fall2024,A-
93, 22,Fall2024,A
769,215 ,Fall2023,A
630 ,6,Fall2023,B
 295, 200,Spring2025,B+
​530‌,​118‌,Spring2024,A-
​361‌, 224 ,Spring2025,A
 638 ,​4‌,Spring2025,B-
 740 ,65 ,Spring2025,B
 698 ,181,Spring2024,A-
734 , 98,Spring2025,B
​514‌, 166 ,Spring2024,B-
990, 207 ,Spring2025,C
988 ,208,Fall2024,A-
​757‌,​21‌,Fall2024,B
 889 , 88 ,Fall2023,C
554, 31 ,Fall2023,B+
 432 ,​91‌,Fall2024,B-
 1049 , 18,Fall2024,A-
​353‌, 157 ,Fall2023,B+
 80 ,NULL,Spring2024,B
46, 150,Fall2024,B-
 540,64,Fall2023,B+
​988‌,150 ,Fall2023,C
586 , 42 ,Fall2023,B+
 326,​156‌,Fall2023,A-
​57‌,64 ,Spring2024,B
123 , 167 ,Spring2024,A
12.7,0,Spring2024,A
 587 ,167,Fall2023,B-
​186‌,​81‌,Fall2024,B+
445 ,101 ,Fall2024,C+
273 ,​133‌,Fall2023,C
NA,185 ,Fall2023,B-
 494, 258 ,Fall2023,A
​215‌,31 ,Spring2024,B-
​101‌, 129,Spring2024,B-
892,141,Fall2024,B
 948, 76,Spring2025,B+
 36 ,​175‌,Spring2024,B
126,59,Spring2025,C+
245 , 23,Fall2023,A-
​167‌,6,Spring2025,A
 271,32 ,Fall2023,B+
201 ,None,Fall2023,A
437 ,54 ,Fall2023,B
10 , 188,Fall2023,C
 771 ,11,Spring2025,A-
 273 ,​103‌,Spring2025,C+
 986 , 82 ,Spring2024,B
907,110 ,Spring2024,A
​851‌,​147‌,Fall2024,C
 754,137 ,Spring2024,A-
110,41,Spring2024,B
​476‌, 66,Fall2023,C
0,-9,Spring2024,B-
 899,109,Fall2024,C
 131 , 11 ,Fall2024,B
 569, 1,Fall2024,B-
 971,​97‌,Fall2023,C
37 ,56,Fall2024,A-
444,​7‌,Spring2025,A
 245 , 12 ,Fall2023,A
 221 ,139,Fall2024,A-
262 ,45 ,Fall2024,A-
1083 , 37 ,Fall2023,B+
 720, 200 ,Spring2025,A-
 161, 166,Spring2024,B
​433‌, 168,Spring2024,C
 1022 , 146 ,Fall2023,B
​54‌,​90‌,Fall2024,B-
578 , 182,Fall2024,C
 79,​57‌,Fall2023,C+
​13‌, 29,Spring2024,C
 316,​146‌,Spring2024,A-
 478,11,Spring2024,B
 419, 27 ,Spring2025,B+
 7 ,​176‌,Spring2025,C+
​213‌, 18 ,Fall2023,C+
​469‌, 197,Spring2024,B
466, 7,Spring2024,A
 229 ,54,Fall2024,B
​32‌,152 ,Spring2024,C
500,​182‌,Fall2023,C+
 928,​24‌,Fall2024,A
 405, 168,Fall2024,B+
243 ,​23‌,Spring2024,B+
​444‌,42 ,Spring2025,A
​254‌,1 ,Spring2025,A
 510,152 ,Spring2024,A
 852, 107 ,Spring2024,A
​993‌,​156‌,Fall2024,A-
782 ,137,Fall2023,A
​710‌,7 ,Spring2025,B
 656,​42‌,Fall2023,C+
588 ,49,Fall2024,B-
​674‌, 26,Fall2023,A-
 609 , 175,Fall2023,A
 920 ,​162‌,Fall2024,C+
30 ,161,Spring2024,C
 733 , 10,Spring2024,C+
 200,nan,Fall2023,C+
975, 178 ,Spring2025,C
 555,​43‌,Fall2023,B+
 871 , 112,Spring2025,A-
​832‌, 200,Spring2024,A
nan,13 ,Fall2024,B-
314, 144 ,Spring2024,B
 631 ,3 ,Spring2025,B+
 143 ,​60‌,Spring2024,A-
 108 ,147 ,Spring2024,C
746 ,65 ,Fall2024,A
 580 ,189,Fall2023,B-
705 , 200 ,Fall2024,B+
 103, 75 ,Spring2024,A
 901 ,64,Fall2023,A
 874,​112‌,Fall2024,A
 531, 54 ,Fall2023,C
 75 ,N/A,Fall2024,C+
​6‌,155 ,Fall2023,A-
668 ,197,Fall2024,C+
939, 3,Spring2024,A-
​860‌,22,Spring2024,A-
 164, 87,Spring2024,B
 361 ,185 ,Spring2025,A
 894 , 4,Spring2024,B+
​580‌,198 ,Spring2025,A-
563 , 91,Spring2024,A-
 411 ,​48‌,Spring2025,B-
393,​126‌,Fall2024,C
​481‌, 26,Spring2025,A-
964 ,27 ,Fall2023,B
368, 73,Fall2024,A-
 738 ,​223‌,Spring2025,B
 184, 111,Fall2024,B
70, 11,Fall2024,C
​980‌,​178‌,Fall2024,A-
291 ,61,Spring2025,A-
849 , 247 ,Fall2024,B-
​503‌, 211 ,Spring2024,A
524, 88,Fall2023,B+
 724, 141,Fall2024,C
620 ,14 ,Spring2024,B
​435‌,69 ,Spring2024,C+
15 ,110 ,Fall2024,C
 65, 1 ,Spring2025,A
469 ,2,Fall2023,A-
 995 , 88,Fall2023,A
 663, 119,Spring2025,A
617 , 17,Fall2024,A-
287 , 49,Spring2024,A
 224 , 115 ,Fall2023,B-
 393,50,Fall2023,B-
174 , 200 ,Spring2025,C+
925,​42‌,Spring2024,C+
190 ,​178‌,Spring2025,C
​820‌, 42 ,Spring2024,B-
56 , 175 ,Spring2025,A
147, 158,Fall2023,A
 12,135,Spring2024,C
 557,234 ,Fall2023,A-
​83‌,133,Fall2024,B-
​836‌,235 ,Spring2025,B+
388 ,142,Fall2023,B
311 ,123,Fall2024,B-
​275‌, 125 ,Spring2024,B-
 24 ,196,Spring2024,B-
​803‌,​141‌,Spring2024,A
 716,134 ,Fall2024,B-
138,200 ,Fall2023,C
 778 , 105 ,Fall2024,C+
 985 ,​162‌,Spring2024,B-
106 , 163 ,Spring2025,B+
,62 ,Fall2023,A
21, 134,Spring2024,C+
22 ,​5‌,Spring2024,A
253, 200 ,Fall2023,A-
625,71,Fall2023,B-
​1097‌, 173 ,Fall2023,A
 272,​112‌,Fall2024,C
​135‌,​143‌,Fall2023,B
 37 ,​150‌,Fall2024,B-
 124 ,​12‌,Spring2024,C
 5, 188 ,Spring2025,C
​643‌,24,Spring2024,B-
​673‌,181 ,Spring2025,B+
 592,​81‌,Spring2024,B+
938 , 54 ,Spring2024,B-
 580, 189,Fall2023,C
643, 77,Spring2024,B+
​732‌, 38,Fall2023,A
abc,0,Fall2024,A
​527‌, 202 ,Spring2024,B
 404 ,103 ,Spring2024,C
 303, 7 ,Fall2023,B+
 435,​189‌,Spring2025,B
​1051‌, 51 ,Spring2025,B-
689, 75,Spring2025,C
286 ,​120‌,Fall2024,C+
​941‌,91,Spring2024,A
​1000‌, 146 ,Spring2024,B
 193 , 170,Spring2025,A
 ,115,Fall2024,B+
​406‌,136,Fall2023,B+
40 ,102,Fall2024,B
431, 118,Fall2023,C
None, 84 ,Fall2024,C
679, 94,Spring2024,A-
 370 , 106,Spring2024,B+
​39‌,35,Spring2024,A
​789‌, 77,Fall2024,C+
​160‌,51,Fall2024,B-
943, 25 ,Fall2023,B+
186 ,​242‌,Spring2024,C+
 367 ,87 ,Spring2024,C
​116‌,255,Spring2024,B-
 840, 99 ,Fall2024,B
​623‌,​7‌,Fall2023,B-
109, 40,Spring2024,A
​545‌,207 ,Fall2023,B
 641 ,3,Fall2024,B-
 968,​99‌,Fall2023,C
​343‌, 84 ,Fall2024,B-
744 , 11,Fall2024,C
 22 ,​11‌,Spring2024,C+
 639,31,Spring2025,B+
​409‌, 79 ,Spring2025,C+
​580‌, 12 ,Fall2024,A-
 386, 172,Fall2024,B+
 756,92 ,Fall2024,B
 512, 163,Spring2025,C+
564,​7‌,Spring2025,B-
 807 , 185,Spring2024,B+
742, 207,Spring2025,C+
 475 ,195,Fall2024,C+
​937‌,​38‌,Fall2023,C
 934 , 132 ,Fall2024,C+
364,78 ,Spring2025,C
​562‌,​7‌,Spring2025,B+
​410‌,​91‌,Fall2024,B
-3,8.2,Fall2024,C
​206‌, 169,Fall2023,A-
 567, 81 ,Fall2023,B-
​747‌, 173 ,Spring2024,B
21 ,​134‌,Spring2025,C
​517‌,​42‌,Fall2024,B-
 902 ,​20‌,Spring2025,A-
​604‌,85 ,Spring2025,B
361 ,71,Fall2023,C
 371, 88 ,Fall2023,B-
 184,219,Fall2023,B
 540,61,Spring2024,A-
​97‌,186 ,Fall2024,B
​862‌,217 ,Fall2024,A
27 ,​190‌,Spring2024,A-
 239,15 ,Fall2024,C+
​311‌,135,Fall2023,C
 20, 154 ,Fall2023,B+
901 , 43,Spring2024,A
 511,63,Spring2025,A
​625‌,150,Fall2023,C+
 856, 130 ,Fall2024,C
101, 37,Fall2024,B
 575,​159‌,Spring2024,C+
 992, 28 ,Spring2024,B-
 436 , 40 ,Spring2025,C
 537, 89,Fall2024,C+
969 , 3 ,Fall2023,C+
1025 , 168 ,Fall2023,B-
53 ,47 ,Spring2025,B-
62 ,123,Spring2025,B-
10 ,99 ,Spring2025,C
300 ,​104‌,Fall2024,A-
 223, 193,Spring2025,A
​51‌,154 ,Fall2024,B
 978,99 ,Fall2024,A-
 996, 116,Spring2025,A-
​740‌,​50‌,Spring2025,B
960 , 51,Fall2024,B
 548 , 120 ,Spring2025,C
680, 160 ,Spring2024,B-
341, 162 ,Spring2025,A-
 60, 87 ,Spring2024,C
​844‌, 107,Fall2023,A-
 658 ,3 ,Fall2023,B+
​630‌,15 ,Fall2024,B-
978 ,119 ,Spring2024,B+
​685‌, 80,Spring2024,A-
​106‌,254 ,Fall2023,C
​1078‌, 88 ,Spring2024,C+
956,121,Fall2024,B
933, 186,Spring2025,C+
 845, 120,Spring2024,A
 283 ,55 ,Fall2023,B+
222, 27,Fall2024,A
388 ,192,Fall2023,C
 306,​144‌,Fall2023,C
​737‌,226 ,Fall2023,B
​932‌,187 ,Fall2024,B-
 236 ,​5‌,Fall2024,C+
​111‌,17,Spring2025,C+
 225,114 ,Fall2024,C+
 981,157 ,Spring2025,A-
 680, 3,Spring2024,A-
​806‌,41,Spring2024,A
366 ,​139‌,Spring2025,A
627, 109 ,Fall2024,A
783 , 77 ,Spring2025,B-
 199 , 153,Spring2025,B+
​461‌,​110‌,Spring2025,B-
 387 , 218 ,Fall2023,C
 120, 99 ,Fall2023,B-
​352‌, 83,Spring2024,B+
 1001, 87 ,Fall2024,C
203 ,162 ,Fall2024,C
 646 ,233 ,Spring2025,B
574 , 11,Fall2023,B+
859,62,Spring2024,C
16 ,7 ,Fall2024,A
467 , 134,Spring2024,B
287, 49,Spring2025,A
 109,189,Spring2024,C
829 ,21 ,Spring2025,B+
48, 23,Fall2024,B-
​141‌, 89,Fall2023,C+
626 ,180 ,Spring2024,B-
127 ,36,Spring2024,A-
​925‌, 120,Fall2024,C+
 489 , 159,Spring2025,B
 675, 91,Fall2023,A-
667 ,​73‌,Spring2024,B
 314,75 ,Fall2023,A-
 615,155,Fall2024,C+
760 ,​5‌,Spring2025,B
​215‌,139 ,Spring2025,C+
507 ,16,Fall2024,B-
805, 134 ,Spring2024,B-
310, 11 ,Spring2025,C
 888,181,Spring2024,B
​672‌,​58‌,Spring2025,C
 969,73,Fall2024,B
 563,121,Spring2025,C+
 174 , 3,Fall2024,C
 694, 50,Spring2025,A
87 , 33 ,Fall2024,A-
​271‌, 152 ,Fall2023,A-
185 ,132,Spring2024,A-
​1044‌,​70‌,Spring2024,A-
​255‌, 150,Spring2025,B-
806,11,Spring2025,C+
 277, 89,Fall2024,A-
859 , 108,Spring2024,C+
​719‌,116,Spring2025,B-
 183 , 49,Fall2023,B
305,11,Spring2025,A-
429,​124‌,Spring2025,C+
292, 3,Fall2023,A
​193‌,75 ,Fall2024,B-
 182 , 40,Spring2024,C
 659 , 30,Spring2025,A
 888,​181‌,Fall2024,C+
 509 , 144 ,Fall2024,C
888 ,120,Fall2023,B+
 566 , 100,Spring2025,B
 724, 145 ,Fall2024,A
117 , 57,Fall2023,C
923,17 ,Fall2023,B-
​400‌,105 ,Fall2024,B-
260 ,​67‌,Spring2025,B-
99, 52,Spring2024,A-
 70 ,254,Spring2024,B+
 401 ,​182‌,Spring2024,B
211,190 ,Spring2025,B
​593‌,​134‌,Spring2024,C+
729, 63 ,Spring2025,B-
81,198,Fall2023,C+
733 , 10,Spring2025,A-
​855‌, 68 ,Fall2024,B+
​1049‌, 192 ,Fall2024,C
 756,182 ,Fall2023,C+
1022, 84,Spring2025,C
554 , 29,Fall2023,C+
 489 , 16,Spring2024,C
 442 ,37,Spring2024,A
740 ,​101‌,Fall2024,A
 182 , 137 ,Fall2024,B-
​1014‌, 123 ,Spring2024,A-
245, 163 ,Fall2024,A-
 453 , 242,Fall2023,A-
 847 , 84 ,Spring2025,A
​281‌, 47,Fall2023,C
 26 , 152,Fall2023,B+
983 , 101 ,Spring2024,C
​936‌, 16 ,Fall2024,B-
 464 ,​88‌,Fall2024,A
 609, 120 ,Fall2024,B+
48 ,17,Spring2024,A-
245 , 246,Spring2025,B+
574 , 17,Fall2023,B+
​293‌,​4‌,Spring2025,B-
 309 , 200 ,Spring2024,C
​1082‌,166 ,Spring2025,C
481,15 ,Spring2025,B+
725 , 63,Fall2024,C
​74‌,120 ,Spring2025,B
 511 ,​14‌,Spring2025,B+
None,118,Fall2023,B+
​578‌,None,Fall2023,A
​438‌,95,Fall2023,B
 314 , 108,Spring2025,B+
​770‌,192,Fall2024,A
 136 ,185 ,Fall2024,C+
​861‌,60,Spring2024,C+
 810 , 77 ,Spring2024,A
 588 , 120 ,Spring2025,B+
 524 ,​165‌,Fall2023,C+
 645 ,1 ,Fall2023,B+
 892,​188‌,Fall2023,C
 65,155,Fall2023,A-
 124, 134 ,Fall2024,C+
204,​158‌,Fall2024,C+
 815,74,Spring2025,A-
41, 216,Spring2025,B+
 313 , 237 ,Spring2024,B-
 497 ,​177‌,Fall2024,A
 497 ,35 ,Fall2023,C+
 452,​1‌,Spring2025,B-
368 ,28,Spring2024,B-
​772‌,122,Spring2024,B
 255, 24 ,Spring2024,C+
30,​150‌,Fall2023,A-
372,86 ,Fall2023,B-
 523,105,Fall2024,C+
85 ,​64‌,Spring2024,A-
abc,xyz,Fall2023,C
​325‌, 199 ,Spring2025,B
 943 , 89 ,Spring2024,C+
 245 ,129,Fall2024,B-
 445,​80‌,Fall2024,A
462 , 117,Spring2024,A-
​211‌,​200‌,Spring2025,B-
 528, 3,Spring2025,B+
149, 79 ,Fall2024,C+
​337‌,230 ,Fall2023,B
859, 3 ,Spring2024,C
​188‌, 170,Spring2024,B
 156,102 ,Spring2024,A-
​947‌, 104,Fall2024,B-
 621 ,59,Fall2024,C
 819 , 115,Fall2023,B-
​639‌,134 ,Spring2024,C+
 316 ,149 ,Fall2023,A
821,129 ,Spring2024,B-
​906‌,109,Spring2025,C
509 , 38,Spring2025,A
 206, 42 ,Fall2024,B+
​43‌, 249,Fall2024,A
798 , 127 ,Fall2024,B-
 40,​56‌,Fall2023,A
 762 ,69,Fall2023,A
486, 137 ,Fall2023,A-
​783‌,67 ,Fall2024,B
​,​50‌,Fall2023,B+
533 , 127 ,Fall2024,A
​710‌,​7‌,Spring2024,B+
​109‌,40 ,Spring2025,B-
 461 , 11 ,Fall2024,B-
 21, 154,Fall2024,B+
 891 , 33 ,Spring2025,B
​734‌,​58‌,Spring2024,B-
​1088‌,​13‌,Fall2023,C+
​548‌,110 ,Fall2023,A-
 201, 52,Fall2024,C+
94, 173,Spring2024,C+
 831, 22 ,Fall2023,B+
183,​29‌,Fall2023,A-
 136 , 10 ,Fall2024,B
222,​27‌,Spring2025,B
363 , 121 ,Fall2023,C+
 956 ,3 ,Fall2024,B+
​742‌,​133‌,Spring2025,B-
 1011 ,141,Fall2023,B+
815,88 ,Fall2024,A-
​723‌, 7,Fall2023,A-
511 ,​161‌,Fall2024,C
 549,​176‌,Spring2025,B-
 738 ,46 ,Spring2024,B+
​758‌,122,Spring2024,A
1050,​86‌,Spring2024,B-
 309 ,11 ,Spring2025,A-
​607‌,129 ,Spring2024,C
​30‌,9,Fall2024,C
337, 88,Fall2023,A
228 ,10,Spring2025,B
928 ,70 ,Spring2025,A-
 192,​1‌,Fall2023,A
 1066 , 165,Fall2024,C
​35‌,​116‌,Spring2025,B
 675,​17‌,Fall2024,C+
​700‌,​184‌,Spring2024,A
 765 ,177,Fall2023,B+
​205‌,5,Fall2023,C
​862‌,175 ,Fall2023,B+
 271 , 113 ,Spring2024,A
451,123 ,Spring2025,C+
 1029,188 ,Spring2025,B-
 83 ,​254‌,Fall2023,B+
 262, 105,Spring2025,A-
335 ,54,Fall2023,A
 1069 ,1 ,Fall2023,B+
 69,110,Fall2024,A
​728‌,​150‌,Spring2025,C+
 109, 93,Spring2024,C
​448‌,42,Fall2024,A
257,119,Fall2024,B-
561 , 198 ,Fall2024,B
943 , 176,Fall2023,A
​31‌,​25‌,Spring2024,A
6 , 1 ,Spring2025,B+
 638 ,150,Fall2023,B-
582 ,87,Fall2023,C
506, 91,Spring2025,A
 717, 186,Spring2025,C
424 ,1,Spring2025,C+
713, 100,Fall2024,A-
1019, 141,Spring2025,A
222, 61,Fall2023,B+
​162‌, 88 ,Fall2023,C+
322,171 ,Fall2024,A-
 284,101,Fall2023,C
​144‌, 88,Fall2024,A
​710‌,7 ,Spring2025,B
370, 38,Fall2023,A
94, 157,Fall2023,B+
 859,136 ,Spring2025,A-
359 , 27 ,Spring2024,B+
​117‌,​3‌,Fall2023,B-
 728 , ,Spring2025,B-
34, 178 ,Fall2024,C+
 106, 23 ,Spring2024,C+
665, 131,Spring2025,B
​743‌, 129,Spring2025,B+
 988 , 195,Fall2024,A
 543, ,Spring2025,C
​801‌, 134,Fall2024,A
936 ,106 ,Spring2025,C+
 784,26,Spring2024,A-
 120, 124,Spring2024,B
 286,18,Fall2023,A-
1000 ,39,Fall2023,C+
 91,​188‌,Fall2023,B-
131 ,11 ,Spring2025,C+
​973‌,167,Spring2024,B-
​352‌, 115 ,Fall2024,A
102, 81 ,Spring2025,A
 881, 22,Fall2023,B
465,197,Fall2023,C+
784, 127,Spring2025,B
​274‌, 114 ,Fall2024,C
 234,194 ,Spring2025,B+
792 ,​84‌,Fall2023,A
470,200,Fall2024,A
​531‌,76,Fall2024,C
 182 , 40,Spring2024,C
 609, 120 ,Fall2024,B+
​135‌,89 ,Spring2024,B
650, 45,Fall2023,B+
936 ,106,Spring2025,B
 747, 33,Spring2025,C
​157‌, 69,Spring2024,A-
​461‌,69,Spring2025,B-
915, 43,Spring2025,B+
424,114,Spring2024,C+
156, 92,Spring2025,B+
732, 34,Spring2025,B
​1089‌, 198,Spring2024,A
​991‌,​37‌,Spring2025,B
 311, 44,Spring2024,A
418,​144‌,Spring2025,C+
134 ,41,Spring2024,A
974 , 150 ,Fall2023,A-
​103‌,168 ,Fall2024,B
858,150,Fall2024,A-
 652,187,Spring2025,A-
728,150,Fall2023,B-
​1040‌, 87,Fall2023,B+
 708 ,125 ,Fall2024,A
​654‌, 231,Fall2024,C+
833 , 150 ,Spring2024,B
​18‌,​35‌,Spring2024,C
 454 ,52 ,Spring2025,C
​431‌, 103,Fall2023,A-
 439,1,Spring2025,B
 402, 48,Spring2025,B
691 ,​96‌,Fall2023,C+
 615,​80‌,Spring2025,B-
 425, 70,Fall2024,A
 587 ,​30‌,Fall2023,C
123,​132‌,Fall2024,B
 840,​248‌,Spring2024,B-
498 , 12,Spring2025,C+
​992‌,105,Fall2024,C
40,​190‌,Spring2024,A-
739, 200,Spring2025,B
803 ,​10‌,Fall2024,C+
991 , 192,Spring2025,A
465 ,137,Fall2024,C+
805 ,​42‌,Fall2023,C+
 255,​105‌,Fall2024,C+
 485,105 ,Fall2024,C+
 443, 32 ,Spring2024,C+
 376 , 56,Spring2024,C+
​373‌, 188 ,Fall2024,C
 41, 51 ,Fall2023,B+
 34,178,Fall2024,A-
 488 ,17 ,Fall2023,A
0,xyz,Fall2023,C+
507, 16,Spring2025,A
 656,111,Spring2025,B
 201 , 16 ,Fall2024,B+
 917 , 102 ,Fall2023,C+
735, 200 ,Spring2025,B-
43 , 154 ,Fall2023,C+
908 , 89,Fall2024,B+
332 ,127 ,Fall2023,B-
316 ,​146‌,Spring2024,C+
​245‌, 68,Fall2023,C+
 575,88,Spring2024,B+
531,197,Fall2023,C+
148 , 170,Fall2024,B-
 541, 58,Fall2024,A
942,18 ,Spring2024,A-
 101 , 186,Fall2024,C+
371,​88‌,Fall2024,C+
281 , 178,Fall2023,B-
616,121 ,Fall2023,B
 225,​193‌,Fall2023,C
​122‌, 79 ,Fall2023,B
​372‌, 55 ,Fall2023,A
 859 ,​150‌,Spring2024,B+
234, 66 ,Spring2025,C+
840 , 242 ,Fall2023,C+
 1064 , 95 ,Spring2025,C
531,​150‌,Spring2025,A-
960,​97‌,Spring2025,C+
123,​132‌,Fall2024,B
​468‌, 22 ,Spring2024,B+
475,​52‌,Fall2024,C+
​694‌,171 ,Spring2024,B+
​644‌, 194 ,Fall2024,C+
​496‌,42,Spring2024,C+
184,​3‌,Spring2025,A
​261‌, 7,Fall2023,B+
987,​139‌,Fall2023,B+
 587 ,42 ,Fall2024,C+
 408,235,Fall2024,A
 245, 126,Spring2024,C+
​940‌,186 ,Fall2023,A-
 97 , 130 ,Fall2024,B+
891 , 11 ,Fall2024,C+
119 ,​150‌,Spring2024,B
 480 , 136,Spring2024,C+
 489 ,​90‌,Spring2024,A-
 639,​88‌,Fall2024,B+
 616, 54 ,Spring2024,B-
​565‌,120,Fall2024,C
​308‌,131,Fall2024,C+
 744,179 ,Spring2024,B-
 701,40 ,Fall2023,B+
 1047, 43 ,Spring2025,C
775,52 ,Spring2025,C+
​224‌,65,Fall2023,C
​543‌, 181,Spring2025,A-
 311, 135,Fall2023,C
222 , 60 ,Fall2023,B+
221 ,139 ,Spring2025,B-
227,17 ,Spring2024,B+
1009, 69 ,Fall2024,B
 326 ,162 ,Spring2024,C+
​722‌,94,Fall2024,B+
 18 , 5 ,Spring2025,A
683 ,197 ,Spring2024,B-
755 , 152,Spring2024,C+
 199 ,​65‌,Fall2024,B
1010,​85‌,Fall2023,A
​9‌,​6‌,Fall2024,B+
 129,161 ,Fall2023,B
​906‌,​147‌,Spring2025,B
 402, 47,Spring2025,A-
 91,30 ,Spring2024,A
29 , 150,Spring2025,C+
208, 17,Fall2023,C+
​896‌,​105‌,Spring2025,B
341 ,234 ,Spring2025,B
745 , 126,Fall2023,C
 860, 119 ,Spring2025,C
 1073 , 200 ,Spring2025,B+
 101 , 229,Spring2024,A
 144,119 ,Fall2023,C
 793 ,113 ,Fall2023,A-
 72,​137‌,Fall2024,C
​4‌,​43‌,Fall2023,C+
819, 194 ,Spring2024,B+
866,​17‌,Fall2024,B
 932 ,20,Spring2024,C
129 ,105,Fall2023,B
377 , 17,Spring2024,B+
122, 21,Spring2025,B+
 582, 88,Fall2023,A
606, 69,Fall2023,C
​931‌, 147 ,Spring2025,B-
957 ,​80‌,Fall2024,B
 17 , 93,Spring2025,B
376 ,105 ,Spring2024,C
​511‌,​161‌,Fall2023,B
 483 ,103,Spring2025,B+
512,163 ,Spring2024,B+
 925,​88‌,Spring2025,C
480,165,Fall2023,C+
 1082 ,119,Fall2024,B
60 ,174,Spring2024,B+
 749 ,188,Fall2024,B-
​253‌, 59,Fall2023,B+
 131 , 116 ,Fall2023,A-
1089, 57 ,Spring2024,B
592, 81 ,Spring2025,B-
640,​193‌,Fall2024,B-
139 ,88 ,Spring2024,B-
280 , 45,Fall2024,A-
 51,nan,Spring2025,C+
 199 , 169,Spring2025,A-
 367,99 ,Fall2024,A-
 486 , 55 ,Fall2024,B+
788, 7,Spring2024,B
​567‌,126 ,Spring2024,B
​607‌,​99‌,Spring2024,A
535,​134‌,Spring2024,B
 180,124 ,Spring2025,C
​966‌,46 ,Spring2024,B
 75,150 ,Fall2024,B
632,88 ,Fall2024,B
​464‌, 255 ,Spring2025,B
1027 ,​199‌,Spring2024,A
​94‌, 142,Spring2024,B+
735,102 ,Spring2024,A
 716,146,Spring2024,B
303, 47,Spring2025,C
195 ,88 ,Spring2025,B
582, 16 ,Spring2025,A-
1029 , 127 ,Fall2024,C
697, 11,Spring2024,A-
 532, 17 ,Spring2024,B
 358, 149 ,Spring2024,B+
 51, 154 ,Spring2025,B
70, 62 ,Spring2024,A
 504, 159 ,Spring2024,C
646 , 54 ,Fall2024,C
152 , 101,Fall2024,B-
464 ,55 ,Fall2023,A-
​171‌,​190‌,Fall2024,B
 664,63 ,Fall2023,A-
 143 ,245 ,Fall2023,B-
960 ,​3‌,Spring2025,B+
 70 ,​99‌,Spring2024,A
820 , 181 ,Spring2025,B
903 ,​174‌,Fall2024,A
221 , 171 ,Spring2025,C
 315 ,13 ,Spring2025,B+
193, 137 ,Fall2023,C+
 701,40 ,Fall2023,B+
 262 , 147 ,Spring2024,B+
 798,87 ,Fall2024,C
​354‌, 5,Spring2024,A
84,​42‌,Fall2023,A
 333 , 177,Fall2024,B+
760 ,​121‌,Spring2024,C+
262, 231 ,Fall2023,A
​268‌,90,Spring2025,B-
 420 ,105,Fall2023,B
858, 115 ,Spring2025,B
 640 , 127 ,Fall2024,C
593 ,​47‌,Fall2023,C+
626 ,129,Fall2023,A-
 108 ,32 ,Spring2025,A
42 ,179 ,Spring2025,A
11,​15‌,Fall2023,A
​862‌,175 ,Fall2023,B+
595 ,107,Spring2025,B
 737,26,Spring2024,A-
 749 , 160 ,Spring2024,A
​845‌,146 ,Fall2023,C
172 ,122,Fall2024,A
 52, 2,Fall2023,C
 979 ,146 ,Fall2023,B
 466 , 138 ,Spring2024,C
​215‌,42,Fall2024,A
 594 ,121 ,Spring2024,C+
 359,​194‌,Spring2025,B+
 417 ,​59‌,Fall2024,C+
8,​17‌,Spring2024,B-
 528, 88,Fall2023,B+
 689 , 103 ,Fall2023,B
814 ,​97‌,Fall2023,A-
365 , 37,Fall2023,C+
 594,122 ,Fall2024,B-
418,​144‌,Spring2025,C+
​471‌,134 ,Spring2025,B+
880,nan,Spring2024,A
​193‌, ,Fall2024,A
 652, 187,Spring2024,C
 505 ,​140‌,Fall2023,B-
 16 ,8 ,Fall2023,A-
 655 ,136 ,Fall2024,B-
​641‌,​141‌,Spring2024,A-
​795‌,​106‌,Spring2024,A
​580‌, 248 ,Spring2024,C+
 48 ,56 ,Spring2024,A
 389, 117 ,Spring2024,B
 43 ,154 ,Spring2025,C+
975 ,178,Spring2025,B
449,nan,Fall2024,B-
​990‌,​50‌,Spring2024,A
 864 ,98,Fall2023,C+
​40‌, 181 ,Fall2023,A
​170‌,75 ,Spring2025,B-
 705 , 69 ,Fall2024,A
859 ,135 ,Spring2024,A-
390,​49‌,Spring2024,B-
473 ,​136‌,Fall2023,B-
668 , 148,Spring2025,A
459 ,193,Fall2023,A-
 448 ,109 ,Spring2024,C
 126,182,Fall2023,A-
203 ,162,Spring2024,B-
 355 ,nan,Spring2025,C+
85,40 ,Fall2023,C+
​771‌,​70‌,Spring2024,C+
​46‌,167 ,Fall2024,A-
111 ,​7‌,Spring2025,A
​401‌, 41,Spring2024,B+
192 , 1,Spring2025,C
666,150,Spring2025,B+
479 ,150,Spring2024,C+
69,110 ,Spring2024,C
996, 106 ,Spring2025,B+
​97‌, 101,Spring2025,C
438,259,Fall2024,B-
364, 78,Fall2023,B-
 305 ,180 ,Spring2024,C
​649‌, 12 ,Fall2023,A-
544 , 13,Spring2025,C+
 308, 36,Spring2024,A-
 266 ,120 ,Spring2024,B+
273 ,​1‌,Fall2024,A
 499 ,141 ,Spring2024,A
1075 ,65,Fall2023,B+
888 ,​11‌,Fall2024,B-
 260, 67 ,Fall2023,B
​530‌,nan,Spring2025,B
 117,221,Fall2024,C+
200 ,29,Spring2024,B-
​523‌, 187,Fall2023,C
 204,194 ,Spring2024,B
 435,42,Spring2025,B
554 ,3 ,Fall2023,C
​123‌, 168 ,Spring2024,B+
 486 ,55,Fall2023,B+
 252, 152 ,Fall2023,C
 1045,153,Spring2024,C+
None, 160 ,Fall2024,A
954,​7‌,Fall2023,C+
783,120,Fall2023,B-
119 , 29 ,Fall2023,C
 924 ,78 ,Fall2024,A
 653,58,Spring2025,C+
 795,83 ,Fall2023,B+
770, 164 ,Spring2025,A-
615,24 ,Spring2024,B
621,188 ,Fall2024,C
 335 ,​54‌,Spring2024,B-
 301, 59 ,Spring2024,B
​297‌, 91 ,Spring2025,B-
509,​134‌,Spring2024,C+
 123,132,Fall2024,B+
 18, 93 ,Spring2024,A
1069 , 152,Fall2023,A-
757,​7‌,Spring2024,C+
901 ,64 ,Fall2024,A
764 , 42 ,Spring2024,A-
​971‌,​54‌,Fall2023,B+
​526‌,107 ,Fall2024,A-
 680 , 235 ,Spring2024,C
 396,​54‌,Fall2023,C+
 192 ,​131‌,Spring2024,C+
934 ,​23‌,Fall2023,B+
​12‌,33 ,Spring2024,C+
​75‌,3 ,Fall2024,B+
 796,NA,Fall2024,B+
 402 ,104,Fall2024,A-
606 , 139,Fall2024,C
799 ,NULL,Spring2025,B
​519‌,​143‌,Fall2023,C
208, 17,Fall2023,C+
 58 ,61 ,Fall2023,B+
 736,158,Spring2024,A
506,162,Spring2024,A
 365 ,176 ,Fall2023,A
 970 , 8 ,Spring2024,A
120 , ,Fall2024,C+
993, 105,Spring2024,B
253 ,43,Fall2024,C+
493 , 130,Fall2023,C
 989, 6 ,Spring2024,B+
 594,121 ,Spring2024,A-
857, 159,Fall2023,C+
 829 , 58 ,Spring2024,C+
206 ,​169‌,Fall2023,B+
 749 ,​242‌,Fall2024,C+
 816,91,Spring2025,B+
 713 , 116 ,Spring2025,A-
 647,181,Spring2025,B+
​409‌,​17‌,Fall2024,A-
​633‌,75 ,Fall2024,B
 791 ,1 ,Fall2024,A
 748,17,Spring2024,B-
 342 , 144,Spring2024,A
178, 201,Fall2023,A-
​384‌, 81 ,Spring2024,C+
​235‌, 1 ,Fall2023,B
683 ,197 ,Spring2025,B
​451‌, 170 ,Spring2025,A-
 189, 44,Spring2024,C+
​478‌, 18 ,Fall2023,A
​914‌, 152,Fall2024,C
891 ,11 ,Spring2025,B
316,​146‌,Fall2023,B+
​650‌,​45‌,Fall2024,B-
 338 ,​42‌,Spring2025,A
