emp_id, name ,depart​ment,Age, salary ,site​_temperature
1,Alice_0001,Marketing, ﻿33.0﻿  ,  ﻿82_227,26.8  
2,Dave_0002,Engineering,26.0 ,71808.0,"‌27,6​  "
3,Grace_0003,Sales," ​""54"" ","""‍105_728""","  '""27.3""'"
4,Dave_0004,Engineering,  ‌48.0,"  ​""71,295""  ", 26.5 
5,Frank_0005,Engineering,"""44""​ ","  """"132,359""﻿""  ",  ‍ 29.1  
6,Dave_0006,Engineering,"'""50""‌'",  68_390 , sensor_fault
7,Bob_0007,Marketing,'​30.0' ,  68114 ,"  18,1"
8,Dave_0008,Engineering," ""39"" ",132277 ,  28.1 
9,Carol_0009,Operations,  45 ,"  ""69,225""  ",  18.6 ‍  
10,Eva_0010,Operations,'‌37'  ,"  57,921"," ﻿""26.7"""
11,Bob_0011,Engineering,​57.0​  ,"  ‍""110,437"" "," ""20.1""  "
12,Carol_0012,Engineering,   55 ,  72616 ,"‍20,2  "
13,Eva_0013,Operations,   35   ,"  ""76,753""  ",  ‌ 20.9 ﻿
14,Heidi_0014,Sales, 40.0  ,"  ""114,422""‍ "," 21,3"
15,Heidi_0015,Sales, 25‌  ,127431.0,"18,7﻿"
16,Bob_0016,Operations, 41.0  ,"""150834.0‍""","  ""29.4""‌"
17,Bob_0017,Operations,"‍""29""﻿ "," 132,781  "," ""21.7""‍ "
18,Carol_0018,HR, 38   ," ""118,616"" ","  26,6 "
19,Dave_0019,Sales,  41 , 163827.0,"""18.8"" "
20,Eva_0020,Sales,  22.0,"  ﻿""53,894"" ","  ​22,1 "
21,Carol_0021,Operations," ""52""",101_842 ,   20.8   
22,Grace_0022,Sales, 51,71184.0,  24.8  
23,Dave_0023,Sales,"""39"" "," ""68,623""  "," 18,8﻿"
24,Bob_0024,HR,  48.0 ,  67791‍,‌29.1
25,Dave_0025,HR,‌ 34   ,83_331, 27.4 ​  
26,Frank_0026,Marketing,Null ,"""72_566"" "," 18,0 "
27,Alice_0027,Engineering,"  ""﻿29.0"" ","""149,143""  "," ""17.6"""
28,Grace_0028,HR, '41'  ,78070‌  ,"29,1  "
29,Dave_0029,HR, ' 56 ‌'," ""163,022""", 21.9  
30,Eva_0030,Sales,  ‌ 33 ," ""46564​"" ", 24.0  
31,Eva_0031,HR, '32.0'," 81,313 "," ‍26,6"
32,Frank_0032,Marketing,  ​ 29  ,"﻿125,131‍ ","  ‍""20.0""  "
33,Eva_0033,HR,"  ""59""  ",  161_540,​null
34,Dave_0034,Sales,"""57"" ",43_931,"24,3  "
35,Bob_0035,Operations,55  ,﻿122920.0 ,"  ""17,4‍"" "
36,Eva_0036,Marketing, ' NONE '  ,"  ""142_186"" ",21.0
37,Dave_0037,Engineering,  ‍na‌,"""99,553""‌","""26.9‍"""
38,Heidi_0038,Operations,"""39""",44063﻿,19.0 
39,Alice_0039,Operations,"  ""32""  ", 121364.0  ," 25,8 "
40,Carol_0040,Engineering,'22​'  ," ""107_437​""",  '18.2'  
41,Frank_0041,Operations,'﻿37.0' ," 81,613​  ","23,7  "
42,Dave_0042,Sales,58.0  , ‍44206 ," ""24.4"" "
43,Carol_0043,Operations,  '56.0',  84470.0 , 26.3  
44,Eva_0044,Engineering," ""28""  ","  ""153,335""",   26.6   
45,Frank_0045,Marketing,52‍  ," ""98,184"" ","17,5  "
46,Alice_0046,HR,  ' 56 ‌' , ‍104_584,  19.1 
47,Eva_0047,Sales,   63 ‍ ," 114,917",   18.0 ‌  
48,Bob_0048,HR,   26 ,164563.0,"""22.5""‌ "
49,Bob_0049,Sales,"  ""52"""," ""﻿62263"" ",17.9
50,Frank_0050,Operations,  ​29​  ,"""67,446""","  ""17.4"""
51,Bob_0051,HR,  Null,75848.0  , '25.2​'  
52,Frank_0052,Operations," ""23""​ ",  '100754',"  26,7"
53,Grace_0053,Marketing," ""63.0""  ",'108055' ," 19,3‍  "
54,Frank_0054,Sales,' 48 ‍'  ,"  ""138,858""  ","  '""20.6""'"
55,Carol_0055,Sales,"""30""",  61_009 , 22.3 ‌ 
56,Alice_0056,Engineering,  49,  104373  ,"  25,2"
57,Alice_0057,Engineering,' 48 ',"  """"92,604""""","  26,8 "
58,Bob_0058,Engineering, ﻿53.0 ,"'‌65,023'",‍ 24.8  
59,Bob_0059,Engineering,"""29""",​96787  ,'‌ 20.9 ' 
60,Carol_0060,Operations, 34  ,"  127,353​  ","  25,9  "
61,Bob_0061,Engineering,23 ,  '153_116'  ," ""‌20,2"""
62,Bob_0062,Engineering,"  ""40""", 136_329​  ,  -999.0
63,Bob_0063,Engineering, '28.0﻿'," ""59,798""‍ ",  25.2‍  
64,Eva_0064,Engineering, ​ 25   ,'73078'," ﻿""26.0""  "
65,Eva_0065,Engineering,"""51""","  ""‍""162,508"""" ",   24.1 ﻿ 
66,Frank_0066,Sales, 21 ,"  ""148,771""",'‌17.8'  
67,Eva_0067,Marketing,"  ‍""48""",﻿67966.0,  24.7 ﻿
68,Alice_0068,Marketing,  ‌ 59 ,"  48,591 ", ‍ 20.8 ​ 
69,Alice_0069,Sales,  27.0​  ,"155,495 "," ""24.1"" "
70,Heidi_0070,HR, 42   ,'132830'  ,  18.4  
71,Dave_0071,Marketing,   50   , 72314  ,   18.2   
72,Heidi_0072,HR," '​""23""' "," ""130,250"" ",‍ 28.1  
73,Grace_0073,Marketing,45.0  ,"142,706 ",27.6  
74,Bob_0074,Sales,  31 ,'112_805' ,"""21.4"" "
75,Bob_0075,Marketing, 57‌ ,48373.0﻿  ," '""25.1""'"
76,Heidi_0076,HR,"  ""35"" ",  122_516  ,  20.6 
77,Bob_0077,Sales," ​""32""", ​60765.0  ,sensor_fault  
78,Alice_0078,Operations,  ﻿53.0,"46,645  ","""﻿29,4"""
79,Dave_0079,Operations,﻿ 29  ,  ​117090," 28,2  "
80,Grace_0080,Operations,31.0‌  ,120_318,22.1​ 
81,Heidi_0081,Operations,  57  ,  132776‌  ,null 
82,Bob_0082,Operations,'42​'  ," 156,900"," """"29.5""‌""  "
83,Carol_0083,Operations,"  ""34"" ","145,131  ",   27.1  
84,Bob_0084,Sales, 44.0  ,133_679  ,"""‌28,0"" "
85,Carol_0085,HR, 48 ​,‍60026,20.6‌  
86,Heidi_0086,Marketing,33 ,"﻿125,079 ",  20.6
87,Alice_0087,Operations,41  ,‍128206.0 , ​ 20.2   
88,Alice_0088,Operations,  27,‍163039.0﻿,  ​21.7‍  
89,Eva_0089,Marketing,  ‍ 56 ,  71788.0 ,"""-999.0""  "
90,Frank_0090,Sales, ﻿na,"""112,702""", 18.6  
91,Eva_0091,Engineering,  ‍24 , '57_971'  , 21.1  
92,Alice_0092,HR,  25.0,  152005.0​  ," '""18.7""﻿' "
93,Bob_0093,Sales,  63  , 00﻿, ' 18.3 ' 
94,Grace_0094,Marketing, ‌−1 , ‍101908 ,"""20,3""  "
95,Eva_0095,Marketing, 64.0  ,‍64982  ," 18,2  "
96,Heidi_0096,Marketing,27.0  ,"  148,769  ",﻿22.4 
97,Carol_0097,Sales,‌26.0 ," ""104,968""","  ""22.2""  "
98,Grace_0098,Engineering," ""38""","""74,598""‌ ","20,5  "
99,Heidi_0099,Sales,'33' ,  ​101293.0 ,"""23.6""  "
100,Carol_0100,HR, 29.0  ," 45,097  ",  22.9
101,Dave_0101,HR," ""43""  ",119_185  ,28.6
102,Carol_0102,HR, 45  ,"""78,854""  "," 25,0‍ "
103,Heidi_0103,Marketing,"  ""23"" ","""141,185""  "," '﻿""20.0""'"
104,Carol_0104,Engineering,  Null , 75_655  ," """"25.1""﻿"" "
105,Heidi_0105,Operations, 38.0﻿  ,  ​73382.0  , 21.3 
106,Grace_0106,Operations," ""52.0""  ","  97,918",  26.7 
107,Frank_0107,Marketing,51.0,  152039.0,"  26,6"
108,Eva_0108,HR,47.0﻿," ​154,225‍  ",‍−999 
109,Heidi_0109,Operations, 29  ,  '‌135450.0' ,"  ""﻿""28.6"""" "
110,Heidi_0110,Marketing, 23   ,98163.0,"  ‌19,6"
111,Carol_0111,HR, −1​  ," ‍123,105"," 24,6​  "
112,Bob_0112,Operations, 24   ,​64_364 ," 22,7"
113,Heidi_0113,Marketing,   28  ,"  ﻿""105,072""",  22.4
114,Frank_0114,Sales,  58﻿,  46381​, 29.0 ﻿ 
115,Carol_0115,Operations,​ 26   ,  84277.0  ,"  ﻿""23.0""‍  "
116,Heidi_0116,HR,  31,"  156,465 ","'﻿""17.2""'  "
117,Carol_0117,Marketing,"""39"" ","  '62,532' "," '""28.1""‌'"
118,Alice_0118,HR,"  ""60""​","'""0""'",21.9‌  
119,Eva_0119,HR,"‌""30""", 47452‌,20.8‌ 
120,Eva_0120,HR,"  ""31""  ",138931﻿,   18.0 ‍  
121,Heidi_0121,Operations,39‌,"  '""68,049""'  ", 18.1  
122,Grace_0122,HR, 64.0 ," """"108,329""​""  ", 23.2 ﻿  
123,Frank_0123,Operations,  48   ,  00 ,‍ 24.9   
124,Eva_0124,HR,"""39""  ","""116,940""  ", ‍ 20.1 ﻿ 
125,Alice_0125,Sales,  38.0​ ,"104,932﻿ ","22,0"
126,Grace_0126,Marketing,""" 35 "" ","  ‌106,283  ","""24.8"" "
127,Eva_0127,Sales, 52.0  ," """"55,462""""","17,5 "
128,Bob_0128,Marketing,"  ""57""  ",  145614.0,"  ""21.0"""
129,Dave_0129,Sales, 58  ,"""0""  ","""26.9"""
130,Carol_0130,Marketing,"  ""29""",  ﻿123155.0‍  ,"  ""22.5"" "
131,Alice_0131,Marketing,'42.0',"""43,530""  ", ‍17.2
132,Alice_0132,Operations,"  ""54""‍", ﻿110402.0," 21,4 "
133,Dave_0133,HR, 48 ‌  ," ​145,478  ",  25.1   
134,Eva_0134,Sales,"""‌ NONE "" "," ‍118,849﻿",  24.5 ﻿  
135,Heidi_0135,Marketing,  40 ," 123,569 ",   23.1 ​ 
136,Heidi_0136,Marketing,"""22""  ",  '​157_997' ,"""23.8"" "
137,Carol_0137,HR, '39.0',122495,  ﻿25.5 
138,Grace_0138,HR, N/A, 141_763 ,  24.9   
139,Eva_0139,HR, ' 24 '  , 51954 ,17.6
140,Heidi_0140,Sales,"'​""60""'", '119928.0' ,"""20.4""  "
141,Bob_0141,HR,"""30""", 56_308 ,﻿ 18.9 
142,Frank_0142,Engineering,"""59"" ", 44557.0  ,24.6
143,Eva_0143,Marketing,  62.0  ,'62_937‍',"""19.6""  "
144,Dave_0144,Engineering,"""22""‌"," 83,392﻿ ","  ""20.1""‍  "
145,Alice_0145,Marketing,"""60""‍ ",58_617 ,  27.9  
146,Grace_0146,Sales,  ﻿ 37 ​  ,"""86688.0​""  ",   22.5   
147,Grace_0147,Engineering,58﻿  , 00 ," ""17.2""‍"
148,Eva_0148,Marketing,  -1  ,"​""136,723""  ","  ""29.5""  "
149,Alice_0149,Operations,​32  ,"‌60,537‍"," '​""25.4""'  "
150,Grace_0150,Marketing,27,146431 ,‌28.5 
151,Heidi_0151,Marketing,30  ,"""126,536""‌  ","22,6"
152,Heidi_0152,Sales,"  ""49""﻿ ",  0 ,"  ""28.4""‌"
153,Carol_0153,HR,   46  ,72803 ," ‌20,4"
154,Grace_0154,Engineering, 46  ,"'123,462﻿' ","'""25.0""' "
155,Heidi_0155,Sales," ""48""", 70_199  ,"26,2 "
156,Heidi_0156,Marketing,"‍""44""","  ‍""90,193""  ", '‍ 17.9 '  
157,Bob_0157,Operations,   37 ﻿ ,  '‍144_868',"﻿22,4  "
158,Frank_0158,Marketing,  ​38‍, 54121 ,"17,1  "
159,Dave_0159,Operations, 52   , 109870.0​," 24,1  "
160,Bob_0160,Operations, 24  ,"‍""150,598""​",   27.0 
161,Bob_0161,Marketing,"  '""21""'  ",'117948', 19.5‌  
162,Dave_0162,Operations, ‌ 36  ,94809 ,"  '19,5'  "
163,Eva_0163,Engineering,  62 ,161382,﻿ 17.3  
164,Heidi_0164,Engineering,"‌""54""﻿  ","""102,233""‍  ",   17.5   
165,Alice_0165,Operations,"""""43""""",82261.0 , -999
166,Alice_0166,Operations,  58 ,  '69_672'," ﻿""17.7"""
167,Alice_0167,Engineering,"  ​""53""",  79_720  ,"  ‍""18.6""‌ "
168,Grace_0168,Engineering, ‌46.0  ,"""125,221""​",  20.5‌ 
169,Heidi_0169,Sales,48 ,"""80,936""﻿","  ""21.9"""
170,Frank_0170,Sales,"'""59""' ",156788  ,  22.4  
171,Dave_0171,Engineering,44.0, 84889.0‍  ,  23.6
172,Heidi_0172,Marketing,"""""34"""" ", 0.0,"  ""26,9"" "
173,Alice_0173,Sales,"""35""  ",  135102.0﻿,‍ 28.6  
174,Eva_0174,Engineering," ""38""  ","""﻿65,828‌""",   19.1 ​
175,Eva_0175,Operations," "" 21 "" ","  82,245","  ""‌22.2"""
176,Heidi_0176,Operations,"""27""﻿ ","  ""110281.0"" "," ""sensor_fault"" "
177,Dave_0177,Marketing,"  ‍""31""  ",61_611  ,   25.9  
178,Carol_0178,Engineering," ""22""  ","""114382"" ",  ‌26.6‍
179,Carol_0179,Engineering, 63 ,"  ‌44,044 ","  ""‍ 27.0 ""  "
180,Grace_0180,Operations,' 64 '  , ‌69407.0,"  ""29.4""  "
181,Alice_0181,Operations," ‌""32""","""‍94_525﻿"" "," ""22.1"" "
182,Dave_0182,HR," """"47""""  ",‌93_134 , ​ 19.5 ﻿  
183,Heidi_0183,Sales,  52.0‌,"  ""66,523""  ",  21.9 
184,Alice_0184,Engineering,"'﻿""34""'", '148087.0﻿' ,"​""18.5"" "
185,Bob_0185,HR,  ‌55‌, ​50851 ," ﻿""20.0"" "
186,Eva_0186,Operations,  ‍27‍ ,  146214," 17,5﻿  "
187,Alice_0187,Marketing,  40.0,"""111,800""‌ ",17.5‌ 
188,Alice_0188,HR," ""59""  ",  100445.0 , '18.0'  
189,Heidi_0189,HR,50  ," 71,595  ",22.2‌ 
190,Alice_0190,HR, ‍58 ,"""87,561"" ", 28.6  
191,Alice_0191,HR, 30.0,  99048​ ,"‍""25.5"""
192,Eva_0192,Sales,37​,"  ""105,840""  ","  ‌""18.0"""
193,Eva_0193,HR, ​28.0 ,"""56,100""‍ ",  ‍ 23.8  
194,Bob_0194,Marketing,24," ""150,131""  ","""23.9"" "
195,Heidi_0195,HR, 60.0﻿ ,"162,755  ","  ""25.4""  "
196,Alice_0196,Sales,' 33 '  ,89_372  ," 21,9 "
197,Heidi_0197,Sales, 33﻿  ,"  ""85171""",   27.4   
198,Heidi_0198,Operations,  34,"  ​""104,679"" "," ""27.8""  "
199,Bob_0199,Sales,"'""58""'  ","  ""63,091""﻿","﻿19,7  "
200,Frank_0200,Sales," "" 64 "" ", 73_860," ""27.5""  "
201,Alice_0201,Marketing, ﻿49.0 ,"  ""141,744"" ", ﻿17.0  
202,Alice_0202,Marketing,  ﻿ 21 ,  57_660  ,"'‍21,0'"
203,Carol_0203,HR,   24 ,"  53,974﻿", 25.7  
204,Eva_0204,Sales,‌ 60  ,"""125,820""", 18.7   
205,Heidi_0205,Operations,37.0‍, 118154‍  ," ""19,9"""
206,Frank_0206,Marketing,   44   ,"  ‌89,534﻿"," 22,6"
207,Alice_0207,Engineering,"  '""63""'  ", 84841 ," ""23.0"" "
208,Dave_0208,Engineering,"  """"60"""" ","  55,656"," ""22.6"""
209,Eva_0209,Sales, 62.0 ,﻿112909  ,"  ‍22,3​ "
210,Frank_0210,Operations, ﻿39.0,137_405  ,"‌23,3  "
211,Bob_0211,HR,  35,"  """"79,027"""" ",  N/A
212,Dave_0212,HR,22‌  , '82829.0'  ,"  ""24.1"" "
213,Heidi_0213,Marketing,  ﻿55.0 , ‍139842.0‌  ,"  17,1"
214,Heidi_0214,Engineering, 34 ,99570.0  ,"  26,1 "
215,Alice_0215,Marketing, NONE ​,86264.0 ,"24,5  "
216,Grace_0216,Sales,  ‍21 ," 77,112 "," ‍""20.5"" "
217,Eva_0217,Engineering, 57.0‍,"  '""56,101""‌'  ",   17.4   
218,Bob_0218,Engineering,   21 , 103505,18.4​  
219,Eva_0219,Operations, ‍ 39   ,  115_277,  25.5  
220,Bob_0220,HR, 56.0  ,"""‌135_558""", 24.2 
221,Dave_0221,Operations,   46 ‍,70623.0﻿  ,   25.3 
222,Alice_0222,Sales,43, 133079.0  ,"  ‌""28.6"""
223,Grace_0223,Operations,  61,"'""73,855""​'  ",‌ 23.9   
224,Heidi_0224,HR,Null ," ​""99,319""‌", 22.1
225,Carol_0225,Engineering," ""﻿ 27 "" ","​42,804  ",   22.3  
226,Alice_0226,Operations,"""53.0""  ",  '​162577' , ​ 28.1   
227,Dave_0227,Sales," ﻿""48""‌ ", 147872‍  ,"  ​22,4"
228,Carol_0228,Sales,"""31""﻿",53227.0, 20.8 
229,Dave_0229,HR, ‍ 47 ‌,"  ""43,531"" ","""""25.2"""" "
230,Dave_0230,Sales,   30   ,  ​130575  ,"  ""18.9""  "
231,Frank_0231,Operations,52.0‍  ,"  ""65,320""",   21.9   
232,Frank_0232,HR,46, 71_336 ,"""29.1""  "
233,Grace_0233,Operations,54.0﻿  ,  89791.0​,  '-999.0' 
234,Carol_0234,Sales,  ‌35.0 ,﻿123145.0‌ ," """"20.0""""  "
235,Eva_0235,HR, ‍33.0 ,"  ‌53,866 ","""18.2"""
236,Dave_0236,Sales, 51,  43360 ,‌ 20.3   
237,Carol_0237,Engineering,  42  , 116764.0‌,"  ""18.6"" "
238,Frank_0238,HR,50.0​,"143,951 ",​22.9 
239,Eva_0239,HR, 38.0﻿, 154057  ,‍ 25.3  
240,Eva_0240,Operations, ‌ 54  ,"﻿159,502‍  ",25.8‍ 
241,Grace_0241,Sales, 42 ,"74,633  ", 19.1
242,Eva_0242,Operations,  37 ,"""142258‍""  ","19,5‍  "
243,Carol_0243,Engineering,‍-1,‍164204.0 ,  ​18.5  
244,Heidi_0244,HR,"""46""  ",  137137‌,‍ 23.9   
245,Grace_0245,Sales,"""﻿""45""""  ",159_615  ,   26.8 
246,Alice_0246,Engineering,  60‍  ," 74,380 ","18,5‍  "
247,Eva_0247,Sales, 38  ,"  ""156,117""‌ ",‍ 29.3 
248,Carol_0248,Marketing,﻿ 61   , 158057.0 ," ​20,7 "
249,Eva_0249,Marketing,  43 ,"163,051", 23.0 
250,Frank_0250,HR,  55 ​  ," ""131157.0"" ","  17,5 "
251,Carol_0251,Sales, 26.0, 155662​  ," ﻿""21.8""  "
252,Eva_0252,Sales,  44 , 145497.0‌," ""28.7""‍ "
253,Bob_0253,Sales, 32 ‌  ,"""53,254""  ","  ""27.6"" "
254,Dave_0254,Marketing,"  ‍""44""​", ﻿148538  ,  20.5 
255,Alice_0255,Engineering,​46, ‌110682  ,'19.9'
256,Bob_0256,Marketing,‌49​  ,"""146,274""", 19.8  
257,Eva_0257,Operations, 29‍ ,"141,807"," 27,4  "
258,Eva_0258,Marketing, '44' ,  ‍119165.0 ,"""27.4"" "
259,Carol_0259,Operations, 51.0 , 106596  ,  27.0   
260,Frank_0260,Engineering,  '‍32.0'  ,"145,316 "," ﻿""21.4"""
261,Heidi_0261,Operations,  38  ,  ‍92_850 ,"  "" 19.1 """
262,Grace_0262,Sales,'​41.0​' ,"  ""‍135,273‌""  ",  25.7   
263,Bob_0263,Operations,  41‌ ," '131,366'","  ""​""29.0""​"" "
264,Dave_0264,Engineering,  '34' ," ‌""77,223""  ",23.2 
265,Alice_0265,Engineering,"‍""32"" ","150,711 ",​18.4﻿
266,Alice_0266,Operations,31﻿, 50355‌ ,"""20.8""  "
267,Frank_0267,Marketing, 59  ," 133,868‌  ","21,8 "
268,Bob_0268,HR,"  ‍""23""  ","  ​""83,442""  "," ""‌""21.4"""" "
269,Dave_0269,Operations, '28' ,143_531 ,"'20,0' "
270,Dave_0270,Marketing, ﻿ 50   ,  138630.0‌ ,"""​ 17.3 ""  "
271,Eva_0271,Marketing,   47 ‌,56357  ,​ 26.4 ﻿  
272,Heidi_0272,Engineering," ""22.0​""  ",  159089.0  ,"  23,7  "
273,Carol_0273,HR,"  ""38""  ","  '‍""74,134""﻿'","23,1  "
274,Alice_0274,HR,  57.0  ,  72475  ,"  ""28.0""  "
275,Eva_0275,Operations,58‌  ,  '111_501'  ,   17.5  
276,Carol_0276,Sales,  ‍29.0 ,  '51194.0‌' ,"  ""‍""28.9"""""
277,Bob_0277,Engineering,60.0﻿ ,95_944  ,   25.4   
278,Bob_0278,Engineering,  ' 58 ',  106_208  ,‌ 25.1  
279,Grace_0279,Sales,   44   ,‍114442.0,"  28,9 "
280,Grace_0280,HR, 55.0﻿  ,"'157,020'  "," 25,3‌"
281,Bob_0281,Operations,"‌""40"" "," 110,242 ",  25.6 ‍
282,Heidi_0282,Operations,  ​55.0 , 0.0 ,‌24.1 
283,Bob_0283,HR,21.0, 145_673  ,"‌27,9"
284,Grace_0284,Sales, ​63  ," 84,126"," """"26.0""‍"" "
285,Bob_0285,Marketing," ""28"" ",﻿87454﻿  ,17.3 
286,Dave_0286,Sales,  36‍,  ‌96_433﻿,  ‌sensor_fault
287,Grace_0287,Sales," "" 32 "" ","  139,179", 24.7  
288,Frank_0288,HR,47.0 ," 120,583"," ""28.3"""
289,Carol_0289,HR,"  ""61""  ", '48888'  , ‌22.8
290,Alice_0290,HR, 21  ,  87091.0  , 23.6  
291,Heidi_0291,Marketing,"‍""33"" ","""157463.0""  ",22.2‌  
292,Bob_0292,HR,"""31"" ", ‍162871.0 ,  ﻿ 25.7 
293,Alice_0293,Sales,  61‌ ,  ​0‌,‍ 19.6 ‌ 
294,Carol_0294,HR,  58 ,"  ""159671.0""  ", '‍17.8'  
295,Grace_0295,HR, 40  ,  '140448', 19.5 
296,Alice_0296,HR, 31.0,  '62725' ,  none   
297,Eva_0297,Engineering,​35.0,  ﻿109802.0  ,"22,1"
298,Grace_0298,Operations,'‍34.0'  , '133890.0﻿'  ,"29,0  "
299,Heidi_0299,Operations,  58‌ , ‌75768.0," ""21,0"""
300,Dave_0300,Operations,  ‌21.0‍,​120694  ,   25.1 ﻿
301,Grace_0301,Operations, '57' , ﻿121_917," 18,3 "
302,Frank_0302,Operations,25.0  ," ""‍""44,424"""" "," ​28,2  "
303,Bob_0303,Sales," ""52"" ","‍132,268  "," ""18.9"" "
304,Heidi_0304,Marketing,  52.0 ,"  '‌""47,495""'  ", ​ none 
305,Bob_0305,Sales,"  """"34"""" ", 106332,"""-999"" "
306,Heidi_0306,Marketing,‌62.0," 156,072 "," ""21.0"" "
307,Grace_0307,Engineering,  21.0  ,"  ‍129,329","  27,0  "
308,Eva_0308,Marketing,‍37," '120,904' ",‍28.1 
309,Bob_0309,Operations,  60 ,145_017 , 28.3 
310,Carol_0310,Sales, ‌41.0," 50,260 ", 21.3 
311,Grace_0311,Sales, 32   ," ""74,001""  ",   26.2   
312,Grace_0312,HR, 21.0," 106,108  "," ""‌ 24.1 """
313,Eva_0313,Engineering,23," '""130,860""'  ",  sensor_fault 
314,Frank_0314,HR,35.0‌ ,71_455 ,  23.3 
315,Dave_0315,Engineering,"  ""36""", 95963  , 28.0 
316,Bob_0316,HR,   26 ﻿," ‍""128,189""  ","  ""25,2"" "
317,Eva_0317,HR,﻿57,  ​49556.0 ,   26.4   
318,Alice_0318,Marketing,  ​ 25   , 147893.0  ,  20.4   
319,Carol_0319,Marketing,​30  ," 122,399  ","""24.7""﻿  "
320,Grace_0320,HR,  ‍ 29  ,‌91778.0 ,"""17.4"" "
321,Dave_0321,HR," ""54""‌ ",44263 ," '""24.6""'"
322,Bob_0322,Sales,  ‍ 41  ,"""0""‌","""22.4""  "
323,Bob_0323,HR,51 ,150829,  20.2‍ 
324,Grace_0324,Engineering,"""​ 57 "" ",69_687‌  ,18.9‍  
325,Heidi_0325,Marketing, '‌46.0' ,  '137_556',"'​""23.3""'"
326,Frank_0326,Engineering,​47 ,"​124,348 "," ‌21,9  "
327,Carol_0327,Engineering,"""‍23.0""  "," 58,712 ",  23.2 ﻿ 
328,Carol_0328,HR, ‍ 59  ,"  ""148,470""﻿  ",  17.1 
329,Bob_0329,HR,"  "" 56 "" ",161_631,""" 19.7 """
330,Heidi_0330,Operations," ""38​"" ", 147_083  ,"""19.7""  "
331,Alice_0331,HR,​ 59   ,"  ""131,877""‌ ", 19.8 
332,Heidi_0332,Operations,"  ""24""  ", ​134_808,​20.6  
333,Alice_0333,Operations," ""35""​","""0""  ","26,0  "
334,Eva_0334,Marketing,  56﻿, 93031‍ ," ""‍24.0"""
335,Eva_0335,Engineering, 36.0 ,79198.0  , 19.4   
336,Frank_0336,HR,'47.0',  ﻿104391.0‌  , ‌ 25.2   
337,Eva_0337,Marketing, ‌21  ," ﻿""120,646"" "," 29,5​"
338,Heidi_0338,Engineering,  57.0 ,﻿96143.0," 26,2 "
339,Eva_0339,Operations,  21,"  ""148,765""‍", 24.7  
340,Heidi_0340,HR, −1," ""‍87,879""  ", 21.2 
341,Carol_0341,Marketing," '""35""'",'00'  ,"  20,3 "
342,Dave_0342,Operations,  36  ,"  '""73,061""'",‍ 29.5 
343,Eva_0343,Marketing, 60.0,"""0""  ",22.1
344,Eva_0344,Marketing, 41‌,94092​ ," ""19.4""  "
345,Bob_0345,HR,  ‍ 58  ,‌58672‍," 27,7  "
346,Carol_0346,Engineering," ​""23"" ","  ""42,591""  ",'19.6​'  
347,Grace_0347,Engineering,  29   ,"  ""70,736""",   28.6   
348,Heidi_0348,Operations,  40.0," ""104,566""‍ "," 26,1  "
349,Carol_0349,Sales,   56   ,"  ""150,517""",  25.3  
350,Grace_0350,Sales,25.0, ‌75394," ​""25.1""  "
351,Alice_0351,Engineering,-1  ,  124_675 ," ""18.5""﻿  "
352,Dave_0352,Operations,  ‌24.0  ,"  ""117_206""  ","  ​27,5  "
353,Frank_0353,Sales,  43  ," ﻿""108,893""‌  "," '​""27.6""'"
354,Dave_0354,Marketing,   27 ,'160_427​',"‌26,5"
355,Carol_0355,Engineering,55  ,128223  ,27.8‍  
356,Heidi_0356,Marketing," ""33""﻿"," ""116,440""﻿ ", 22.4  
357,Bob_0357,Operations,"​""52"" ",129_082," ﻿""23.4"""
358,Heidi_0358,Operations,"  ""29"""," ​120,071  ",  27.1  
359,Grace_0359,Marketing, ‍ 23   , 142806.0‍, 18.4
360,Eva_0360,Marketing,"​""22"""," ""102822""  ","17,1‌"
361,Frank_0361,Operations," ​""54"" ", ‍137878.0 ,23.8 
362,Bob_0362,Engineering,"""60"" ","""54826‌"" ", 21.7   
363,Carol_0363,Operations,"""47""​  ",  54870  ,  ﻿28.5 
364,Carol_0364,HR," ""46"" ",82732.0  ,"  23,5"
365,Heidi_0365,Engineering,56.0 ,  00 ,"  ""​ 24.9 """
366,Grace_0366,Engineering,"""32""",144113.0 ,"​20,4"
367,Eva_0367,Sales,  44.0‌ , 141_634‌,  ' 24.3 ‌'  
368,Frank_0368,Sales,"""36.0""",63286.0 ,"‍27,7 "
369,Bob_0369,HR, 55 ," ‍""156,964""","  ""23.7"" "
370,Grace_0370,Engineering,"  ""60.0""  ",91902  ," ""17,6"""
371,Frank_0371,Sales,  ﻿na ,101561.0 ,  23.0  
372,Eva_0372,Operations, ' 56 ​'  ,"﻿123,946  ","‍""19.6"" "
373,Alice_0373,Sales, 62‍," ""139_368‍"" ", 29.1 
374,Bob_0374,Sales,  45.0 ,121864, 20.9  
375,Bob_0375,Marketing,""" 29 """," ""164,010""﻿  ","19,1"
376,Alice_0376,Operations,  55﻿  , 91211 ," ""26.6"" "
377,Grace_0377,Sales,49  ,"  ""126_838"" "," 26,8‍"
378,Grace_0378,Engineering,53  ,"  108,558  "," ""26.7""  "
379,Heidi_0379,Engineering,N/A,'141111'  ,​27.1‌  
380,Heidi_0380,Engineering,"  ""23"" ","""‌44378.0""  ","""20.3""  "
381,Grace_0381,HR,  39.0  ,"‍""86,437""  ",  24.7   
382,Carol_0382,Operations, 36.0‌  ,  88_412‍,  24.4  
383,Heidi_0383,Sales,"""21""  ",  '92363.0' ,'20.7'
384,Eva_0384,Engineering, ‌43.0 , 63389.0  ,   27.3 
385,Frank_0385,Operations,"'‌""42""' ","""63,526"" ","24,8  "
386,Heidi_0386,Sales,  46   , ‍50_820,"  ""﻿ 27.4 """
387,Carol_0387,Sales,"  ""41""﻿"," ""135840.0"""," '﻿""23.2""'"
388,Bob_0388,Engineering,  59.0,"124,018  ","""25.5""  "
389,Dave_0389,Operations,' 31 '  , 164_169 ,  25.1  
390,Alice_0390,Marketing, 42 ‍ ,  161065.0,  ' 17.3 '  
391,Carol_0391,Operations,60,"""117953"" ",  28.7 
392,Carol_0392,HR,"  ""63"" ","""115,472""  ",'​18.4'  
393,Dave_0393,Engineering,"'""33""​'  "," ""88_917‍"" ",28.5 
394,Eva_0394,HR,   40 ,"""150,117"" ",'-999​'  
395,Bob_0395,Marketing," "" 52 """," ​""113,871""  ","24,8  "
396,Carol_0396,Engineering," ‍""61"" ","'‌134,547'","  ""22.9""​  "
397,Dave_0397,HR," ‍""52""  ",128255‍ , 22.0   
398,Grace_0398,Marketing, 41‍  ,  '157_161', 24.1 ‌  
399,Frank_0399,Engineering,  ‌ 37 ,  45312﻿ ,' 17.8 '  
400,Frank_0400,Sales,"  ""49""  ",144010‍  ," ""23.3""‌  "
401,Frank_0401,HR,"""35"" ",113571.0,−999﻿
402,Heidi_0402,HR," ""59"" ", 103_260‍ ,"  ""18.6"""
403,Bob_0403,Sales,  -1 ​  ," ""61_425"" ", ‌ 22.9 ﻿
404,Eva_0404,HR, ‍na  ,"""155,482""  ",  26.0﻿ 
405,Dave_0405,Operations,   63   ,129353.0‌  ,'24.3' 
406,Carol_0406,Engineering,   55   ,"46,002‌","""26,7"""
407,Dave_0407,Engineering,"""26""  ",  62242  ,"""""27.8"""""
408,Frank_0408,Engineering,  ﻿28.0,52317.0,"‍22,4‌ "
409,Eva_0409,HR, 40.0  ," ""42423"" ",   17.5   
410,Carol_0410,Sales," ""61"""," '73,832﻿' ","  ""29.4"""
411,Carol_0411,HR,' 26 ​'  ,  '156637.0' ,"27,6  "
412,Alice_0412,Marketing,"""‍-1"""," ""117,048""‍"," ""19.3"" "
413,Alice_0413,HR,"  '""43""' ","  ‍127,313",27.6  
414,Bob_0414,Sales,   57 ,"""0""‍ ",​ 27.5   
415,Dave_0415,Sales,‍49.0 ,"'‍163,157'  ",  18.7 ﻿  
416,Eva_0416,Engineering,  ‍22.0  ,  152821  ,  ﻿ 27.0 ‌  
417,Frank_0417,Sales, 41  ,"""130_258‍""  ","‍""28.3""  "
418,Grace_0418,Marketing, 60.0﻿  ,87_016‍  ,  20.0  
419,Heidi_0419,HR,' 46 ​' ,"  ​72,256  ",﻿ 28.2 
420,Bob_0420,Engineering,  ‌-1‌, '​122173.0', 27.0 
421,Heidi_0421,Marketing,""" 54 ‌"" ",‍ 0   ,  25.3  
422,Alice_0422,Operations, ‍39.0  ,"  ""107,005"" ","""22.2"""
423,Heidi_0423,Engineering," ""36""","""119409.0"" ","  ""‍""26.5"""""
424,Alice_0424,HR, 57.0,  62091,​18.8 
425,Eva_0425,Marketing,"  ""53.0""  ","""128,801"" ","""27.7"""
426,Frank_0426,Engineering,  ​60  ,"  ""105,816"""," 22,1  "
427,Carol_0427,Marketing,"""‍37""  ","  ‍95,335‍ ",  ‌19.2
428,Alice_0428,Engineering, 28 ‌,102_421  ,  28.0
429,Alice_0429,Operations,  '‌60'  , 125_646 ,"23,1 "
430,Carol_0430,Sales,26.0​,  61_326,  26.6  
431,Frank_0431,Engineering,"""56.0‍""  ",  ﻿133743  ," 20,1"
432,Frank_0432,HR,"""46.0""  ",  ﻿116127,"  '‌""26.8""'  "
433,Dave_0433,HR, ‍57.0 ,​62992.0,  ​ 18.3 ​  
434,Bob_0434,Engineering,"  ""23"" ","124,460",  23.7 ‌  
435,Frank_0435,HR,"'‍""33""' "," '94,274' "," ""25.4""‌"
436,Bob_0436,Marketing,  ‌35  ,122181,-999 
437,Frank_0437,HR," ""​""46"""" ",142_566," ""22.3"" "
438,Bob_0438,Operations,  Null‌,"""57,883""﻿  ","'20,3‌'  "
439,Alice_0439,Engineering,61 ,"  115,265  ", ​ 18.9 ‍  
440,Alice_0440,Marketing,  61  ,"  '147,623﻿'"," ‌23,2 "
441,Frank_0441,Engineering,"  ""35""", 99017  ,  ​ 28.4  
442,Grace_0442,Operations,"  ""42""","  97,738 ","""21.3"" "
443,Carol_0443,Sales,"  ""37""‌ ",  ‌122903.0,"  ‌""26.7""‌"
444,Heidi_0444,Engineering,' 26 '  ," ""144,860""‌  ","  ""22.2""  "
445,Carol_0445,HR, ﻿25,  101869.0,"  26,2"
446,Carol_0446,Sales, 39.0 , 109081.0‍  ,"  ﻿""19.3""‌"
447,Dave_0447,HR, 56.0  ,"‌""78,491""  ", 25.0 ‍
448,Grace_0448,Marketing,  60.0​,"""164,410""","  ""18.4"""
449,Heidi_0449,Engineering,51 , 90_122‌ ," ""20.2""‍  "
450,Frank_0450,Sales,33.0​ ," ""0"" ",  22.4‍  
451,Grace_0451,Sales,‌51  ,  111_503  ,"  ""20.4"" "
452,Eva_0452,Engineering,"""28""","""70,005""  "," ﻿25,5  "
453,Heidi_0453,HR, 64.0​  ," '‍69,897'  ", 27.1 
454,Carol_0454,HR,   53  ," 63,754  ",  27.7 
455,Dave_0455,Sales,"​""34""","149,162‍ ","​18,6"
456,Eva_0456,HR,  ' 42 '  , '65_269',"﻿""23.8"" "
457,Heidi_0457,Engineering," ""53""‍", 95_725 ," '28,9'"
458,Dave_0458,Sales,54.0," ""88,945""‌ ","""22.7"" "
459,Heidi_0459,Marketing,"""31""﻿  ",  103_360,25.5
460,Bob_0460,Engineering,  30 ,"  88,348 ","  26,6‌ "
461,Frank_0461,Engineering,"""46""​  ",  0  ,  ‌-999
462,Carol_0462,Sales, 62 ﻿  ,"  ​162,981  ", '26.4' 
463,Grace_0463,HR, 31  , 135788﻿ ,' 20.0 '
464,Frank_0464,Sales, ‍27,  155_927‌ ,"﻿26,3"
465,Frank_0465,Sales, ‍63﻿ ,114_494  ,   21.7   
466,Grace_0466,Sales, 26.0," ""67,058""","  ‌19,5 "
467,Heidi_0467,Marketing," ​""56""", 141209,   25.9  
468,Bob_0468,Sales, ‌38.0 ,'122163' ,'‍ 28.7 ' 
469,Alice_0469,HR,"  ""N/A""",‍51503.0  ,   25.7 
470,Bob_0470,Sales," ""35""  "," ‌96,358  ",   26.7  
471,Carol_0471,Operations,21.0  , 55336,  23.4‌
472,Grace_0472,Engineering,  '​23.0' , 152702  , 20.2   
473,Bob_0473,Marketing, 63 ,"57,182  ",  21.2 
474,Heidi_0474,Sales,"'‍""22""'  ","  ""157,702""‌ "," ""25.8"" "
475,Bob_0475,Sales,""" 32 ‍"" ","  122,706 ", 22.9 
476,Grace_0476,Marketing,"""56""",  74_363,   19.1  
477,Carol_0477,Sales,﻿33 ,"  ​""153,301"" "," 24,4  "
478,Carol_0478,Engineering," ""27""", ​00 , 20.0 ‍  
479,Alice_0479,Engineering,"  ""39""",150277.0​ , 18.2  
480,Heidi_0480,Sales,  56‌ , 69622  ,"""""21.1"""""
481,Carol_0481,Sales,  50,"""144_834""  ",  ‍ 26.4 ​ 
482,Eva_0482,HR, 30 ​ , 101030  ,"28,3  "
483,Carol_0483,Marketing,51﻿,"  ‍""65,971"" ","  ""27.7""​"
484,Frank_0484,Marketing,"  ""33""",76318.0​," 29,1  "
485,Alice_0485,HR,"  ""‍ 64 ""  ","96,534 ",  none   
486,Alice_0486,Engineering,  24  ,‌163959.0," ​""21.0"""
487,Bob_0487,Sales,  57.0  ," ""135_467""  ", 20.4
488,Bob_0488,HR,  54.0  ,  42934‌,"18,5"
489,Grace_0489,HR, 51.0​, ‍163_885  ,' 24.2 ' 
490,Eva_0490,Marketing," ""40""","""110401"" ",  24.8  
491,Dave_0491,Operations,  58   ," ""89_695""  ","  """"17.4"""" "
492,Bob_0492,HR," ""52"" ",65_507 ,"""21,1""  "
493,Alice_0493,Operations,   39 ,69203.0,"""27.3""‌ "
494,Frank_0494,Sales, 49.0  ," ‍""149,769""  ",  28.8  
495,Frank_0495,Sales, 34.0﻿," ""57,170""‍  ", 27.0​
496,Alice_0496,HR,  48.0  ,"""100,578""​",  25.9
497,Dave_0497,Operations, ​ 63   ,"  ""132,147""","  28,7 "
498,Bob_0498,Operations,39.0 ,  140_125 ,  ​-999.0‌  
499,Heidi_0499,Marketing,"  ‍""45""﻿","55,181",  29.2  
500,Dave_0500,Operations,   25 ,  60905.0﻿, ​25.2 
501,Alice_0501,HR,  ﻿ 29 ‍ , '‌117_103‍' , 22.5​  
502,Frank_0502,Engineering,  22 , '​72109.0' ,  ' 26.9 ' 
503,Frank_0503,Marketing, '33' ,"  ""48,969"" ",  18.2 ‍ 
504,Grace_0504,HR,"""49""​"," ""65,391"" "," ​""26.0""  "
505,Dave_0505,Sales,  −1," 121,674", 29.3 
506,Alice_0506,Engineering, ' 25 ' ,"90,778  ",18.9 
507,Frank_0507,Engineering,'58.0'  ,"'﻿""153,435""'"," 25,2 "
508,Carol_0508,Marketing,"‍""37""","‍68,537","  ‌""26.2""​  "
509,Eva_0509,Sales, ‌ 44   ,"﻿110,627 ","  "" 21.4 """
510,Dave_0510,Operations,"  ​""36"" ",  137354.0,"""""24.9"""""
511,Dave_0511,Operations,  ‌ 42 ‍ , 65_142 , 23.4  
512,Frank_0512,HR, ‌62  ,  ﻿111_485  ," ​""21.4"" "
513,Frank_0513,Operations, ‌52.0,55888 , 27.3 
514,Carol_0514,Marketing,  57   ,"""149_157""", '18.0'
515,Heidi_0515,HR,"  ""‌57""",  126_021," 24,8 "
516,Grace_0516,Operations," ​""46""","  ""119,567"" ", 28.6  
517,Frank_0517,Engineering,"  ""‍39""","  '""46,836""'  ","  ""27.8""​ "
518,Heidi_0518,Sales, 37 ," 126,522 ",  25.3 
519,Frank_0519,HR,  59 ,  144727.0,"  ""26.8"" "
520,Bob_0520,Marketing," ""63""‍",129342 ,"  ​""26.7"" "
521,Grace_0521,Operations,‍31  ,"""66,718""  ",   18.6  
522,Carol_0522,Operations, 46﻿ ,﻿130_086 ,  ‍19.4 
523,Carol_0523,Marketing,   23 ﻿ ," ​76,083﻿  ","28,9"
524,Bob_0524,Engineering, ‍57  ,  ​86635  ,"  24,3"
525,Grace_0525,Marketing," ""21""  ","  64,074 ", 22.5
526,Grace_0526,Marketing,  53.0‍  ,"  ""105,009""", ‌ 28.5   
527,Heidi_0527,HR,  62   ,"  '""59,675""'",  '20.3'
528,Heidi_0528,Sales,  62  , 89331 ,"""18.7""  "
529,Alice_0529,HR,"  "" 38 ‌""  ", 126441 ," "" 28.4 ""  "
530,Alice_0530,Operations,  22 ," ‍45,614‌",‌ 24.1   
531,Frank_0531,Marketing,"  '‍""28""‌'",123_290 ,"  ""19.0""  "
532,Frank_0532,Engineering,  45," 96,611  ",  22.3   
533,Alice_0533,Engineering,"""61""  ",100_335, '26.3'
534,Frank_0534,Operations,  38  ," ""126,610""  ","  ""22.5"""
535,Carol_0535,Operations,"  ‌""63""  ",63_040  ," 21,9"
536,Eva_0536,Marketing,  24 ,"‍""54,596""  ","""27.6"""
537,Dave_0537,Engineering,  42   ,"‌76,997"," ""25.5"""
538,Grace_0538,Operations,  ‍ 59 ,  82083.0​,  ​25.9
539,Dave_0539,Sales, 34.0  ,  ​71198 ,"21,6 "
540,Bob_0540,Engineering,   39 ﻿,"  ""85,575""  ","  ""29.3"" "
541,Grace_0541,Operations," ""40""  ","​52,287‍",'﻿26.2'
542,Alice_0542,Engineering, ' 29 ' ,  ‌43141.0  ,"  ‍27,1‍ "
543,Alice_0543,Marketing,'‌na​' ,81363.0 ,  22.6  
544,Dave_0544,Operations, 31.0,"  ""0""‌  "," 26,1‌ "
545,Alice_0545,HR,38  , 0  , 19.5 
546,Grace_0546,Operations,  64 ,  60_472  ,"  '""21.1""' "
547,Heidi_0547,Engineering,"  ""41""‌",﻿160934​  ,﻿26.0
548,Frank_0548,Operations,  21," ""142,426"" "," ""26.5""  "
549,Alice_0549,HR,40  ,"""125,976‍"" ",   24.3   
550,Carol_0550,Sales,"  ""61""  ", 48948‌ ,"28,2 "
551,Heidi_0551,Marketing, 55 ,  154569 , 24.6 
552,Carol_0552,Engineering, 26‍ ,"91,450",﻿ 22.2  
553,Grace_0553,Marketing, 24  , '‌00',"28,6"
554,Bob_0554,Marketing,"  ​""60"""," 152,815  ","""20,2"""
555,Dave_0555,Operations,‌42.0  ,﻿106_686,"""28.3"""
556,Bob_0556,Sales, 54, ‍125_008  ,"  18,0  "
557,Dave_0557,Engineering,​31 ,  137624.0  ,​25.8﻿ 
558,Alice_0558,Operations,36.0‌,  147676‌ ,"24,5‌  "
559,Heidi_0559,Marketing,  64   ,"""90,138""",  28.5 
560,Eva_0560,Sales,   54 ​ , 91818 ,"‍25,1"
561,Dave_0561,Engineering,'29.0'  , ​115304.0  , 19.8  
562,Carol_0562,Marketing,"  "" 64 ""","  ""130616​""  ","  ""17.1""﻿ "
563,Carol_0563,Marketing, 46  , 0.0,  ' 24.8 ' 
564,Grace_0564,Engineering, '​ 50 ','​102775.0'  ,﻿-999.0‍  
565,Eva_0565,Marketing,   56 ,"  ""‌""142,306""""  ",  N/A 
566,Eva_0566,Marketing,  28  , 0.0‍," ﻿""27.5""  "
567,Grace_0567,Operations,‍33.0,50004 ,-999.0
568,Alice_0568,Marketing,"  ""39""‍ "," 60,736  ",17.3
569,Grace_0569,Engineering, 26  ,  ‍141_003  ,"""21.1​""  "
570,Bob_0570,Marketing,  47 ," 83,970 ",  19.3  
571,Heidi_0571,Operations, 49 , 109078.0‍,  ‌ 25.9 
572,Bob_0572,Sales," ""59"" ",  130053.0," ""24.1""  "
573,Bob_0573,Marketing,  31.0  ,"​64,933"," ""18.1""﻿  "
574,Eva_0574,Operations, ​29.0 , 121872 ,  ​ 19.4   
575,Alice_0575,Engineering,"""""29""‌""",  ‍85_170  ,22.4
576,Dave_0576,Operations,  ' 36 '  ,56_143,"'27,0'"
577,Grace_0577,Sales,"  ""52""  ",  73111‍,  ‍19.6‌ 
578,Alice_0578,Operations, 27.0, 149662.0,"  20,6"
579,Dave_0579,Operations,  ​51.0,  115048.0 ,"  ""﻿""17.7""﻿"""
580,Bob_0580,Sales,  59  ," ""﻿147211﻿""  ",  26.2‍
581,Grace_0581,Marketing,39,  ‌129828  ,‍ 18.0   
582,Grace_0582,Sales,   43   ,"67,645  ",  '25.1'
583,Carol_0583,Operations,  26.0  , ‌114424,"  ""23.9"" "
584,Grace_0584,HR,"""‌na""","""﻿98705""  ", 26.1  
585,Heidi_0585,Operations,"  """"24"""" "," 109,941",   25.2 ​
586,Alice_0586,Operations,' 38 ‌' ," ""130,521""﻿", 27.1 ﻿
587,Frank_0587,Engineering, '﻿37.0​'," ""116,682""‌  ","'18,8'  "
588,Heidi_0588,Operations,   43  ,45212.0,"  ‍""19.3""  "
589,Carol_0589,Sales,"  ""33""",  43_369, 27.1 
590,Dave_0590,HR, 28  , ​105934 ,"25,8  "
591,Carol_0591,Marketing,"""26"" ", ‌104_171,  18.2  
592,Dave_0592,Engineering,'23.0' ,"  156,590‌  ","""﻿25,2"" "
593,Carol_0593,Marketing,'‌25'  ," ​""67,503""  ","22,7  "
594,Grace_0594,HR,  48 ,"""120,756""  ","  ""23.5""  "
595,Alice_0595,Sales,"  ""60""", ﻿145_284‌  , '‍18.7' 
596,Grace_0596,Marketing,  38,155803 ," ""22.1"""
597,Heidi_0597,Operations,"""47"" ","  ​63,836 ","""‌22.7""  "
598,Eva_0598,Sales,  ‌26.0 ,"  ""143757"" ","26,4 "
599,Dave_0599,Marketing,"  """"56""""  ","  '""134,455""'","  25,1 "
600,Heidi_0600,HR,   35   ,52124  ,29.0 
601,Carol_0601,Marketing, 40.0  ,"  111,987 "," 17,7‌ "
602,Heidi_0602,Operations," ​""22"" ",  142421, ‌ 27.5  
603,Bob_0603,Sales,  '‍36' ,142997  ,"  24,7 "
604,Carol_0604,Marketing,"  ""36""  ",111380,"  '​17,2'"
605,Grace_0605,HR,"""44"" ",55669.0,"28,4‍  "
606,Bob_0606,HR,  27 ,  '﻿62_086' ,"  25,2  "
607,Frank_0607,HR,"""25.0"" ", 43944,  ﻿-999.0  
608,Heidi_0608,Operations,'‍24' , ﻿63_611,  ​ 29.4 
609,Grace_0609,Marketing," "" 51 ""  ",  77472​," ‌""17.0""‍ "
610,Grace_0610,Operations, 41   ,"  ""108,360""﻿  "," ""23.2"""
611,Alice_0611,HR,"""31""",60950  , 18.6  
612,Frank_0612,Marketing, 57 ," ""144,176""  ",  17.4‌
613,Alice_0613,HR,﻿ 49 ﻿ , '133241.0​'  , 19.4  
614,Heidi_0614,HR,  35 ‍  ," 73,678  ", 22.6   
615,Carol_0615,Engineering,44.0﻿  , 43_322  ,21.3 
616,Heidi_0616,Sales,  ​46 , 00​  ,"""22.3""‌ "
617,Frank_0617,HR,  '‍ 62 ‍' ,133_605 ,  23.4  
618,Eva_0618,Engineering," ​""48""",134061.0  ," "" none """
619,Carol_0619,Sales,"""21""  ","""139,142""  ", ﻿ 25.4 
620,Frank_0620,Marketing,30.0, ​153266 ," ""18.2""  "
621,Carol_0621,Engineering,​33.0," ""83,262""",  27.4 
622,Heidi_0622,Engineering,  38.0,"  ""52,032""  ", 22.5‌  
623,Carol_0623,Marketing, 61 ‍ ," ""42,201"" ", ‌25.6 
624,Heidi_0624,Operations,43  ," ""110,186""﻿ ",  27.5 
625,Eva_0625,Marketing,‌ 60 ,"  ‍""45,565""‍  ", ​ 29.0 
626,Carol_0626,HR," ""33.0﻿"" ",115_353, none ‌  
627,Alice_0627,Engineering, 24,  86902 ,  25.9  
628,Bob_0628,Operations,   46   ,135_289  ,"  ﻿17,7"
629,Alice_0629,Sales,"  "" 64 ‍""  "," '""52,478""'", sensor_fault
630,Carol_0630,HR, NONE , '‌60_256' , ‌28.6​  
631,Alice_0631,Sales, Null ," 63,460‌  ", '26.1' 
632,Grace_0632,HR,  ​ 49 ​ ," ‌56,064 ", ​ 22.0   
633,Bob_0633,Marketing,"""""47"""""," ‍157,534  ","​28,8  "
634,Alice_0634,Engineering,  46," 116,800‍  "," ‌""28.1""  "
635,Alice_0635,Engineering," ""60""​","""‍""111,729""""","23,3"
636,Grace_0636,HR,"""63""  ",147461.0  ,"""18.9"""
637,Grace_0637,Engineering,"  ""N/A""  ","  ""90538‍"" ",  27.6
638,Eva_0638,HR,"""""61""""",'113_511'," 20,4 "
639,Dave_0639,Sales,  ​36  ,  ﻿52407,"  ​""28.9""​  "
640,Carol_0640,Operations, '40.0'  , 80_672  ,"  ""22.5"" "
641,Dave_0641,Operations, 55,"49,048  ",  20.9  
642,Alice_0642,Operations," ""52"""," """"57,201""‍""  ","​""17.0""  "
643,Bob_0643,Operations,‍−1," ""59,899""  ",   24.8   
644,Grace_0644,Sales, N/A ,  ‌96331‍,  ' 23.4 '
645,Alice_0645,Engineering,  64,  94_456,"  ""28.7"""
646,Grace_0646,HR, ‍44.0 ,"  """"150,767""‍"""," ""-999.0"""
647,Carol_0647,Sales,51‌ ,"  ﻿139,802 ","  ‌""27.5"""
648,Heidi_0648,Engineering," ""﻿ 40 "" ",  '73198.0',"  ""20.0""​"
649,Bob_0649,Sales,  44 ,"  ""74,550""","  ""25.2"" "
650,Bob_0650,Operations, 36 ,141_161 ,"  ‍25,8 "
651,Alice_0651,HR," ""37""","  ""​77,644""",26.5 
652,Bob_0652,Operations,"""25""‌  ","  ""63,280""​",  ‍19.0  
653,Frank_0653,HR,"﻿""54""  ", 78_353,20.6
654,Dave_0654,HR, '51.0'," ""57,163""  ", ‌ 21.2  
655,Alice_0655,HR,"""25""﻿ ","""163,631""‌  ","  26,7"
656,Grace_0656,HR,"""37""","  156,013  "," ""21.7""‌"
657,Eva_0657,Engineering,​42.0  ,‍50_288,"  ""17.8"""
658,Heidi_0658,HR," '""55""'", 140004," ""22,3​"" "
659,Eva_0659,Operations,  '47.0'  ," 133,975"," ""N/A"""
660,Grace_0660,HR,"  ""61"" "," 50,848",28.3 
661,Frank_0661,Sales,  31 ,"  ﻿""127,936""  ", 27.0 
662,Dave_0662,Engineering,  51.0 ,"‍""98,687""​  ",  ‌ 28.5   
663,Alice_0663,HR,  62  ," ""91,483""","‌""20.2"""
664,Heidi_0664,Marketing, ​41.0,'136_521' ,"21,5﻿  "
665,Eva_0665,Sales,57.0,"﻿98,167​  ","  ""17.4"""
666,Bob_0666,Engineering,  ‌ 35 , ﻿158954, '17.5' 
667,Grace_0667,Sales, '﻿ 29 '  ,  ​158625  , ‌ 28.3 ‍  
668,Carol_0668,Sales,  ‌55.0,  144568.0 , '26.3'  
669,Grace_0669,Engineering," ‍""60"" ", 136755.0 ,"﻿20,0  "
670,Bob_0670,Engineering,  25‍  , 132_199  ,26.9
671,Grace_0671,Engineering, ‍55.0 ,"  50,712",   22.2   
672,Bob_0672,Sales,"  ""26""  ","  '""84,403""' ", 29.4 
673,Dave_0673,Engineering,   49 ,"  ​59,711 ",'−999​' 
674,Alice_0674,Sales," ""41"" ","  71,745  ","""​20,8"" "
675,Heidi_0675,Marketing,  ​61," 110,977  ", 19.8 
676,Bob_0676,Engineering,   56  , 116585," ""26.3""  "
677,Heidi_0677,Operations, 62‍ ,  '‌57323',  17.3  
678,Grace_0678,Marketing," ""55"""," '‌117,905' ","  ""23.2""‍  "
679,Heidi_0679,Sales,  ﻿ 50   ," ""71455""","‌""17.3""  "
680,Bob_0680,Engineering,   44 ,0.0‌ ,"  ""22,3"" "
681,Frank_0681,HR,   38   ,"  ""97,230""  ","25,0  "
682,Eva_0682,Sales, '−1' ," ""113,049""  ",  22.1  
683,Bob_0683,Operations," ""61""",  161_293​, 24.8  
684,Heidi_0684,HR," ""-1""‍","  156,765‍  "," ""21.4"""
685,Alice_0685,HR," "" 33 ""","  136,189‌  ","  ""21.0​""  "
686,Heidi_0686,HR,  51,"  '‍119,923' ", 19.4 
687,Bob_0687,Sales,62  , ‌53368.0  ,"  ‌18,2‍  "
688,Dave_0688,HR,"  ‌""33""  ",  123774.0﻿  ,"  '﻿22,2' "
689,Alice_0689,Sales,"""21""‌ ","""﻿126187.0""  "," ""27.4"""
690,Heidi_0690,Operations,  39.0​  ,"""124,472""",   29.2 
691,Carol_0691,Marketing,  31.0 ,  57_788," ""19.6""‍ "
692,Bob_0692,Sales,  37.0  ,  '147_321'  ,"  '17,5'"
693,Alice_0693,Engineering,46 ,"  ""​92,680""", 23.9﻿ 
694,Frank_0694,Operations,   60   , 101789.0‌  ,  17.4 ﻿ 
695,Eva_0695,Marketing,"'​""21""'","  ""55,037""​","19,3"
696,Frank_0696,Operations,"""49""","""147,200"" ", 19.7   
697,Heidi_0697,Sales,   29 ,  84405.0, 19.3 
698,Bob_0698,Marketing,  ​34 , 150740,‌25.7  
699,Alice_0699,Marketing,  24  ,"  ""65,418"" ","""21.8"""
700,Dave_0700,Marketing," ""49"" ", 111196 ," 23,4"
701,Eva_0701,Operations,"  ""44.0""  ","96,954 ","'20,9﻿'"
702,Eva_0702,Operations,'34.0' , 124982‍,​-999​ 
703,Carol_0703,HR,"  ﻿""44""​  ",  109568.0‍ ," 26,8  "
704,Alice_0704,Operations,‍31.0," 58,216  ", 24.8  
705,Dave_0705,Engineering,  40.0,  102326.0  ,"  ""26.9"""
706,Heidi_0706,Marketing,  42 ‍," """"85,575""""","19,9  "
707,Alice_0707,Sales,   64  ,"  ""130,945""","18,2‍ "
708,Bob_0708,Sales,   41 ‍,  ​78_286,"  ​""28.5"" "
709,Bob_0709,HR, 58   ,"""‌135_280‌"" ", ﻿23.4
710,Dave_0710,HR,40.0﻿  ,"  ﻿""129,188""","  ﻿""18.8"" "
711,Heidi_0711,Engineering, 55 ‌ ,"‌136,126  "," '""29.3""‍' "
712,Heidi_0712,Engineering,  ‍ 41   ,"  ""﻿""71,811"""" ","  26,0  "
713,Frank_0713,Engineering,  ﻿Null,"108,879​  ", 26.2  
714,Heidi_0714,HR, 40.0  ,"﻿112,156  ",  ​17.8
715,Frank_0715,Engineering, 63.0,81_735,"‍23,8"
716,Alice_0716,HR," ""48""",  143_170 ,"  ‍""22.0"""
717,Heidi_0717,Engineering,  ' 42 '  ,"91,194 ",21.0‍  
718,Eva_0718,Marketing,"'""38""﻿' ","‌""92,494"" ","﻿""17.5"" "
719,Alice_0719,Marketing, ﻿ 49   ,"  ""0"" ","  28,3  "
720,Bob_0720,Engineering," ""61"" "," ​""122,808""‍ ",  17.2 
721,Bob_0721,Operations,  42  ,101368  ,"17,4​"
722,Heidi_0722,Engineering, 29   ,‍147003.0 ,"22,8‍  "
723,Eva_0723,HR,50  ,"  ​""104,164""", 26.5   
724,Heidi_0724,Sales,  ​'-1'  , 83_300​  ,  24.0​
725,Dave_0725,HR,"  ‌""56"" ",75_674 ," ‍""22.6""‍  "
726,Bob_0726,Sales,‍64.0 ,"128,104"," """"24.9""‌"""
727,Eva_0727,Sales," ""29""", ​52251  ,   25.7 
728,Eva_0728,Sales,"""""30""""","""51,728""‍ ","""24.3"" "
729,Dave_0729,HR,   30   ,​72410.0 ," ""-999"""
730,Alice_0730,Sales,  24  ," 146,828  ",  '‌21.5' 
731,Alice_0731,Operations,23.0‌,"'106,504' ", 18.2﻿
732,Frank_0732,Operations," ""45""‍","  ""107,187""",  20.1   
733,Alice_0733,Sales,   38 ‍ ,  63108,20.0
734,Eva_0734,Operations,   27   ,"""57,279"" ",‍ 25.9 
735,Eva_0735,HR,  ﻿51﻿ ," ""144,508""",‍sensor_fault 
736,Carol_0736,Engineering,"""""54""""",  155_599,﻿22.6 
737,Dave_0737,Marketing,  Null  , ​46_385," ""20,0‌"""
738,Carol_0738,Marketing, ﻿43 ," ""158,409"" ",​18.8​ 
739,Heidi_0739,HR,60.0 ," ""70,209""","19,8‍ "
740,Heidi_0740,HR," ""45"""," ""57_655​"" ",‌24.7  
741,Heidi_0741,Engineering,52.0​, '74904.0' ,28.3 
742,Dave_0742,Sales, ​21 ,‍123060.0‍  ,"  ﻿""22.2"" "
743,Alice_0743,Operations, 45   ,  ​128882.0, 18.9​
744,Carol_0744,Sales,﻿55.0,"""80,952"" "," "" 18.1 "" "
745,Bob_0745,HR,"""45""​  ",72261.0‍," 25,4"
746,Alice_0746,HR,"  ""57""",  113_016 ," ​""26.5""  "
747,Alice_0747,Marketing,  41 ,  115806.0,  18.7  
748,Eva_0748,Marketing,  ‌'-1' , 126175," '18,3' "
749,Grace_0749,Engineering,29,  129799,  ‍ 25.3 ﻿
750,Alice_0750,Marketing,'‌ -1 '," 139,396","""20.7"""
751,Dave_0751,Sales, 29  ,  ‍ 0 ​,  ‌18.0  
752,Eva_0752,Sales,47.0 ,"  160,480 ","‌24,3​ "
753,Frank_0753,Operations,34 ,"43,248  ","21,1  "
754,Alice_0754,Engineering,"  ""24""","""94443"" ",  21.8  
755,Eva_0755,Operations,56 ," ""0"""," ""17.6"" "
756,Dave_0756,HR,  '​24.0' , 71350, 28.0﻿
757,Dave_0757,Marketing, 36.0  ,"""159,960‍""",  19.6‍  
758,Heidi_0758,Marketing," ‍""46""  ",  108_739​," ""20.9"""
759,Alice_0759,Engineering,"""46""  ",​157_383,"26,9 "
760,Grace_0760,HR,  '‌64​'  ," 64,627  ",   19.8 ‌  
761,Dave_0761,Operations,  51  ,  ‍ 0 ‍,﻿21.5
762,Dave_0762,Engineering,55.0﻿  ,  0   ,"  '23,1'"
763,Dave_0763,Engineering, ‌ 62   ,"""59,926""","19,6  "
764,Dave_0764,Engineering, '‍62﻿' ,"  ""152,945"" ","""25.2""  "
765,Carol_0765,Engineering," ""​56.0""  ",155_870  ,"‌""27.5"" "
766,Heidi_0766,HR," ""48""","67,772  ",  27.4 
767,Eva_0767,Sales,45.0  ,"  ""﻿87_121""",  ‌ 21.9 
768,Bob_0768,Engineering,‌52.0﻿  ,"  ""159,971""  ","  ""20.0"" "
769,Frank_0769,Engineering,"""50"" ",  147128.0, ‌20.9
770,Alice_0770,HR,  61  ," ""160,587""","""24,9﻿"""
771,Frank_0771,Engineering,﻿25  ,"  '109,531' ", ‌24.0  
772,Heidi_0772,Sales, 53  ," ""98,758""  ", '21.9'
773,Dave_0773,HR,‌ 52 ,  55007,  29.1​ 
774,Frank_0774,HR,  ‍54.0  ,  134984.0‍  ,"'17,2' "
775,Alice_0775,Operations,  55,"""137,594""  "," ""20.0""  "
776,Eva_0776,Sales, 54.0,"'﻿129,797' ","""N/A"""
777,Heidi_0777,HR,63  ,"  ""72444.0""","""-999.0"""
778,Dave_0778,Sales,"  ""32""",156737 ,' 22.6 ﻿'
779,Bob_0779,Operations,‍46​ ,129190‍,  -999  
780,Heidi_0780,Sales,55.0  ,"127,460"," 19,7 "
781,Dave_0781,Operations,  '63',"​93,847 ", ‍17.8‍ 
782,Frank_0782,Operations,  23‌  ," '45,246'",  22.1  
783,Frank_0783,Operations, 42.0​ ,  86_659 ," 21,6"
784,Frank_0784,Operations,"""51"""," ""78,742""‌  ",  23.1   
785,Dave_0785,HR,43‍  ,"  ""﻿""45,772""​""  ","23,2  "
786,Grace_0786,Sales,  '-1'  ,108578.0 ,"  ""26.3"""
787,Frank_0787,Operations, 24   , 104888.0,"""‍ 21.8 ‍"""
788,Heidi_0788,Operations,﻿ 50   ,  ​65_335﻿ ,   19.1 ​
789,Carol_0789,Operations,  26 ,  149725  ,   17.0  
790,Dave_0790,Marketing,"""53"" ",  61807.0 , -999
791,Carol_0791,Marketing,  ​23.0 ,﻿44264 ,﻿28.8
792,Dave_0792,Sales,  ‍47​ ,﻿66_548,"  ""19,9""  "
793,Dave_0793,Engineering,35,  ﻿130689.0﻿  ,  '23.7' 
794,Eva_0794,Sales, ‍46.0 , 91699﻿ ,"  ‌25,1  "
795,Dave_0795,Marketing,'﻿38'  ,"﻿91,493﻿  ", 17.1
796,Alice_0796,Sales,"""34"" ",71199.0 ," 27,6​"
797,Grace_0797,HR, 37.0  ," ""65_507‍""  ","‍""-999"""
798,Bob_0798,HR,52  ,123611.0,‍29.1  
799,Dave_0799,Engineering, 34.0,﻿77714, ' 18.0 '
800,Frank_0800,Engineering,  31 , 89851.0‍,   18.9  
801,Carol_0801,Marketing, 40 ﻿ ,"  ""142043.0"" ",'21.5' 
802,Bob_0802,Marketing,N/A , ‌70853.0 ,"""26.1""  "
803,Eva_0803,Operations,  ‍41.0‍  ,133_417," 27,4  "
804,Eva_0804,Engineering,"  '​""36""​'"," ""107418.0""",  17.5   
805,Eva_0805,Sales,47,"""120,391""﻿  ",   24.0 ﻿ 
806,Heidi_0806,Marketing," ""‌27.0‍""  ",  100_887  ,' 24.5 '  
807,Alice_0807,Operations, '58'  ,  158861​ ,"  ‍27,0 "
808,Carol_0808,Marketing,"""31.0​""",  157_885,"  '28,9'"
809,Carol_0809,Operations, 39.0‍,  152038  ,  19.9  
810,Bob_0810,Sales,"""29""  ","""50,261""","  ​""22.8"""
811,Frank_0811,Marketing,"'""24""'  ","56,481‌ "," "" 26.3 """
812,Frank_0812,Operations," ""29""﻿", 127_852,"""21,2""  "
813,Frank_0813,Marketing,"'""56""‌'",  43_575 ,  ​24.9  
814,Grace_0814,HR," ""61""‍","  ﻿160,716 ", 18.2 
815,Bob_0815,Sales, ​48.0  ,130556.0 , 17.0
816,Grace_0816,Engineering,"""22""  ", 78721.0  ,"""22.3"""
817,Carol_0817,Engineering,na  ," 119,805  "," ""22.0""  "
818,Frank_0818,Operations,​24.0  ,"  ‌""113,178""  "," """"24.6"""" "
819,Carol_0819,Operations,"﻿""27"" ",71_837  , 21.4 
820,Carol_0820,HR,   50   ,  ﻿144100 , 28.3
821,Alice_0821,Operations,   36   ,  ﻿55_699,   28.4 ‌ 
822,Heidi_0822,Engineering,"""51""  ","  ""00""",﻿ 18.1 
823,Bob_0823,Operations, 46  ,"'""71,609""'  ","  ""﻿""22.2"""" "
824,Bob_0824,Operations,'﻿25'  ,  ﻿54_544 ,  21.4﻿ 
825,Frank_0825,Marketing,  ‌21.0‌  ,"  ""‌107_218""  ",-999.0​ 
826,Eva_0826,Operations, 31.0‌,"  ""101,138""  "," ""25.8"" "
827,Dave_0827,Engineering,﻿N/A  ,"  ‍""131,794""",  ‌ 27.3 ‌  
828,Eva_0828,Engineering,  ​32 ,"""58,320""","﻿18,6 "
829,Heidi_0829,Marketing, ﻿ 31  , ​159_242  , ‍26.0
830,Carol_0830,Sales,"""30""​","""​84470.0""",﻿26.0  
831,Eva_0831,Sales, 26.0,"​""122,014"" ",  ‍ 22.7 
832,Dave_0832,Marketing, 45.0,  104_516  ,"‌25,6 "
833,Dave_0833,Engineering,"  ​""54"" ","""118,223""  ","  """"25.7""​""  "
834,Alice_0834,Engineering,  50  ,113114.0‌ ,  23.5
835,Bob_0835,Engineering,N/A﻿ ,  141794.0, ‍ 19.4 
836,Eva_0836,Engineering, 37.0 ,"54,941​ ","  24,7 "
837,Frank_0837,HR,"  ""21""  "," '126,364‍'  "," ‍""21.2""  "
838,Eva_0838,Operations," ""40""‍", 129068.0  ,   20.5 
839,Alice_0839,Operations,  55  , '‌120_427',"  28,9  "
840,Alice_0840,Sales,  53 ,‍120_293 ,"""20.8""  "
841,Carol_0841,Engineering,  53.0," '""157,665""'",26.6
842,Bob_0842,HR,64.0  ,  50224.0,"  ""24.6"""
843,Dave_0843,Sales,"""26"" "," ""114_864﻿"" ","  ​23,9﻿ "
844,Carol_0844,Engineering,   32   ,‌96499‍ ,"  ""18.2"""
845,Grace_0845,HR,56 , '‍70_006'  , 17.8
846,Carol_0846,Operations,"""55""  ",  90795.0,"  ""19.5"""
847,Alice_0847,HR, 31,"  ""0"" ","  """"23.8"""""
848,Alice_0848,Sales, 42   ,42421.0 ,"27,3 "
849,Frank_0849,HR,34  , ‌ 0 , ' 28.7 ' 
850,Grace_0850,Operations,  31‍,147279,  ‍21.7 
851,Eva_0851,Engineering,  57  ,90510 ,   21.3 
852,Dave_0852,Marketing,  ' 22 '  ,97722,"19,7 "
853,Heidi_0853,Marketing,33.0​,  '133841‌' ," ""24.6"""
854,Dave_0854,Engineering,  38  ,"  147,300  ", 28.6 
855,Carol_0855,Operations,"  ""51""﻿",  132315.0  ,  '​ 25.4 ' 
856,Frank_0856,Sales,  '‍51.0' ,  153_524 , 27.8 
857,Carol_0857,Operations,  ﻿39.0  ,"""56,877""  ","  17,4"
858,Dave_0858,Engineering, 49.0  ,  93_508﻿  ,"  ""24.8"""
859,Heidi_0859,Engineering,"  ‍""36"""," ""60,095"" ","22,9 "
860,Bob_0860,Engineering,"  ""44""​ ","  ​152,885 ","""19.0"" "
861,Alice_0861,Marketing,  ﻿51,"‍147,983",  ​ 25.0 
862,Carol_0862,Operations, ‌ 30  ,  100637.0,  ﻿26.0﻿ 
863,Eva_0863,Marketing,  28  ," ""142298.0"" ","  21,2"
864,Heidi_0864,Sales," ﻿""52""  "," 133,230  ","""21.8""﻿ "
865,Carol_0865,Sales,44.0​ ,"  '""66,038""'  ","""18,2""  "
866,Dave_0866,Marketing,"""44""",63406,17.9 
867,Dave_0867,Engineering, ‌43 ,  105524.0‍,   18.5 ﻿ 
868,Frank_0868,Sales,   32   , 123375,"  23,5  "
869,Bob_0869,Sales,'‍47'  ,"  ""﻿158013"" ",21.4 
870,Frank_0870,Operations,  31  , ‌86095 ," ‌20,1  "
871,Grace_0871,Marketing, ‌ 30  ,"  ‍153,786",17.3 
872,Alice_0872,HR,na‌,  121_375‌,"  27,8 "
873,Eva_0873,Operations, 53.0 ," ​59,210  ", 28.0 ﻿  
874,Bob_0874,Engineering," ""39""  ",  159307.0  ,   21.1  
875,Heidi_0875,Marketing," '﻿""32""'"," """"142,604"""" ",﻿ 23.1   
876,Alice_0876,Engineering,  35.0 ,"  ​65,143 ","  ""21.8""​"
877,Frank_0877,Sales,"  ""​""23""""","  59,407  ","21,3  "
878,Eva_0878,Sales,  ‌56.0  ,"""﻿""149,867""﻿""","""26.3"""
879,Grace_0879,Marketing,   63 ,"59,195",  22.4  
880,Heidi_0880,HR," ""57""  ","﻿87,587 ",26.5
881,Carol_0881,Sales,"​""49"" ",'120_272'  ,  ‌19.5  
882,Eva_0882,Marketing,  61  ,89121﻿,"  ﻿22,5"
883,Dave_0883,Engineering,  46.0  ,  131290.0  ,"  ""25.3"""
884,Alice_0884,Operations,  '52‍'  , 91_331‍,17.1​  
885,Carol_0885,Operations,56.0‍,"92,945  ","  25,9"
886,Carol_0886,HR, -1, 135540.0 ,26.1 
887,Grace_0887,Operations," ‍""62""","""104900.0"" ","  26,5"
888,Carol_0888,Engineering,"'﻿""32""'",  84_018‌,"  ﻿24,8"
889,Frank_0889,Operations,‍46​," 101,423", 19.6  
890,Heidi_0890,Operations,  46  , 107058.0 ,  28.7​ 
891,Grace_0891,Marketing,  60  ,  56433,   20.6   
892,Grace_0892,Sales, 35﻿  ," ‌162,484​  ","""​""25.6""""  "
893,Frank_0893,Engineering, 25﻿  ,"""​137094.0""  ", 19.8   
894,Carol_0894,Engineering,  46.0  ," 152,152﻿ ", 22.2
895,Dave_0895,Engineering,62.0​  ,"  ﻿""159,390""‍  ","""21.6""‌  "
896,Dave_0896,Engineering,"""43"" ",63212.0  ,﻿N/A 
897,Eva_0897,Engineering,‍53.0 , ﻿48087.0 ,   19.7  
898,Carol_0898,Marketing,"  '‍""38""‌'","81,532 ",  17.5  
899,Bob_0899,HR, '30.0‍' ,130761,18.0 
900,Bob_0900,Sales,"  """"24""‍""", 147911‍ ,25.8 
901,Heidi_0901,Sales," ​""36""  ",  47795,"""26,1"" "
902,Eva_0902,Marketing,"  ﻿""64""  ",0,-999  
903,Bob_0903,Operations,  54  ,"""129,568"" "," ""28.3"""
904,Carol_0904,Operations, 43.0‍  , 107218 ,"﻿""19.9""‌  "
905,Heidi_0905,Operations,  64  ," ‌""78,787""  ",18.2
906,Dave_0906,Marketing,﻿37.0,"  ""146,218﻿""","""29.1""  "
907,Dave_0907,HR,"  ""51""‍",  ​134_954 , 19.0 
908,Alice_0908,Marketing," ""60"" ", 144_683 ,  21.8 ​ 
909,Eva_0909,Engineering,"  ""35""​ ",  123256.0‌ ," ‍""26.6"""
910,Alice_0910,Sales,  64.0‍ ,'110444.0' ,"""-999""  "
911,Grace_0911,HR," ""31"" ", 72311," '17,4'"
912,Frank_0912,Engineering,"'""27""'  ",  105_092, ‍ 25.7 
913,Bob_0913,Operations,"  """"37"""" ","  ""116,898""﻿  ",28.5 
914,Dave_0914,Engineering,  51‌  ,  ‍103927.0 ,"  ﻿22,3"
915,Eva_0915,Operations,‌36 ,"  ""47,430""","  28,5 "
916,Carol_0916,Sales,  60  ,  148_305 , 26.3
917,Carol_0917,Engineering,53​,96_237  ,"  ""22.2""  "
918,Dave_0918,Engineering,  57   ," '​""98,281""'  ","25,6"
919,Carol_0919,Marketing,"  ‌""44""  ",68_175,"20,1 "
920,Bob_0920,HR,  62   ,121543.0, ﻿21.5
921,Dave_0921,Engineering,"‌""56""",'‌0.0'," ﻿""25.5""‍ "
922,Grace_0922,Engineering,52,  ﻿162087﻿,"""29.3"""
923,Heidi_0923,Engineering,53.0  ,  122360.0‍ ,"""﻿""22.3"""""
924,Dave_0924,Sales, '‌ 38 '  ," ""159194.0""","  '20,7﻿'"
925,Grace_0925,Operations," ""33""﻿  ","155,393 "," 20,1"
926,Frank_0926,Operations,   24 ,  ﻿0  ,"'‍25,6'  "
927,Bob_0927,Sales, −1 ," '88,357'  ","'‌24,4' "
928,Carol_0928,Engineering,"  """"53""""  ","""00""",  22.0 
929,Eva_0929,Sales,  38 ﻿ ,164_948‌ ,  22.8   
930,Frank_0930,HR,"""23""  ",  '157432' ,"  ""18.6""‍"
931,Frank_0931,Operations, 58  , 65_195," ""‌26.6""  "
932,Grace_0932,Sales,"""60""‌"," ""93759""", 23.8
933,Grace_0933,Sales," ""-1""","112,122 ","  ﻿""29.1""  "
934,Bob_0934,HR,"  ‍""39""",  '45758​' ,"‌19,0﻿ "
935,Grace_0935,Operations,  32 ,132605﻿ , ‌23.6 
936,Alice_0936,HR,  '30' ,"  ""163,534"" ",  ‍23.8 
937,Eva_0937,HR,"  ""Null​"" ","""90,622"" ", 26.0  
938,Carol_0938,Engineering,62  ," ""119,977"" ",  none  
939,Alice_0939,HR, ‌64," 87,445 "," 26,1 "
940,Eva_0940,HR, 44 ‍ ,﻿109_666, ​ 22.9  
941,Bob_0941,Sales,  33.0  ,‍54231 ,"""24.5"" "
942,Grace_0942,HR,  48 ,157435.0 ,"  ‌""20.4""﻿ "
943,Frank_0943,Operations, 58 ,"""136051"" ",  19.2 
944,Alice_0944,Marketing,"'""-1""‍' ",‌87_853  ,   none   
945,Frank_0945,HR,"  ""31""  ",  ‌62920​  ,22.1 
946,Eva_0946,Operations,"  ""37""","  ​""119,469"" ", ‍ 24.4 
947,Alice_0947,Sales," ""59""  "," ""‍145518.0"" ","  27,0"
948,Grace_0948,Sales, 35  ,  ‍53876.0 ,'﻿20.4‍' 
949,Carol_0949,Operations, 27 , ‌150980.0,  23.4  
950,Dave_0950,Engineering,   59   ,'96467.0﻿' ," ​19,8  "
951,Frank_0951,Marketing,"  ""23"""," ""0""",  24.0 
952,Heidi_0952,Marketing,‌ 24 ‌ ,"54,535  ","20,0﻿  "
953,Bob_0953,Engineering, ‍ 54  ,  44475 ,"  ‌28,8 "
954,Heidi_0954,Marketing,  ' 58 ​'  , 102285.0  ," ""18.2""‌ "
955,Dave_0955,Sales,  ' 26 '  , ​70_000  ,  ‍−999
956,Frank_0956,HR,"""54""﻿  ","  137,943  ","  ""‌19.2​""  "
957,Frank_0957,Marketing,"  ""63""  "," ""69616.0""  ",﻿ 26.3  
958,Eva_0958,Engineering,   37   ,  164_049  ,"  ‌21,7"
959,Frank_0959,Marketing,60.0," ""159,962""","25,5  "
960,Dave_0960,Engineering,  50.0 , 159018,'28.7'
961,Heidi_0961,Engineering,  ​64.0​  ,"'‌53,262'  ",sensor_fault‍ 
962,Grace_0962,Operations,  56.0,"""149,483""  "," ""20.0"""
963,Frank_0963,Marketing,  ' 56 '  ,68134 ,"  """"24.6"""""
964,Eva_0964,Operations,25.0‌  , 148352.0  ,21.5
965,Carol_0965,HR,  ‍27‌, 73290.0​ ,"  18,9"
966,Bob_0966,Sales,﻿38.0,  147_206  ,"‌""26.9"""
967,Eva_0967,Engineering, 53﻿,"  156,122‌","21,6  "
968,Dave_0968,HR," ""26"" ",‌120296.0 , 26.2   
969,Frank_0969,Engineering,"  ""64.0""", ﻿94783 ,   20.5  
970,Carol_0970,Sales," ""56‌"" ",  ‍100854.0  ,"  ""24.4""  "
971,Grace_0971,Operations, 50 , 145010  , ﻿24.6  
972,Heidi_0972,Operations, 24.0,"""51,596""",24.8 
973,Heidi_0973,Engineering,"  ""60""‌  ", ‌73_757,"  '""19.3""'"
974,Heidi_0974,Engineering,21 ,  161880.0," 17,4  "
975,Dave_0975,HR,﻿ 27  ,‌127919.0 ,﻿ 18.0   
976,Bob_0976,Sales, 21.0﻿,107304  ,  ' 19.9 '
977,Alice_0977,HR, ﻿ 61  ,"73,548 ",  ﻿20.7  
978,Heidi_0978,HR, 36  ,'67931.0' ," ""17.2""  "
979,Carol_0979,Sales," ""64.0"" "," 142,731  ",19.8
980,Alice_0980,Sales," ""26""",109316‌ ,  ​29.4﻿
981,Frank_0981,Engineering,"  ""27""",  '​113554.0'," ﻿18,0 "
982,Carol_0982,Operations,"  ""53"" "," ""55539﻿"" ","  ""20.4"" "
983,Dave_0983,Operations," ""52.0"" ",‍70290  ,  27.9  
984,Frank_0984,Engineering,42,‍72287, ‌26.6 
985,Dave_0985,Sales,"""60""  ", '160764', 24.4 
986,Eva_0986,Sales,"""""25"""" "," '121,800'  ",  ​29.2
987,Dave_0987,Operations,  36.0,"‌""107,680"" ", 24.8 
988,Alice_0988,HR,  '​ 54 '  , ‍154814.0 ,  22.9
989,Grace_0989,Marketing,  32,153_825 ,"""18.9""  "
990,Grace_0990,HR,'22‍'," 131,741  ","  19,4  "
991,Bob_0991,Sales," "" 25 ‌""", ‍51716 , '26.7'
992,Heidi_0992,Engineering,  49.0  , ‌154561.0‌ ,"  ""21.4""  "
993,Dave_0993,Operations,  52.0  ,  58592.0  , ​23.6 
994,Heidi_0994,Sales, ‌27  ," ""47,656""","﻿26,1"
995,Alice_0995,HR,"'""23""'", 00‍,"  ""17.7""  "
996,Eva_0996,Operations,  30.0," ""99,067""‍","  23,3 "
997,Dave_0997,Engineering,‍32.0,"'‍""82,085""'", 20.5 ‌ 
998,Alice_0998,Marketing," ""34""",98_582‍ ,"""20.5""‌  "
999,Grace_0999,Operations,  Null‌,"  ""45,371""",  25.2  
1000,Dave_1000,Marketing,   46  ,"  ‌127,566  ","  ""28.5""‍  "
1001,Dave_1001,Operations,  '61‌' ,  106294 , ‍ 27.0 ‌  
1002,Alice_1002,Sales,‌ 49  , 50336.0‍ ,-999.0﻿
1003,Eva_1003,Engineering," ""21"" ",146772.0 ,"'‍23,2'"
1004,Grace_1004,Engineering,  ' 32 ‌' ," ​""138,241"" "," ​""23.7""﻿ "
1005,Bob_1005,Sales,"‌""63""  ", ﻿123250.0‍  ,"  21,4"
1006,Frank_1006,Sales, 40.0," 138,948  ",  24.4 
1007,Alice_1007,Sales, 27​ ," ""137070.0""",null 
1008,Alice_1008,HR,  ' 56 ',"  ""130,291""‍"," ‌""-999""  "
1009,Heidi_1009,Marketing,  54   , 64_475  ,  24.3 ​ 
1010,Heidi_1010,Marketing, ​ 50  ,"  ‌""63,224"" "," ﻿""29.2""  "
1011,Alice_1011,Marketing,"  ​""36""","""""81,793""​"" ", ﻿ 20.0  
1012,Dave_1012,Operations,  24 ,"‍133,000"," ‌""19.7"""
1013,Carol_1013,Engineering,"  ﻿""24"" ",47622 ," """"23.8"""" "
1014,Alice_1014,HR,  ' NONE ',  ‌91_898  ,   26.5   
1015,Carol_1015,Sales," ""28""  ", 144705.0 ,"  ​17,2  "
1016,Bob_1016,Engineering,"""54"" "," ‌""127,009""‌ ",  ​ 27.3 
1017,Carol_1017,Engineering,"  ""24"" ","""160,236"" ", ﻿null​  
1018,Alice_1018,Operations,"  ""33""","84,493‌  ", '17.7‍'
1019,Frank_1019,HR,  ' 37 ‍'," ""148,643"" ", 17.4‌ 
1020,Carol_1020,Operations,  ​ 62 ,"﻿""63,919""  ",   17.6   
1021,Grace_1021,Operations,  ​ 60   ,"‌94,477 ", ‌ 19.4 ﻿ 
1022,Heidi_1022,Marketing,27.0  , 117_126 ,"  ""19.6"""
1023,Bob_1023,Operations,"  ""41""  ","""125783.0"" ","  23,9  "
1024,Heidi_1024,Sales,"  ""55""​ "," 45,182  ","  '28,2‍' "
1025,Carol_1025,Sales, ‌ 61 , 128_565, 27.4﻿
1026,Heidi_1026,Marketing,  ‍58.0﻿  ,  156522.0 ,"  19,0  "
1027,Grace_1027,Sales,  28.0‍,"​""107,315"" ","  ""27.4""﻿ "
1028,Bob_1028,Sales,"  ""24""  "," ""74,443"""," 26,6‌"
1029,Heidi_1029,Marketing,"""36.0""  "," 128,515‍  ",  '‌24.1'  
1030,Carol_1030,HR,  ​57 ,"'""81,486""' ",  21.3 ‍
1031,Grace_1031,Engineering," ""63""﻿"," ""141,187""", 18.4   
1032,Carol_1032,Engineering,'24.0',"  ""154_485""  "," ""21,1"" "
1033,Alice_1033,Engineering,"""44""‍  ",  '​46_519'  , -999​  
1034,Carol_1034,Operations,"  ﻿""59"" ",​82421.0,"""21.4"""
1035,Dave_1035,Marketing,  52.0 ,"""98,282"""," ""20.8""‌"
1036,Alice_1036,Sales,  na,"""""89,774"""" ",  none  
1037,Frank_1037,Operations," ‍""57""",  ‌124876.0  ,"17,5"
1038,Frank_1038,Operations, 28  ,162_430‍  ,  23.0 ‍ 
1039,Carol_1039,Sales,  22  ,  146_009 ," ""‍""26.1""​"" "
1040,Bob_1040,Engineering, 50.0  ,"  '121,238' ","  ‍20,8"
1041,Frank_1041,HR, 40,162012.0​ ,   29.2  
1042,Eva_1042,HR,  ﻿27,‍105978  ,  26.9   
1043,Frank_1043,Operations, 28,  108570,"21,3  "
1044,Frank_1044,Marketing, ﻿38,"‍54,483  ","  ""‍22.1"""
1045,Carol_1045,Sales, 47.0  ,   0 , ‌17.9﻿  
1046,Dave_1046,HR,42.0, ‌145_163‌,"﻿20,2  "
1047,Eva_1047,Operations,  36  ,"  ‌45,668 ",   18.3 ‍  
1048,Eva_1048,Operations,59  , ‍125_847 , 28.1  
1049,Frank_1049,Marketing,  27.0,"​""74,654""",'18.2'  
1050,Bob_1050,Sales,39,70_451  ,"  ""26.1""‍"
1051,Carol_1051,Marketing,"  ""54"" ",49674.0‌ , 20.3 
1052,Bob_1052,Marketing, 64﻿ ,"  ‌""135,123""​",‍26.8 
1053,Bob_1053,Operations,  ﻿ 35  ,'158950'  ,"17,9  "
1054,Alice_1054,HR, '‌28'  ,  100303.0, ﻿19.0  
1055,Frank_1055,Marketing, 60 ,97675.0 ,"‌""19.9"""
1056,Frank_1056,HR,"""63""﻿ ",82734.0  ,"""26.4""  "
1057,Alice_1057,Operations, 54 ​  ,  151252.0  ,  21.3 
1058,Dave_1058,HR, 42.0​, ﻿145_309 ,  29.1 ‌ 
1059,Heidi_1059,Operations, 37.0  , 129638.0‌," ""17.6""‍ "
1060,Bob_1060,Engineering,​ 23  , ​63_266  ,  25.3
1061,Carol_1061,Sales,51  ,"""113,963"" "," ""20.1"" "
1062,Frank_1062,HR,"""‌39.0"" "," ‍132,731","  """"26.2""﻿"" "
1063,Alice_1063,Marketing,"  ""51""﻿  ", '126483.0' ,"'22,2'  "
1064,Frank_1064,Operations, ‌50‌, '‍71912',  '‍ 20.9 ​' 
1065,Dave_1065,Operations, 56.0,  109_634‍  ,"  ""28.9""  "
1066,Heidi_1066,Engineering, ​32, 103_566,"22,4"
1067,Heidi_1067,Operations,"  '""38""‌'  ","  ‌52,865‌ "," ""28.0"" "
1068,Bob_1068,Operations,‍ 31 ​ ,63_193,"28,4 "
1069,Alice_1069,Marketing,"""58""  ", 87937.0, 20.0  
1070,Dave_1070,HR,‌ -1   ,  45814  ,17.1
1071,Eva_1071,Marketing,‌ 43   ,  71_155  ,"‌21,8﻿ "
1072,Dave_1072,Engineering,"  '""37""'  "," ‍42,766","""﻿""28.1""""  "
1073,Frank_1073,Engineering, 49   ,"54,338 "," 23,9 "
1074,Alice_1074,Operations,  ﻿ 64   ,‍153119.0,"  ""﻿22.3​"""
1075,Heidi_1075,Marketing,"""44""‌",89910.0  ,﻿24.2  
1076,Frank_1076,Operations,  37.0,"  75,492 ",  21.2 
1077,Carol_1077,Operations,  N/A‌  , ‌111444.0,"  ​""25.5""  "
1078,Dave_1078,Marketing,"  ""61""","  142,397‌  ",‌ 24.8   
1079,Eva_1079,HR, Null , 132334.0﻿  ,​26.4 
1080,Grace_1080,HR,  21‌  , ‌62865.0  ,  −999  
1081,Heidi_1081,HR," ""‌ 23 """,  ‍45938.0 ,"  ""28.3""‍ "
1082,Eva_1082,Marketing,"  ""50""﻿",  126758.0‌ ,  ‌25.3 
1083,Grace_1083,Marketing," ""-1​""  ","  ﻿""140,374""  ","  24,4 "
1084,Frank_1084,HR, −1‍,  83257‍ ," ""​27.5"" "
1085,Heidi_1085,HR, ‍34.0," ""46779"" ",  25.4  
1086,Carol_1086,Operations," ​""35""",  ‍124_898 , 26.4
1087,Bob_1087,Marketing,"  ""61""  ","  ""104,538"" "," ""27.7""‌  "
1088,Dave_1088,Operations,  25,  142594  , 17.9 ‌ 
1089,Dave_1089,Sales,"""61""",  65_696  ,"  ‌18,9  "
1090,Alice_1090,Engineering,  51  ," 118,696‍  ","  ""28.8"" "
1091,Carol_1091,Sales,"""""21"""" ","  109,327 ",  25.8   
1092,Bob_1092,Engineering,"""‌""27""﻿""  ",‍158092.0  , 21.3  
1093,Grace_1093,Engineering, Null ," ""91,339​""  ", 27.6
1094,Frank_1094,Sales,  38.0  ," ‍""60,470""‌ ",  ​ 29.3   
1095,Dave_1095,HR,"  ""50""﻿",  123_529 ," ‌""26.8"" "
1096,Alice_1096,Marketing,"  ""56""", ​62_379, sensor_fault  
1097,Frank_1097,Engineering,62  ,  142352.0  ," 17,2 "
1098,Dave_1098,HR, 46 ,  156339.0 ," ​20,8  "
1099,Carol_1099,Operations,﻿ 52   ,104_956," ""19.6"" "
1100,Alice_1100,Operations,   31  ,"141,500",23.4 
1101,Dave_1101,Engineering, ​ 50  ,  56_557," 22,6 "
1102,Heidi_1102,Engineering, 37.0﻿ ,​113_352​ ," """"21.6"""""
1103,Heidi_1103,Marketing,  43.0  , 146_825, 22.0 
1104,Heidi_1104,Operations, 27  ," 134,522  ","  19,2"
1105,Alice_1105,Engineering, ﻿49.0 ,"  103,099", 27.7  
1106,Heidi_1106,HR,   46 ‍," 105,248 ",  -999
1107,Heidi_1107,Engineering, 38 ,99_743,"  """"17.6"""""
1108,Alice_1108,HR,  ﻿41," ""143,838""‌",  ' 23.9 ' 
1109,Carol_1109,Engineering,"  ""64.0"" ","‌58,213","27,8  "
1110,Frank_1110,HR,  38   ,"  ""119,525""","  ‍""29.2"""
1111,Carol_1111,Engineering, Null​  ,103651.0 , ﻿18.5  
1112,Eva_1112,Marketing," '‍""40""‌'"," ""94,208""‌ ", 23.1 ​  
1113,Grace_1113,HR,  ​32  ," ""128,601""","  21,1"
1114,Eva_1114,HR,﻿61.0  ,﻿92190.0﻿ ," 23,1﻿ "
1115,Dave_1115,Sales,55.0  ,"  ""137,632""  ",   27.6 ‌
1116,Carol_1116,HR,‍41.0,145_638  ,"  ""20.8""  "
1117,Carol_1117,Engineering, 57  ,  100_918  ,24.3 
1118,Carol_1118,HR,37  ,160430​,"'""19.4""'  "
1119,Grace_1119,Marketing,"""30""  ", '​75842' , none  
1120,Frank_1120,HR, 43 ," '""127,449""‍'  ","""21.0""‌ "
1121,Bob_1121,Sales, 61 ,161740.0‌ ,‌ 20.9  
1122,Heidi_1122,Engineering,﻿'-1'‌ , 164_129  ,"  23,2‍  "
1123,Frank_1123,Operations, ‍47.0  ,48_204  ,  23.6
1124,Eva_1124,Engineering,"""​54"" ","  159,052 ","‌17,4  "
1125,Bob_1125,Marketing,  32  ,  130714 ,"""18,8""  "
1126,Heidi_1126,Sales, na,68335.0  ," 28,3"
1127,Eva_1127,Marketing,'27.0', ‍122_695​ ,  '‌ 20.9 '  
1128,Bob_1128,Sales, 55.0,"""57343"""," ﻿19,7  "
1129,Dave_1129,Marketing,  ​ 40  ,"  '""126,246""﻿' ","  17,4 "
1130,Eva_1130,Marketing,  '47.0' ,  137_466  ,"'""28.0""'  "
1131,Carol_1131,Marketing,"""45""",  ​118933.0﻿ , 18.8   
1132,Bob_1132,Engineering," ""47"" ", 116_819,"  ‌23,4"
1133,Carol_1133,Sales,  51.0," 91,993  ","  17,3  "
1134,Alice_1134,Engineering, ' 47 ' ,"  ""98,091""  ", 27.2
1135,Dave_1135,Marketing,28 , 80551  ,"  18,3  "
1136,Frank_1136,Engineering,"'""26""​' ", 64092.0‍, ‌22.8 
1137,Frank_1137,Engineering, 46‍  ,  '112111.0' ," 27,2​ "
1138,Heidi_1138,Engineering,Null‍  , 162790‍  ,"  ""22.9"" "
1139,Bob_1139,Operations, 27  , ‌153138.0  ,   28.0  
1140,Alice_1140,Operations, ‍36.0, 53_268​," ‍""26.0"""
1141,Heidi_1141,Sales,""" 56 ​""  ","  ""76,280""  "," 23,8  "
1142,Heidi_1142,Engineering,"  ​""49"" ", 47949,"  ﻿""21.2""﻿"
1143,Dave_1143,Marketing,  ﻿ 38  ,"  ""﻿107_157""","  24,2  "
1144,Grace_1144,Engineering,  39  ," ""‌47,777﻿"" ",22.6‍ 
1145,Frank_1145,Marketing, '‌28.0',"""161247"" ","  ""22,6﻿""  "
1146,Dave_1146,Sales,"""44""  ","""142,978""‌  ",  ‌ 24.4 ​  
1147,Carol_1147,Engineering,"  ""59"" "," ""103,794""‌"," ""24.5""  "
1148,Heidi_1148,Operations, ﻿26, 89505.0  ," ‌""-999"" "
1149,Heidi_1149,Engineering,"  ""44"" ", 106451 , 23.4  
1150,Bob_1150,Marketing,"  ""22"" ", ‌62466.0,  17.3   
1151,Heidi_1151,Marketing,‌52 , 44238 ,  28.4 ‍  
1152,Heidi_1152,Operations,38  , '83025.0',  26.4​ 
1153,Carol_1153,Sales, 55,‌89_382 ,  22.3  
1154,Frank_1154,HR, '‍41.0‍' ,134_642  ,"﻿19,4  "
1155,Bob_1155,Marketing,  31.0 , 97385.0,  29.0‌  
1156,Grace_1156,Marketing,"""37""","""44,399""  ","  ""26.9"" "
1157,Heidi_1157,HR,  52.0, ‍49765​  ," 25,1"
1158,Carol_1158,Operations," ""61""‍",  100051 ,22.1
1159,Eva_1159,HR,27 ,45294.0‌  ,"""24.1"""
1160,Eva_1160,Sales,  38   ,"  ""112,376""",  24.9
1161,Dave_1161,Sales," '""58""‍'  ","  ""80,155""  ",   21.6   
1162,Dave_1162,Engineering,‍47.0 ," ""146,812"" ",  26.1 
1163,Alice_1163,Sales," ""40""  "," ""86,243""",  ﻿27.2
1164,Grace_1164,Sales,  ​52.0,"  ""146,548""",  17.9﻿ 
1165,Frank_1165,Sales,  -1  ,146555 , 17.6﻿  
1166,Grace_1166,Marketing,   59   ,"  ""58,419"""," ""19.9"" "
1167,Frank_1167,Marketing,"‍""41"" ","  ""﻿""111,944""""  "," ""​24,3""  "
1168,Carol_1168,HR, 32 ‌," ""‍161081""", '21.2'
1169,Alice_1169,Marketing,"  ""58"" ",  '81694.0'," 27,5"
1170,Eva_1170,Operations,  ‌-1,"  ""56,740"""," ​""27.9"""
1171,Alice_1171,Marketing," ""50""", 128962.0  ,  19.6
1172,Alice_1172,Operations,N/A ,  92237.0 ," ""21.5""﻿  "
1173,Dave_1173,HR,"​""63""  ", 0.0  ,  '22.3' 
1174,Dave_1174,Marketing,38  , 153_972﻿,‍ 20.5  
1175,Alice_1175,HR,  ﻿62  ,  ​160497, 20.8 ​  
1176,Heidi_1176,Marketing,   51  ,﻿116_892,""" 27.4 """
1177,Eva_1177,Engineering,  42.0  ,155_307,25.1  
1178,Grace_1178,HR,"""22"" ",  99315  ,"  ""19.7"""
1179,Heidi_1179,Operations, 64 ‍  ,"  45,360​ ","  "" 26.9 ""  "
1180,Heidi_1180,HR,"""50""﻿ "," ""98,271""  ",​ 21.4 ‌  
1181,Dave_1181,Sales,"‍""46""  ", 57432  , 21.9‍  
1182,Heidi_1182,Marketing,"  ""27""  ","  88,264 ","‍""27.5"""
1183,Dave_1183,Marketing,  -1​,"  ""​45_608""  ","""""24.0""‍"""
1184,Frank_1184,Operations,‍63,"""79,613""", ‍ 20.1  
1185,Frank_1185,HR," ""25""‍", ‍131221.0‌,"""""17.8""""  "
1186,Frank_1186,HR,55.0  ," ""119,730""​","19,4"
1187,Dave_1187,Engineering,"""57""‌", '162_220'  ," ""26,3"""
1188,Bob_1188,Engineering,  '54.0',"  '94,159'",  sensor_fault 
1189,Grace_1189,Operations,​ 40  ,"50,158‍  ",−999  
1190,Dave_1190,Engineering,"  ""40""  ", '113611‌',  29.4 
1191,Alice_1191,Engineering,"""36""  ",  79897.0 , ‌−999
1192,Eva_1192,Marketing, 50   ,"  ‍127,674‌  "," ‌20,6﻿  "
1193,Grace_1193,HR, 56  , 82989,   28.1   
1194,Frank_1194,Engineering," ""37""","  ""139,074"" ",   25.9 ​  
1195,Frank_1195,Engineering,  23 ,  ‌151_266‍ ,"  ‍""24.4"""
1196,Frank_1196,Operations,"  '""-1""‍'  ",  126_884 ,  21.4​
1197,Grace_1197,Sales,"  ""27""",123184  ,"  26,6  "
1198,Alice_1198,Marketing,  40.0 ," 80,736"," 21,7​"
1199,Eva_1199,HR,  '49' ,147229‌ ,"25,2‍"
1200,Heidi_1200,Marketing,'​na'  ,"93,991 ", ‌ 17.0 
1201,Bob_1201,Sales,"  """"28""""","‍""57,804"" ",19.3 
1202,Eva_1202,Engineering, ‍44, 0 ‌  , 18.7  
1203,Bob_1203,HR,"  ""43""  ",  111843‌ ,"  ""27.0""‍ "
1204,Dave_1204,Operations,"""﻿""24""""  ", 51_576  ,"22,6"
1205,Heidi_1205,HR,  33.0 , ‌00  ,"  ""22.2""  "
1206,Heidi_1206,Operations,""" 54 "" ","'""148,801""' "," 29,2﻿"
1207,Dave_1207,Sales,‍ 52 ,"  """"87,589"""" ",   18.9 
1208,Bob_1208,Marketing," ﻿""33""  ",  93_691‍ , 24.1 
1209,Eva_1209,Operations,'34'  ," ""130,961"" ","22,2‌"
1210,Alice_1210,Operations,"  ""53"" ","  ""69,942""","  23,5 "
1211,Eva_1211,Engineering,35.0 ," ""114,615""  ",  'null‍'
1212,Frank_1212,HR,64.0 ,"72,389"," 25,4 "
1213,Eva_1213,Operations,'42.0'," ‌""0""‍", 29.0
1214,Dave_1214,HR,"  ""46"" ","'""124,203""'"," ""17.0"""
1215,Carol_1215,Sales," ""36""‌  ","  ""57,531""‌",27.8 
1216,Eva_1216,HR,"  '""51""‌'  ", ‍130652,"  ""23.3"" "
1217,Frank_1217,Marketing, 48.0 ,87219.0,−999  
1218,Bob_1218,Marketing, '-1',109_939  , 18.9 
1219,Frank_1219,Operations," ""58""‍ ",42_982,"  ""26.2"" "
1220,Heidi_1220,Marketing, 29.0 ,"  163,312  "," "" 22.5 ""  "
1221,Carol_1221,Sales,  60 ,"  65,356 ","‍""18.9"" "
1222,Alice_1222,Marketing," ‌""25""",  ‌101978 ," """"19.2"""" "
1223,Eva_1223,HR,  54  ," 46,955", 23.5
1224,Alice_1224,Marketing,"  ""61""","""156,651""‍  ","17,5​"
1225,Frank_1225,Engineering,   58   , 105918, 23.7  
1226,Frank_1226,Sales, 63‍ ," ""113,787""  ", '18.6'
1227,Eva_1227,Sales, ‌43  ,"""85,773""  ","  ""18.8"""
1228,Eva_1228,Marketing,'‌52.0'  , 76_065‍ ,25.7 
1229,Bob_1229,Sales,​ 27  ,﻿82547  ,"  ""-999"""
1230,Heidi_1230,Sales,   34 ,"  ""133,846"" "," 27,0"
1231,Bob_1231,Operations, 41.0 ,‌120_371," ""‍17,3"" "
1232,Alice_1232,HR, 24, 150_709  ,'‍ 26.9 ' 
1233,Bob_1233,Engineering," ""﻿ 29 ""  ", 81716," ""26.6"""
1234,Frank_1234,Marketing,  28‍  ," ""94,889""  ",  22.1 ﻿
1235,Bob_1235,Operations,  51.0 , '109849‍'  , ​ 17.7 
1236,Carol_1236,Operations,"  """"-1""""  "," ‍""164,029"" ",22.9
1237,Eva_1237,Engineering,"  ""24""",00 ,"  ""23.5""  "
1238,Dave_1238,Operations,"""57""  ",﻿86_455,"  ﻿18,1‍"
1239,Alice_1239,Marketing, -1 ‌ ,163821  ,  20.8  
1240,Frank_1240,Engineering,  59.0," ""73,327""​ ",  28.3 
1241,Grace_1241,Engineering, 22.0 ,"  ""101,358"""," ‍""23.2""  "
1242,Bob_1242,HR,  '28.0﻿',  90028.0  ," ""28.9"" "
1243,Heidi_1243,Marketing, 23.0‍ ," 149,169"," '23,3'"
1244,Bob_1244,Sales,​ 27 , 90_164  ,"20,5 "
1245,Dave_1245,Marketing, ‌29,"  ""​""47,950""‌"" ","28,6  "
1246,Heidi_1246,HR, 38.0,"  ""83950.0""","""24,1"" "
1247,Bob_1247,Sales,"""26‌""  ",'157298.0'  ," ﻿""18.0""  "
1248,Alice_1248,Engineering,52 ,‍51637 ,"22,5‍ "
1249,Bob_1249,HR, 64  ,  63720, '22.2'  
1250,Heidi_1250,Operations,  ​ 37   ,"94,400 ", 18.0 
1251,Carol_1251,Sales,-1," 138,967 ", 22.9 
1252,Carol_1252,Sales,   49   , 49375,"""17,5"" "
1253,Bob_1253,Operations,na,  93168.0  , ​ 17.3  
1254,Heidi_1254,Operations, '‌ 31 ',"  '99,804'", 18.5
1255,Frank_1255,Engineering,"  ""27"" ",78596,"24,5‍"
1256,Grace_1256,HR,  29.0​ ,"  ""‍""152,751"""""," """"27.9""""  "
1257,Frank_1257,Marketing,"  ""37.0""  ", 150423.0‍,"  '29,2'"
1258,Eva_1258,HR,"  ""﻿""22""‍""", '106251﻿'  ," ""28.9""  "
1259,Frank_1259,HR,  39.0,"  ‌""79,812""‌  ",  27.0  
1260,Heidi_1260,Engineering," ""​28.0""  "," ﻿""141,722""  ",   28.6 ​  
1261,Alice_1261,HR, 32   ," ""103,822""​ ",  '‍ none ' 
1262,Alice_1262,Operations, 63.0, ​43_119 ,  29.2   
1263,Frank_1263,HR,​29.0 ,﻿87535.0‍,   27.7 ​ 
1264,Frank_1264,Engineering,""" 44 """,  69610.0  ,"‍""17.6"""
1265,Dave_1265,Sales,"""52""  ", 124_404, 28.7   
1266,Frank_1266,Engineering,​Null," '​""128,563""' ","""28.2""​ "
1267,Frank_1267,HR,"""39""  ","  ""97863.0""  ",  21.5   
1268,Eva_1268,HR,﻿Null ,  150920 ,17.5​
1269,Grace_1269,Sales,  ' 41 '  ,  116844,"  18,3 "
1270,Alice_1270,Marketing,  ﻿na ," ""54,471""  "," "" 22.1 """
1271,Bob_1271,HR, 31 ," 92,381 "," ﻿27,9 "
1272,Frank_1272,HR,61.0​,  76589,"""""24.8""""  "
1273,Grace_1273,HR, ' 28 ',‍133_354 ,   28.2  
1274,Heidi_1274,Marketing,"  """"49""‍""  ","  ""50,708""  ",  null  
1275,Frank_1275,HR,  22,  62360  , 23.3​  
1276,Eva_1276,Engineering,  ​31.0  ,"66,256 "," 25,1 "
1277,Carol_1277,Sales,   55   ,"""89,274""  ", 26.9 ​  
1278,Heidi_1278,Marketing,‍ 29  ,‌107857  ,  null  
1279,Bob_1279,HR,29.0,‌120753.0‌,"​""27.6""  "
1280,Alice_1280,Operations,64.0‌ ,"  ""67524​""","  '‍""23.3""' "
1281,Dave_1281,Marketing, 31 ,46674 ,  27.7 
1282,Alice_1282,Operations,21  , 119097 ,"  ""19.3""‍ "
1283,Dave_1283,Operations," ""25""","  ​76,351 ",20.3
1284,Carol_1284,Operations, 31  ,76129.0, 21.4‍  
1285,Carol_1285,Operations, 63 ﻿  ," ""125384"" ",' 25.6 '
1286,Grace_1286,Sales, 41 ," '﻿140,424' ","​23,2​"
1287,Grace_1287,Engineering,"""​27.0""  ", 96605.0,  28.7​  
1288,Heidi_1288,Marketing,﻿52.0  , 46745  ," '﻿22,7'"
1289,Dave_1289,Engineering,‍52 ,  141742.0 ,  N/A 
1290,Grace_1290,HR,   41  ,  46_123 ,  28.1 
1291,Dave_1291,Sales," ""​ 38 """,119752.0  ,"‍20,3 "
1292,Frank_1292,Marketing,  ' 44 '  ,"‌""106,052""", ﻿ 21.1 
1293,Carol_1293,Sales,"  "" 61 ""  ","50,393  ",  ‍ 17.6 
1294,Eva_1294,HR, 38," 136,909 ", 19.4
1295,Alice_1295,Operations,28 , ‌125329," ""28.0""‌ "
1296,Frank_1296,Engineering, ﻿44.0, '110904‌'," ""21.6"""
1297,Alice_1297,HR,   45   ,"  ""115,758""‍",  17.9 ‌  
1298,Carol_1298,Operations,"  ""43"" "," ​""102,640"" ",  26.3
1299,Bob_1299,HR,  25 ‍ ,"  ‍""159,238""﻿"," ""22.0"" "
1300,Heidi_1300,HR,﻿59.0‌,"  ""119,148""", 17.2  
1301,Heidi_1301,Marketing,  −1​, ‌96488  ,22.9 
1302,Carol_1302,Operations,"﻿""55""  ", 57_348  ,"""17,3"" "
1303,Eva_1303,Operations,35  ,"""71,409""  ", ‌28.9
1304,Grace_1304,Engineering, 32  ,130_093  , N/A 
1305,Bob_1305,Operations,  58,68187.0  ,  27.6​  
1306,Heidi_1306,Marketing, 46.0 ," ​""55,665"" ","  20,2"
1307,Heidi_1307,Sales,61.0,  72944.0," 28,5  "
1308,Dave_1308,Sales,  NONE ,"""71,546"" "," ‍""21.2""  "
1309,Carol_1309,Engineering,"""""37""""  "," """"45,344""""  ",21.2 
1310,Heidi_1310,Sales,""" 47 "" ",  ​0.0 ,-999
1311,Frank_1311,Engineering,33.0 ,"""99,475"" ","  21,7‌  "
1312,Heidi_1312,HR,""" 50 ‍"" ",  '82981.0',  20.1  
1313,Eva_1313,Marketing,"  ""29""‌",73_607﻿,-999.0 
1314,Eva_1314,Engineering,  61 ,"""93,548""",−999 
1315,Grace_1315,HR, ‍40,  ‌60038.0  ,  ‍ 19.0 ​  
1316,Eva_1316,Engineering,  '22.0',"  ​""133,918"" ", 25.5  
1317,Bob_1317,Marketing, 45 ,  ﻿125_405  ," "" 17.9 """
1318,Alice_1318,Engineering,"""45"" ",111310.0,  23.4 
1319,Dave_1319,Marketing, 63 ," ""‍83,087‍""  ",  ‍ 21.7   
1320,Dave_1320,Marketing,  36.0 ,"  ‍""145,902""","  ""-999"" "
1321,Alice_1321,HR,  25.0 ,  ‍0.0 ,  ﻿ 27.2  
1322,Alice_1322,Marketing,   24 ,44525​, 19.0 
1323,Alice_1323,Operations,"  ""Null‌""  ",124633.0, 20.9   
1324,Bob_1324,Engineering,‍48  ,123_113 ,"'""23.6""'"
1325,Eva_1325,Engineering,  35.0," ﻿76,667 ", ​ 24.8  
1326,Eva_1326,HR,"""49‍""  ",​72678‌ ," ""19.8"" "
1327,Heidi_1327,Engineering,  29.0‍ ," ""‌125302""  ",​ 18.8  
1328,Bob_1328,Sales, '‍ 56 '  ,74346 ,"""""27.0"""" "
1329,Frank_1329,Marketing,56, 61023.0  ,"22,4  "
1330,Alice_1330,Operations,  22 ,"""99_455""", -999 
1331,Grace_1331,Operations,   54 ﻿ , 117_036, 23.2
1332,Alice_1332,Operations,  43.0‌ ,  143_740‌ ,"""25.9""  "
1333,Bob_1333,Marketing,"  ""​""22"""" "," ""51,502""‌  ",​28.6
1334,Frank_1334,Operations,  36  ," ""153081""","  '26,8'  "
1335,Alice_1335,Marketing,"""38""  ",  ﻿112_456‍  ,  25.3 
1336,Bob_1336,Marketing, 36​,  00​ ,  20.6   
1337,Carol_1337,HR,  21.0,"""44686.0""","  ""18.2"" "
1338,Alice_1338,Marketing,  −1  ,"  ""130,032"" ","‍""18.9"" "
1339,Carol_1339,Operations,  25.0," ​""75,898""‌  "," ""19.5"" "
1340,Carol_1340,Operations, ﻿−1‌ ,  47390.0 ,"  ""19.5"" "
1341,Dave_1341,Operations,  39   ,  ‍64_766  ,"  17,2  "
1342,Alice_1342,Sales,  62," 129,798", '21.2' 
1343,Bob_1343,HR,  48  ,"  '""99,484""'  ",   17.1 
1344,Heidi_1344,Sales,"""58"" ", 160974," '21,2‍' "
1345,Alice_1345,Operations,na‌ ," ​""101,011""","  20,9 "
1346,Grace_1346,HR," "" 22 ""  "," ""43,474""​ ","  ""19.8"""
1347,Bob_1347,HR,' 56 ‌'  ," 69,451﻿",  ​ 17.2 
1348,Heidi_1348,Marketing,   21  ,"  64,189﻿", ​23.4‌
1349,Grace_1349,Marketing, ﻿54 ,138772.0,"﻿""27.1"" "
1350,Frank_1350,Operations," ""31.0‍"" ", 61_381  ,"20,4"
1351,Bob_1351,Marketing,"  ""29""",  127_886 ,‍25.6‌  
1352,Eva_1352,HR,"""33.0""  "," ​""104,698"" ",‌19.0
1353,Dave_1353,Engineering,36.0, 67367 ,"‌""21.0"" "
1354,Bob_1354,Operations," ""39""",70_224, 19.2  
1355,Heidi_1355,Operations,   23 ,​75095‌  ,"  ​""20.8""  "
1356,Heidi_1356,HR,   50   ,"""160,876""  ","  ""25.4"""
1357,Bob_1357,Engineering," "" 49 ""  ",  68279 ,"""26.6"""
1358,Grace_1358,Operations,N/A  ,  54356 ,"""19.3""  "
1359,Bob_1359,Engineering,"""46.0"""," ""64,700""",   25.2 
1360,Alice_1360,Marketing," ""-1""  ",  ​109776 ,  '24.6' 
1361,Bob_1361,Operations,"﻿""23""‍  ",56_472 ,  ' 19.0 ' 
1362,Grace_1362,Operations,59.0  , 60_327 ,"  ""24.6"" "
1363,Eva_1363,Operations,44.0," ""107,864""﻿  ", ‌ 19.1 ‌  
1364,Grace_1364,HR,  63 , 0.0 ,""" 21.9 ​"""
1365,Bob_1365,Sales,   63   ,  ' 0 ',"25,6﻿"
1366,Alice_1366,HR,  ‌27,"‌105,497  "," ""20.9"" "
1367,Heidi_1367,Marketing,"""58"" ",74677, sensor_fault
1368,Grace_1368,Sales,28  ,"  70,986  ","25,0"
1369,Carol_1369,HR,'-1'  ,"  ""42,949"" ", 26.9  
1370,Frank_1370,Engineering,"  """"58""""  ",89267.0  ,"  ""23.2"" "
1371,Eva_1371,HR, ​61, 147071,  28.4
1372,Dave_1372,Operations," '""42""' ",84_865  ,"  20,0"
1373,Alice_1373,Engineering, 23 ‌,  55148.0﻿  ,   17.9   
1374,Bob_1374,Operations, ​51  ,  59_181,   18.2 
1375,Carol_1375,Sales,"﻿""55""","""102,793""","  29,5  "
1376,Eva_1376,Engineering,45.0 ,"'""114,113""'","  ""-999""  "
1377,Grace_1377,HR,"  ""29"" ",  ​97297 ,  19.8  
1378,Alice_1378,Engineering,"'""42""﻿'", ​83592.0  ,  ﻿18.5 
1379,Dave_1379,Operations," ﻿""61""  ","""147,274"" ", none  
1380,Dave_1380,Marketing," ""60"" ","  ""102102"" ","""17.3""‍ "
1381,Frank_1381,Marketing,"  ""22""‌ "," ﻿134,844  ","  25,2‍"
1382,Dave_1382,Operations,  ​24‌  , 106609.0​ ,"  ‍17,9‍ "
1383,Eva_1383,Engineering,‍37.0  ,  130808.0  ,  22.6   
1384,Grace_1384,Sales,   NONE ,  101_873  ," ﻿21,7"
1385,Dave_1385,Operations,49  , 62_962​, ‍28.6 
1386,Eva_1386,Marketing,  49 , 0  ,"  ""19.1"" "
1387,Frank_1387,HR, 57  , '​138758.0​' , 20.3   
1388,Frank_1388,Engineering,"​""39""​ ","  ""61427""  ","﻿25,0 "
1389,Heidi_1389,Marketing,  56﻿  ,"116,020","  ""25.2"""
1390,Alice_1390,Sales,54  ,"""51,872""  ", 25.2   
1391,Heidi_1391,Marketing,  44  ,"164,819 "," """"17.5"""" "
1392,Alice_1392,Operations,  '-1',"""90,736""﻿",   27.3 ‍  
1393,Eva_1393,Engineering,"  ""24""  "," ""157,475""","""19,7"" "
1394,Grace_1394,Marketing,  ‍23.0  ,74_980‌ ,"‌""26.3"" "
1395,Carol_1395,Operations, ​ 53 ﻿  ,  ﻿78_268 ,  '−999'  
1396,Alice_1396,Marketing,  54   ,"‌""113,405""", 26.8   
1397,Alice_1397,Engineering, 26   ,"""56,878""﻿"," """"24.8""""  "
1398,Heidi_1398,Marketing,   25   , ​134123.0  ," ​19,9  "
1399,Bob_1399,Marketing,'40' ,  45_274 ," 26,3﻿  "
1400,Heidi_1400,Sales,  ‌46.0,"""""62,781"""" ",  24.9 
1401,Grace_1401,Marketing, ﻿38.0," ""158,778"" "," ‍""24.0""  "
1402,Heidi_1402,Engineering,"""25""  ","  120,918"," ""22,5""  "
1403,Dave_1403,Operations,   59 ,"""""164,654""﻿""",  21.6 
1404,Frank_1404,Sales, 63.0  ,"""132324.0"" "," ""28.3""  "
1405,Frank_1405,Operations,  ​ 25 ,  158_720 ,"27,9​ "
1406,Dave_1406,Marketing,  55.0 ," 67,540 "," ""24.2"""
1407,Grace_1407,Marketing,""" 34 "" ",   0   , 22.0 ‍
1408,Alice_1408,HR,  52.0‍,"  ​""136,146""",   20.8   
1409,Carol_1409,Sales, 47.0, 0 , ﻿ 18.2 
1410,Grace_1410,Sales,  52  , 42_192,​ 23.8   
1411,Grace_1411,HR,﻿46 ,"""94822.0""  ",‌ 21.7 
1412,Grace_1412,Marketing,  54.0‌  ,"  73,641﻿ ","  20,6 "
1413,Grace_1413,Marketing,"  ""34""  ","  58,338﻿", 23.2 
1414,Eva_1414,Operations, 24‍  ,'126221.0'  ,"29,4‍"
1415,Grace_1415,Sales,"  ""‍ NONE """,  86764.0,   23.0 
1416,Grace_1416,Marketing,  55‌, ‌139369 ," ""21.5""  "
1417,Grace_1417,Engineering,32.0‌ ,135_963,"""26.2"" "
1418,Alice_1418,Engineering, 25.0,'76_808' ,"  ""20.8""​ "
1419,Alice_1419,HR,  24  , '110892.0‍' ,  ‌ 28.9  
1420,Bob_1420,Sales,"""49.0""  ",135_009  ," ""20,4""  "
1421,Dave_1421,Marketing,"  ""51""﻿",​97288  ,"​""22.8""﻿  "
1422,Alice_1422,Operations,31.0 ,"  127,002",  ​ none  
1423,Frank_1423,HR,60.0 , 70575.0 ,   25.8  
1424,Carol_1424,HR, ​43,  100438," """"19.0"""" "
1425,Heidi_1425,Sales," ‍""30""  ",142704 ,‍27.8
1426,Dave_1426,Engineering,  46   ,  80_956  ,"18,1  "
1427,Heidi_1427,Sales,​60," ﻿""91,466""","‌""28.7"""
1428,Carol_1428,Sales, N/A,88390.0‍ ,   26.7  
1429,Dave_1429,HR,  35.0 ,  108109 , '−999﻿'
1430,Eva_1430,Marketing, 56 ​  ,97343.0 ,‍ 20.4 ‍  
1431,Dave_1431,HR,"""26"" ",  ‌65739.0‍ ,"18,2  "
1432,Carol_1432,HR, NONE ,  ﻿155925 ," '25,8' "
1433,Alice_1433,HR,   45   , 142566.0,   27.1 
1434,Grace_1434,HR,41.0  ,80175  ,"""17.1""  "
1435,Grace_1435,HR,58  ,  146_618 , 22.6‍ 
1436,Carol_1436,Engineering,  51﻿,"‌""79,867""  "," 26,0"
1437,Heidi_1437,Engineering,25 , 0.0​ ,"  ""﻿""18.0""""  "
1438,Alice_1438,Engineering,"  ""44""  "," ""116,352""","  24,9 "
1439,Grace_1439,Engineering, 33.0 , ​93092.0,  23.6﻿  
1440,Heidi_1440,Operations,"""47""​ ",﻿80_111 ,   25.4 ‌  
1441,Alice_1441,Marketing,  50.0,129480.0," ‌""20.9"" "
1442,Carol_1442,HR,'-1' ,​90004,"‌""28.3"" "
1443,Bob_1443,Engineering,"  ﻿""46""  ",  '‍118355' , 25.6​ 
1444,Grace_1444,Sales, ﻿40.0 ,  ​134635.0  ,  ‍ 19.5 
1445,Dave_1445,Marketing, 42.0,86_787 , 17.3 ​
1446,Alice_1446,Sales," ""38""",119_179  ,' 22.6 '  
1447,Bob_1447,Sales, ‌53.0,  ​93_276," ""21.5"" "
1448,Frank_1448,Engineering,  61.0  ,"  ""﻿115324.0""  ", ‍ 25.2  
1449,Eva_1449,Engineering,56‌ ,  153107, ​ 28.1 ‍  
1450,Bob_1450,Engineering,  47‌  ,  164_754, 29.1﻿
1451,Dave_1451,HR,   24   ,​140884.0 ,  null 
1452,Carol_1452,Operations,  50   ,  90_752  ,‍18.8‌
1453,Heidi_1453,Sales, ​25​ ," ​134,188‌", 19.7 
1454,Alice_1454,Operations,"""-1""‌ ", 46979,  17.3  
1455,Carol_1455,Marketing,"﻿""54""  ","""101,719"" ",22.5  
1456,Grace_1456,Sales, 54.0,49012​  ,"""29.5""‍"
1457,Carol_1457,Operations,39,"​""96,861"""," ‍""29.2""  "
1458,Eva_1458,Engineering," """"51""""  "," ""68,225""  ",21.1  
1459,Grace_1459,Engineering," ""27""  ","  ""‍130483.0"" ",‌25.1﻿ 
1460,Frank_1460,Marketing, 41.0  , 132511,"18,7 "
1461,Bob_1461,Operations,  33  , 59762.0 , 28.7
1462,Dave_1462,Marketing,​63.0 ,"108,370", 19.2 ​
1463,Frank_1463,Engineering,  ​27.0  ,"  88,611‍  ",‍ 28.8  
1464,Grace_1464,Engineering, '50.0' ," ‍85,881", 29.0 
1465,Dave_1465,Operations,  39.0 , 146_396 , 22.4 
1466,Heidi_1466,Sales,"  ‍""61""‍ ","‌""80,446"" ",  ‍28.8
1467,Alice_1467,HR,  '32​' ,"  ""121_673"" ",  21.2 ‍  
1468,Alice_1468,Operations, 25   , 124731.0‌ ," 20,0"
1469,Bob_1469,HR,38  ," '125,627‍'  ",-999‌ 
1470,Grace_1470,Engineering,  55﻿ ,"  ""92,520""  "," ""20.8""‍  "
1471,Alice_1471,Sales,34  ,'62709.0​',"  '26,5' "
1472,Frank_1472,Operations, ‍42.0 , 150267.0 ," '""22.4""' "
1473,Heidi_1473,Operations,  '28' ,111254,  29.1  
1474,Dave_1474,Sales,41.0 ,"﻿""142,890""  ","""24.6"" "
1475,Eva_1475,Engineering,   64 ​ ,"97,565 "," 18,0  "
1476,Alice_1476,Marketing,  58​," ""130,020""",  22.3  
1477,Eva_1477,Marketing, ​ 46 ,"127,463 ",'​22.8' 
1478,Frank_1478,Engineering, ‌38  ,142817.0  , 29.0
1479,Bob_1479,Engineering," ""30""","  ""88,539""﻿  ",   24.0 ‍
1480,Frank_1480,Engineering, '​38‌',00  ,"‍""20.8"""
1481,Heidi_1481,Engineering,﻿32 ," 152,368  ",29.4
1482,Bob_1482,Marketing," """"54""﻿"" ","  161,451  "," 21,7  "
1483,Bob_1483,Marketing, 41  ,‍145706.0,"  18,8  "
1484,Alice_1484,Marketing,  60   ,"50,383 ", 19.9
1485,Bob_1485,HR, 50.0‍ , 105039‍,"  ""24.2"""
1486,Frank_1486,Operations,  51  , '50_298﻿',  27.9 
1487,Eva_1487,Marketing,"  ""61""",65_798  , 22.1 
1488,Carol_1488,HR,  Null  ,"‍132,247","""26.5"""
1489,Dave_1489,Marketing, ‌32  , 139684  ," ​19,8‍  "
1490,Carol_1490,Marketing,  38.0 ,  '120746'," ‍21,6 "
1491,Bob_1491,Operations, 53   ,"145,930‍ ",  21.3 
1492,Dave_1492,HR,  29  ,‍159999﻿,   20.0   
1493,Carol_1493,Engineering, ‍'-1'​,'‌140514.0'  ,  20.9‌ 
1494,Eva_1494,Sales, 44.0,‌77301  ,  ' 19.7 ﻿' 
1495,Grace_1495,Sales," """"45""﻿"" ","  ""142,619""﻿",‍ 26.0   
1496,Dave_1496,Operations, ​42.0, ‍95796‌  ," '‌""19.0""' "
1497,Carol_1497,Engineering,"  ﻿""40"" "," ""87933‌"" ","""27.2""  "
1498,Frank_1498,Sales," ‍""24""",  75_142﻿  ,  19.3  
1499,Alice_1499,Operations,"""-1""",  114683,"  ​""22.4""‌  "
1500,Bob_1500,Marketing, 42 ,"  ""61878.0""","  ""20.5"" "
1501,Carol_1501,HR,"""42""  ",  '‍137740.0' , ​23.4
1502,Alice_1502,Engineering,"  ""43""﻿"," 112,957",  −999﻿  
1503,Eva_1503,Operations,54​ ,133919.0​ ," 17,6​  "
1504,Eva_1504,Marketing, 64 ,﻿132052‍  ," ""20.7"" "
1505,Grace_1505,HR,  49.0 ,  90899.0 ,"""17.5""  "
1506,Eva_1506,Operations,  28.0,"  ""44,235"" ", none   
1507,Eva_1507,Operations,"  ""45""‍  ","  ​""111,108""  "," ""21.9""  "
1508,Frank_1508,Operations,  64   ," ""43,657""","""22.0""‍  "
1509,Grace_1509,Operations, -1  ,"  ""115,138""﻿ ","  27,2"
1510,Grace_1510,Operations," ‌""41"" ", '71_697' ,   18.3   
1511,Alice_1511,HR,"""﻿-1""","  ‍""48,903""‍"," ‍23,7 "
1512,Heidi_1512,HR, ﻿ 37   ,  ‍87_062  ,"​24,9  "
1513,Dave_1513,Operations,  43.0  , 60_669 , 22.0 
1514,Dave_1514,Engineering,﻿21.0‍,"  '88,892'  ",  '29.3'
1515,Eva_1515,HR, '‌ 35 ' ,  117522  ,"29,4 "
1516,Frank_1516,Marketing,'​ 40 ‌'  ,"""82,204""‍","24,9  "
1517,Heidi_1517,Engineering," ""55""","  81,911 ","‍""17.6""  "
1518,Bob_1518,Sales,"  ""45""  ",  '﻿77363'  ,  ﻿ 19.7 ​  
1519,Frank_1519,Marketing,"""61"" ","  ""78,949""",  ‍ 20.5   
1520,Alice_1520,Sales, 51 ​,"  """"163,211""""  ", 19.5  
1521,Grace_1521,HR, ​ 33 ,64816  ,   19.5 ﻿ 
1522,Bob_1522,Marketing,  '27.0' ,44001.0,"  22,8﻿ "
1523,Dave_1523,Operations,  59.0 ,‌135151.0," 26,2"
1524,Carol_1524,Marketing,"‌""56"" ",65_100,  21.6‍ 
1525,Alice_1525,Sales,  52 ," ‍48,440"," 29,2  "
1526,Eva_1526,Operations,  ‌46 , '113584.0' ," ""﻿20.6‍"" "
1527,Eva_1527,Engineering,"  "" 55 "" ",159_000​ ," '""27.2""' "
1528,Eva_1528,HR,  ﻿26  ,"  '""118,391""'  ",  19.6   
1529,Eva_1529,Engineering, ‍-1,87_683, null
1530,Carol_1530,HR,  62  ,"  ‌111,705﻿",  21.3 
1531,Grace_1531,Engineering,  '51.0' ,"  ﻿""67,747"" ", 27.1  
1532,Grace_1532,Sales,"  ""57""  "," '﻿""53,992""'  ","  ""26.3"""
1533,Grace_1533,Sales, ‍36 ,112705.0  ,"""18.8"""
1534,Bob_1534,Operations, 44 ,"""140258.0""", 29.4   
1535,Bob_1535,HR, '-1',"""﻿97563.0""","""﻿ 25.6 ""  "
1536,Heidi_1536,HR,"  ""56""",  ‌91081 ,"  24,5 "
1537,Heidi_1537,Marketing,"""52""  "," ""84,202"""," ‌28,6"
1538,Carol_1538,Operations,   47 ,"""﻿162_013"" ","  18,6‌  "
1539,Frank_1539,Engineering,28.0 ,  ‌77805.0 ,"  26,0 "
1540,Alice_1540,Sales,41  ,99_099, 25.2   
1541,Carol_1541,Marketing,na﻿, 140_599 ,"  19,6 "
1542,Alice_1542,HR, 47.0,"""128,465""﻿  ",  ‌ 17.6   
1543,Frank_1543,Sales,""" 44 ""  ", '139361',"""26.1"" "
1544,Dave_1544,Engineering,  48,87110‍,"​""27.0"""
1545,Heidi_1545,HR,"  ""26"" ",145_765," ""25,8"""
1546,Grace_1546,Marketing,‌48​  ,  51010 ,   24.5 ‌ 
1547,Alice_1547,HR, ​61.0 ,"89,165  "," ""18.8""  "
1548,Dave_1548,Marketing, 32﻿,78_661  ,  21.8
1549,Alice_1549,Marketing, ‍34.0, 62983,"‌27,5"
1550,Carol_1550,HR,  52  ,66_308 ," 27,2﻿  "
1551,Carol_1551,HR, ‍51," ""150215.0"""," ""19.8""  "
1552,Eva_1552,Operations,  52  ,"'137,078‌'  ",  27.3 ‌
1553,Grace_1553,Marketing,  ​29.0 ,""" 0 "" ", 20.5  
1554,Frank_1554,HR,  ‌22," ‍""152,411"" "," 17,5​ "
1555,Frank_1555,Marketing,‌55  ,147625  ," 21,0"
1556,Alice_1556,Operations,"""21‌""  ", 50_364 ,"  ""‌18.7"" "
1557,Grace_1557,Sales,"""22""  ",83_299‍  , ​ 24.2  
1558,Eva_1558,Engineering,  42.0 ,‍00,‍20.2  
1559,Bob_1559,Sales,  '​ 51 ' , 46_579﻿  ,   24.4  
1560,Frank_1560,Marketing,  Null​ ,"‌""51,389""",  ​21.4  
1561,Carol_1561,Operations,"﻿""47"" ",‍105444.0  , '28.5'
1562,Alice_1562,Operations,   47  ,159412.0 ," ""-999""  "
1563,Dave_1563,Sales,  50.0 ," ""156,532""",20.1
1564,Grace_1564,Marketing,‍24  ,"  ‍""145,928""",  ‌ none 
1565,Carol_1565,HR,"  ""55"" ",148553.0 ,  28.3 ﻿ 
1566,Dave_1566,Engineering,52‌ ," ﻿""48,243""  ",  22.6 ‌  
1567,Grace_1567,Operations,34.0  ," 148,754  ","26,6  "
1568,Carol_1568,Operations,"""38""‍", ‍112777.0 ,"""19.7""  "
1569,Frank_1569,Operations,​ 49 ,﻿152_643,   19.8 
1570,Frank_1570,Operations, '33.0‌'  , 121029.0 ," 22,3  "
1571,Bob_1571,Sales," ""55""  ","  ""0""",﻿ 19.6   
1572,Eva_1572,Sales,"""35""﻿ ",  0.0‌,  ​ 23.1 ‌  
1573,Heidi_1573,Operations,'‍23‍'  ,0.0‍ ,'27.5'  
1574,Heidi_1574,Engineering,46,"  ""94,617"""," 21,3​"
1575,Grace_1575,Engineering, 53.0 ,  116700.0﻿,""" 27.7 ‍""  "
1576,Frank_1576,Operations, 22‌ ,​90_559," ""22.1"" "
1577,Alice_1577,Sales, 25.0﻿  , 151592​ ," ​""28.5"" "
1578,Alice_1578,HR,"  '﻿""41""‌'", '‌46563.0','sensor_fault'
1579,Alice_1579,Engineering,  53.0,"  """"122,278"""" ",17.3
1580,Bob_1580,HR,  22 ,"105,530‌",   21.5  
1581,Alice_1581,Operations, 46.0 ," ""71,752""  "," 23,5  "
1582,Grace_1582,Engineering, 34 , 160458  ,"  22,5  "
1583,Heidi_1583,Sales,'55',  ‍53754.0,"""21.5""‍ "
1584,Carol_1584,Marketing," """"30""""  "," ﻿101,796 ",27.2 
1585,Bob_1585,Engineering,  ‌Null,"  '‍""66,172""'","""24.2"""
1586,Eva_1586,HR,  45.0  ,"  ""133,489""  "," ‌21,0"
1587,Eva_1587,Operations,   31 ‌ ,67_405  ,"18,3‍ "
1588,Heidi_1588,Engineering,-1  , 83498,"  ""23.6""  "
1589,Eva_1589,Operations,"  ""32"" ", ‍88_292‍ ,"20,9  "
1590,Alice_1590,Sales,"  ""​ -1 ""  ",  118382  ,  25.7   
1591,Eva_1591,Marketing,   50   ,"  ‍65,183‌ ","""""17.9"""""
1592,Carol_1592,Marketing,‌ 46   ,"137,489‍","  ‍""23.3""﻿ "
1593,Heidi_1593,HR,44.0﻿,"""134011‌""","""​24.8""  "
1594,Alice_1594,Sales,"  ""33""  "," ""​110_956"" ", 18.5‍ 
1595,Carol_1595,Sales, '﻿38'  ,"  ""149977""  ", ‍ 24.6   
1596,Alice_1596,Sales, ‌41  ,  '‌102_788',  '21.6'  
1597,Carol_1597,Marketing,  57.0‍,"  ‍70,398‌ ", 22.3 
1598,Carol_1598,Marketing,'​47.0'  ,"​100,440 ",22.6 
1599,Carol_1599,Engineering,  24,"  """"125,154"""""," 28,1  "
1600,Bob_1600,Engineering,"  ""22""  "," ‌""69,867""﻿ ",  ​-999
1601,Grace_1601,Sales,' 31 ',"135,435  ","""22.1""​ "
1602,Dave_1602,Operations, 46.0  ,143412‌,"  23,4 "
1603,Carol_1603,HR, ‍37.0‌,"""64,583""",   26.0  
1604,Dave_1604,Sales, 46," ""81,492""", 25.7  
1605,Alice_1605,HR,  26  ,156956.0  ,"  ""17.0"""
1606,Frank_1606,Operations,"  '""56""'",'71_807' ,'​ 28.5 '
1607,Alice_1607,Engineering,  ​54.0﻿  ,"  77,960","'22,8'"
1608,Dave_1608,Operations,"""29""  ",  71443.0 ,"  ""22.3"" "
1609,Grace_1609,Sales, 21.0​," ""46,887""‌",​28.1  
1610,Grace_1610,Operations, 31.0  ,  0.0  ,24.5
1611,Eva_1611,Marketing,  ' 22 ',"58,064  "," ""27.0""​  "
1612,Carol_1612,Engineering,57.0‌, ‍57_459  , 22.1​ 
1613,Dave_1613,Sales,  23.0  ,"  ‌""161,460""﻿","""23,7""  "
1614,Eva_1614,HR, 36,  148911 ,"  ""23.2"""
1615,Heidi_1615,HR,  59 , 133494.0‌, ​ 22.1 
1616,Carol_1616,HR,"""48""  ",  53251  , ‌19.2 
1617,Bob_1617,Marketing,​23 ,  ‌126891.0  , 26.6 ﻿  
1618,Dave_1618,Sales,na ," '""138,140""' ","""28.0""‍"
1619,Carol_1619,Sales, NONE , 116_590,"  27,2 "
1620,Heidi_1620,Engineering,"  ""44""", '131420‍'  ,'sensor_fault‍'
1621,Bob_1621,Engineering,  44  ,"  51,851  ","  ​22,8"
1622,Grace_1622,HR, 33 ,"""67,915""", 17.5  
1623,Eva_1623,Marketing,﻿62.0  ,  ​73561 ,"  '""25.9""' "
1624,Dave_1624,Marketing," ""33""​  ", 122343  ,"24,1‍ "
1625,Eva_1625,Engineering," ""​55"" ",  '0.0' ,"""26.6""​"
1626,Eva_1626,Marketing, 45.0‌  , '79_560', 18.6 ﻿  
1627,Dave_1627,Marketing,37,"  ""79,253"""," ""19.1""﻿  "
1628,Carol_1628,Engineering," ‍""32"" ",119190.0﻿,"‍28,2 "
1629,Grace_1629,Sales,"  ""‌na""",  ﻿126374﻿ ,"‌25,1 "
1630,Carol_1630,Engineering, ‍Null ,  121771.0  ,22.1‍ 
1631,Grace_1631,Engineering, ‌54 ,"  ""45,493""  ","19,1‌  "
1632,Eva_1632,Engineering,"  ""32""  ",102420  ,"""22.7"""
1633,Heidi_1633,Sales,﻿ 26   , '89762﻿', '﻿22.5'  
1634,Alice_1634,HR,  39,"'""95,448""'",  ‌18.5  
1635,Bob_1635,Operations,  '‍na﻿',  155804.0​ ,"26,2 "
1636,Frank_1636,Engineering," ""58‌""", 65139 ,  ﻿ 17.6   
1637,Frank_1637,Marketing,  39  , 129943,"  19,2 "
1638,Dave_1638,Sales,﻿ 54   ,  ‌141718.0,"﻿""26.9""﻿  "
1639,Carol_1639,Engineering,  N/A  ,  163_509,"  "" 18.1 """
1640,Bob_1640,Marketing,  39   , '145_325' ," ﻿25,0﻿  "
1641,Bob_1641,Marketing,  32.0  ,​44776.0‌  ,   28.0   
1642,Frank_1642,Operations," ""​N/A​"" ","""﻿132936""  "," ""24.2""‍ "
1643,Frank_1643,HR," ""22"" ", ‌83685.0 ,"﻿""28.4""  "
1644,Eva_1644,Engineering," ""39""  ", 89778.0 , ​25.2
1645,Carol_1645,Engineering,"  ""58""",56709 ,26.8  
1646,Bob_1646,Marketing,  60," 142,663 ",﻿27.6
1647,Alice_1647,Sales,  −1  ,​157507.0 ,"‍18,7 "
1648,Bob_1648,Marketing,‍22.0  ,"133,501﻿  "," ""29.1"" "
1649,Bob_1649,Marketing,   NONE ,  ‍149_113,"25,0​"
1650,Dave_1650,Operations,‍ 36  ," ""142,829"" ","  ""28.2"""
1651,Heidi_1651,HR,"  ""﻿26.0""  ", 73_528, 26.9
1652,Carol_1652,HR, 59  ,138541 ," ""﻿ 18.0 "" "
1653,Bob_1653,Sales," ""59""  ","  133,122 ",​ 22.9 
1654,Eva_1654,Operations,   46 ,  85212.0 ,  20.3
1655,Grace_1655,Marketing, 23.0﻿,"'42,352﻿'  "," ﻿19,3"
1656,Eva_1656,HR, 52  ,"""128,325""​  ", 25.7 
1657,Grace_1657,Engineering, ‍ 47   , 110_300,"21,9 "
1658,Bob_1658,Engineering, ​36, 51_429  , ﻿ 19.4 
1659,Grace_1659,Sales, 39   , 122_229 ,"  28,9 "
1660,Carol_1660,Sales,'‍ 21 ', ‍76_569 ," ""22.9"""
1661,Frank_1661,Operations, 26‌  ,128440.0 ,"23,5"
1662,Frank_1662,Marketing,  '46.0' ,"  ""118,495""  ", ‍ 21.6   
1663,Dave_1663,Engineering,   29   , '﻿43_894​' ," ""20.5""  "
1664,Bob_1664,Sales, 42.0  ,  164835, 23.3 
1665,Alice_1665,Marketing," "" 34 """," ‌69,132‌", ‍24.3  
1666,Grace_1666,Engineering, 56  ,"""158,307"" ",  ‍N/A
1667,Dave_1667,Sales,  42‍  ,"69,775​  ", '20.3' 
1668,Heidi_1668,Marketing,40,  135889 , ‌ 23.8  
1669,Heidi_1669,HR, 27  ,  ‌88164 , 25.3  
1670,Grace_1670,Engineering,"  ""44""  ","  89,437  ","  '‌26,9'  "
1671,Frank_1671,Marketing,  28.0,  ﻿150234  ,"""17,4‍""  "
1672,Frank_1672,Operations, '23.0',  109959‌,﻿ 25.4   
1673,Dave_1673,HR," ""30""",  141_154  , 19.7  
1674,Grace_1674,Sales, 39﻿ , 65_735 ,"23,1  "
1675,Grace_1675,Operations,  41 ,  ‍60813,"  26,7 "
1676,Dave_1676,Operations,   37 ‍  , 120_315﻿  ,"  ‍19,5 "
1677,Frank_1677,Marketing,  43   , 0.0‌  ,"  ""21.2"""
1678,Bob_1678,Engineering,33, 62352.0, 17.9  
1679,Eva_1679,Operations,‍40  ," ""124,135""", ﻿−999‍ 
1680,Alice_1680,HR, 58 ,  85476‍  ,  24.6﻿
1681,Eva_1681,Sales,‍na  ,  ​108466.0 ,  N/A﻿  
1682,Eva_1682,Engineering,"""41""‌",  '119_162',  ﻿ 18.7   
1683,Heidi_1683,Operations, 59‍  ,"‌115,046 ", 27.0﻿
1684,Heidi_1684,Marketing,   56  , 88_599‍,   19.2 
1685,Frank_1685,Operations,"""27""","  ‌141,335  ","'""27.4""'  "
1686,Bob_1686,Engineering, '58.0‌'  ,48_761," ""27.2""  "
1687,Eva_1687,Operations,"  ""32.0"" "," ‌56,176", '‌ 26.9 ' 
1688,Carol_1688,Sales,"  ""44""  "," ‍""59,323"" ",17.1  
1689,Carol_1689,Sales,N/A,150991.0  ,"  ﻿""24.1"""
1690,Dave_1690,Operations,  ​61.0‌ , 132_393,24.9
1691,Eva_1691,Engineering,‍21.0, 115217.0 , 24.1
1692,Bob_1692,Sales,   30  , 144599.0 , 26.6 ﻿ 
1693,Alice_1693,Marketing,  49 , 112_078  ,20.0
1694,Alice_1694,Operations,31 ," '93,042'", ﻿27.1  
1695,Heidi_1695,Sales, 60.0‌  ,‌93562.0,  24.7
1696,Heidi_1696,Marketing, 31  ,"96,634‍"," ""19.7"""
1697,Alice_1697,Operations, 28, 159_863 ,  19.4  
1698,Alice_1698,Operations, ‌50.0﻿ ,"135,043​ "," ""​""19.8"""" "
1699,Heidi_1699,HR,"  '""38""' "," ""154,573""", ​22.5
1700,Dave_1700,Marketing,  40 ​," ""﻿81,692""  ",   28.3 ​ 
1701,Frank_1701,Engineering,62.0  ," 97,103  ","‍18,8"
1702,Heidi_1702,Operations, 33  ,  ﻿51455‌ ,  24.4   
1703,Heidi_1703,Marketing,   23 ,106052.0,  ﻿17.5 
1704,Dave_1704,HR,'46', '90557.0'  ," ‌""19.1""  "
1705,Bob_1705,Engineering," ""-1""  ", ﻿132761.0​  ,"""""28.2""""  "
1706,Carol_1706,Engineering,  43.0‌  ,"  ""128,397""  ","  ""27.9"""
1707,Heidi_1707,Marketing, 38   ," ​133,938  ","""18.6"""
1708,Heidi_1708,Engineering,61  ,"  ​115,160‌  ", 21.0 
1709,Carol_1709,Engineering,﻿56.0‍,"  ""72,176""  ","""20.0"" "
1710,Grace_1710,Engineering, ‌ 57 ﻿, '58_111'," ""20.1""  "
1711,Dave_1711,Engineering,   39   ,161222‍ ," ""29.1"" "
1712,Dave_1712,Marketing,   50 ​  ,72703  ,"  ""20.9""​ "
1713,Eva_1713,Engineering," ‍""31"""," ​71,481‍ ","""""22.8"""""
1714,Alice_1714,Marketing,​ 54  , 71187,"  ""23.6"" "
1715,Alice_1715,Sales, ​60.0," 158,486"," 26,8 "
1716,Bob_1716,Engineering, 58  ,"  ﻿73,390",18.9
1717,Dave_1717,Marketing," ""32""‌ "," ""154,189""  ","  18,9‍"
1718,Heidi_1718,Operations, ‌37 ," ""85,063""  ","﻿17,2  "
1719,Grace_1719,Marketing,"""32""﻿  "," ""84,685""","  ""17.1"" "
1720,Dave_1720,Sales,  30‍,97980.0‍  , ﻿ 29.2 
1721,Grace_1721,Marketing,"""""33""‌"" ", ‍148938.0," 25,2 "
1722,Bob_1722,Operations,  ​64, 86_160," 19,1 "
1723,Grace_1723,HR,﻿35.0 ,  109_259  , -999​
1724,Eva_1724,Operations, 52 ,"  ‍90,024 ", 28.8  
1725,Eva_1725,Marketing,"  ""63"" ",  107_569  ,  27.6  
1726,Grace_1726,Operations,"  ""29""  "," ﻿""143,899"" ",  21.5
1727,Eva_1727,Operations, 53 ,"  ""118,946""  "," ""27.1​"" "
1728,Heidi_1728,Marketing, ‌ 36 ,"108,633 ","  ""18.7"""
1729,Alice_1729,Operations,25​,"  ""83,080""  ","  ﻿20,7‌ "
1730,Heidi_1730,Marketing,  ‌ 49 ,"  102,350 ",  ‌ 19.2  
1731,Bob_1731,HR,58.0 ,"  ""100,856""  ","  ""​21.1​""  "
1732,Alice_1732,HR,25.0  ,"'109,433' ","  23,8‌ "
1733,Grace_1733,Operations," ""47""  ","﻿""72,179""  ","  ﻿27,2"
1734,Bob_1734,Operations, 56﻿, 110282.0 ,"""﻿22.5""  "
1735,Dave_1735,Marketing, ‍51, '140765' ," '27,0'"
1736,Dave_1736,Engineering, 49 ,96_268,   24.5 
1737,Bob_1737,Operations," ﻿""61"" ","""43759.0﻿""","""27.1"" "
1738,Carol_1738,Operations,Null‍  ,"  ""110,680""",  ' 23.8 ‍'  
1739,Frank_1739,Marketing, 22 ‌ ,"""133,801""", 18.1
1740,Heidi_1740,HR,"""39""  ","  154,077﻿  ","  '""18.5""'"
1741,Frank_1741,Sales,  47 ​,"  '78,750'  ", ‌22.0
1742,Frank_1742,Sales,"""﻿46.0""", 129970.0​  ,"  ""29,2"""
1743,Frank_1743,HR,"‍""37""",'108557.0‌',"24,4"
1744,Carol_1744,Marketing, 48," ‍""80,295""","""‍ 27.4 ‌""  "
1745,Carol_1745,Engineering,  Null,  ‍146686 ," ﻿""20.8""  "
1746,Frank_1746,HR,"""37""  ",  '158_103', ' 26.6 ​' 
1747,Carol_1747,Engineering," ﻿""33""",  ​146929.0﻿  ,23.0
1748,Heidi_1748,Engineering,"""52"" ","  '128,788'"," 21,6  "
1749,Frank_1749,Operations," ""27"" ",  ​109665.0 ," ‌20,6  "
1750,Heidi_1750,Sales,55.0  ,"""‌""89,443""""", 18.4‍
1751,Heidi_1751,Engineering, ‍37  ,"  ﻿""61,280"" "," '‍19,9'"
1752,Grace_1752,HR,   56  ,"  ""135430""  ", 25.5‍  
1753,Alice_1753,Sales,‌53.0  ," 143,253​ "," ""25.2""  "
1754,Carol_1754,Operations,  34.0﻿,  140_483 ,  '−999​' 
1755,Frank_1755,Operations, 61  , '0',  21.6 
1756,Bob_1756,Sales,"‌""61"" ",65591.0 , 17.6  
1757,Frank_1757,Engineering," ""27""",153549 ,"  ""19.1"" "
1758,Grace_1758,Operations,"""42""","""77_119""  ",​ 19.9   
1759,Heidi_1759,Engineering,42.0﻿,"  '""75,787""' ",N/A
1760,Carol_1760,Engineering,​ 38 ,  92816," ""28,6"""
1761,Bob_1761,Sales,"  """"58""﻿""  ",  73_114,   28.8   
1762,Frank_1762,Sales,58.0 ,"""0""‌  ","  ""21.0"""
1763,Bob_1763,Sales," ‌""32""","  74,163​","​28,8 "
1764,Heidi_1764,HR,  '‌ 43 '  ,'120111﻿'  ,   21.5  
1765,Bob_1765,Operations," ""‍ 25 """,92179‍ ,"  ​17,9  "
1766,Dave_1766,Operations," ""50"" ","78,253 "," "" 24.3 ""  "
1767,Carol_1767,Engineering,  24,59_939 ,"  26,5﻿  "
1768,Bob_1768,HR,"""52""  "," ﻿""155,900""  ", 23.8  
1769,Bob_1769,Operations,"  ""﻿ 28 "" "," ""42306.0﻿""",‌21.3  
1770,Eva_1770,Engineering,  NONE  ,67567  , 23.7
1771,Grace_1771,Engineering," ""46""  ",  58_517‌ ,  ‍18.4  
1772,Heidi_1772,HR,  ‌48.0  ," 87,522 ", ​ 27.8 ‌ 
1773,Dave_1773,HR," ""31"" ",  46835.0 ,"  ""‌""19.2"""""
1774,Frank_1774,Operations,  52.0  ,  90782.0,  ​19.7  
1775,Heidi_1775,Operations,  41‍,​47_452 ,"'24,1'  "
1776,Frank_1776,Operations,38‌,119925,"17,5​ "
1777,Carol_1777,HR, ​55.0,"""​59,334""  ", ‌19.1
1778,Heidi_1778,HR, 40.0‌,"  ""59,515"""," ‌18,1  "
1779,Eva_1779,Marketing,  ‍51.0 ,"  """"45,699"""" "," ""24.0"" "
1780,Alice_1780,HR,"""33"""," ""101,930"""," ‍17,4 "
1781,Bob_1781,Operations,‌21.0​  , ‌142497‍ ,"  21,6 "
1782,Bob_1782,Sales, 54.0﻿ ,"129,275 "," ""24.8""  "
1783,Carol_1783,Operations,"""39""","  80,263  ","23,3"
1784,Alice_1784,Engineering,  46   ,139_733," '﻿""19.2""' "
1785,Heidi_1785,Operations," ""30""",  113_228  ,   20.3  
1786,Alice_1786,Sales, ' 58 '  , 133054.0 ," 27,5 "
1787,Alice_1787,Marketing,  39  , 57909.0‌  ,"""‌17,2"""
1788,Frank_1788,Operations," ﻿""28""‍  ","  '137,250' ",20.8  
1789,Heidi_1789,HR, 53.0​  ,  126446,−999
1790,Grace_1790,Marketing,​37.0﻿ ,"  ‌102,432",  −999 
1791,Eva_1791,Operations," ""60""","""""54,361"""" ",  ﻿ 29.0   
1792,Frank_1792,Operations, 34 , ‌98539," ""27,2‍"""
1793,Bob_1793,Sales," ""34""‍  ","""88,925""","  20,2 "
1794,Grace_1794,Operations," '""21""' ","​144,912‍  ","20,5"
1795,Eva_1795,Engineering, 54 ," 52,417﻿  ","""24.4"""
1796,Grace_1796,Engineering,"  '""49""'",131818​,"""22.2"" "
1797,Carol_1797,HR, ﻿55 ,"  ""​114985‍"" "," ‍26,2"
1798,Eva_1798,Marketing,   46 ,  58_415 ,"  ""21.1""  "
1799,Alice_1799,Marketing,'​ 40 '  ,"139,620  ",  ﻿20.7 
1800,Carol_1800,Operations,24,0.0," ""​25,0‌"" "
1801,Heidi_1801,Engineering," '""40""​'  ","  115,919﻿ ","23,4 "
1802,Dave_1802,Engineering, 41  ,133121  ,"  24,6‌  "
1803,Grace_1803,HR, 30  ,"""59_365"" ","""28.9""  "
1804,Grace_1804,Engineering,  31, 75405  ,"​23,3  "
1805,Eva_1805,Operations, 29.0 , 65836.0  ," ‌27,0  "
1806,Heidi_1806,Engineering,  53﻿ ,  80873‌ ," 24,4 "
1807,Carol_1807,Engineering,"  ""59""  "," '​89,671' ","""17.7"""
1808,Bob_1808,HR, 58 ‌  ,44905  ,"  ‌20,7"
1809,Grace_1809,HR, 49, ‌115286  ,"19,3  "
1810,Carol_1810,Sales,"  '‍""37""'",78156.0‌ ,"  29,4 "
1811,Grace_1811,Engineering,  '​ 35 ‌'," """"109,649""""  "," 18,5 "
1812,Dave_1812,Engineering,  ‍ 28 ​,94_852  , 24.3‍ 
1813,Grace_1813,Operations,"  ""‍42"" ","  52,335  ","  ﻿""28.7"" "
1814,Grace_1814,Operations, 22  ,​155_662,"  ""28.9"""
1815,Frank_1815,Marketing,  39   ,"  ""‍159,212"" "," ""20.7""  "
1816,Heidi_1816,Marketing,"  ""24""﻿ ", 79959.0,"  20,1﻿ "
1817,Eva_1817,Engineering,"  ""38.0""",144_508​ ," ​20,4  "
1818,Grace_1818,Sales," ""34""  ","  ""﻿96_703"""," 20,6"
1819,Alice_1819,Engineering,   56  ,125636.0﻿ , 26.7 ​  
1820,Frank_1820,Sales, ‌na  ,'159826.0',   22.9 ​ 
1821,Eva_1821,HR,   56  ,"  ‌""84,844""  "," 27,0"
1822,Eva_1822,Operations,  26.0 ,"  ﻿58,984","""22.6"" "
1823,Carol_1823,HR,"  ""‍26.0""  ", 104_396​," ""22.7""  "
1824,Eva_1824,HR,"  ‍""53"""," ""79,651""  ",  17.6  
1825,Alice_1825,Marketing,"  ""​ 43 ‍"" ","154,295  "," ""18.3""‍ "
1826,Grace_1826,Engineering,'Null‌' ,  53937﻿  ,  24.4 ​  
1827,Dave_1827,Operations,  42," 68,030‌", N/A‍  
1828,Heidi_1828,HR,"  '""57""﻿' ", ﻿128354.0 ,"  ""17.3""  "
1829,Grace_1829,Marketing,  22 ,"""96,024"" ",  24.6 
1830,Frank_1830,Operations,"  '""36""' "," ""0"" ",21.7
1831,Grace_1831,Marketing, 41 ‌ ,  80800.0  ," ﻿""25.9"""
1832,Eva_1832,Operations,"""""55""""  ",109_186,'26.8​' 
1833,Dave_1833,Engineering," ""26.0‍""  ",113704‌ ,"  25,2"
1834,Bob_1834,Marketing,"""37""", 53_837  ,"  ""27,6"" "
1835,Dave_1835,Engineering, ‍46  ," """"160,033""""","  '24,6' "
1836,Dave_1836,Marketing,"""42""  "," ‌""144,680""  ",  29.0   
1837,Dave_1837,Sales," ‍""25"" ",​64979.0  ,   26.6 ﻿
1838,Heidi_1838,Operations," """"22"""" ",  '129465.0' ,"‍28,2 "
1839,Bob_1839,HR," ""‍40""  ",  ​120_991  , 20.5  
1840,Grace_1840,Marketing,22, 114820.0,26.3
1841,Grace_1841,Marketing,  −1,"  142,155  "," 29,1‍  "
1842,Grace_1842,Operations,  56 ,﻿138246​  ,"‌""29.2"" "
1843,Heidi_1843,Sales," ""35"" ",54_393,"  ""22.1"""
1844,Grace_1844,Operations, -1 ," ""‌""125,655"""" ","21,3"
1845,Eva_1845,HR,49,‌144255.0 ,"  23,2"
1846,Grace_1846,Engineering,  '​ 25 '," '""68,834""'","""23.3"""
1847,Frank_1847,Engineering,   57 ,"  ﻿""156,825""","22,5‌ "
1848,Heidi_1848,Engineering,​Null,136894.0 ,"  ""29.0"""
1849,Dave_1849,Marketing," ﻿""24"" ",76_152 ,19.0
1850,Grace_1850,Marketing,'﻿ 24 ' ,  45473.0, 23.4 ‍ 
1851,Grace_1851,Marketing,"""‍44.0""","  ﻿""0"""," ‌""24.3"""
1852,Heidi_1852,Engineering,59﻿  ,  '149191'  ,"  20,3  "
1853,Grace_1853,Sales," ""49.0"" ", 102426‌  ,28.8 
1854,Grace_1854,Sales,""" 25 "" ", 70_478," ""‍23,5"" "
1855,Carol_1855,Marketing, 24,"47,636 ",   19.5 ‍ 
1856,Carol_1856,Engineering,   45 ﻿  ," ​""81,727""  ",  27.5 
1857,Grace_1857,Marketing, 33,﻿118904.0  ,"  """"23.2"""""
1858,Dave_1858,Operations,"""29"" ","""77_768""  ", 23.4 ​  
1859,Eva_1859,Operations,  42‌  ," '""49,796""'  "," ""25.9"" "
1860,Frank_1860,Sales,  49.0,"'""111,172""‌'  "," ""​""25.8"""" "
1861,Grace_1861,Engineering,46.0  ,‍53133.0, ‌null  
1862,Dave_1862,Marketing,   50 ,"131,748",‍19.2‍  
1863,Frank_1863,Marketing,  ​28.0  ,"  109,056","""26.0"""
1864,Dave_1864,Marketing,"""27""  ",  46_034  ," ""‍25.8"""
1865,Frank_1865,Sales,"""61""",91039,"26,6 "
1866,Dave_1866,Engineering,  ‍ 23 ,"""118,627""‌  ","22,1  "
1867,Eva_1867,Engineering, 22.0 ," ​""83,195""", 18.1   
1868,Eva_1868,Sales,  ﻿56﻿,  71343​,"  ""25,6"""
1869,Frank_1869,Sales, N/A ," ""‍109795.0""  "," ﻿""29.1"" "
1870,Alice_1870,Operations,"""45""‌","""‌""102,184"""" ",  28.9 
1871,Frank_1871,Sales, 58 , 156_070  ,"  ﻿""23.5"" "
1872,Carol_1872,HR, 46.0, 68387  ," ""27,9"" "
1873,Bob_1873,Marketing,25.0​ ,107011‌,'18.8'  
1874,Dave_1874,Marketing,33.0,"""﻿158_860""","""26.3"""
1875,Carol_1875,Operations,"  "" NONE ﻿"" "," 125,079 "," ""-999"" "
1876,Grace_1876,Sales,   54  ,  87604,"  ""17.4"""
1877,Heidi_1877,Sales,"  '""56""'","72,804 "," ​25,0"
1878,Frank_1878,Sales, −1  ," 72,287", 27.7   
1879,Carol_1879,Marketing,  22.0  ," 103,249",' none ' 
1880,Grace_1880,Engineering,  23," '77,105﻿'  ", 23.6
1881,Dave_1881,HR,  42  ,  70291.0  ,  19.8
1882,Alice_1882,Engineering,"""38""‌", 92_027‍,  18.9   
1883,Frank_1883,HR,"  ""29""",139186  ,"'22,0'  "
1884,Alice_1884,Engineering,"  """"40"""""," '​""92,101""'  ",   19.6   
1885,Dave_1885,Engineering,  48.0  ,"  ‌""109,290""  ","  ​""26.4""‍"
1886,Heidi_1886,Engineering, ‍40.0 ,"143,039 ", 19.1
1887,Grace_1887,Operations," """"33""‍"" ","  ""61,556""​  ",   27.1 ​ 
1888,Frank_1888,Operations,  'N/A‌',110446.0 , ﻿24.5‌  
1889,Grace_1889,Engineering,  46 ,  61_266,"  ‌""22.5""  "
1890,Alice_1890,HR,  40  ,"  67,591  ",  18.3   
1891,Eva_1891,Operations,"  ""62""  ",103_470  ,"17,7 "
1892,Grace_1892,HR, 39‌  ,94_778,"18,9 "
1893,Dave_1893,Sales,42.0 , 146998  ,  '23.5'  
1894,Frank_1894,Operations,  '‌40'," ""110,210""‌",20.6  
1895,Dave_1895,Operations," ""24""  "," 56,799  ","""22.8"""
1896,Dave_1896,Marketing,N/A  ,118_734,26.0
1897,Alice_1897,Engineering, ' 60 '  ," ""44,169""﻿ ","22,2"
1898,Carol_1898,Marketing,"  "" 57 ""  ",101599.0‌,"'22,7' "
1899,Eva_1899,HR,  47  ,"""149,563""‍ ","  27,5‍ "
1900,Carol_1900,Sales,   30 ​  ,  104311‌, ﻿26.3​
1901,Grace_1901,HR,  34.0  ,"62,457 ", 23.0﻿  
1902,Heidi_1902,Marketing,38.0‍," ﻿""149,887""  "," '‌""20.6""' "
1903,Carol_1903,HR,   56 , 155_899‍ , N/A​  
1904,Alice_1904,Engineering,  ' 42 ‌'  ," ""126,732""  ","  20,1"
1905,Grace_1905,Marketing,64﻿ , 106_243  ,  18.8 
1906,Frank_1906,Engineering, ‍40.0,  102616.0  ,  ​-999.0  
1907,Bob_1907,Marketing,"""44"" ",  118831  ," 27,1 "
1908,Eva_1908,HR,   44 ‍  ,"""‌159_068""  ","‍20,9"
1909,Bob_1909,HR," ﻿""54""  ",  46_671‍ ,sensor_fault 
1910,Grace_1910,Operations,  '51' , 134443.0﻿ ,  29.0  
1911,Frank_1911,Sales, ﻿ 35 ,  42131.0,‌ 21.6 
1912,Grace_1912,Operations,  ​ 33 ,"  ""139,540"" ",  ‍ 18.8 
1913,Alice_1913,HR, 22.0​, 111135.0 , ‌ 24.9 
1914,Alice_1914,Operations,  ﻿ 64   ,"  '80,521‍' ","  ﻿""19.7""  "
1915,Eva_1915,HR,  ‍ 53   ," ""120,899""  ", ‍ 24.4 
1916,Heidi_1916,Marketing, 32 ,84296," ""23,9""  "
1917,Heidi_1917,Sales,61  ,"""95,549""  ",  25.1   
1918,Heidi_1918,Marketing,"""45"" ", 54061.0﻿  ,"  24,6  "
1919,Carol_1919,HR,N/A  , 127139,19.0 
1920,Bob_1920,Marketing, 60.0  , 129700.0  ,"""""21.7"""""
1921,Bob_1921,Sales,"  ""36"" ",52524.0  ,22.7​  
1922,Frank_1922,Sales,"  ""49"" ",  114_550 , 25.0
1923,Alice_1923,Sales,  ‌50,  108746.0  ,  20.8 
1924,Carol_1924,Marketing,47.0  , 45331  ,​ 19.7  
1925,Eva_1925,HR," """"63""""", 157589  ,"  18,0﻿  "
1926,Grace_1926,Sales,"""45"" ",  144_444 ,‌ 26.4  
1927,Grace_1927,Operations,﻿55  , 44481 ,  22.2
1928,Dave_1928,Operations, 46  , 83241.0 ," '​29,2' "
1929,Frank_1929,Marketing,  ‌27.0,  0.0  , 24.9
1930,Frank_1930,HR, 63.0﻿ ,  ﻿100_439,‍23.1  
1931,Eva_1931,Marketing,"‍""22"" ", 93_813‍,18.4  
1932,Carol_1932,Sales," ""‌32.0""",'‌96118.0',−999  
1933,Dave_1933,Engineering,'55' ," ""127,200""​",18.5
1934,Grace_1934,Engineering,   60  ," """"134,333"""" ",  20.1
1935,Grace_1935,Marketing,"  "" 52 "" ","""120520‌"" ","‍""20.8"""
1936,Grace_1936,Engineering," ""38‍"" ", 0.0,25.0
1937,Frank_1937,Sales,  '​34' ,  51064,"  ""24,7​"" "
1938,Dave_1938,Marketing,  35,"‌""118,666""",  24.3   
1939,Heidi_1939,Marketing,"""52"" ", ﻿157_388 ,"  ""27.8"" "
1940,Grace_1940,Operations," ""43""","""114176""","'""18.4""'"
1941,Frank_1941,Marketing,  38 ‌,  157_995‌  ,"23,4 "
1942,Eva_1942,Marketing,  56.0  ,"  ​75,033 ",‍24.5
1943,Alice_1943,Engineering,"  "" 62 ‌"" "," 149,647 ",22.7 
1944,Alice_1944,Operations," ""49""​ ",‍141483.0  , 27.3  
1945,Carol_1945,Sales,‌ 37   , 92_248, 21.5 ​  
1946,Eva_1946,Marketing,"  ""61""​  ", 84473.0 ,23.9
1947,Bob_1947,Marketing,""" 43 ‍"" ",88_486, ‌ none   
1948,Heidi_1948,Engineering,  31   ,"  120,420  ",  ' 28.6 ‍'
1949,Eva_1949,Marketing,  ‍ 50 ﻿ ,"139,634‌","  ""18.6‍"" "
1950,Bob_1950,Operations," ""42""  ",  ﻿122148.0 ,  ‌ 23.3   
1951,Frank_1951,Engineering," ""33""​", 70_355‍,23.5​
1952,Dave_1952,Sales,   41 ‍  ,"﻿""43,875""  ", 28.4 
1953,Eva_1953,Operations,"  ‌""61"" "," ""128_147""",  23.1 ​  
1954,Alice_1954,HR,‌ 35 ,  80910 , 17.0   
1955,Bob_1955,Engineering,  31.0,  '46_595﻿', ﻿28.4 
1956,Bob_1956,Sales,  40 ,"  ""163,590""​  ","  18,3‍ "
1957,Grace_1957,Engineering,41, 118_770,19.2  
1958,Frank_1958,Marketing,  32.0﻿ ," 60,203 ", 23.2  
1959,Heidi_1959,Sales,'34.0','﻿53225',"  '""20.3""' "
1960,Frank_1960,Marketing,"""57"" "," ‌96,729  "," ""20.8"""
1961,Carol_1961,Engineering, ﻿64.0 ,'‍135_804'," ​25,6 "
1962,Eva_1962,Engineering, Null  , 68_271  ,  17.5   
1963,Dave_1963,Marketing," ""52.0"" ","  ‌83,072",‍ 23.1  
1964,Grace_1964,Operations,46.0 , 153648.0 , 20.8‍  
1965,Grace_1965,Engineering,'33' ,  161_689 ," ​""-999"" "
1966,Grace_1966,HR,  41  , '‍132294‌' ,‍28.4
1967,Grace_1967,Operations, ​54  ,109_344  ,  19.9‌ 
1968,Bob_1968,HR, 26.0‍  , 48953  ,' 20.6 ' 
1969,Dave_1969,Operations,   55 ," ‍152,613 ","""27.6"""
1970,Heidi_1970,Operations,  ﻿ 23 ‌ ,"  ""45,527"" ",  ' 17.9 '  
1971,Grace_1971,Sales, ‍64," ""153,968""", 22.4  
1972,Dave_1972,Marketing,  Null﻿  ,64239," ""‍""19.5""‌"""
1973,Eva_1973,Engineering,﻿43‍, 93720,"'""29.2""' "
1974,Grace_1974,Sales,"‌""25"" ",  141764.0 ,"  '""20.2""' "
1975,Heidi_1975,Engineering,"""51""  ",  100418  ,  25.5  
1976,Frank_1976,Engineering,40  ,"""157,425""‌  "," ""26.2"" "
1977,Frank_1977,Engineering,"  ""21""", 139_154 ," ""﻿ 17.0 ""  "
1978,Alice_1978,Marketing,"""59.0""",  101_899‍  ,  sensor_fault‌ 
1979,Eva_1979,Sales,  '38.0' ,131_056 ,"21,6‍"
1980,Frank_1980,Sales,  56   ,  ‌52_943,"  21,8"
1981,Frank_1981,Operations,  ‍44.0  , '‌86452' ,  ﻿ 19.0 
1982,Carol_1982,HR,30.0‍,  98226  ,  19.5  
1983,Bob_1983,Marketing,  35.0,  47942.0 ," ﻿28,7"
1984,Eva_1984,Operations,‍62, ﻿0.0  ,"  21,5"
1985,Dave_1985,Operations, 57 ," ﻿137,470 ","""28.0""​"
1986,Eva_1986,HR,  'Null'  ,"110,556‍",  -999
1987,Frank_1987,HR, na​,"  ﻿""53,671""  ","""​24.7""  "
1988,Heidi_1988,HR, 28 ,78814  ,29.1‍
1989,Dave_1989,HR, '​23.0'  , ‌104_177​  ,"  29,2 "
1990,Dave_1990,Marketing,  62 ‌ ,"  ""83,443""  ","  24,9  "
1991,Grace_1991,Marketing,‌ 49  ,  ﻿71922.0," 24,9 "
1992,Grace_1992,HR,   33  ,"""0""  ",   19.3   
1993,Alice_1993,Engineering,' 53 '  ,"""‍127124"" ","  29,2  "
1994,Eva_1994,HR, ‌N/A  ,161334  ,"""20.2"" "
1995,Eva_1995,Engineering," ""22"" ", 44518,  20.4   
1996,Frank_1996,Marketing, N/A  ,"""137,291""","  ""23.7""​"
1997,Eva_1997,Marketing,51.0,"'​""80,664""'",  26.4‍  
1998,Dave_1998,Marketing,"""38""​","""﻿125654""",  20.7 
1999,Grace_1999,HR,"‌""46""", 135569﻿,  22.4 ﻿ 
2000,Eva_2000,Marketing," ""‍ 41 ‍""  ",  104150﻿, 20.0   
