id,user_id,amount,date,category
6346, 180 ﻿,($420.76)‌,04/18/2024  ,utilities
7710,403,  410.80 ,‌ 2023-12-31  ,entertainment
 3547  ,  268 ,   $670.58  ,07/28/2024  ﻿,entertainment  
5403, 387  ​,$671.36,08/25/2024,food‍
5625,  38  ,200.73,2024/09/15,transport‌
4196‍,216, $848.57 ,  2024-12-14  ,food
1212‍,447," $2,313.26 ",2024/11/15,utilities
 5889,316,1683.56,05/02/2024,food
3585,463,‌$619.92,03/31/2024,utilities
‌1969,﻿276,  873.83,2024/02/28,  shopping
1252,  81,‍$1664.58,2024-08-27,food
  7936 ,9999,‍ NA  ,2024/03/20,entertainment 
​2428, 459‌,2182.72,07/01/2024﻿, shopping 
7699 ​,‌136, $445.97 ,2025-01-01,transport
  7205,‍445,466.27,04/20/2024,refund
7835,150,491.80,  not-a-date , utilities 
6507,82,  -462.84  , 11/27/2024 ,shopping
636, 85  ,"   $1,217.96   ",2024-05-11 ,utilities
4494,  268  ,795.26 ,2024-02-22,shopping
5834,219‍,"﻿2,220.64",06/30/2024,shopping
 4308, 109  ,2382.34,2024/01/09​,  food
‍7211, 72  ,‍204.56 ,2024-07-02,refund
5983,‍23,  $277.94  ,2024-02-10,food
6956  , 234  ,‍ $88.90 ,2024-02-02,reversal
7619,﻿326 ,​$72.34,  2025-01-01 ,utilities 
3539,  308 ,"1,588.46",‍2024-01-21,food
​3924,475,"1,128.26",​12/08/2024,  food
﻿3018,412,978.19  , 01/29/2024 , utilities
3737,  123 ,"1,832.46 ", 07/04/2024 ,transport
2321‌,20,$402.25,03/12/2024,food
5536,﻿299,$2165.47, 2024-03-28,entertainment
2735, 231  ," $1,998.97 ​",2024-04-01,utilities
6527,﻿27, -281.84 ,  2024-01-08,‌ shopping 
‌  5981,  219  ,$772.97​,2024-09-26, utilities
‌4997,  62 ,"‍2,465.59",10/14/2024,‌  utilities  
 819,14,‌ $1672.98  ,2024/01/08 ,‍transport
  2901,107,$2443.38,  08/05/2024  ,‌entertainment
866,  188,"1,019.32",‌2024/10/12,food
 7028 ​,103  ,​  316.08 ,  2024-04-15 ,refund
1400﻿,‌151,$2171.61‍,07/21/2024  ,utilities 
5441,304  ," $1,669.83 ",2024-04-27, shopping‌
2913,227,1086.49,2024-03-18,  transport
1249,189,  $289.44,  11/12/2024  ,  utilities​
 1330,255,$1848.34,07/04/2024,entertainment  
4210,104, $717.45 ,2024-06-24, shopping 
7701​,176 ,471.02,‌2024-02-30  ,transport
6535, 173 ‌,   -466.02   ,2024/10/22,entertainment
  4886,269‌,$779.60,07/21/2024,utilities
4986,‍74,  2299.38  ,2024/12/27,entertainment
1831﻿,﻿469,1253.13​, 2024-10-05,  entertainment
﻿ 8164, ,NA,2023-12-31,transport
5801,464, 259.26,01/04/2024,shopping
4942,93," $1,240.84 ",08/28/2024  ,transport‍
  407  ,241 ,1742.46,  2024-02-21 ,food
829  ,‍  120  ,$971.14 ,11/14/2024,shopping
7852‍,461,  $471.59 ,2024-02-30,entertainment 
  29,418  , 227.17,2024/10/20,‍ transport 
7865,91 ,  $341.40 ,  2024/14/01 ,shopping 
 7475  ,442 ,  301.69  ​,not-a-date,food
43,483, $2358.32,  2024-05-21,utilities
 5463,419,$586.66,2024-11-28,utilities
 2162 ,132​,1879.62  ,06/04/2024,shopping
6524​,115 ,​ -246.57 ,​ 2024/03/08,food
5619,  10 ,$1143.12﻿,2024/09/27  ,  shopping  
5155,449," 1,151.47",‌03/22/2024,shopping 
 2841,409,616.21‌, 2024/06/10  ,  utilities  
5667,  321,813.98,2024-04-05,  transport‌
  1025,58,$17.76, 2024/05/12, shopping 
 3703,72, 1682.73  ​,  2024-04-14 ,  utilities
2889,23, $735.46 ,2024-02-29,food
5045 ,177﻿,$1375.06,11/29/2024 ,utilities
4363,21, $1202.39  ,2024-11-30,shopping
2277,  206, $959.78 ,‍ 2024/06/20,​transport 
3191,295,$2426.60, 2024/04/26,transport
 7888  ,500,331.71,﻿  not-a-date ,transport
  7779 , 196 ,305.07,not-a-date,food
5462  , 161  ,769.02,2024/09/27,transport
4059,317,"​1,990.21",2024/10/08,utilities
 5049  ,  236 ,303.21,2024-11-18,entertainment
2245 ,385,1598.16,2024-03-22‍,utilities﻿
1903,132," 1,788.71 ‌",01/06/2024, food  
4140,363,$2154.00, 2024/12/29 ,shopping
4648, 219 ,$2323.43,2024-02-15,food
​  1639,217,  1734.34,2024-05-31, entertainment  
 966  , 234  ,​  58.78 , 09/28/2024  ,shopping
376,313,125.83,  2024-04-20 , shopping
6453,456,($97.27)  ‍,2024/04/14,chargeback
‍  821 , 330 ,$1856.52,2024-02-20,transport
  950  ,220,$1925.41,  2024/12/05  ,utilities
6497,185,‍($396.38),​  2024/01/16 ,chargeback
 5508, 228 ,"  1,399.51", 2024/12/23,  shopping 
​567,163,﻿392.08,08/14/2024 ,entertainment
1364,235,1408.85,2024-01-02, entertainment  
  5052  ,225," $1,448.04 ",2024-01-07,utilities
7600,159,324.00,not-a-date,food
5344,414, $589.87 ,2024-08-10,food  
‌  1906 , 247 ‌,‍1980.24,2024/12/22,shopping
7086,438‌, $470.99 ,﻿10/31/2024,reversal‍
 1888 ,326,2326.08  ,2024-01-10,food
﻿ 855 ,455,​  $873.92 ,2024-02-26,‍utilities
5534,  288 ,"   $1,781.03 ",​2024/08/16,food
3384,‌353,$1862.04,2024/07/09, transport  ﻿
6815​,441, ($301.87)  ,2024-10-22,entertainment
  3296,495,503.74,  2024-02-22 ,​ utilities 
3850,‍253," 2,179.52  ", 2024/05/15,shopping
  7635  ,427,347.37,2024-02-30,entertainment  
1891 ,327," $2,250.04 ",2024-06-14‌,utilities
 7297 ,​79,$67.74, 2024/06/14, refund 
  1814,447,"1,646.35",  2024-09-06 , utilities
  6100,306,   -226.08   ,2024/06/13,chargeback
 1803,﻿ 74  ," $1,249.23 ",‍ 2024/01/09 ,‌transport
4896,256 ,917.59‍,2024-02-29,‍utilities
8008,  ,  NA  ,2023-12-31 ,shopping
2351﻿,﻿377,$520.37, 2024/03/18  ,entertainment
 8268  ,10.5,"1,2,3‌",not-a-date‍,entertainment
6201,422,-87.87 ,2024-03-05,transport
 3810,465,$20.66  ﻿, 10/22/2024,entertainment 
5638,12,452.67,  2024/12/19,food
  6471, 126  , -70.28 ,10/11/2024,refund  
‌5622,416,  955.09,2024/08/26,shopping
 6097  ,97,   -67.28 ,  08/11/2024,refund
1027 ‍,‍442,   $277.34  ,2024-03-18,shopping
7157,153, 492.11,09/22/2024,reversal  
5169,  65," 2,474.88",2024-07-05,food
  3019 ,98,$890.72,2024/05/08,​  shopping 
‍5575 , 127  ,  $2474.66 ,  2024/05/24  ,  utilities
﻿  1015  ,236 ,"2,118.72‍",  2024-02-06 ,transport
672,﻿413,  $504.96   ,2024/07/30,food
  6619  ,  249  , -198.37 ,09/04/2024,chargeback
  4808‍,155,"   $1,384.54 ",2024/02/04  ,  transport‍
‍5105, 434‍,"1,253.85",﻿  2024-06-20  ,transport‍
3456 ,495," $2,108.73 ",03/15/2024,food
3300,169‍,$190.26,‌2024/11/15,  utilities  ﻿
1049,  102  ," $2,369.49 ",2024-10-26, food
‍8112,9999  ,‌ None,2024-09-13,entertainment
 6771  , 327,  ($159.47)  ,‌  2024/07/05, food
 1368  ,20,"2,191.81", 10/24/2024  ,entertainment
4031,26,​$1582.12, 2024/09/26  ,transport
  1388  ,327﻿,569.53,2024/04/08,shopping  
8244,  ,12..34, 2024-07-09  ,utilities
787,​262,319.41,2024-09-13, transport  
 7058,  206, 124.64  ,01/22/2024 ,chargeback
  6104 ,  229 , -404.90 ,‌2024-08-24, refund
8045,  , 12..34  ,not-a-date,entertainment﻿
‍3662,340  ,$135.24,  2024-08-10  ,transport
6988  ,  461  ,​  98.91 ,2024-03-24, reversal 
5556,116," $2,220.82 ",2024-08-15,transport
414﻿,10, $478.71,2024/12/12,shopping
 1412  ,188,1183.19,2024-01-08,shopping
7552, 494  , $345.81,2024-02-30  ‌,  entertainment  
‌4220,179,  922.06 ,‌2024-10-02,utilities
 4281 , 28,$846.71,‍2024/12/13,  entertainment  
4916,400,"   $1,051.29  ",10/28/2024,utilities 
2258,320,  $46.19   ,  06/04/2024,​transport
6462,  409, -415.38,2024-07-31﻿, refund
4747‌,284,1886.23‌, 08/09/2024 ,transport
 8259  ,NULL, abc  ,08/07/2024﻿,utilities
‍ 5470 ,495 ,$1512.40,‍2024/10/21,‍entertainment
 2093  ,41,"1,082.40", 2024/12/24,transport
 2760,127, $236.98   ,2024/06/14,utilities 
​613, 310 ," $1,536.58 ",11/23/2024  ,‌ food 
  727,  326,$591.54,2024/07/27,food
3863,127, $249.99  ,2024/03/02,entertainment
1413,‍194,$1754.09 ​,2024/09/09‍,entertainment
6819,  500 ,($276.68)​,01/13/2024,utilities
﻿4566, 219 ,637.32,11/20/2024 ﻿,entertainment
3476,﻿51 ," $1,193.95 ",2024-07-04,utilities﻿
﻿ 3699  ,251,"‌ $1,321.11 ",2024-12-11,transport
7471 ,357,372.93,13/01/2024,shopping
  4074  ,171,$1687.62  ,  2024-01-15, food 
7461,328,247.06,2025-01-01,utilities
3002,439," $2,091.89 ",2024/12/06,shopping
1664, 341,1607.04,07/30/2024,food
2694,  140," $2,054.38 ",2024/12/08,shopping​
 2674 ,152 ,$1350.06, 2024/06/25 ,shopping
  1369,  344  ‌,$919.12  ,2024-09-27,utilities
  8147 ,9999,NA,2024/02/26  ,transport
5563,  197  ​, 861.41  ,2024-05-06  ,transport
4231, 382 , $22.47 ,2024/08/12,shopping
  3511 ,308,$206.77 ‌,2024/12/06,  entertainment
5709, 320  ,"1,028.46 ​",03/21/2024,transport
2762  ,216  ,1560.06,08/04/2024, shopping  
  1874  ,406,1618.10,2024-05-04, food 
  3195 , 384 ,  $256.66  ,06/21/2024  ,  transport  
4320,239," $1,583.68   ",07/23/2024,shopping
 3327  ,355,"‌1,669.23",2024/03/01,food
  2579  ,  482,$2077.35‍,‌ 2024-05-11 ,utilities
  7355,84  ,﻿$155.12,  03/16/2024  ,﻿reversal
‍3779,  252 ,"  2,350.15",03/17/2024,​food
  1319 ,​ 95," 2,052.84 ",2024/05/22 ‍,entertainment
​  6038 , 241 , -453.29 , 09/16/2024 ,  food
24,179,"   $1,091.14 ",04/02/2024 ‍,shopping‌
6085,143, -16.06 ,2024-01-29,chargeback  
8068,10.5,abc,  2024/14/01  ,entertainment
3822‍,202,2141.18,2024/08/09﻿,shopping
5648, 13  ,"  2,468.55﻿",2024-07-21,shopping
  723 ,145,835.06,‍  2024/08/15  ,shopping
1635‌,366 ,  $1493.90  ,  2024/11/28 ,entertainment﻿
1171,457  ,444.65,07/15/2024,‌utilities
  6378 ,  168, -287.74  ,2024/03/11,utilities
5434‌,435,  $970.45‌, 2024-11-25 ,food
​7127,  163 ,  $233.31  ,  2024-12-16,chargeback 
5745,83  ,1245.16,09/03/2024,transport
3942,﻿  163  ,"2,274.86",06/14/2024 ,entertainment
910,​ 16  ,$343.47,  2024-11-26,utilities
﻿2352,142,  $425.94,06/21/2024  ,transport
‍6931,143 ​, $132.31  ,02/08/2024, reversal
‍  1292,54,567.92, 2024/11/03  ,entertainment 
1760,217,$1454.77  ,  2024/04/05  ,utilities
2713,﻿  500," $1,801.17 ",11/23/2024,  transport  
5664,‌ 96,  $379.53 ,  2024-10-26  ﻿,food
﻿ 2617 ,421﻿, 1611.20 ,  2024/01/15 ,​entertainment  
﻿6803, 346, -172.04 ,‍12/05/2024,food
​3092,176,566.68,​2024-03-19,transport
  3047 , 70,$1388.15,2024-01-16, utilities  
128,188  , 923.72  ,  01/01/2024, entertainment 
593, 322,"﻿ $1,962.16 ",2024/12/08,utilities
307,​ 210,  215.02 , 2024-08-17 ,food
6302 ,69,  -52.17  ,​03/26/2024,  food 
7911, 9999  ," 1,2,3",‍  11/06/2024  ,  entertainment 
4772  ,159," 1,788.36 ",2024-08-05,‌transport
  7499 ,155,11.57  ,,  shopping  
 3372,492,​849.72,2024-07-31,utilities
3518,​302,  $411.24,2024/02/05,  utilities
3478 ,  33,$2000.24,2024/11/07, utilities  
1818,140  , $72.99 ,2024/02/29  , entertainment
6321,258  , -423.47  , 2024-04-09,transport
7601 ﻿,266﻿,$176.96‍,13/01/2024  ,transport
3512, 303,"   $1,733.18  ",2024-02-18,transport‌
‍3301,  404  ,"1,563.88",2024-04-01  ,  transport  
267,  169  ,240.60, 04/03/2024 ,shopping
  1382  ‌,439,$1447.89,‌2024/09/27,  utilities
5585‍,  441  ,"  $1,171.36 ",​08/23/2024,  shopping  
 2029  , 96 ,​$560.41,01/13/2024,  entertainment
2422,  237﻿,"1,947.57",11/27/2024  ,shopping
﻿2407  ,﻿425,1076.24​,​05/30/2024,transport​
7912,x​,  $ ,2024-02-30,entertainment
​8176,  NULL,"1,2,3‌",2024-11-25,shopping
﻿7042 ,366,297.67,  2024-03-21‍, chargeback  
217,88,261.21  ,2024-09-20,food
8087, x ,None,​2025-01-01,  entertainment 
8139﻿,x,12..34,13/01/2024﻿, food
  1942 ,260  , $33.12 ,2024-06-27,  shopping 
2766,  92 ," $1,354.66 ",04/02/2024,shopping
1411,48,$2118.37, 2024/12/04,shopping
2011,455‍,"‍2,293.36",2024-11-02 , entertainment 
‌  2700,  225  , $183.60 ,2024-07-18,  food 
2482,142,$1652.42,2024/10/04,food
4357,456,1585.96,08/10/2024,transport
804,258," 1,556.11",2024/10/03,  food  
4666,  387,﻿$75.81,2024-03-22,transport  
4867,493‍,1160.76, 2024/08/17 ,  transport 
 1681 ,478  ,"  1,337.71  ", 2024/05/18 ,transport
  5705  , 289,"1,194.50",08/23/2024,food 
  1747 ,212,$1193.59,2024-03-16﻿,food  
2813,﻿361,"  $1,910.95  ﻿",  2024-06-01, food 
 4137  ,444,"1,274.65",2024-03-10,‍shopping
 7293 ,323, $34.99,  2024/09/23  ,  chargeback
7661, 454,244.49 ,2025-01-01,utilities
  1730,418,1312.01,2024/06/28,entertainment‌
2575﻿,356,430.50‍,2024/09/03,transport
3417 , 221  ,$1357.47,  2024-06-11 ,utilities
‍1392,﻿149,"   $1,807.37  ",  2024/01/23,utilities
6523,40,-136.80, 04/06/2024  ﻿,shopping
5122,488,937.27,​05/02/2024,  shopping‍
  4008 ,303  ,234.21,  2024-11-06  ,  entertainment 
 4251  , 105 ,$864.97  , 02/09/2024  ,​ shopping  
2524,  469 ,$1663.02,11/21/2024,  transport 
4244  ,339 ,$886.11  , 2024/03/08,transport
‌7281,279,185.43,06/28/2024,reversal
50‌,  379,1096.74,02/07/2024,transport 
5506,432 , $286.52 ,‌2024/12/29,utilities
​5699  ,212  ,1479.03,2024-08-19,utilities
5312 ,71,$621.89,2024-03-01,  utilities  
146,459,"   $1,917.06  ",‌ 2024/07/01 ,transport
3568,​254,872.22,  2024-12-10 ,shopping  
5435 ,176,$2305.37,05/08/2024,transport
961,362,"  1,299.92 ",2024-08-23,entertainment﻿
7991,​,﻿NA, 2023-12-31‌,entertainment
5915,374, $1995.75  ,2024-01-04,transport
 5172 ,210,​975.76,03/28/2024,food
6723  ,308,($260.26)‍, 2024/01/13  ,  transport 
27, 21, $340.96 , 09/02/2024,transport
1371,344  ,‍ $2257.08 ,‌  2024-01-29 ,  utilities 
  7892,66, $96.06 ,13/01/2024,food
7741,388‌,$63.19,‌  2024-02-30 , utilities 
  20 ,252 ,768.68,07/26/2024,‌entertainment
6159,255,-302.12, 01/02/2024  ,entertainment
‌ 480,402,  892.71,2024/06/16,shopping
  2514‌,475 ,"  $1,686.29  ​",2024/05/05,  utilities 
1465, 244,743.66,2024/06/01,shopping 
  7895,‌192,  120.83  ,​2025-01-01,food
2045,357,"﻿ $1,168.78 ",  03/11/2024 , entertainment
6965,156,377.74,  2024/10/12, reversal﻿
8098,NULL​,None‌,2024/02/19 ,food
5569,‌315 ,$470.76,﻿2024-12-20,transport
 3569  ,﻿100," $1,909.34  ", 10/15/2024 ,entertainment
  6202 , 245  ‍,($125.70),2024/11/05,  transport  
  98 ,116  ‌,"1,593.51",05/01/2024,  shopping  
1202  ,‍172, $45.52 ,  2024/09/03  ​,transport
 1314  ﻿,324,566.08,2024/04/16,entertainment
 7450 ,164,58.34,2023-12-31,transport
​130,465,$1929.95,2024/02/21,transport 
 6082  , 41  ,﻿  ($67.59),  07/13/2024 ,‍reversal
2280,  461 ,"1,735.93",2024/05/13,entertainment
  6137  ,269,($352.43) ,07/13/2024 , reversal
2323,  225,96.72  , 2024-03-22 ,shopping
7681  ,‍468,315.40,2023-12-31 ,shopping
 7230,207,118.95,  2024-04-06  ,refund
  560  ,347,$1928.07 ,2024-10-17,‍food
1506, 499 ,﻿ 100.65,2024/08/28  ,entertainment
4248,​248, $791.43 ,2024-07-10,‌  entertainment  
2982  ,  423  ,  330.26  ,11/14/2024,shopping
7631,340,204.31,2024/14/01,food
4407‍,310,   $356.01   ,  08/19/2024​,shopping
6248,142,-427.33‍,  2024-07-06 ,chargeback
5537 ,​443,"﻿ 1,865.33  ",  11/11/2024 ,food
793, 230,   $703.10  ,03/19/2024,  shopping  
  2033,  256  ,"2,339.90 ",2024-01-25,  shopping 
6146,  79‍,  -271.87  ,2024-09-06​, refund 
  7580,​  33 ,  31.42 ,13/01/2024,transport 
8036,‌10.5 ,NA,10/02/2024  ,food  
  1796  ,‍48,2308.85, 2024/11/23 ,utilities‍
761, 203,1177.24,11/30/2024,utilities
​3843,  141 ," $2,429.87 ",  2024/05/11 ‍, transport  
​2433,404,861.76​, 2024/09/08  ,​  utilities 
4565,187 , $913.72 ‍,  2024/08/16 ,  entertainment
2951,  55 ​,﻿$128.19  , 2024/04/19  ,  utilities 
​ 6966  ,434‌,$335.07, 2024-07-10,chargeback
3031,477,"1,912.58",2024/07/17,utilities
  3687,3, 937.03,2024-10-31,  food  ​
7431, 299 ,161.72,​,​transport
4279,238," $1,327.92 ",2024/01/24, transport​
  2067 ,207,"​ $1,763.85   ",  01/29/2024 ,﻿transport
3640,‍123,$849.13‍,06/04/2024‍,shopping
8299,x,$, 2024-02-30 , transport 
1275,39  ‍,761.51​,2024-11-19,entertainment 
7599,97,274.36,not-a-date,shopping
3460,  194  ,"​ $1,228.52 ",02/06/2024,entertainment
1989, 25,"  $1,830.75  ",2024/08/16  ,‌transport
 5009,152,‌$171.87,2024/05/19, entertainment  ‌
‍ 6267 ,221,($179.33),2024/01/13,reversal
  7047  , 342 , $131.46 ,  2024/10/06  ,‌reversal  
1885﻿,58,573.76,11/02/2024,utilities
  3444 ,360,  978.82 ,‍  06/18/2024  ,utilities
5037, 94  ," $2,010.29 ", 2024/04/03  ,shopping
7969,10.5,None,2023-12-31,food
4142, 437  ,1803.67,  06/21/2024 ,  food
6229  , 16,  ($203.53) ,​2024-03-15,shopping
‌7457,​51  , $387.89  ,not-a-date,food
1041,456, $835.56 ,2024/05/04  ,  utilities  
  4377 ,  335 ,   $855.78 ,05/27/2024,food
2330,245,"   $1,912.76 ",2024/07/20,utilities
4727,11,"1,996.48",2024/11/18,shopping  
‌  5883  ,427,1741.89,2024/09/28  ,shopping 
‍3432, 232, $2214.00 , 2024/06/20,utilities
8069,NULL,"1,2,3", 2024/10/27  ,transport  
 5706  ,331," $1,182.29 ",2024-12-08  ,food 
  6315,  414 ,​ ($236.22) ,2024/11/01  ,​reversal
5334‌,269,2492.20,2024-04-03,entertainment
 8256  ,‍NULL,abc,2024/11/09  ,utilities
 2161  ,409,$2266.76,2024/12/06,utilities﻿
2274 ,‌55,$2079.55‌,2024-12-07, utilities
1005,278,1832.36,10/01/2024, entertainment 
4591, 305  ," 2,236.96",  07/08/2024  ,  transport 
7480,372, 378.91  ,2023-12-31,‍ food
6532,297,($364.83),2024/03/06,food  
5314,373,1203.34,03/29/2024,entertainment
 5276 ,286,$2476.86,2024/10/06  ,utilities
 3193 ,​171, $766.19 ,2024/02/01,transport
  4401,‍449,﻿716.82 ,2024-05-31‍,food 
3755,370, 606.92 ,07/06/2024,shopping​
﻿  3277 ,406‍,"1,000.58", 08/03/2024​,shopping
5964 ,14​,  1427.70  ,  2024/09/01,food
﻿  498,‌422," $2,049.82 ",2024-03-25,utilities
 7037,‍  156,50.86,  2024/04/03 , refund  
3534, 293 ,$1843.97,​2024/10/08,transport  
5211,145,"  1,297.38",11/03/2024,entertainment
4372,285,"1,249.04",10/02/2024  ,transport
﻿3285,307, $898.25 ,‌2024-12-17,entertainment 
2795​,374,‌$657.26,08/10/2024,entertainment  
 2006  , 47," $2,030.73 ",11/27/2024,shopping
5842,382‍, $123.67 ,  2024/10/28,food
31,343,  $490.57  ,‌10/24/2024,utilities
  6811  ,  15  ,-84.78,02/07/2024,transport‌
3682‌,362, 1852.06,04/10/2024,‍shopping 
​639, 440  ,214.60,2024/06/12,entertainment
3387, 192  ," $1,797.00 ",2024-02-14,  food  
 3378,212﻿, $2210.17 ﻿,2024-10-09,utilities
 5476 ,﻿386,‌  $2324.57,05/28/2024,﻿ shopping 
 7309,  251, $263.79  ,  11/13/2024, reversal
6820,106, ($216.66) ,2024/12/27,refund
7828,32,  105.11,2025-01-01﻿,transport
725,﻿70  ,$863.07,  2024-04-30 ,food
766,423, $969.95 ,2024-05-18,shopping  
5353,211," $1,466.74 ",2024/06/18,  food 
4307,26,$1793.01,02/20/2024,transport
‍ 5998 ,343‍,‍$4.33,‍04/25/2024,transport
5901,14,"﻿   $1,276.52  ",11/01/2024,utilities
3660‌,427  ,$1297.29 ,2024/07/04  ,entertainment
6404​, 240  ,-444.85,07/21/2024,  chargeback
5748,‌ 126  , 1078.09 ,﻿2024-02-10,  food 
7955,9999,NA, 2024/08/14,entertainment
5129,129,"‌  2,497.91  ",2024/12/14,utilities
5472,199,339.67, 2024/09/06 ,entertainment 
1524  ‌,38,​1508.64  ,2024/01/07,entertainment
1550,274, $1136.70  , 2024/12/07  ,entertainment
  3319 ,10,  $92.41,2024-03-17,  transport 
6582 ,182,($43.37), 07/09/2024  ,chargeback
﻿  1416, 293 ,  774.79 ,​  2024-03-27,food 
  4046,  155‌,"  $1,296.39   ",2024/04/27, utilities​
7942,10.5,None,,utilities
 4509 ,99,  $691.45  ,03/07/2024, entertainment
5795,151​,$81.26,2024/09/30,‍food  
6139,318,   -165.63   ,  12/16/2024 ,refund
 3071, 99,  918.42 ﻿,09/02/2024,transport
8213,  NULL  ,NA,2024-02-30,shopping
4185,96,‌596.27,07/31/2024,shopping  
6839,221,  -381.77  ,2024-02-23  ,entertainment
2886,  186 ,1620.97 , 2024/07/13  ,entertainment  
1042,73,$2347.88 ,12/03/2024,  transport  
3347,303,$1243.05,‌04/13/2024  ,utilities 
4143, 378, 93.00​,2024/05/28,entertainment
4694,342,‌ 389.72, 2024/12/06 ,  entertainment 
‍7052 , 121  ﻿,  $185.22,  2024/07/10  ,reversal
  465  ,123,456.70,  2024-06-19  ,shopping
1317,28, $236.52 ,2024/04/08, utilities 
6322,43 , -124.30 ,06/22/2024,transport
3624,146,"‌1,462.55", 2024-08-29  , food  
  7107,  184,214.16  , 2024/02/07 ​,  reversal 
2345,145," 2,332.55  ",10/02/2024﻿,food
​2348, 302 ,$658.02‌, 04/12/2024  ,food
3124,293,1586.02,2024-10-12 ,food
4404,442,311.47,2024/03/16,  transport
3055 ,472, 486.19 , 2024/06/03 , food
3880,131 ‍,"1,334.44",  03/26/2024  ,shopping
2636,41," 2,286.11",2024/12/10,transport
7999,  10.5,  abc ,2025-01-01  , shopping﻿
5572,  185​,$882.90,2024/05/28﻿, entertainment  
  4128  ,229, $69.97 ,2024-07-09,entertainment
2048,10,408.07‌,2024-12-09,transport
 4571 , 196,"   $1,629.16  ",2024-10-31​,  utilities  
  5743,153,$2114.37,04/02/2024,transport‍
  4348,96,1443.41,  2024-03-11,utilities
​5899, 135, 2229.93  ,  12/27/2024  ,shopping
 2201, 466 , $391.20 , 09/21/2024, shopping  
1988,63‍,2055.43, 2024-04-12 ​,  utilities 
2096‍,‍ 444 ,"  $1,532.40 ",12/04/2024,utilities
2866,161,689.43​,08/25/2024﻿,shopping 
3984, 254,"1,002.40",  2024/09/27,food‍
 5422  ,  27 ,   $917.43  ,2024-01-02  ​,transport  
  4949 ,166‌,"2,075.61  ",‌2024/04/04,entertainment
1120, 57  ,"1,692.37",‍05/19/2024,entertainment
565,  400,$139.36  ,  2024/04/22 ,shopping
1802, 376 , $1088.96 ,2024/01/13, utilities  
7116‍,﻿230 ,‌  113.69,2024/02/25,reversal‌
5418,363,975.39,03/04/2024,entertainment
 8150 ‌, NULL  ,$,13/01/2024,  entertainment 
  1486 ,481,"​ $1,506.34 ",2024/06/22,  utilities
1325,35﻿,"​ $1,234.45 ",﻿04/05/2024,food
  6390 ,‌53,   -129.24 ,01/19/2024﻿,transport 
3693,135," $1,691.27 ",  09/08/2024 ,transport  
​5522,418 ​,  $569.29 ,2024-04-07,utilities
  5636 ,29,​ $1536.02  ,02/22/2024, entertainment  
7103 ,140 ,  $433.38  ,﻿2024-03-15,​ refund  
4132,125‌,﻿441.47,​2024/05/28,shopping
799,53,2182.57 ,2024-09-24, transport 
  4872,153,"﻿2,116.85",2024-06-16,  utilities 
‌5489,361, $661.40  , 04/24/2024 ,food
5035﻿,234, $2243.42,2024/03/09, utilities ​
‍7632,314,157.32﻿,  ,  entertainment 
 6758,471, ($88.97) ,‌ 03/01/2024 ,refund
4491‌,  457 ," $2,343.44 ",‌04/28/2024,transport
  3986 ,499,"1,625.15",2024/03/23‌,shopping
6775,262, -482.13 ,  2024-06-15, refund  
8117  , x,None,  01/30/2024 ​,entertainment
​ 144, 454,$1915.38,2024/11/24,utilities  
‌1157,16," $1,035.15 ", 2024-04-24 ,shopping
1394,169,2468.31 ‍,2024-12-11,  utilities  
 1473 ,165,1333.23  ‌,2024/01/02,food
7239‍,248,‌  $294.93, 2024/12/07 ,  reversal 
  2910 ,  231," $1,437.91 ",  2024-04-05  ,transport
​576,410,640.49,2024/07/18,entertainment  
6648,  174, -103.23 ,2024/06/23,utilities
 6504, 283,‌($135.90), 2024-06-10, shopping‍
2510,  215 ,$1404.71,2024-04-23‍,shopping
2370,399,"2,144.20",2024/10/22 ,shopping
1469,﻿52,588.07‌,﻿2024/04/05,﻿  food  
2784,​297,​  113.30 ,2024-05-31,food 
6660,145​,​($70.73),03/15/2024,entertainment
  1153 ,210,13.47,2024-09-25,food
938,488,"  1,117.10 ",​08/11/2024,food﻿
 6842﻿, 223 ,($158.19),2024-07-22,chargeback‍
5047,​174  ,$1385.21,​  08/08/2024  ,transport
6058,287,($404.54),2024/06/12‍,‌reversal
5969,‍  3  ," $2,100.46 ",06/12/2024​,food
746,‍105,"﻿1,919.89",‌2024/03/27  ,shopping
85  ,87, 642.98,2024-09-13,entertainment
  5316,498,885.22, 11/11/2024  ,food
  5232  , 472 ,   $672.08 ,09/29/2024,food
 3774  ,​317," $2,400.29 ",2024/10/14,shopping
5447,398,"1,951.45", 02/14/2024 ,  transport
4763,  40,"2,070.66‍",‍  2024-11-08,entertainment
3555,479," $1,518.43 ",03/20/2024,  shopping  
​4511,‌ 248,$2293.71,  2024/07/25,food​
749‍,‌500,$1407.73,02/03/2024,  entertainment  
6131,5,   -442.61  ,​2024-01-22,entertainment﻿
1898,​10  ,‌  852.93 ,2024-12-16‍,transport
2701,495‌,   $682.85 ,  2024-12-07 ,shopping  
7151﻿,﻿176,451.02,07/04/2024,  refund  
‍6250,363,-119.60, 2024/06/08  ​,  utilities 
4820,‍36,1793.95,02/07/2024,‌entertainment
6530,‍205,  -154.36   , 12/15/2024  ,reversal
1860,‍  203  ,$1980.98, 2024/04/09  ,‍utilities
5315,170 ," $1,344.02 ",2024/10/16, entertainment
2380,﻿122, $336.83 ,2024-02-25,entertainment  
 1301, 443 , $929.21   ,2024/10/05  ,utilities
6785,  260,($235.46),2024/10/12 ,food
5033,341,  275.54 ,﻿ 2024-02-27  ,  food
  173,495,1867.29,08/14/2024, food  
4851,394," $2,123.25   ",2024/04/10,shopping
8018,  ,"1,2,3  ",​ 2024/07/26, food
​  2520  ,201,"﻿ $1,430.43 ", 2024/09/25, food ﻿
  2342 ​,154,  1153.63  ,2024-07-21,transport
6237,431‍, -418.74 , 05/25/2024,entertainment
47,  496‌,"  1,809.14",2024/10/28, food  
3532,283,"1,314.95  ",​07/04/2024,utilities
6830,342, ($146.77)  ,2024-05-14,‌  entertainment 
5409,​  465 ,1545.96,08/22/2024,entertainment
﻿3163,  182  ,"1,726.87",01/27/2024 ,food
5003,485,955.63,  2024/02/21  ,transport
​3226, 464  ,872.67 , 07/19/2024 ,entertainment​
2246,﻿ 480, 1241.60,08/15/2024,entertainment
‌7511,457, 286.74 ,,utilities
  4513  ,​299," $2,154.57 ",  2024/10/23  ,‍utilities
4718,445,  907.86 ,2024/09/16  ,﻿  utilities
3696,95,  $1194.95  ,‍2024-06-25,transport
284,235, $1245.73,  2024/11/27 ,food
‌809,365,"﻿1,433.73",01/27/2024‌, utilities
 2417,299,  $907.14  , 06/29/2024 ,  food
7941  ,9999,abc,2024-02-30, transport  
‍7615  ,105,​295.05,2024-02-30  ,‌entertainment
 348,305," $1,353.23 ",2024/09/28 ,﻿entertainment
4640,  166  ,"2,230.51",2024/06/05,food
 7783 ,  348 , $82.18 ‌,‌,transport‌
  5733 ,‌13," $2,355.64 ",2024/04/25,food
 4634  ,242,346.16,2024-04-23,﻿food
7819,225‍,  38.36​, , utilities  
  294 ,  497  ," 2,032.72 ", 02/25/2024, entertainment  
4696 ‍,347,438.94,2024/10/22,utilities
4714,499,1352.12,04/20/2024,‍ transport  
  6738 ,  90  , -103.81, 2024-04-05 ,utilities
3358,298, $385.91 ,2024-04-06​,‍transport
6158,428  ,  -96.98  ,2024-12-11,refund
‌4273,374,2414.91 ,2024/11/14,entertainment
 6221 ,294‌, ($42.43)‌,​11/27/2024  ,​  food
​7956,,$,2024/14/01,transport
4334,481 ,$1045.98,2024-05-24,  food 
55,493, $488.29 ,‍  09/29/2024 ,  food 
5287,‌203,"1,909.92​",2024-07-23,transport
  5931 , 216  ," $2,063.83 ",2024/06/04, entertainment  
2010, 195 ,198.54, 2024-12-27 ,transport
4622,499,  297.24,  2024/04/21 ,entertainment
8064 ,,None, 2024/03/05  , transport  
5263, 249 ,466.86, 03/07/2024  ,  shopping
1559,‌417, 1415.56 ,2024-08-27,entertainment
6821, 196  ,-337.39 ,2024-01-19,refund
‍2121 ,92,1718.20,2024-05-14,entertainment﻿
7575,341,128.82,2024/14/01‍,entertainment
  6676 ,394, -367.83 , 07/04/2024,reversal
8166, x,  abc,12/10/2024,entertainment
  5607  ,381,   $931.40   ,‍06/16/2024,​  entertainment  
838,361,$383.10, 07/29/2024 ,utilities
391,466,973.11﻿,07/18/2024,transport
5175 ,﻿242,$685.11﻿,​2024-12-08,transport 
4472,206﻿,  $801.97  ,2024-07-17 ﻿,food 
 260  ,360,   $11.63  ​, 2024-09-25,transport
7218,263, $101.48 ​, 2024-10-16,refund
 2488 ,356,​ $798.00 ,04/10/2024,transport
4776 ,44‌,  2435.97 , 04/20/2024 ,food
‍4855 , 443 ,$2437.58,02/12/2024,utilities
4570,343,   $231.62 ‍,​2024-03-10 ,shopping
4946,  64 ,2472.62  , 2024/07/31,  shopping  
  535,151,  $1884.14,  05/31/2024  ,entertainment
 6724 ,76,-407.45, 2024/06/23 ,food
8246,  10.5  ,‍None ,2024-02-30,shopping
7630,48,﻿ 370.33,13/01/2024,transport
 5528,  50 ,"2,499.16",‌2024/02/17,shopping
 96,274,$1761.03,2024-12-08,utilities
5431,  417  ," 1,934.43",﻿02/26/2024 ,entertainment 
5467,448  ,"   $1,868.34  ",02/29/2024,  transport
6044  ,293, -450.74 ,​2024-09-15 ,entertainment
  4863 ,  360  ,"1,086.33",2024/08/25, food  
6066,​446, -407.55 , 2024-09-02 ,food
‌4979  , 54 ,"  $1,881.44   ",09/23/2024, food  
4266,482,15.51,11/12/2024,utilities
7751﻿,32, $264.76 ,13/01/2024,food
630,32,$149.50,  2024/01/08  ,  shopping  
 2055 ,  312 ,"   $1,233.57 ",﻿  01/16/2024 ,  entertainment  
4148‍,﻿402,  951.31  ,2024/09/17,shopping
251 ,455  ,"1,114.62",01/03/2024,  shopping  
3912,497," $1,818.58 ",2024/09/23‌,transport
‍4012  ,  60,913.35,  2024/02/28,shopping
  6882,479,  -235.05 ,2024/08/02,  utilities 
6670 ,283,($189.79), 2024-07-13,food
134,20,"2,484.41",​ 2024-06-04 ,entertainment
7383,338 ,$175.07,09/06/2024,refund
6919,202, $37.51  ,2024-02-28,chargeback
 2535  ,‍298 , $962.58 ,2024-04-07,food 
  934 ,77,"1,035.86",2024-10-26,utilities
839,434,$1233.15,04/11/2024,entertainment
 3620 ,​ 368 ,1259.05,﻿2024/06/08,transport  
4579,﻿  300  ,​567.78,2024/12/18,shopping 
 2932 ,128,$1733.01, 2024/11/02  ,shopping
6928,368,32.82,2024/03/09, reversal  
 6303, 366 ,-169.31,‌2024/11/04,  entertainment
3796,269,$825.25,2024-06-24,  transport
  5400, 309 ,"  1,896.76", 2024-01-25  ‌,transport
14,  80,"2,019.97",‌09/27/2024,transport
7460,182,﻿80.57,​13/01/2024,entertainment 
﻿1181, 198 ,"   $1,459.65  ",2024/07/16 ‍, utilities 
‌3655,‌325,"2,391.54  ",2024-02-26,entertainment
4673,38,80.23 ​, 2024/07/27,  food
  5804 ,41,$2103.19,09/14/2024,entertainment  
1023,267,953.32,﻿10/12/2024,  transport  
 2522  ,471, $173.67,2024/12/10,‍transport
6832, 134  ,($447.54),2024-06-07,transport 
5644‍,127,2376.68, 10/08/2024,‍entertainment
5177,238,​ 1417.42  ,2024/01/07,  entertainment  
1970,81,﻿489.99  ,2024-12-14,entertainment
897,  290,‍ $672.06 , 01/30/2024 , utilities 
1274,230,$2237.41,01/03/2024,shopping
2229﻿,  350, $862.24 , 05/04/2024  ,​ food 
6951,215,‍$345.73,2024-08-21,reversal
  5135﻿,476,$1157.07,2024-09-26, transport
7459  ,161,354.54,﻿not-a-date,‍food 
4646, 459  , 1552.88  ,2024-12-01 ,utilities  
﻿  3934 ,470,  1152.27, 2024/05/04  ,entertainment
  8237 ,﻿ ,   ,2024-10-28  ,food
7284, 416  ,210.62,12/11/2024  , refund 
7036 , 96, $220.27 ,2024-03-04‌,  reversal
 4864,30," $1,059.13 ", 2024/08/06  ,shopping 
  3806  ,368 , $165.30   ,  2024-03-10 ,utilities
5566,‌379,164.88,2024/01/26,‍entertainment
‌1771,350,1465.17,‍2024/09/14,food
4629,4,187.64,2024-01-13,  food
  16 ,182‍,‌ 654.91  , 01/13/2024 ,entertainment‌
  4056  ,188,$964.88, 02/11/2024,transport
3236, 198  ,‌ $359.02  ,  2024-06-24 ,‍  utilities 
8277,  ﻿,"1,2,3 ",,food
  4441,223,"  $1,240.54 ",‍ 05/04/2024,entertainment
8137,     , $  ,2025-01-01,shopping
2236,328," $1,503.77 ",‌  2024-05-27  ,​food  
  1203 ,83,$2206.14,2024-10-03,entertainment
  4958  ,477," $2,094.14 ",2024/12/10,  food 
9,142,  461.69 ,2024/08/01,utilities
​ 4795  ,271,2143.66,‍2024-08-24,shopping‍
 3036,47,"﻿ $1,090.23 ",09/29/2024,transport
  7359 ‍,445  ‍, 420.87 ,2024/10/31,reversal
5966,277, $1856.81  , 2024/08/27, transport 
  6057 ,390,-240.11,‍2024-12-22,reversal
 1260 ,  283 ,2282.41, 09/05/2024,utilities
7694,‍ 266 , $14.99 ﻿,‍2023-12-31,shopping
559,  177,$586.86,2024-09-30,entertainment
 5649,224,‌$1507.46, 2024-06-03 ,  transport  
  5142 ,318,860.94, 2024-01-31﻿,  transport 
1256,  145 ,  $1104.68  ,2024/12/02,shopping
2608,  222,  1180.28,﻿ 2024-12-18 ,  entertainment  ﻿
7079,​  302  ,291.52,2024/05/10,reversal
1321,276 ,"1,050.62",10/31/2024,entertainment
7717 ‌,19 , $322.55 ,not-a-date,​ entertainment 
‍4750,  129 ,616.79,09/14/2024,​entertainment
7760,﻿34 ,281.27,2024-02-30 ,utilities
6806,176  ,-457.60  ,  06/08/2024  ,refund
 7853,183,$367.26,not-a-date ​,shopping
1396  ,90, $672.75  ,  2024-04-25,  shopping  
  607  ‍, 234,2131.46,2024/01/21,‍utilities
2978,343,$584.64​,2024/04/29,‍transport
6099,  11,($135.04),11/23/2024,utilities
2505,406‌,763.23,2024/08/13  ,entertainment  
8297,  , abc ﻿,2024/01/22,​utilities
5581,466,"  1,556.67 ",2024/10/20,  transport  
 3102 ,500,$1289.16 ‌,12/19/2024,shopping
467,395," $1,836.18 ",  2024/12/18 ‌,entertainment  
 3282  ,  160 ,"  1,119.45 ",2024/02/20,utilities
 987 ,  470 , $612.31 ,2024/04/14 ,‍  entertainment
3230,347,170.87,  2024/03/11​,utilities
5959,87 ,﻿957.32,2024-10-02,shopping 
1037,  420,$1138.15,2024-10-13 ,‌food
5917,55,"1,258.25",10/18/2024,shopping  
529,﻿130,"1,231.80",2024-03-02,‌entertainment
438‍, 57  ,$1750.57,2024-02-18,shopping
2198,250 ,279.85, 2024/12/07,utilities
﻿  4528,31, $1713.36 ﻿,02/14/2024‌, transport 
‍  8267  ,x,None,‌11/20/2024,﻿food
993,433,$1948.31,2024-12-07,  food
374,432﻿,"1,545.27 ",01/07/2024  ,  food ﻿
3158,445," $2,106.38 ",07/30/2024 ,﻿transport
135,117,  2326.12 ,10/01/2024,shopping
4560,101,"  $1,727.08  ", 10/16/2024, shopping  ﻿
8076​,  ,  abc,2024/14/01, utilities  
708  ,156," $1,926.17   ", 12/23/2024,  entertainment
7507,  5 ,  $222.71 ,2024-02-30,utilities
2470,432,‍   $511.98   ,‍08/07/2024  ,food
‌783,114, 751.74 ,04/28/2024, food 
6364,244,  -381.83   ,2024/11/21,transport
​5759,266,﻿8.05  , 08/18/2024 ,entertainment
1591,‍  365  ,2342.87,  2024-04-15 ,‍shopping
5335,44, 172.91 ,‍ 2024/06/05 , transport 
4327,349,$168.26,﻿05/03/2024,utilities
694 , 72  ,‌$620.89,12/07/2024,  utilities  
2582,‌  195  ,2177.79,2024/12/16,entertainment
5006,121,"‍1,955.57",  2024-04-25  ,  utilities 
1047 , 106,"  $1,437.19 ", 2024/09/08 ,food
4109​,44," $1,058.98   ",2024/04/12,  food
  6534 ,360,($475.60)  ,11/03/2024﻿,chargeback
 6708 ,‌468,   -39.03  ,‍2024/10/31,refund﻿
1628, 402 ,201.83,﻿09/22/2024, entertainment
  2145,18,1070.84,2024/06/13, shopping
 2503,176,$729.69,  01/12/2024 ,  transport
 4058  ,44,1317.34,2024/06/16,shopping
 1066  ,157," $2,040.42   ‌",2024-06-23,shopping
 795,​  123 ,"  $1,919.13   ",2024-12-28,utilities
7563,373,45.36,2023-12-31, shopping  
3930,86,36.76,12/20/2024,utilities 
202,​100, 799.22  ,2024/07/28,food
1186  ,  402 ,168.79, 2024-03-26,  entertainment 
  2282, 346,996.60,2024-01-27 , utilities
  5070 ,335  ,  1775.43,2024/02/09﻿,  utilities  
3205,359,"  $1,461.65  ",2024-01-10,shopping
2664 ,  339  ‌, $390.04 ,  12/13/2024  ,food
 4364 ,385,$133.33  ,  10/02/2024 , entertainment
3652,245 ," $1,959.29 ",2024-03-14,  transport  
2929​, 267," $2,372.36 ",05/22/2024, shopping  
6296,119,-53.25,‍2024/12/16  ,refund
6265 ,31,-296.60,2024-10-29,utilities
﻿  4198  ,  445 ﻿,"2,053.61",04/24/2024 , food  ﻿
2069‌,411,$1271.92,2024-11-10,‌utilities
3197 ,‌60,609.50,  2024-06-01 ,utilities
2049,264,"2,188.13",2024-09-12,​  food  
995,370 ,﻿$922.85,‍2024/06/10,‍utilities
1070,433,$2484.24,‍2024-04-17,‍utilities
3386,  124,"2,474.93", 2024/11/19 ‍,transport
 6588  ,458,‍-456.20,﻿ 2024/06/04,food
 11 ,118, $24.36 , 2024-11-09  ,  transport  
4597 ,264 ,  596.03  ‍,2024-09-14,utilities
2013,  160,289.78  , 2024/02/27 ,transport
 6029 ,‍ 151 ,-332.33,2024-03-02,reversal
 1670,425,  $1011.33,﻿ 2024/01/03,shopping 
8271, 10.5,"1,2,3",2024-02-30,  food
6080,  36 ‍,‌ ($37.97), 12/11/2024  ,refund
3004,439," $2,360.08 ",2024-06-29,utilities
7851,  484  , $240.69 ,,‍ utilities 
4920‍,136,203.90  ,2024/12/28,food‍
8130,,NA‍,  ,shopping
5359, 402 ,400.54,2024/02/08,﻿ utilities 
2149,429,  126.57 ,10/20/2024, entertainment  
‍1572,318," 1,776.75 ",08/28/2024,transport
5366,‍307 ,953.44,  03/01/2024 ,shopping﻿
5986‍,220,685.03, 12/23/2024  ,﻿utilities
4542,432,900.60  ,2024/08/10,‍entertainment
3279,291, $837.46 ,2024/09/12, entertainment
 7871  ,193‌,52.60, not-a-date,entertainment
2350,223,‍ $27.64   ,2024/05/07,entertainment
2196,56,1255.00,2024/01/24,food
6866,72 ,‌  ($116.46)  ,2024/02/27,chargeback
  1306 ,82,$50.55,2024/12/01,entertainment
6859,330,  -117.64,‌  2024/02/28  ,  transport 
7414,346‌,469.18,‌2024/14/01,  entertainment
2761,15,$386.03,2024-11-21,shopping
‍8094,  ,None,06/19/2024,‍utilities
  2465,489,"1,917.77",02/11/2024,  food  
  8170 ,‌  x  ,NA, ﻿,food
  2449,123,$812.96,  2024-05-02  ﻿,entertainment  
  2754 ,146,  2246.83,‍06/26/2024,entertainment 
  3309 ,  167  ,"  1,149.20", 2024/06/18‍,  utilities  
6412 ,329, -122.86 , 2024-07-16  ,shopping
3959,95, $287.68 ,‌  2024-08-02,  shopping  
 2273  ,167,"‌  $2,445.74  ",2024/10/10,utilities
6485  ,255,-494.31,2024/11/24,chargeback
4249  ,  397  ,1544.97,2024-06-18  ,  shopping 
  7183  ,244, $56.46  ,  07/08/2024,chargeback
 5308  ,140,$818.01,03/02/2024,  food  
5067 , 162  ,$769.99,2024/08/13,food
5098,  402  ,493.57,  05/10/2024,entertainment ‌
1012  ,  147, 594.98  ​,﻿12/26/2024,transport
6703,231  ,﻿ -338.05  ,2024/11/16, entertainment
  2244,112 ‌,$110.22,2024-08-19,  shopping  
5739﻿,278 ,67.32,2024/04/22,food
 3835 ,276,452.27  ,2024/07/16,  transport 
1075,‌  161,481.04,01/15/2024,  utilities 
6395,41﻿, -235.73  ,08/23/2024,food
2249,410,﻿$2180.87,  2024/06/10,food
‌2489,115," 2,465.09  ‍", 2024/10/30  ,‌food
5869, 314 ," $1,260.34 ‍",2024-05-04,transport
2656,452,"‍ $1,512.81 ",2024-07-04,entertainment
  5498  ,  274  ,896.15,2024/01/07, shopping 
 3899,376  ,  $123.52 ,2024/10/21,‌entertainment
7011, 62 ,﻿481.16, 2024/11/13,  chargeback 
4435,180," $1,894.48   ",08/28/2024,​food
6349, 51 ,-358.70,07/25/2024, reversal 
  3578,147,155.22,2024-09-10,transport
5610,167,  95.42,‌11/20/2024,entertainment
6440, 78 ‌, ($426.06)  ,2024/05/12,  shopping  
4729,‌227,627.48,2024/07/15,shopping
6278 ,368,-407.07, 12/02/2024  ‌,​  food 
﻿5906,  49, $848.21  ,2024-01-15‌,entertainment
7869,  131 ,368.82,2024-02-30  ,  entertainment
3379,452‌,$1568.59, 2024-01-19  ,  utilities 
  4169,  325  ,363.57,2024-07-07,shopping
4232,176,  $701.38  ,2024-12-29,transport‌
  5538 , 148,213.38,11/02/2024,  entertainment 
5174‌,‍  212,"2,140.13",2024-11-14,﻿utilities 
2670,89‌,2260.15,  2024-11-13 ,﻿food  
5656,  498, $865.94 ,2024/09/20,entertainment
2609,107, 32.93 ,2024/10/05  ,shopping
  143  ,6,$1490.73 ,2024-12-24,utilities
6361,183,  -262.30,2024-03-06,food
8015,  9999  ,   ‌,‌ 2023-12-31  ,shopping 
77,‍ 135  , $816.79 ,2024-01-04,entertainment
  8115,10.5,"​1,2,3",,  shopping  
226,  83,752.91‌,‌ 2024/10/06  ,​food
2463,405 ,   $809.81   ,2024/08/08  ,shopping
3239,150," $1,655.29 ",2024-01-18,utilities
4878,‌256,$131.78 ,‌  2024/09/28 ,entertainment  ​
7444,﻿90,$168.07,2025-01-01﻿,  food
3940,​ 208  , $600.97 ,2024/10/08,transport
1311 ,293﻿,370.57,05/19/2024,  food
4656,  292, $980.39   ,  2024/04/08 ,utilities‌
5803, 78,‍845.49, 2024/09/24  ,transport
3448 ,172,‍$290.28,2024/11/03, transport
434,213,2106.97  , 2024-10-22 ,entertainment
1587,219,﻿  395.61  , 2024/12/09 ,food
 8163,,,  2024/03/23  ‍,entertainment﻿
7374,406, $410.26 ,2024-07-19,  reversal 
5233﻿,165,$1311.36 ,‍2024-11-02,food 
  6514 ,  216  ,($296.48),12/11/2024 ‍,refund 
1102,‌ 59 ,$1082.78​,2024/12/02,transport  
6403,‌61 , -58.98 ,11/18/2024,refund
 2537 ,231‌,"  1,639.35",2024-11-14,entertainment
5609,394,​ $307.11 ,06/23/2024,transport
2129,  322  , $99.12 ,  2024/05/02 , shopping
5926, 256,"  1,710.21", 2024-07-09  ,entertainment
 4098  ,190,14.40﻿,08/14/2024,shopping 
‌ 2555,  215,"‍  2,194.48 ", 2024/09/29 ,shopping
﻿1950,63,$1770.46  ,2024/03/21 ,  food
6612 , 153,   -145.48   ,10/17/2024,reversal  
 5372 , 321 ﻿,$1858.39,  2024/10/11,entertainment
﻿4170 ,399,​$202.46,  2024/11/18,transport
‍  3688,282,"2,090.48",2024-07-17 ,  utilities  
5242,183,1590.03,2024/04/15,utilities 
4719,357, $1892.13 ‍,2024/10/31,utilities
 7585  ,​452 ,$421.97,13/01/2024,utilities
5289,185,"﻿ $1,288.57 ",2024-03-11,food
59,‍240,  1503.57  ,﻿2024/08/08 ,﻿shopping
 7051  ,  434  ,189.83  ,  2024/10/17,refund​
 5261  ,  285,638.60​,11/03/2024,entertainment
3787,​497,"  1,291.79  ",2024-10-12,  food  ﻿
5227,401,23.35  , 2024-03-28  ,  utilities 
1401,136,$2026.85‍,2024-07-14, transport 
 4730 ,113,﻿$932.83,2024/07/18,food  ‌
7764, 93,484.61,2023-12-31,  utilities  
  1475  ,​  263  ,﻿348.81 ,‌2024-02-20,‌transport
 7554  ,‍394,310.04,13/01/2024,transport
4048,35,$891.28 ,  05/14/2024  , entertainment 
290,488,$744.90,2024/11/02,shopping
​7529  ,  213 ,   $40.10 ,﻿  2024-02-30,transport
1925,295,   $153.61   ,2024/12/09,shopping 
 2960,257,529.57  ,04/03/2024,food 
  5073 , 310 ,"   $2,060.46   ‌",  09/11/2024,entertainment
3105,  386  , 1177.28  ,2024/03/12‍,  entertainment  
​7231,132,371.53  ,09/10/2024,﻿chargeback
  1963, 110,‌  $1562.15  ,  06/29/2024,  shopping  
6881,390  , -386.09 ​,2024-11-12,transport
341,  389 ," $1,825.20 ",03/05/2024,food
​7412,336,284.23,,  food  
7479,  183,349.78,  2024/14/01 ,  utilities  ‌
830,184,  $1727.19  ,2024-05-29  ,  shopping  
3109,​68,"  1,537.18  ",01/12/2024,transport​
2546,265, $946.97 ,2024/06/19 ,​ entertainment  
3981 ,309,2262.93,2024-07-25,entertainment
 6132  ,140,  ($312.87) ‌,11/02/2024,utilities
311,​442,"1,486.85  ",2024-02-10,shopping
2565,296, 1846.66  ‍,2024/08/30,  entertainment 
6791  ,  224 , ($198.46),2024-01-18,‍shopping
  5187 ﻿, 126,"2,019.80 ",2024/11/26,utilities
3935,480,"  $2,228.71   ",  2024-03-04  ,entertainment﻿
  2221, 228,"1,687.13", 2024/08/04,shopping  
 5988 ,475,743.52,2024-01-09, entertainment
4951,192 ,$640.23,‍  07/19/2024,﻿shopping
‌ 3039 ,15,248.83,﻿2024/09/16,utilities
5675,25,  $492.74   ,‌ 2024/08/31 ,transport
7182,‍299,334.77,2024-07-08,chargeback 
﻿5364,  247 ,"  2,472.74 ",‍07/07/2024 ,transport
7248, 268 ,   $42.09   ,  2024/11/22  ,reversal​
  2864​,  337  , $440.95 ,2024-01-21,  food
1130,  405 ,  $112.35   ,2024/10/01,‌ entertainment  
976,‍222,  2467.07  , 2024-02-21  ,food
7304,458​,34.77,2024-04-18, refund  
5525,228,  2229.96  , 2024-01-24, shopping
2079﻿,  479,1871.77 ,  2024/07/20,transport﻿
 6957 ,382,   $46.25 ,2024-10-30,  reversal  
6376,251, -405.75 ,11/07/2024 ,  chargeback  
6521, 13,($415.40),  04/24/2024 ,chargeback
864,220, $550.48 ,2024-07-15 , utilities 
﻿3156,422,​1723.91,‍ 2024/07/14 ,  shopping
8127,9999,​NA,2024/09/24 ,entertainment
‌ 6004 ,439,-494.48  ,​05/17/2024,food
5919  ,  91 ,790.21  ,  2024-07-14 ,‌ food  
﻿4375, 473  , 1955.90  , 2024/11/29,shopping  
7777,241,$1.95,13/01/2024,﻿  utilities  
7034, 61​,  115.25, 2024/11/24 , chargeback  
﻿  1225 ,439 ,365.48,‍2024/04/19,utilities
﻿7749,410,90.05,2024/14/01,utilities
3975,141,"2,144.86", 2024/06/30,food  
7628, 149,$340.77,,entertainment  
381,85,$2196.85,01/27/2024,transport
5751,66," $1,594.62 ",  2024-06-20,utilities​
7747,53,33.42,,utilities
7579  ,428,133.53 , 2023-12-31 ,transport
6651,‌289,-21.94,2024-06-14﻿,chargeback  
6234,413,‌($19.84),03/19/2024,  reversal  
5046​,117,$862.71,2024-03-24,  entertainment  
  5588,‍405,"1,673.13‌",2024-07-16,utilities
​5580, 484  ," $1,871.19   ",2024-02-24,food
1152,58, $640.47,06/21/2024,shopping
6689,363, -300.66 ,‌02/08/2024,reversal
  4678  , 268  ,$2329.72,  01/19/2024  ,entertainment
5025, 379,‌$602.69,  2024-05-19 , shopping  ‍
 5903,333," $1,506.54 ‌",2024-07-09,  entertainment​
​5501,352​, 333.07  ,2024-01-01,food
1122,303,2139.05,06/05/2024 ,food
  8103,‍,﻿NA,2024-02-30,utilities
  3290 ,233, 263.19  , 2024/07/07,entertainment
6307,  299,($66.13)  ,01/06/2024,transport
6414,190  ,-83.46,07/18/2024,chargeback 
8240,NULL,"1,2,3",2024-02-30  ,  shopping 
4637‍,317, 38.76  ,2024-08-04 ,shopping
7430,  424 ,488.10  ,not-a-date, entertainment
1805​,  34  ,712.95,2024-09-09,utilities
5293  ﻿,391," $1,906.05 ", 2024-05-12 ,utilities
 7307 ,408,  273.15 , 2024-04-20 , refund
  3118,‌163, $760.80  ,2024/10/13,food 
4706,387  ,​ 369.61,2024-03-01,‌food
 7932  ,9999,$,not-a-date,utilities
300,277 , $1460.81,03/25/2024,utilities
5283 ,9,898.60,  01/24/2024‍,food
2836,354,"2,353.49",02/11/2024‌,shopping
7688  ,266,‍  $472.04 ,  2023-12-31,food
6490,273,  ($375.20)  ﻿,2024-11-18 ,chargeback  
﻿479,33,$182.38,‍ 2024-11-17 ,entertainment
4197  ,290,   $165.20 , 2024-01-17  ,food
2057,  436," $1,045.59 ",  2024/08/07 ,food 
2602,359,768.90,2024-08-28  ,transport
6153,  471 ,-395.19,  2024-09-29 ,refund  ​
796,  371,413.54,  10/25/2024 ,food
2125,6​, $2040.45,03/10/2024  ‌,entertainment‌
4698,  162 ,436.97,‍  2024/05/07 ,​transport
5838,31,"2,217.91",  2024-05-26 ,food 
505,52,$859.03,07/25/2024,utilities
  7610  ,124,  5.48 ,2023-12-31 ,food
1162,162  ,2236.87,04/14/2024,  shopping
5612  ,408,1911.87,2024/01/07‌,utilities﻿
1331﻿,‌257," $2,083.34 ",  2024-01-17 ,entertainment‍
6018,262,   -305.16   ,2024/12/28 ,‍utilities
‍8248,9999,,12/02/2024,entertainment
‌4758,17,﻿729.49,2024/12/11,‍utilities
7669,180, $60.71 ,2024-02-30,shopping
7408,396,​ $490.17   ,2023-12-31,‌  shopping  
8009,9999,"1,2,3",not-a-date,food
68,385,  $883.83,05/31/2024,‌food
‌  7780  ,53,  $442.30  ​,not-a-date,utilities  
2748 ,136,$2130.46,2024/05/21,  shopping‌
7904,  9999 ,$, not-a-date  ,​transport 
5769,  193 ,$679.80,12/22/2024,  food
  1579,458, 1071.55 ,‌09/25/2024,shopping‍
​  6366,389  ,($188.96),  2024/04/24,  chargeback
3622,340," $1,098.68 ",  06/04/2024  ,food
5401,‍436,"  $2,164.20 ",2024/05/04,utilities
3058,​432,"1,461.80 ",  2024-10-29 ,﻿shopping
1497 ,107," 1,022.55  ",2024/10/06, utilities
1504 ,384, 2334.41  ,03/17/2024​,shopping
 5687  ,203​,$898.10,2024-11-01,food
2477,  76 ," $1,040.04  ",​2024/09/10,food
  2036,89,$2206.92,11/26/2024,shopping
1036,117,"  $2,337.06  ", 2024-07-04  ,entertainment
‌5134, 23 ,$1045.10,  02/21/2024,food 
 2972  ,405​,"﻿ $2,105.18 ",2024-12-18,‍transport
3190​,393‍," $1,573.07 ",2024-06-20,utilities
 2070 ,‌22,$1390.96 ,2024/11/05,  entertainment 
 5254  ,135,"﻿2,324.08  ",‍ 05/14/2024 ,shopping
6369,32,($280.66),09/09/2024‍,reversal  
‍  3993  ,​77,$2228.14,2024-07-19,shopping 
 6030,244, ($187.78) ,02/24/2024  ,food
992,446,343.91﻿,02/26/2024,food
4626, 471  ,2.04, 2024/04/22, shopping  
 1966 ,65﻿,1133.22,2024-11-28 ,transport
7504,128,‍ $68.30 ,not-a-date, shopping 
5995,355,$1000.60,10/04/2024,food
 1170,154,"1,328.25", 2024/11/26 ,  entertainment  
5018,  232 ,‍684.14,07/20/2024  ,shopping
1932,397﻿,﻿$1353.92,01/29/2024, food
  4866 , 230 ,  1669.72  ,2024/03/05,utilities
184 , 75  ,​$660.49,2024/07/03,  utilities 
‍ 4362 ,​299,$2496.08,2024-01-31,shopping​
4235,380‌,885.39,01/20/2024  ,food 
1214,93,$2350.74,2024/09/13,transport
‍ 6602 ,83,-231.91,2024/05/17, shopping  
​  6869,​448,-384.68,05/29/2024,entertainment
  5594 ,357,  678.73,09/01/2024  ,shopping
 6437 ,493,($279.87),2024-09-19,food​
2975  ,  43  , 1689.69 ,2024/12/24  ,entertainment
7133,457, $288.58 ,2024-01-19,refund 
8155,10.5‌,abc,2024-08-25‍,  transport 
7200, 52, $145.23 ,2024/02/23,chargeback
738,  375 ,"2,155.83",2024-08-13,entertainment
3149,294,1189.58,​2024/08/05,utilities
 2777,﻿  368 ,  $1814.30 ‌, 2024-06-11,entertainment‍
547,﻿  119 ,  $994.76  , 01/26/2024, utilities
  7898 ,479,309.73,2024/14/01,utilities‍
 6993 ,264,126.23,  2024/07/24  ,reversal  
  2058 ,‍  185,$1757.02,  06/23/2024 ,utilities
3811,125,$2167.42,​2024-06-30,entertainment
‌ 6180  ,234,  ($163.72) ,2024/02/07,shopping
6108,140, -221.87  ,2024/11/01, utilities 
﻿7879,283  , $3.03,2024-02-30,​shopping
‌  1704  , 429  , $1764.95 ,2024-12-15,shopping
3276,254,$2018.15,‌  11/12/2024  ,‍shopping
​5682,240,$1876.57,02/07/2024  ,utilities
7038, 366  ,   $130.56   ,05/27/2024, refund
 5205 ,﻿ 18,"2,064.77 ",2024-05-05,entertainment
 7429,​28,278.80,  not-a-date ,shopping
 4440 ,320, $553.24 ,2024/11/25 ,food
 7812 ,﻿82,  324.69,, entertainment  
4268,  55,"‌ 1,591.80  ",2024-04-03,shopping
1000,  494  ,653.40 ,  2024/02/29  ,  utilities 
4834, 299 ﻿,823.69,2024/03/07﻿,utilities
7587 ﻿,157, 95.84 , 2024-02-30  ,food
  2191  ,  196 , $943.26 ,2024-06-07,utilities
5947  ,42,990.56,2024/02/17﻿,utilities  
​3980, 77  ,  26.16​,06/09/2024,  entertainment 
974,﻿268 , $857.92 ,2024/09/04,  shopping  
8194,,$‍,  not-a-date ,utilities
1457,10, $401.63 ,2024-03-31, transport  
5389‌,‍476,$1093.86,04/04/2024,transport
4215​,167,"  $1,085.75   ",2024-11-24,transport
1126,‌114,﻿ $851.55 ,  2024-01-15, utilities  
3994,124 ," 2,491.18",2024-02-28,transport 
3803,390,1175.22,2024-03-24,  transport 
2193,197,"‌ $1,722.35 ",10/11/2024,entertainment
3754,253,2011.89,‌05/14/2024,  shopping
1952  ,  24 ,"​ $2,004.65 ",2024/07/29 ,transport
  4904 , 239 ," $1,833.19 ", 2024-09-05  ,food
​3948, 445, $2170.27,2024/01/28,transport 
6385,224,-170.47,10/01/2024, utilities ﻿
2999,488​,$1617.80,2024-07-19,transport 
7788‌,141,$129.02  ,2025-01-01,food
3619,​276," $1,642.93 ",2024-05-15  , utilities ﻿
1781,428,$596.48,2024-01-02,transport
‌ 4370 , 205 ,"  1,771.57  ",  03/21/2024,shopping
 4033 ,166‍," $2,024.85 ",2024-04-17,utilities 
2458,‍192,1583.86,02/13/2024,utilities 
  604 ,195,$799.02,2024/03/16, entertainment ‌
‍5550,337," $1,711.23 ‌",‌2024/01/25, utilities 
5321,344,"1,106.09", 2024-11-24  ,shopping
 8279  ,9999,  12..34,2025-01-01,transport
3851  ,84,"1,698.66 ",11/22/2024,food
​ 1692  ,276,1993.34,  2024-08-01 ,entertainment 
 4424  , 480 ,1130.42,03/27/2024,food
2506,  190  ,"2,093.21  ",﻿2024/11/16,entertainment
1695, 165﻿, 852.68  ,2024-02-27,entertainment
654,172 ,  $130.82 ,2024-10-24,shopping
663, 344 , $841.36 ,2024-09-21,utilities
1328  ,244,$1188.54,2024/12/05,shopping
6283,63,($418.30)  ,09/14/2024‌,reversal
 288 ,  313,  1404.62,2024-10-23,  utilities  
8055,  ,$, 2024/08/24, shopping 
6041,352,($475.94), 12/04/2024 ,‌refund
3733,  444  ﻿,463.86﻿,‌ 01/25/2024  ,​shopping
  4386 ,  493 ,‌ $566.57   , 2024-11-05,  transport 
2372,256,$960.30, 2024-12-26,entertainment
8281  , 9999  ,abc,  2024-03-26 ,  entertainment  
350, 396  ,$959.04,12/10/2024‍,food  
 5318,256,998.32﻿,2024-09-20,transport  
230,117,"1,031.37‌",2024/05/21,shopping
  2002 ,  290  , 1261.42,07/03/2024,  food  
‌ 4822 ,178,2237.71,2024-06-01  , entertainment 
1509,414,‌ 777.98  ,2024-02-01  ,transport
3760 ,166  ,961.34,  09/14/2024,‌ utilities 
2124,172,364.03 ​,  11/08/2024 ,  transport  
  2843,412  , 360.69,10/07/2024, entertainment  ​
  5229,295 ,‍771.58,03/15/2024,﻿transport
3259,​253,﻿$1205.18,2024-07-11,entertainment  
 6858 ,241, -109.86 ,10/01/2024﻿,reversal
4829﻿, 3  ﻿,1220.81,2024-02-16, transport 
1429,124, $891.09 ,  2024-01-12  ,‍utilities
 1967  ,293  ,178.71,2024-12-13,shopping
2230,417," $2,347.57 ",​  2024/09/30  , transport  
  3173 , 393,2081.03‌,03/23/2024,​shopping
1621,34,​  $1269.54  ,2024-01-17 ,  shopping  
 3303  ,314," 2,223.45", 02/13/2024 ﻿,food
812 ,195 ,1840.11,07/22/2024,food
3637  ,123,895.03  ,2024-11-25,utilities
530, 206 ﻿, 231.36  ‌,2024/02/17,shopping
​ 6749,417, -238.36 ,‌2024-01-12,entertainment
‌1731,‍184  ,  484.84 ,2024-07-22,transport
3482 ,272  ,"1,469.78",07/29/2024​,‍food
 6995, 282  ,‍$484.38,2024-09-01,‌chargeback
1380,469 ,523.32,2024-12-19,shopping
‍3714, 48  ,   $891.56 ‍,2024/12/08,  shopping
101, 55  ,745.10,2024-07-12,entertainment
  4209,326  ,734.06,2024/11/06,food
5663,181,"﻿ $1,383.44 ",2024/10/02,  transport  
7137,363,   $439.69  ,﻿04/17/2024  ,chargeback
 5859  ,444,  865.75,2024-08-24,shopping
 3466  ,74,$2143.89,2024-05-08, shopping
7005,  288  ,68.52,2024-01-03,refund
5987,480,1154.00,2024/05/31,shopping​
 4452,  434  ​,$804.38, 2024-04-10  ,food
  76  ,‌302,235.50,11/14/2024 ,shopping
  4882  , 299  ,$876.97‌,2024-10-30 , transport
1755  ,323, $107.94 ,‍ 2024/01/13,shopping
4536‍,366  ,$10.97 ,​03/06/2024,  entertainment 
 789 ,236,673.18  ,  2024-12-28  ,‍entertainment
6323,77,-233.00,​2024/10/16,transport
1859,382  ,"2,433.76",06/13/2024,transport
  2719, 356  ,1954.14,09/14/2024,﻿food
180,‍  490," $1,297.03 ",2024-12-29,shopping
  8146 ﻿,‍ 10.5,$,2024-01-27 ,entertainment
58﻿,355,$1781.95 ,  2024-05-14 , entertainment 
8186,    , 12..34, 2024/10/17  ,shopping
﻿4171,470,   $464.79  , 08/25/2024 ,transport
6913 ,153,  $251.96  ,2024-12-09,  reversal 
2250  ,268,  510.80,2024-09-01,‍  entertainment 
2724,  80,  236.95,2024-09-15,﻿utilities  
1965,182, $1458.41 ,04/26/2024,entertainment  
7712,​  117,  $493.79 ,2024-02-30, shopping
5886,465,$2329.11,  08/11/2024  ,food
‍ 5226,  51  ,"   $2,134.76  ",2024-07-18,utilities
5065﻿,383,  1989.86 ,09/29/2024,‌utilities
4994,269  ,‍668.56,‍2024-05-22,food
5603,40‌,$708.51, 2024/05/31,shopping
136,  412,"2,098.96",2024/09/10,  entertainment
8083  ,10.5,$ ,,transport
5123,177,﻿ $876.80 ,  2024/02/05,utilities
 7974 ,  NULL ,None, 06/21/2024  ,food
2020,  210,"  2,375.26  ",2024/04/04,  entertainment  
3485,325  ,1802.62,‍04/28/2024, shopping  
1902,184 ,"  1,270.25",2024-07-14,﻿entertainment
192, 84  ,"2,288.78",2024-05-15,​entertainment
  7472, 191  ,324.38​,13/01/2024,utilities
1052‌,8,$1541.10 ,04/15/2024  ,‍entertainment
1719  , 326,1733.75,05/25/2024,  utilities ﻿
2893,242, $358.93 ,2024/05/18,entertainment
 3425 ,174,   $603.65   ,2024-07-03,entertainment
6772 ,  290 ​,-256.55,2024-06-06,shopping
2533,259,  605.85  ,2024-01-28,food‌
 916 ,‌ 292  ,14.54, 2024/10/07 ,shopping
 4533  , 131  , $593.82 ,2024/02/25,  utilities
  4122,148," $2,474.00   ",  08/15/2024  ,transport﻿
911,  209  ,  517.94  ,  2024/07/25  ,food
6767  ,  162,﻿ -18.25 ,2024/03/07﻿,shopping ‍
 3866,  258 ,"﻿ 1,829.49  ",  03/15/2024  ​,  entertainment
 3103  ​,190, 88.07,﻿08/24/2024,entertainment
3172,‌  221  ,$1160.72,2024/02/28,food
  5384 ,477  ,$662.00​,2024/04/30,  entertainment 
5465,416 ,  2117.22 ,  02/16/2024,transport  
﻿ 3144 ,​  320  ,$722.24,  03/17/2024,shopping
1449  ,22 ,  2257.46,2024/12/20,utilities  
4458, 272  ,"1,375.48",2024/01/18,utilities
928‌,  434﻿, $1578.71 ,2024-01-01,transport
  1954 ,255, $1808.71  ,2024/02/14  ,food
 583, 6​, $740.35 , 2024/02/28  ,transport
 970‌,5," $1,928.30 ",​2024/04/03,food
6539‌,﻿ 424 , ($364.96),08/11/2024,  food  
  1626,308, $1346.58,  2024/03/13  ,food
6509,436,($181.36)  ﻿,10/31/2024 ‍,transport
4154,  232  ,"​1,223.15",  2024-12-06 ,utilities 
8024,x,abc,  2023-12-31,  shopping
  5110,9," $2,074.52 ",2024-03-06,food
 3895 ,329,‌$1959.85,03/16/2024  ,transport
  1071  ,304 ," $1,099.70 ",2024-12-26,shopping
7010 , 449 , $185.09 ,2024-12-25, reversal  
 4964  ‌,474,  1088.37 ,2024/06/30,‌  shopping
3926  ,238,"  $1,032.90   ",2024/09/23  , food 
172  ,335," $2,424.26 ",07/19/2024,  shopping  
561,﻿184,91.76, 2024-08-20  ‍,food
 186, 170,"  2,224.71",2024-11-20,entertainment
 1065,198‍,1544.06,  06/23/2024 ‍,shopping‌
3312,141,﻿2370.42,2024-04-06,﻿food
419,﻿  288 ," $1,577.64 ",12/06/2024, food 
 8089  ,      ‌,abc,2024-08-04,shopping
 1511  ,124," $1,592.40 ", 10/30/2024,utilities‌
‍3350,  58,66.93,05/13/2024, utilities
4267,475 ,1059.93,2024/05/23,transport
1129,159,"  2,277.49 ",2024-10-05,food
 5904  ,﻿228," $1,990.83 ",2024-05-08 , transport
4390,194,$752.59, 2024-05-26 ,food
 1914,13,251.42‌,2024/03/06,utilities
7959,9999,$,2024-10-17 ,food
  7766,118,  $347.45 ,  2023-12-31  ,entertainment
1883,253,363.10  , 2024/04/28  ,shopping
6910  ,135,‍ $263.96 , 2024/03/20  , refund
﻿  7928 ,NULL, NA, not-a-date ,entertainment
‍941  ,  359 ,$339.20,  2024-09-18,food​
5985,196, $112.61 ,2024/09/01,﻿entertainment
  3196  , 110 ,  912.09 ,08/06/2024,food
7715‌,338,  55.95,2025-01-01 ,shopping
‍  3227  , 49, 893.52,04/22/2024,food
5351,85, 336.96,2024/12/23 ,utilities
4927  ,216, $95.77 ,  2024/10/05, food 
5568, 264,"   $1,823.09   ",  07/18/2024  ,shopping  
‌865,435,"   $1,043.52  ",2024/02/26  ,  shopping 
 4181,265,"2,344.24 ",10/06/2024‍,shopping
149,198,838.87,  2024-09-25,​entertainment 
1495,  409," $1,334.50 ",  2024-03-07 ,  transport  
  5300 ,230,$193.92,2024-04-22,transport
 7302 ‍,8,261.82‌, 2024/02/16 ‌,reversal
3503,‌239, $141.39 ,​2024/04/21,transport
5948,256  ,153.60,  2024-07-30 ,﻿transport
3318,‍55,1006.62 ,2024-04-09,  shopping
4002,245  ,$1398.69,2024-04-23,entertainment
5457,179​, $557.40 ,2024-05-19,transport  
3766,66,$1886.23,10/23/2024,utilities‌
7066﻿,​474  , 251.79  , 10/03/2024 ,refund
 5330 ,  349, 1974.34 ,﻿ 2024/05/28  ,transport
7482,​  164  ,﻿$397.92,13/01/2024  ,​shopping
7855,‍ 334,$369.83  , 2024-02-30,food
6836‍,‌378, ($86.77) ,09/04/2024,  shopping  
4836,221,​$1000.34,2024/12/09,  utilities
1830,67,497.94  , 2024/10/17​,food 
2158,​225,1314.55,2024-04-28,entertainment
2536,112,﻿ $324.20 ,2024-06-21,﻿  shopping  
 2830  ,335, $1927.46  , 2024/04/08,entertainment
‍1517,198,$452.73‌,04/03/2024,entertainment
755  ,  248,$1806.34,  2024-04-18 ​, food
369﻿,292,$2077.68,2024/09/02,﻿shopping 
5243,425 ,$280.32,2024-01-19,  entertainment‍
1062,28,"1,342.23",  2024-10-02,shopping
﻿611,320,"  $1,472.65   ",2024-01-29,food
2009  ,101,"   $2,099.62 ",2024/10/13,food
5967,103,129.44 ,﻿2024/01/23,food
6770,78‌,($131.46), 03/21/2024 ‌, transport 
8266,9999 , 12..34  , not-a-date  ,entertainment
3936,308,434.08,2024/03/23,  entertainment
2897‌, 20,"2,419.32  ",2024/07/12,transport
1748  ,  482,1466.49,2024/11/19,‌ utilities  
3781,‍174,614.28,2024/05/20​,  transport  ‍
‌7558,321,  $320.74  ,13/01/2024,shopping
7931  ,,"1,2,3",  2023-12-31,transport
7179 ,14,  492.06 ,  2024/11/07  ,  chargeback  
6410,﻿379  ,($439.64)‌, 12/13/2024  ,transport
1602,17,1052.86‍,2024/07/29,transport
4671,144,319.53  ,08/12/2024, shopping 
1302,  132,960.54,2024-08-17,food
1677,407‌,945.97,  2024-01-27,transport
5093,122,1883.80​,09/24/2024,  entertainment 
7862, 198 ,  219.67 ,not-a-date,entertainment
4344,  265,205.57,‌2024/10/21,transport  
 4216  ,  35  ,1812.72,2024/04/08,food
 7236  ,400,‌  367.05  ,2024-03-19, reversal
6125‌,  154,($159.89),﻿2024-06-22,​transport
2812, 382 ﻿,‍77.52,  07/02/2024,utilities
 7776  ,27  ,473.33﻿,  2024/14/01,entertainment​
‌  1372 ,  297  ,"   $1,464.70   ",  2024-03-04,entertainment
7232 ,  36  , 440.62 ,﻿2024-04-10,refund
  6633  , 4 ,-318.06,2024/10/06,shopping
‌ 3216,﻿465, $700.43  ,2024-07-29﻿,  transport﻿
5068,27,  $1679.15,11/23/2024‍,food‍
4897  ,307, $14.46 ,2024/07/28‍,entertainment
‌1696  , 342  ,$1784.40,​  2024-04-04,  food 
4203, 319," 1,831.18",01/29/2024,​shopping
3536, 240,  $401.92,‌2024-03-05,  food  
4976,‌386,$1386.72,2024/07/10,food
5701  , 163  ,27.02, 2024/11/14  ,  food ​
707,403,  $387.79   ,2024/03/11,entertainment‍
‌  1024  ,  9 ,70.94‌,12/20/2024 ,shopping
6688,152, -381.46  ,11/27/2024,utilities
5443,193, $973.36 ,  04/12/2024  ,‌ transport 
‍  4871, 163  , 448.06,  2024/01/23 ,transport  ‍
8215,  x,‌,2023-12-31,‍entertainment
4574,110,$1247.54‍,03/09/2024,‍utilities
2825,43​,"‌ $2,271.81 ",11/28/2024,  entertainment
‍  1313 ,139,﻿2149.88,2024/05/31​,‌entertainment
4932 ,271,﻿$2283.54,2024/06/27﻿,entertainment  
5653,279​," $1,416.28 ",2024/09/26 ,utilities
  1218  ,﻿ 234  ,$390.18​,09/25/2024,utilities
4282,128 ,1941.10,  2024-10-22  ,​transport 
  1676,380,700.66,  2024-12-24  ,  shopping  
‌ 1699,242, 1174.69  ,  09/04/2024,shopping
  633 ,157,"1,415.32", 05/08/2024  ,transport
3050 ,  493 ,  351.46 ,2024-04-13,utilities
2622,286 ,  $1502.33  , 2024/12/09  ,﻿entertainment 
5979,​ 184, 565.19 ,  2024-07-29  ,  food
5908,‍51,$999.92,‌2024/04/28, food 
5747  ,  29 , $2199.92,11/05/2024,​shopping
‌1986,  48,"1,215.48  ‌",2024/12/11 ,food
 3771 , 338, 1770.32,07/03/2024,  utilities  
3628,423​," $2,445.83 ‍",﻿2024-06-22,transport
4744,  422 , $881.99 ‍,2024/09/04,utilities
 1418 ,  407 , 1466.33  ,  2024-02-12  ,  entertainment  
3392,  470,   $523.83   ,‌ 09/15/2024  ,entertainment  
 6831  ,459,​($260.14),2024/06/05, chargeback
3954 ,  175,$1672.39,  2024/02/23‍,transport
 7212,300,‌ $274.09 ,2024/02/14,reversal
8253,9999,   ,2024-05-08 ,entertainment
7145,282 ,  $9.09,  05/05/2024  ‌,refund‍
  6320 ​, 167  ,   -442.49   , 2024-02-06 ,  utilities
 3966  ,  302  ,"2,041.52",10/10/2024,entertainment  
​324, 302  ,  $1168.02  ,04/02/2024  ,shopping
3161,  323  ,839.11,06/30/2024,food
  6130,22, -193.02 ﻿,2024-09-14,chargeback
815,124,"2,294.51",2024/12/26,utilities
1467 ,351, $146.34 ,​ 2024-07-30,  food 
1433,94,$1218.27, 11/18/2024,utilities
  6102 , 44  , ($123.53)  , 11/23/2024,  transport 
2768,319​,2082.09,  2024-10-30 ,utilities
  6065 ,​111,﻿ -154.52 ,2024-09-28,transport
﻿ 6705,418 ,($373.93),2024-08-05,entertainment
8293  ,NULL ,"1,2,3",not-a-date,food 
5459,  97 ," 2,058.80",2024/04/14,  shopping 
  2940 ,59,$1270.60,2024/11/12,entertainment
1405,296  ,766.02, 2024-08-10 ,utilities
  882 ,‌166,"﻿ 2,158.92  ", 2024/09/29 ,shopping
 5075,78,   $914.63   ,2024/12/05,entertainment
3458,‌  60, $536.21 ,​2024-02-26,entertainment
 429  ,104,"1,740.20",10/09/2024, entertainment
7745​,222​, $83.83 , ,food
827,﻿  72  , 652.95  ,2024/04/01, shopping
​4079 ,403,$438.84, 2024/07/31,shopping
1556,  463,732.65,2024/10/11, entertainment  
 3871 , 189  ,‌112.27, 2024-10-20  ,  entertainment
‍6905,355,  193.03 ,2024/10/20,refund
 3530  , 207,"2,332.72​",  2024/09/27 ,‍food
 4592,‍126, 479.13‌,2024-05-19  ,  transport  
3557‌, 86,"1,318.01",﻿ 2024/08/20,‍food
176 ,2,  $354.08  ,  06/15/2024  ﻿, entertainment 
 1584 ,185,‌  265.02,01/14/2024,shopping
4740,  65  ," 2,025.83 ",07/02/2024,  entertainment
  6345 ,327, -123.21 ﻿,2024/01/02,‍shopping
  8133  ,NULL ‍,  abc  ,  2024/12/01 ,  shopping  
 6059  ,10,   -2.90   ,2024-03-21‌,chargeback​
 3146 , 89 ,"‍   $1,105.29 ",  2024/12/05  ,utilities
  1853  ,431," $2,343.36 ",2024-12-26,entertainment  ﻿
6187,250, -22.04  ,  2024/12/05  ,reversal‌
 2931 ,100,$2037.63  ,2024/10/13,utilities
7761,  296 ‍,$99.89,not-a-date  ,transport
‌2101,153,  121.00  ,2024/09/20  ,shopping
﻿2900,498, $355.65 ,  2024/04/29 ,entertainment
3368﻿,227  ,791.55,2024-09-21,utilities
3874  ‍,  121 , $737.48 ,12/05/2024, food 
2887, 398,  $441.40,06/10/2024,transport
7118,  263  ,   $132.12   ,10/09/2024,refund
6228,  355, -206.41 ,  2024/10/13  ,​ utilities  
​2994,  416 ,1581.03  ,2024/07/30﻿,﻿food
  6157 ​,61, -221.65 , 2024-12-16 ,entertainment
5072 , 159  ,$2380.58,2024-04-26,  shopping‍
﻿4780,337,  618.95 ,2024-10-25,entertainment
 2810  ,371, 163.79,  2024/10/25  ,‍shopping
5793, 461  , $180.38 ,‍ 2024/12/04 ,transport
1158,440,315.92,01/27/2024,‌  utilities  
462,294,"‍1,685.28",​ 03/11/2024 ,shopping
7645‍,234  ,  $165.70  ,2023-12-31,shopping
2508 ,63, $12.31  ,07/02/2024,  shopping
5399,  54  ,$61.15,2024/02/06,food
2053,399﻿," $1,339.13 ",12/13/2024‍,shopping
5445, 226,$727.98,08/18/2024, food 
901, 236 ,﻿56.10,  2024/07/20  ,food
﻿112,300﻿,  $527.73  ,2024-10-07,  entertainment 
​5756,153  ,  481.63  ,2024-08-29, transport 
 6977 ,71,126.23,2024-09-23,reversal
6502, 455 , -328.99  , 2024/03/09,  utilities 
‌4064,﻿  152 ,168.12 ,2024-05-16,transport
 5257  ,404,﻿   $702.80 ,‌  2024-04-04,shopping
4709,  126,"2,204.87",  2024-10-29,shopping
  6138  ,  48  ‌,‍-76.73, 2024/10/31  ,  food 
4013,287,"2,196.23",  05/01/2024 ,shopping
  7311,491,‍  $248.73,2024-11-29,refund
 744,373,"  1,732.33 ",  01/03/2024  ,entertainment
4005,422,$1320.42 ,2024-06-05,  transport‍
5150​, 283,$450.07,2024/08/02,food
3328,​  346  ," 1,623.11",  2024-07-17 ,shopping
​6998 ,  241  ,$169.49,02/15/2024  ,  chargeback
8107 ,9999,​None,13/01/2024,entertainment
 6035,  386,‌ -179.44  ,10/05/2024, food  
 5957 , 372 ,2188.97,2024/02/20,utilities
﻿2210,  457,1807.26,04/28/2024,entertainment
5613,7,﻿   $613.06 ,2024/12/10,​shopping
‌2327 ,158," $2,046.35  ", 09/13/2024, transport  
﻿7074, 103,   $207.60   ,2024-12-18, reversal 
  8006 ,  x  ​,  None  ,  2024-10-17‍,utilities
1297,  475 ,  748.20,2024-02-22,‍  shopping  
3876 ,430,989.95,2024-02-08,transport
7913,,$‍,04/04/2024,transport  
178,41,"2,220.79",05/07/2024,utilities
 168  ,133,‌ $289.59 , 09/25/2024  ,utilities
2539,184," $1,693.04 ",2024/04/07, shopping 
183,﻿  477  ," $2,425.28 ",2024/03/03, entertainment
5880,410,1063.95,2024-08-18,‌transport 
  2885 ,  161,"  2,179.56",2024-09-12,entertainment
7303,431,296.40,  02/01/2024 ,refund
2965,351  ,$617.73,09/12/2024‌,entertainment
3573  ,260," $1,749.72 ", 02/02/2024  ,utilities
6021﻿,  426 , ($465.13) ,2024/08/13,utilities
 1349 ,302 ,"   $2,094.30   ",‌09/26/2024,utilities 
4835 , 144,"﻿2,218.92",2024-10-25,utilities‍
2059,  172 ,"​ $1,177.71 ",06/21/2024, food
5057,54, $85.14  ,2024/03/24,transport​
1119,  31 ,"   $1,361.82 ",2024/03/28,shopping
688,  488 ,1458.55,12/02/2024  , utilities 
 2591  ,‍281,"2,407.44  ",10/30/2024,  food 
﻿  5811  ,146,$1367.52,‌2024-04-30,food
7753,263, $204.78   ,2025-01-01,‍entertainment
1370,294,  1462.85,09/27/2024,utilities  
1693,241,‌$2369.06,2024/03/21‌,food  
4352  ,  152 ,"1,371.42",  01/18/2024  ,entertainment
  145​,  237 ﻿,$1560.64,2024/12/07,food  
‍ 1900  ,350,1236.40,2024/03/23,  entertainment  
5694,457, $1315.80  ,2024-04-07,utilities  
5433,156,"1,738.61", 2024/04/14  ,shopping
2877,447, $811.87 ,2024/09/10,shopping
‌ 2502,417,$243.50, 10/11/2024  ,utilities 
​  3567 ,380,‍  269.40,2024-07-03,﻿transport
4419, 391  ,1856.43, 2024-08-02 ,‍ entertainment  
6356, 421  , -416.77 ,07/14/2024 ,  transport
 1375 , 36,2452.43,11/26/2024,food
 4400 ,133," $1,153.44 ",﻿  2024/05/11  ,﻿transport
  1808  ,  283," $2,403.75 ",‍2024/09/30,shopping
 7130, 492 ,371.50,  12/02/2024,chargeback
  1724,  483 ,  $698.54 ,‍2024/09/23 ,utilities
 431,234," $2,263.57 ",2024/08/04, entertainment﻿
5029 ,‍92  ,$61.54, 03/11/2024  ,shopping  
3427,  379  ,19.74,2024-06-05  ,‍utilities  
4792 ,‌28, 216.28  ,2024/01/27,  entertainment  
4465‍,8,76.31,10/29/2024,transport
 4238  ,321,"1,786.42",2024-09-25, utilities  
1786,281,2213.44,2024/02/27 ,  utilities  
4704 ,342,"1,707.16",2024/05/18,shopping 
6198,185,   -316.34  ,​  2024-11-07,  transport 
3414, 224," 2,400.54",2024-12-18  , food  
  5407 ,416,"1,276.42",2024-10-28 ,﻿transport
﻿1890,64,"   $2,291.11  ‌",2024-12-01,  food  
 126 ​, 100,"2,455.08",2024/11/25 ,transport
1971,  322  ,2175.99,‍  2024/10/15  ,entertainment
2171,‌  489 ,  $1323.03 ,2024-11-16,  shopping 
  2764,286,643.63,2024-02-24 ,transport 
736,4,  2158.05 ,2024-04-24,utilities
8038 ,x,NA,    ‍, shopping  
3140​, 67 ," $1,883.97 ",08/09/2024, food ‌
940,3," $1,252.62 ", 2024/06/10  ,food
5851,278,"   $2,026.58  ",08/25/2024​,shopping
﻿1936 , 386  , 677.07,08/28/2024  ,transport
6287, 253  ,-327.63,  06/19/2024,shopping
1118,2,$1098.46, 2024/04/01,entertainment
  4003,376 ,"  $1,649.85   ",2024-02-27,food 
4199,139,"1,780.34",2024/09/29,​transport
‌3373, 242  ﻿,$1921.85,‌ 08/08/2024 ,transport
‍2083,29,508.74 ,05/02/2024,shopping 
 51 ,184,2078.22,05/12/2024,‍food
 6941  ,  468  ‍, $97.33  ,​2024/07/31,chargeback
6945,300‍,378.23,03/19/2024,refund
2491,121‍,$1782.31,10/24/2024,entertainment
6837,422,-161.79​,2024/03/04​,entertainment
2561,176,557.45,2024/09/22  ,utilities
8062,x,$,‍ 2023-12-31  , utilities
 7650  ,﻿122,319.98 ​,2025-01-01  , food ﻿
5086​,​ 351 ,"   $2,363.10  ",​2024-01-31,food
 2817  ,199,$908.87,2024/02/26,transport
1789  ,  363 ​,  $2132.22  ,2024-04-30,﻿utilities 
 6405  , 88  , -381.50 ,  2024-07-30 ﻿,refund
3751,185,  297.97 , 01/29/2024,transport‍
7801,389, $37.95 ﻿,13/01/2024,food
1768,291,‍  1679.80  ,2024-08-12,utilities
684,222 ," $1,750.91 ",2024/09/08,utilities
1058, 373, $640.52 ,2024-08-03 ,transport
726,131,$82.82,2024-01-06,shopping
 492  ​,‍7,898.87,2024-05-21,food
1327,278,822.56,2024/10/18,shopping
3837,265,‌198.25, 2024-07-27  ,﻿entertainment
2588,‍ 490 ,$451.35,2024-11-10  ,entertainment﻿
 681  ‌, 436," $1,116.07 ",2024/10/02  ‌,food  
6,51‍,"2,189.43",‍  03/03/2024 ,‌entertainment
1709,329," 1,090.75", 2024/01/27 ,food
6611‍,  398,  ($249.25) ,2024/01/18, utilities
﻿625,  318,  $1622.58 ,2024-05-20 ,utilities
7752,​ 469,60.90,13/01/2024,﻿entertainment
2485,243,383.10,  2024/05/29  , entertainment  
5466,400,$67.81 ,2024/05/11,entertainment
7296,  407,215.02,2024-08-10,  chargeback
3752, 439  ,﻿$2386.87  , 11/15/2024,  food
‍  5393  ,62, $1304.11  ​,2024-07-30,  transport  
 2963,173,$1511.60,  2024-06-08,entertainment​
  7814  ,432,$479.58,  2024/14/01 ,entertainment
7544,71, $141.58 , 2025-01-01 ​, shopping 
﻿6334,  180  ,($34.05)﻿,2024-09-25, entertainment 
  2072,95,59.82 ,2024/03/14‌,entertainment
  2665,282​,"1,948.33",  08/29/2024,utilities
2855,159,  $1541.86 ,2024-06-10,food
643, 166 ,$1373.30,‌01/22/2024,utilities 
4662,151,2402.99,2024/02/11,shopping
​ 2472,20,$1351.72,2024/05/01,transport
 258,343﻿,  $1008.93 , 2024-12-09,‍shopping
 3064  ,  123 ,"‌  1,421.96",  2024/02/08 ,food  ​
  1288, 335," $1,077.35 ",2024-01-20,  shopping 
5183,28,  2136.64  ,10/07/2024,food
7574,159,4.90,2023-12-31, entertainment  
1776‍,294,​  $2194.70 ,‌2024-09-20,transport
 3571 ,140,2295.11,2024/07/08​,utilities
6725,145‍,‍ -26.71 , 2024-02-28,  utilities  
4158,101  ," 1,704.67  ",2024/12/14,transport ‌
  1253  ,313 ​,$753.96 ,‌ 2024/07/27 ,​utilities
3  ,58,2175.40,​ 2024/02/25,shopping
  1389  ,154," $2,467.80 ", 03/29/2024 ,transport
5360,465,﻿$1542.18,10/28/2024,entertainment‍
1032  ​,58,"  1,826.19",2024/12/19​,utilities
7150,263,8.65,2024-02-16,refund
5960, 172,  $645.15,2024/05/19,transport
3879,61," $2,241.03 ",12/25/2024, food
​ 3125  ,‌117,‌$899.43,02/01/2024 ,‌utilities
 2393,485,‍   $572.35 ,05/12/2024,  entertainment 
﻿4286,316," $1,141.08 ", 2024-05-17,  entertainment 
3668,106  ,1452.79,2024/05/27,transport
​8157,10.5,$,﻿not-a-date,transport
  3454 ,  257, 2284.55 , 2024-07-19 ,utilities
  7323 ,5,   $87.45  ,05/26/2024,chargeback﻿
3215,11," $1,541.79 ‍",2024-05-21  ,food
 2679 ,  442 ,$1578.77‍,  11/07/2024  ,​entertainment
7198​,328,  $283.02  ,  2024-03-20,  chargeback
 2080  ,﻿254 ," $2,151.28 ",2024-06-22,  shopping  
 4028 ,‌  245 , 1946.37 ,  2024/12/14 ,  shopping  
6590,109‌, -172.44 ,06/28/2024,food‍
8134,  9999,abc,02/19/2024,food
 1991 ,  106  , $588.44 , 2024-06-02  ,utilities 
7387  ,376,452.24,​2024-12-30,  refund  
4255  ,  214,$1990.60, 2024/07/14, shopping  
65,42,"  $2,419.48 ",2024/05/02,﻿entertainment
 7481  ‍, 284  , 289.62  ​,﻿2025-01-01,transport
2377  ,  238 ,"﻿ $1,836.34 ",2024/09/30  ,shopping
​  2827,324,1592.69, 2024/07/10,transport
 718  ,448,48.77​,  2024/01/10,shopping
8269,  9999  , 12..34  ,11/14/2024,﻿  transport
  6190,416﻿,($348.97),11/06/2024, utilities
 4983 ,427,221.95,07/09/2024,utilities
6136,34,($44.66),2024/09/13,refund
﻿7260 ,425,﻿ 213.63  ,2024-03-29,refund
2739 ,360,"1,034.39",  2024/12/30 ,shopping
 7545  ,411 ,‌  $142.48  ,2024/14/01,food
4925,427,520.31,04/08/2024,transport
3685,  306 ,$1399.18,2024-01-01  ,  food
4593,46, 703.97 ,‍2024/09/08,transport
4605,  94,$432.59,2024/04/19,utilities‍
5099  ,﻿70,$1297.74,2024/05/11,shopping
  7217, 470  ,‌ $123.70 , 12/19/2024 , chargeback﻿
2184, 120  ,2451.45,07/26/2024, entertainment  
​  3045 ,300,‍ 2207.52 ,2024/07/14,  food﻿
 4615 ,‍331,502.14,2024-07-05  ,shopping
​2859,281,$1810.86  ,2024/01/15,utilities
5723, 120,$1729.85, 2024/03/03  , transport 
7054 ,‍167, $461.64 ,2024/01/26,​ reversal  
5008,  48  ,"1,075.47 ",2024-04-21,  entertainment  
﻿6583,387,-8.11,2024-11-01,utilities
6797,497,-203.39,‍11/20/2024,refund  
 4343‍,​364,  $705.86   ,2024-09-07‌,shopping
 2041  ,277,2421.33, 11/03/2024  ,shopping  
4417,184,"1,062.05 ", 2024-04-12,transport‌
273,‍  483  ,$454.63,2024-03-02​,‌shopping 
  4870,482,299.41,09/26/2024,  food
  1398,448  ," 2,226.26  ‌",12/07/2024  ,food
 1199  ,​  297  ,"   $1,915.50 ",2024-04-15 ,utilities
‍6868,  193,($499.47),  2024/01/25,food
2976,‌117,  347.30  ,2024/03/22,entertainment
4926,  22  ," $1,860.20 ",2024-02-04,‍  transport  
  3747 ,  444 ,"1,530.60",  2024-04-30,utilities
223,211  ,"2,221.17",2024-11-14,food 
7240,341,   $165.50   , 10/28/2024,‌refund
3599, 287  ,  738.61  ​,2024/08/09 , transport  
7553,304, $201.22 ,2024-02-30,transport  
‍ 3480  ,462,$1960.33,2024-05-11,utilities
  1552, 398 ,‌827.79,2024-03-29, entertainment
4254  , 421,​$153.73,​2024/08/02,transport
​4971,‌332,$1035.82, 03/13/2024, food
 179  ,​481,$1035.49,2024-11-09, shopping  
 428 ,340,165.98, 2024/10/31 ,food  
3359,445,561.99,2024/05/14‍,food
6078‍, 137 , -98.54  ,2024/10/28,  food 
  4124 ,43 ,‌716.16,08/15/2024,entertainment
  7340,91,54.35  ,  2024-09-09 ,refund
1759 ,387,1352.72  ,2024-06-21,transport
417  ,400,"  $2,384.22   ",01/20/2024  ,‌entertainment
6642,241, -343.16 ,2024/02/02‌,reversal
3203 ,340 ,"1,322.34",  2024-08-21, food 
3689,270,"1,007.59  ",‌  2024/10/28  ,food  
1117,103,‌$1424.80,05/05/2024,entertainment
 2819 , 82  ,$269.51,08/21/2024‌, shopping 
  5952  ,‌201,  1729.41  ‍,  2024-06-08 ,  utilities  
‍  969,234,$136.37,  2024-01-14, entertainment  
  5867  ,287​, $743.25 ,  2024-09-07,  shopping
2644 ,372﻿, $328.67 ‍,2024/07/15, transport
‌5061,  236‍, $986.91 ,2024/03/13,utilities‍
6673‍,163  ,-269.17  ,2024-02-20,entertainment
5866,446, $42.60 ,  10/07/2024 ,food
 5051 ,  238 ,"1,839.36", 2024-04-08,entertainment
6747  ,365, -355.96   , 2024/02/21  ,  entertainment  
 6354 ,177, -245.74 , 02/05/2024  ,entertainment
‍5577, 300  ,"   $1,317.86 ",  06/26/2024  ,utilities﻿
‍4899,‌440," $1,028.21 ",11/26/2024, shopping ​
‌6478,66, ($373.14) ,10/08/2024,‍refund
2895,  382  ,"﻿ $1,186.97 ",  12/16/2024 ,transport
 7403 ,‍163, 444.23 ,13/01/2024 ,  utilities
1727,476," $1,085.88 ", 2024/06/13 ,shopping
2197  ,‍244,"   $1,928.05   ",2024/06/15,  food  
6275,328, -225.01 , 2024/07/20  ,refund
709, 22  , $1849.04 ,2024-02-12, food  ‌
 6398,233﻿,‍-393.78 ,04/21/2024 ,  utilities  
6495,278,-44.90,10/24/2024  ,﻿reversal
  5479,151 ,1359.02,﻿2024-10-14,utilities
4914,66 ﻿,969.30, 2024-10-31  ,shopping
  4745  ,367,  $298.78,  10/20/2024, entertainment
2775,199," 1,910.96  ",  2024-03-23,transport
‌5741,35​,"2,241.55",2024/08/13﻿, shopping 
621 ,243,"   $1,711.69 ",‌10/18/2024  , shopping  
2933,47,1908.46,2024/07/15,  utilities  
7048,223,$345.44,2024-11-25,‌reversal
5935,  89," $1,297.77 ",2024/08/30  ,utilities  
8177,9999,​,12/22/2024,utilities
﻿7829  ,430,‍119.32,​not-a-date,food
2416,86,$719.78,09/30/2024, entertainment  
﻿3413,75,‍724.75,‍2024/06/05,food
6258,  47 , -98.60 ,﻿2024/11/26,reversal
5228,  219 ,‍  379.72, 2024/06/18  ,food﻿
7298, 124,185.73,  2024-06-05 ,refund 
 1882,66,"2,037.18  ",‌2024-02-13,utilities
﻿  2692,241‌,  $882.41  ,2024-04-26,shopping
2896,211 , $519.55  ,2024/07/31,food
7190, 369 , $22.10 ,2024/02/28,chargeback
1741,‍94,﻿  867.97,  2024-08-10 , entertainment‍
2320  ​, 77,   $963.79  ,2024/04/11,shopping
352,454,  $1676.48 ,07/10/2024,  entertainment
5627  ,365, $950.01   ,‌2024/05/20,entertainment
  3647  ​,219,  1070.17, 03/16/2024, transport  
1893  ,21​,$865.11,​2024/10/03, entertainment  
3933﻿,266  , 85.39 ,2024-11-27 ,​entertainment 
3998,25,2139.38  ,2024-10-19,food
  6327  ,135,  ($242.73) ,2024/06/05,  chargeback 
 1581  ,215,$317.12,2024/02/19,  utilities 
﻿373  ,313, 382.18  ,2024/10/12​,‍  entertainment 
 6094  ‍, 108  ,-264.88,  2024-04-19  ﻿,‌ utilities
3679 ‌,477,﻿628.40,2024/09/12,utilities
7337, 42  ,232.55,02/12/2024,chargeback
​3357,115, 1386.52  ,2024/03/19,  shopping  
4333,246,  1403.55  ,﻿  05/27/2024  ,entertainment
7813﻿,282  ,‍  273.83  ,﻿2024/14/01,food
3046, 156 ,1561.49,2024-02-05,transport  
  3308,441, $183.91,04/06/2024,utilities
 5681  , 295  ,"  1,346.69",05/14/2024,food
  3921  ,19,"1,469.13",2024/05/02 ,  shopping
1678,‌254,2443.47,02/12/2024,‌ shopping  
5317,411  ,1776.20‍,04/16/2024,  shopping 
2078,350,291.84,  05/15/2024 ,  utilities 
‌  3961,300﻿,1561.17,2024/06/19,shopping
​  1228,338,﻿ $961.57 ,  2024/06/09 ‌,shopping
6460,456,-221.59,2024/07/31,﻿chargeback
  2071 ,104,​  $331.05  ,2024-04-12,﻿food
  2172 ,442, $35.74  ,2024-09-05,  food 
‌7041,452,51.03,‌2024/07/30,reversal
  6282  ,104,‌   -85.43  ,  2024-02-13 ,shopping
319,462,$71.59,2024/04/30, shopping  
 3089 ,88,"2,463.36",  2024-11-01  ,  entertainment  
3695,  138‌,  $408.03 ,2024/09/15,  entertainment  
5513,  25,"﻿1,225.01",07/17/2024,shopping
  612﻿,99,   $952.13  ,  2024-04-26,transport
729,86,270.75 ,2024-10-24,transport
﻿2487,491,"1,315.54",2024-03-31,transport
4996﻿,﻿  28,   $771.45   ,2024-08-29,transport  
  6561,410,﻿ -416.32 ,2024/06/21,food
‍ 4017 ,286,"  $1,963.58   ",‌2024/10/18,entertainment  
6876,75, -164.33  ,  05/18/2024  ,chargeback  
6970,350,34.66,11/27/2024,chargeback
4294,  165 ,878.84,  07/17/2024,﻿shopping
201,94,  $39.08 ,‍2024/06/16,‌shopping 
7491  ,419,168.04,2025-01-01,  shopping  
7078,127,467.76 ,2024-08-06,reversal 
5578,21, $63.70 ,  2024/02/09,utilities
  4800 ,327,﻿  2089.74  ,2024-11-05,utilities
1143,139  ," 1,639.93  ",2024/04/01  ,entertainment
5635,430,345.15‌,2024-02-20,  transport  
5841,  145 ,  $1831.62 ,‍01/12/2024 ,shopping
2224,  351  ,1154.50‌,2024/05/25,shopping
‍309,498, 1292.93,2024-01-21,utilities
1227, 201,​ $689.93 ,2024/03/28, shopping  
1588﻿,460 ‍,1212.78,08/24/2024  , entertainment  
2759  , 50  ," $1,856.27 ",2024/08/16,transport
 5088,‍182, 1962.66  ,2024/08/30 ,entertainment
3344,  143 ,  $1026.37  ,05/31/2024,transport
 3738​,467," $1,933.49   ", 2024/09/19  , utilities
3892,317 ," $1,464.54   ",2024/07/28 ,food
 5024,354,$984.98,‌11/01/2024,entertainment‌
 6991,  444  ,144.86,06/07/2024,  reversal  
3189,﻿254,"‌1,435.04", 2024/05/21,food
6587,  426 ,‌  -121.47,​2024-09-29,transport
571, 66 , $1659.44 ,  2024/10/03,transport
3853‌,128,1502.33,2024/09/02,﻿food
3798,336,1933.26,10/05/2024,  transport  
4469,341,1891.10 ,05/30/2024,transport
6380,‍156,﻿($196.32), 2024/08/26,‍transport
2300,498,$2104.94,  08/28/2024 ,  entertainment 
3974, 23  ,2332.54,2024-08-10,transport
6584,293,-412.97,  2024/01/04 ,​shopping
 4004,460,‍$2198.62,2024-01-25 ,shopping
  4684  ,‌395,1403.17  ,01/05/2024,food​
3744  ,370,"2,309.85",‌2024/10/15,‌shopping
6717,290,‍($103.57), 2024-05-27,‍transport
6515,50‌,-368.59 ‍,  2024-02-09  ,refund
7624,493‌,66.45,2023-12-31,shopping
‍  8079,     ​,None,not-a-date  ,transport
4305  ,​  233 ," $2,289.03 ",2024-05-12,utilities﻿
82,​  78 ," $1,136.68 ",‍2024/12/01,shopping
1543,  323 ,‌2304.73,09/29/2024 ,‍transport
 7873  ,231,$275.18​,13/01/2024‍, entertainment
6620 ,424  , -384.31 , 2024/01/18 ,  chargeback 
 920  ,139,"   $2,119.05 ",2024-02-02,transport
4707, 335,‍  1945.74  ,01/08/2024,‍utilities
7421,308,‌ $316.41  ,,transport
157,191 ,$1487.04,11/05/2024,entertainment
917﻿,  130  ,‌  740.96  ,‌2024/09/23,‍utilities
6293,  101 , -422.19 ,09/01/2024,transport‍
2772,  407 ‌,1530.89,‌2024/04/08,shopping
2904,485, $983.40 ,  2024-08-15,food
 7235 ,468,432.54,2024/11/19,reversal
2242,281,"‌1,552.23",2024-04-02,food
‍459,‍125,1091.27  ,2024/05/29,transport  ﻿
7567,490, 335.35  ,not-a-date,  entertainment ‍
4552,311​, $2417.42 ,2024-07-22,entertainment
2500,132,1179.56 ​,2024/12/23,utilities
 503,189,2292.42,10/30/2024,  utilities 
5877,464‌, 588.15 ,2024-01-09 ,transport
7100,  488  ,276.96,01/06/2024,  chargeback
 3515 , 491,$920.10,  2024-01-11 ,utilities
285,  93,$2342.84,07/01/2024, utilities 
6847,370﻿,($394.01),10/23/2024,utilities
  3834 ,﻿  365,18.70,  10/20/2024  ,shopping
2626, 124  ,"  $1,556.46 ",03/13/2024,shopping
4114 ,53﻿, $831.55 ,06/27/2024, utilities ﻿
 4858 ,467​,2354.33,12/07/2024,‍food
7090,494, $466.65 ,2024-11-26,‌chargeback
  874 ‍, 212  ,   $670.96 ,﻿12/08/2024  ,transport
6114,72, -194.39  , 2024-11-15  ,transport
3706  , 59  ," $1,005.42  ",‍12/30/2024,shopping
﻿382,﻿100," $1,118.97 ‍",2024-12-03,food
﻿1851 ,  313  ,$1791.50,10/13/2024,entertainment
6834​,  195 ,-39.06,2024/02/07 ,reversal
  3278,500,$497.35,10/05/2024,transport
7736,321 ,​$110.71, 2025-01-01,transport
986‌,215,832.29,​2024-06-23,shopping
3051,  488  ﻿,"​ $2,491.14 ",  2024/02/28 ,utilities
 2941  ,​268 ,2248.96,2024/09/12,‌utilities
5840  ,  456 ,  1660.00,‍2024-04-19,food
‍6901,496, 275.52 ,‍2024-06-28,chargeback
 7677  ,146﻿,339.46,,utilities﻿
4527,167,1579.47,2024/12/30  ,food
  6456,268, ($385.75)  ,2024/08/02,transport
3314,‍10,"1,792.79 ",02/04/2024,utilities
2167,438," $1,684.46 ",2024/09/18 , shopping
5718,47,"‍1,224.16",​2024-02-05,transport
  782 ​,417,$1450.47, 2024-01-23  ,transport
  7389  ,148,  $450.97  ‍,2024-11-19,  chargeback  
 3168  ,145  ," $1,369.30 ﻿", 2024/06/22  ,shopping 
670‌,  224,300.65,08/30/2024,transport
7493,422,$73.69,2024-02-30,﻿transport
3812,‍77,"  1,338.39  ", 06/04/2024,transport
6902‍,‍ 373,$106.78, 2024-05-08  ,chargeback
﻿6206,269,-157.26,01/07/2024,  transport
2726,203,194.83,  2024/02/13  ,shopping
  4253 ,316  ,  452.36 ,2024/03/11,entertainment﻿
5943,‌  90,  $695.87,2024-01-05, entertainment  
  6704 ,  306, -264.61 ,12/01/2024  , reversal 
‌5665,106 ,  $162.31 ,  2024/12/09,shopping 
​8041,10.5,,2024-12-03,shopping
  6340,‌ 184,  ($204.43),  2024-06-08 , utilities  
‌2269,89 ," $1,614.07 ",2024-06-07  ,  transport  
  6640 ,123,-21.53,  2024/10/02 ,refund
1544‍,237  ,$2273.86,05/22/2024,food
4214,  410,"  $2,456.37   ",2024/12/26,shopping
4736,2,"1,120.52",2024-01-09,  utilities
 3151,  164,108.63, 12/15/2024  , food
7987‍,10.5,abc,2024-02-30,transport
 2170 ,91,"   $2,300.14  ",09/14/2024,food
7527,327, $147.04 ,13/01/2024, transport  
5693,363,"1,257.02", 2024-11-15  ,shopping 
4840,72,﻿ $719.10 , 2024/09/11 , utilities
2238,25, $433.30 ,​03/18/2024,utilities
1044,  334  ," $1,712.25 ",03/23/2024,entertainment
8135,10.5,abc,﻿2023-12-31,shopping
‍  6713  ,359,($368.65),12/05/2024,transport
5704,388,‍ $1847.66,2024-05-13, food 
6111  ,409,  -383.18,  2024/05/19  ‌,chargeback
6909  , 259﻿, $174.46 ,2024-05-25,﻿refund
 5244  ,35  , $2077.38  ,2024-03-05,shopping
  3267  ,434, $235.87  ,11/29/2024 ,food  
​6419,79  ,﻿ -484.17  ,2024-08-16,food‍
7233  ,480‌,$276.43‍,  2024-10-19 ,refund
 1975  ,323,  $617.88 ,2024/01/06,shopping
7453,293,$416.30﻿,  13/01/2024 ,‌food
‌6764, 283‍, -91.20   ,10/08/2024,food
3446, 428 ," $2,036.73   ", 2024-04-01  ,utilities
408,  373  ,$2303.53﻿,2024-02-07,food  
  4397,255,"   $1,320.64  ", 2024-11-15 ,shopping
6498,  332,-357.42,2024-12-26,utilities
6022,372,  -369.24,  01/28/2024  ,‍reversal 
  5277,  205  ,"   $2,233.48  ", 2024-03-11,  entertainment 
2286 ,69,"   $1,566.18 ",03/26/2024‌,shopping
3041,﻿379," $2,323.35 ",  09/15/2024 ,﻿transport
1266,253 ,"1,269.80 ",  2024-03-03 ,utilities
7139  ,‌343, $190.60 ,‍03/23/2024,refund 
  6518,198, -110.90 ,2024/07/16,  refund 
 35  ,﻿ 257  ,$2304.00,2024/08/17,food
3266‌, 433  ,66.63,​2024/08/16,entertainment
2028,355  ,1100.68,‌2024-05-13,  utilities  
94,  138, 363.92,2024/09/20‌,entertainment
3929,494,$2044.71‍,  2024-03-22  ,food
7249  ,381,$30.61,10/17/2024,reversal
 5965  ,269,$1145.35,2024-01-02,entertainment
 1357  ,‌  3  ,$1418.25,2024-07-19,transport ‌
700,120,  $913.29  ,2024/02/05,‌transport  
8154  ,‌,  $,2024/08/07  ,utilities
701, 444 ,368.44,08/25/2024 ,entertainment
6720,49,  -16.20  ‍,‍2024-07-29, chargeback‌
1340,447﻿,"1,177.20",2024/01/23 ,  utilities  
6818,193,-119.01 ,2024-10-03,utilities 
310,195,2045.13,﻿2024-03-25,transport
1295,37, $370.79  ,05/28/2024,shopping  
 8059‌,,,13/01/2024,transport
3765,77‍," $1,569.68 ",2024/03/13,food
3683,  332 ​,$1544.86  ,2024-05-24,entertainment
6549,  98, -42.43 ,﻿2024/10/12  ,shopping
412 ,105,﻿ 817.88  ,​07/14/2024,shopping‍
‌  3399  ,84,1697.16,  2024-07-22  ,shopping ​
7175,261,‍120.63,04/10/2024  ,chargeback
​6752,348,‌($57.00),2024-01-21,﻿entertainment
4841,302,  $941.26  ​,2024-04-10,utilities
5298,436, 1127.79  ,2024/09/19,transport  
6873,197,﻿  ($134.82)  ,11/23/2024 ,chargeback‍
4395,410," $1,959.56 ", 2024/10/26,  food  
4040,259,‌1012.28,  2024/03/06,food
3903,14,$1883.86,‌2024/07/04,shopping
 6147 ,﻿93,-298.91 ‍,2024/02/17,refund
1221,89,1556.12, 2024/05/11,utilities
228, 383,$174.32﻿,2024/03/14,utilities
  6194  ,431, -168.32 ,  01/12/2024 ,‌refund
1231,  267,1803.63,10/14/2024,entertainment
4641‍,‌375,631.57, 2024/09/14,﻿utilities
 7270  ,  484 , $167.02 ,2024/12/01,reversal
‌  6062  ,  232 ,-174.60,2024/05/08, chargeback 
​4893,212, 1676.13  ,2024-08-26,  food 
7603,106,$263.92,2024/14/01,  utilities​
 3479‍, 157  , $146.89 ,01/22/2024  ​,food
6367,‌132 ,  ($444.66),04/06/2024,transport
  908 ,230,‍  2243.74,01/29/2024,shopping 
​ 5260  ,  480  ,$1876.26, 2024/11/11  ﻿,shopping
 7917,      ,,13/01/2024  ,transport
6239,364,($444.87),07/14/2024 ,shopping 
 320 , 23,   $187.38  , 01/12/2024 ,food  
4345,‌43,1074.26,2024-02-02,shopping
‌ 6459  ,97,($122.02),  2024/11/13 ,shopping
2572,302,618.95,2024/09/30,transport
4572  ​,387," 1,119.79",  10/31/2024 ,entertainment ﻿
6700, 327  ,  ($197.16),2024-05-08,chargeback
‍2632  ,‍188,  $1883.13  ,  2024/10/19 ,entertainment
 7896  ,97,‌$464.89,2023-12-31  ,shopping
6644,381,​-99.75,2024-12-19,  transport ​
‍1675,266,$1656.68,2024/02/14,﻿ transport  
3304​, 481  , 830.45  ,2024-01-10,‍shopping
  3667  ,184,930.64, 2024/01/15,  transport  
3598,366,  $1369.04  ,2024/07/28,utilities‍
  7441  ,429,332.60,2024-02-30,shopping
1873,251,​   $15.56 ,2024/07/03,entertainment
433,383‍," 1,282.12", 2024-11-17﻿,‍transport 
7690  ,256,335.33,2023-12-31,entertainment
4890,387, 47.01,2024/11/06,transport
  4385,130,$1160.36  ,05/16/2024,  shopping  
  6422  ,240,-109.16  ,  2024-08-23,utilities
4782, 381‌," $1,931.83 ‍",  06/01/2024 , transport
﻿5331,​ 136  ,‍  478.87 ,2024/04/12  ,shopping
6932,  111 , $109.53,2024-05-30  ,﻿refund
  1919 ,119,"2,160.35",  2024-03-03​,entertainment‌
  8188,‌ NULL ,  NA ,2024-10-12,  transport 
 4454 ,190﻿,2341.36,​03/05/2024, utilities  
 5362‍,129 ,  $1609.00,  09/28/2024  ‌,utilities﻿
  6647,346, -60.56 ,2024/10/28﻿,  chargeback 
 7341 ​,238,$102.75﻿, 12/24/2024,reversal
5269,252,2480.43,‍07/02/2024,utilities‌
5789,‌465,600.35,2024-11-05‍,entertainment​
4224,  130 ," $1,401.76  ",2024/06/12,shopping
  2165 ,31," 1,713.50 ",2024-04-09 ,shopping﻿
5945,102,$401.99,‌2024/02/11,food 
1069,  432 ,"‌  1,262.17",2024/10/20,food
﻿4838,214,"‌2,016.77",‌2024/09/05,‌shopping  
4972 ,241, $1302.57  ,2024-05-29,  shopping
6122,102,  -67.30,2024/12/02﻿,chargeback
﻿ 2507  ,  181 , $2245.91,12/23/2024, transport  
 2557  , 362  ,﻿ 1481.24 , 2024/01/31  ,  food
 2814,  357 ,  174.74  ,12/05/2024,food​
6499,428,  ($243.69)  ,2024-01-14,shopping
‍  7362  ,215,379.54,03/12/2024  ,reversal‍
968,  225 ,353.19,​ 08/25/2024,food
 6468 ,8,  -490.18 ,06/27/2024  ,  transport
  7598,29,$186.91,13/01/2024,‌transport
4376,413,﻿  845.35,2024-03-31,‍food
  870  ,﻿300,  $1914.05 ,2024-06-22,﻿transport
1728,​253,769.21,06/01/2024, food 
‍7595 ,302,  114.47,not-a-date,shopping
5373,148,1499.97,  05/28/2024 ,‌ entertainment  
﻿7721,218,476.92,  13/01/2024 ,entertainment
5574﻿,​301," $2,198.94 ",2024-03-05, food  
3411,‌474,  $805.95   ‌,2024-01-23,entertainment
2493,310,$1150.51﻿,2024/10/22,‍shopping
3029, 467 ‌," $2,200.07 ",  09/30/2024,transport
4690,16​," $2,469.66 ", 2024/10/01 ,transport
‌6023,454  , -137.07 ,2024/01/22,‍chargeback
1234  ,224,"1,677.98", 2024/09/20 , food
‌1968,‌272,$844.44, 2024-05-19,  food
 2177  ,5, $647.43  ‍, 09/13/2024 ,transport
6975,145, 480.22  , 2024-03-18  ‌,﻿reversal
 4434  , 174 ,$636.84,2024/10/19,shopping
5833,265 ,$138.33,2024-07-07,entertainment
141,3‌,539.00  ,﻿06/26/2024,​food  
1460, 446‌,$63.99,  10/17/2024  ,utilities
 1131 ,  385  ,"  $2,174.97  ",05/31/2024,food
6452,224,﻿ ($413.05)  ,09/04/2024,reversal
 972 , 314 ‍,$1052.98,2024-05-07,utilities
‍7049,‌  27 ,232.62,09/19/2024,​  refund  
 2044,‌289,2242.51 ,  09/07/2024 ,transport
‌  5505,3,  1772.74  ,2024-10-23,food
6335,81﻿,﻿ -394.54 , 08/07/2024 ,food
‍  6365 ,445, -328.84 ,10/18/2024‍,food
1916,345,$1923.68,  07/19/2024  ﻿,shopping
6255,  427,-20.93,  2024/02/12, food 
​ 60 ,‍488, $411.51 ,2024-07-10,utilities
7627 , 314 , $35.05 ,2023-12-31​,shopping
531,291,1484.89,06/11/2024​,food
5617,64 , $461.88  ,08/19/2024,food
 7517  ,‌167,$300.24 ,2023-12-31,utilities
  317 ‌,223,‌998.39,2024/06/10,food
‍6503 ,  307  ,  ($93.07),2024-04-14,entertainment​
3021,  217  ," $2,387.44 ",2024/12/13,entertainment
 2349,  461,​ 1330.24,  2024-03-31 ,transport  
4321‌,83,1607.94  ,07/07/2024,shopping
 1215  , 298 ,400.88 ,​  2024-02-24, entertainment  
7842,71, $91.03 ,,  entertainment 
3985,211,$1686.89,2024/01/20,‍entertainment
 3367,182 ,"1,374.75",2024-05-22,food
5281,359  ,﻿1723.62,10/16/2024,  shopping 
770,357,"1,749.72",2024-07-09,utilities
5252,​22,"1,215.53",2024/09/15 ,entertainment
5692,314​,‌ $30.46   ,2024/08/11,  entertainment
4445 ,​54  ,"2,327.18", 2024-08-20,‍ food 
  5326 ,426,  679.78,  2024/05/21  ,shopping
2804  ,177,1823.07,﻿  2024-12-28  , utilities 
 3375,349," $1,533.67 ",‍04/21/2024,  food  
5305,424,$742.58,2024-11-25,utilities
  52, 251 ,933.74‍,2024/11/21,entertainment  
 3780 ,121‌, 62.46 ,2024/05/30,‍  food  
7435,170,   $345.36  , ,utilities
4067,214,‍1278.21,  2024-08-08, food  
  2918  ,331," 1,432.75  ",06/12/2024,utilities
4796 , 184 ‍,"  1,489.90", 2024-07-19  ,food
2779,203,$1544.66  ,2024/06/08,food
 3505,128,"2,278.18",2024/05/21,entertainment 
  7792 ,440,278.76,2024/14/01,entertainment
1706,9,$956.60, 2024-03-26  ,entertainment
363,359,  $92.80‍,2024-05-06,food
‌  5559,216," $2,029.18 ",2024/08/15,  transport  
 2181,217, $218.04  ,2024/01/17,utilities
 6654  ,127,-219.10, 01/16/2024 ,utilities
4953,​493  ,  335.88  ‌,2024/06/02‍, shopping 
4378,460," $2,301.46 ",2024-08-22  ,entertainment 
887 ‍, 389  ,$171.56,​ 2024/09/23, utilities 
3001,136  ,753.49  ,  06/10/2024,shopping
7743,​311,283.83,‍2024/14/01,​ transport  
4292 ,‍458,"‍  $2,075.72  ",  04/25/2024 ,entertainment
‍2138,479, $2417.89 ,2024-01-21,  food 
4655, 307,728.95  ,2024-03-18,shopping‍
 8199 ,10.5,$,,‍utilities
6751,108,‌ ($447.03) ,2024/02/17,utilities
7015,178​,$166.72, 2024/05/13 ,‌ refund  
8289,10.5 , $  ,03/29/2024,transport  
  432,  400 ,2066.39,06/17/2024,  food 
  231 , 53  ,623.08,2024-03-18,entertainment
  7343 ,463,497.29,2024/06/13  ,chargeback
2797 ,224  , 257.45 ​,2024/05/22,transport
‍5712  ,  192 ,849.46‌,2024/09/10,entertainment
5294, 5 ,"  $1,375.10   ",03/11/2024‍,﻿transport
5458 ,278  ,​ $714.07 ,2024-05-01,shopping
4204,322," $2,191.97 ",﻿07/18/2024,  entertainment  
4480  ,231 ,492.87,  2024-03-19  ,‌shopping
3698,430,‍$914.00,  2024/02/13 ,shopping
4396,  439 ," $1,238.01 ", 06/12/2024 ,entertainment
7082,286, 130.95  ,﻿2024-07-23,refund
  6116,323,-118.81,2024-12-30, refund  
198,  132,​1482.44,2024-05-03,transport
392,  475 ," $1,067.98   ",​04/03/2024,transport
 4650 ​,432  ,​   $71.04 ,‌2024/12/27,transport
  1631 ​,‍  461  ,"​2,075.10",2024-07-07,  food‌
356,  27 ,2036.29, 07/03/2024  ,utilities
5750,  363  ,405.36,2024/04/19,shopping
1156,275,  1482.29  ,12/18/2024  ,shopping
‌4679,‌  392  ,1284.62,10/26/2024‌,food  
8276,NULL,,not-a-date,transport
715,‌ 113  ,  1833.12  ,07/23/2024,transport
380,49 ,$2403.97  ,2024/08/14,‍transport
5814,490﻿," $1,903.33 ",2024/07/22﻿,transport﻿
6565,489,  ($446.84) ​,  2024-12-29,chargeback  
 7809 , 362, $345.28  , not-a-date ,  shopping  
6224,272,-154.51,2024/12/24,entertainment﻿
4442,260, $154.78 , 2024/07/07  ,‍shopping
3233 ,454,179.38 ,08/16/2024‍,entertainment
3160‍,‍271,​ $746.15 ,2024-09-11  ,transport 
159  ,  77 ‌,"  1,268.80  ",05/25/2024  ,food‌
7966,   , None,,entertainment
1992 ,444," $1,927.12 ",2024/12/25 ‌,  shopping
‌7113,359,476.77,05/02/2024,  chargeback  
4021,﻿102, $700.94 ,  2024/08/18,food
2580﻿,170," $2,264.93 ",11/10/2024,utilities
7388 ﻿,‍485,  347.10 ,2024/02/27,chargeback
6401 ,97,-199.60,06/15/2024, reversal ‍
523  ,69,537.37,2024-07-26,utilities
  4373,416,  449.42 ,07/24/2024,‍ entertainment 
 8053 ,10.5 ,,13/01/2024, food
7508,79,  $390.28,2023-12-31,transport
‌7161,28  ,  $4.63 , 01/31/2024 ,chargeback
  4166,36, $123.39,  06/08/2024,entertainment
7841,241,‌  131.24 , 2024-02-30 , transport
580,278,"‌ $1,110.35 ",10/21/2024 ,shopping
8081,10.5,"1,2,3﻿", 2024/01/28 ,entertainment
8295  ,  ,,​ 2024-11-16, transport
3663,459, 26.92  ,  07/07/2024  ,utilities  ‍
  1825 ,‍58,1297.47,  2024-06-01 ‌,entertainment‌
 1827  ,342, $1952.69 , 2024/08/12,utilities
‌6031,  245 , ($2.47)  ,05/27/2024 ,‍reversal
 651 ,  388  ,"1,737.00",2024/08/31,entertainment
7934 ,﻿,"  1,2,3",2024-09-01,food
5164,128  ,​1185.18,2024-05-01﻿,  shopping  
 4135 ,278,24.02‍,03/31/2024,shopping
‍550,‍183, $364.70 ,2024-10-01,﻿shopping
247,  174, $593.09 , 2024/02/10  ,‌utilities
7467  ,479 ‌,  298.66,‍2024/14/01, shopping
 3772 ,328,2260.80,05/08/2024,  transport  
468  ,158,  $807.42,2024-11-23,  utilities  
 4096,  332 ,"1,684.06  ",2024-05-22,transport​
2750,14,1649.95,2024/06/21,utilities
  6890 ,134 ,($75.60),‌2024-04-08  , food  
1346,246,39.42,​2024-12-04,utilities
 4104 ,255,1526.83​,  01/13/2024 ‌,transport
6063,64,  -35.27 ,2024/02/06,food
7,5,561.61,2024-03-12,shopping
73,​19,"‌ $2,348.24 ",2024-02-18,  entertainment 
8066 ,,, 2024/14/01 ,entertainment
  2903,133,$2393.93, 2024-01-10 ,  food  
6486,​225,($15.37),  2024/05/06 ,utilities
5050,  262 ,"2,071.25 ", 10/13/2024 ,food
﻿121  ,160,  $2228.53  ,2024-09-17,shopping
  5419  ,182 ,   $821.48 ,02/18/2024  ,shopping  ‍
 5510 ,216‍,"2,380.53 ",12/19/2024,  transport﻿
7548,154  ,$401.33,2023-12-31​, transport 
2343, 403,"﻿2,236.86",  2024/09/04,shopping
 6257  ,  491 ,  ($478.08),2024-03-16, transport
6934﻿,​  500  ,447.61‍,02/15/2024,﻿  reversal
6427,143,($62.36) , 2024/03/16,chargeback  
2528,298,"  $1,132.97  ", 2024/10/23  ,entertainment  ﻿
2829,405," $1,265.95   ",2024/06/17,entertainment
‍6972,  296, $132.72   ,  2024/01/04,  reversal
  2794 ,277,$2024.11,2024-10-21,  entertainment
 7689 ,61,478.78,,﻿shopping
2326,223,$2036.28,​  2024-05-29 ,food  
‌6215,﻿ 60,  -245.39   ,​2024/02/25,utilities
5519 ,495,$878.99,03/04/2024,entertainment
3011,316,"​ $1,543.83 ",2024/06/10  ,shopping 
4393,﻿  267," $1,232.38 ‌",2024-07-09,food
 1209 , 306  ,"‍ 1,558.76",02/06/2024 ,‌food
 5483  ,  274  ,  $352.63  ,2024-03-07,​entertainment
1657,  22 ,  2410.83 ﻿,  2024/02/26 ,  entertainment
2081,124  ,1553.12, 2024/01/24  , entertainment  
6903,235,332.98,2024-03-09,chargeback
 1440,343," $1,549.39 ",2024-11-01‌, food 
903,  141  ,   $223.46   ,2024/05/24 ,‍shopping
  7951 ,​  ,‌12..34,2025-01-01,food
7009,  142  ,  $45.42  ,04/25/2024,chargeback
1857,495  , $584.75,2024/10/29,food
 2962 ,50, $54.83 ﻿, 2024-01-20 ​,transport
5376,  402 ,597.53,2024/07/22 ,transport 
7787,  69 ,$352.12,‌13/01/2024,food
4164 ,​282,$380.40,‌2024-08-09 ,  shopping  
3542, 353 ,$2016.98,11/03/2024, entertainment ‌
598,﻿  345,  686.41, 07/01/2024  ,shopping
4077,335,$2203.44 ,04/06/2024,shopping 
876,137,"1,188.26",2024-01-29,entertainment
205,289,$2246.58,2024-05-08,food 
1983‍,349​,$279.46  ,03/09/2024,food
4654,304,67.49,  2024/09/20  ,​entertainment
86 ,388," $1,751.10   ",  2024/11/06 ,  entertainment 
 4180 ,  212,$1569.27,2024/10/23,transport
﻿7413,﻿277,17.66,not-a-date,entertainment
5342,500 ,"1,123.13",2024-02-21, utilities  ‌
7409,68, $340.87 ,,utilities
811,  148  ,306.94  ,07/11/2024,shopping
2671, 62  ,732.82‍,2024/09/06‌, utilities 
‌3592 ,435," $2,152.90 ",2024/06/23,utilities
  1359,205,2179.97,01/20/2024,transport
4337‍,50, 410.52,‍2024-02-09,utilities
5914,491,  657.01  ,2024/10/16 ,entertainment
2958,‌214,$2236.50,2024/10/24‌,entertainment
4050,137‍,"1,636.21",05/28/2024,shopping
  2985  ,116 ,"  2,367.28",2024-06-24,shopping  
4319,  262 ,"1,014.63",08/12/2024,food
6123,434,  -460.36 ,06/15/2024,​ entertainment  
1629,216  ,826.83,07/26/2024,utilities  
7832,111,$443.27 ,,entertainment
7380,491  , $72.46 ,2024/05/29,chargeback ‌
5758,190  , $1098.00 ,2024/01/01 ,  utilities 
7513  ,  69﻿, $50.67 ,2024/14/01,food  
2429,419,  1407.48 ,01/16/2024,​  shopping  
293,43 ,​$1662.52, 2024-07-31,  entertainment
7043, 202  ,370.74,﻿2024/09/03  ,refund
​1279,​ 178,2323.34﻿,  06/21/2024, transport  
5397, 380,$1983.03,﻿ 2024-06-27, transport  
 6064﻿,255,-372.98,2024-07-26,utilities
3415,81," $1,238.79 ​",2024/11/20‍,entertainment
75,131,341.54,2024/05/03, transport
3198, 462  ,"  1,354.50",‌05/02/2024,food
  1931, 167  ,"1,858.89",2024/06/26,utilities
4501,61,916.92,05/29/2024,food
  482,199,$2265.44,2024/02/07,  food
5255,278,"1,389.96",2024-09-14,utilities
4093, 75,1809.15,2024-10-27,shopping  
8093,10.5, $  ,2024-09-21,utilities
2991,‌422,‍  1850.31,​2024/05/06,﻿  utilities
1410 ​,31,"1,593.97",12/06/2024,​food
2717,261,  376.44  ,2024/02/15,food
7546,304,﻿   $122.85  , 2024/14/01  ,transport
3219  ,369,$87.07  , 2024-11-11  , food  
4556﻿,306,205.77,  2024/03/16  ,shopping
7644,  281  ,  $254.00  ,‍2024-02-30,food  
​4080,196," $2,078.93 ",10/25/2024, utilities  
3836,358, $236.53,2024-12-01,shopping
1177, 437 ,"  $1,989.68 ",2024/03/14,transport ﻿
 4493 ,277,"1,103.18",2024-02-28​, food  
6166,  444 ,($240.11),2024/03/08,refund
6143, 464,  -295.83 , 2024/06/22,shopping
 6874  ,342,-445.65 ,2024-09-01,entertainment
  5719  ,411,‌ $756.52  ,03/07/2024,entertainment
2995,76  ,$1031.86,04/14/2024,  utilities 
‍6006,285,  -372.27,‌ 2024-12-14,  chargeback 
7192,‍ 223 , $264.69 ,2024-07-07,reversal
4652‌,437,$1101.53,03/11/2024, entertainment
‍2365,487‌, $325.76 ,2024-06-05,entertainment
 2382 ,473,"   $1,333.40  ",2024/08/30,  shopping  
7656, 431 ,$66.30, 2024-02-30,utilities
 6860 ,216, -493.94  ,02/25/2024,  shopping 
  2550,﻿  289 ,1866.43, 2024-07-06 ,shopping
4811,356,74.51,2024/09/20,  entertainment  
851,307," $2,465.48  ",‌2024-06-24,shopping‌
​4078,106﻿," $1,176.09 ",  2024/11/07, utilities
 4794  ,182,$2290.94 ,11/17/2024  ,transport 
297​,255,﻿ $936.72 ,2024/08/29,shopping
1793,  274 ,"  1,939.50 ", 2024/02/07  ,shopping‍
8007,10.5,$ ‍,​  2024-02-30,  transport
﻿1051,98,‌$1474.23,2024/06/23,entertainment
‌ 4475,284,$2364.89,2024-11-13,﻿  food 
 6348  ,61,-199.76,2024-05-18, shopping
5101  ,496,1532.91,﻿2024-11-19,shopping  
6347, 221  ,-366.61,2024/06/13,  shopping  
 6846,426,‍($301.75),2024-03-29,​shopping
472, 43  ‌,"‌2,027.27",  09/25/2024 ,‍food
996,286,"1,541.14",2024/05/29,utilities
1116,  103 ,$1673.28,02/24/2024,shopping
1651 ,93,$1046.33,2024/05/15,‍  transport 
4262,‌59 , $1787.96  ,2024/08/24,shopping 
4052,155,698.67,2024-06-30‌,shopping 
1195 ,22,2195.09,2024-09-18,entertainment  
6299,‌65,-94.61,2024-02-11,transport
 6663,56,($72.70),  05/03/2024  ,‌utilities
 1481,  139,‍ $528.88 ,10/08/2024,‍transport
4162,74,‍  $848.48 ,07/15/2024,  utilities
710﻿,490 ,82.26,2024-10-22  ,shopping
2822,213,$334.36,2024-06-22,food
  1127 ,﻿276, 2150.12 ‌,01/28/2024,transport
 5650,26  ,1145.77,08/18/2024,transport
3489,438,686.58, 2024-04-27  , transport
  2980 ,  298 ,1828.96, 11/10/2024  ,shopping
1832,  408 ," $1,744.39 ", 2024/05/26  ‌,entertainment 
 3947,487,"2,303.08",03/24/2024,utilities  
﻿4620, 181,283.34,  2024-09-12 ‍,utilities  
  3223 ,  157 ," $2,371.68 ",2024/02/29, food  
  4594  ,316, $441.07 , 2024/09/21  ,entertainment  
  4762,​ 366  , $162.67 ,  11/07/2024  ,shopping
2275,191 , $133.80 , 2024/09/21  ,utilities
 5666  ,297,1620.36​,2024-11-18,entertainment​
 7259  ,97,﻿$430.64  ,09/12/2024,refund 
1448,‍  441,$246.95,2024/06/29,transport
 4803  ,﻿352,‌1865.98,  2024/01/13  , transport  
3023,364,  $582.91 ,2024/11/03,utilities​
  4451 ​,488,​$909.41,  2024/02/04 ‌,﻿transport  
​ 7732,14, $223.66 ,2024/14/01‌,transport
  4095  ,47,$262.32,2024-03-17,  entertainment 
﻿3949,442‌,$2251.39,  2024-09-22  ,entertainment
 2031 ,169,"1,930.11",‍2024-02-24,‍shopping
5245‌,225,​$1291.84,2024/03/22, entertainment﻿
6883,480‌,-245.47,2024-07-29,chargeback
3473,  255  ,1626.27,04/14/2024,entertainment
﻿1842,402,711.31  , 12/15/2024,transport
5322,  20  ,785.16  , 2024-04-08 ,transport 
2756  ‌,342,‍ $1450.20 ,2024/02/02,utilities
1526 ,285,$1112.17  ,2024-03-20,utilities 
6232 ,72,($458.89),2024/10/22,shopping
111, 449 ,966.48,05/30/2024​,entertainment
﻿5412,494,‌ $469.54 ,10/16/2024,shopping
  8071 ,‌,$‍,2023-12-31 ,food
2220,156,$2286.07,05/23/2024,﻿utilities
  7700,313,427.54,2025-01-01,transport 
7148,20,17.10,‌2024/05/15,﻿reversal
7417, 132, $495.44 ,  not-a-date​,transport
 6119,358​,  -9.63﻿,12/26/2024,reversal
7196,  391  , $137.43 ,03/26/2024‌,‌reversal  
 71 ,368,212.55,06/10/2024, entertainment
2943﻿,24,50.42,12/01/2024 ,food
3353 ​,110 ,  $468.96,2024-03-02‍,transport​
﻿2431,289,  1675.67  ‍, 2024/08/30  , shopping
6556, 477,  ($490.60)  ,2024-05-11,shopping​
6596, 474  ,-385.29,  2024/02/12 ,utilities
  798  ,‌150,"  1,616.67",2024/06/28,utilities  
 2263  ,417, 1362.09  , 2024/12/24, utilities 
5383,​472,$458.20,2024/12/23﻿,  utilities  
5874, 81,  988.32  , 08/21/2024  ,food ​
4538,363  ,$1713.35,2024/09/24, entertainment  
252,29 ,‌296.42,2024/12/11,shopping
696,486,"1,511.87 ",04/14/2024 ,‌food
7216,157﻿, $31.75 ,  2024-02-22  ,chargeback
3513,  486 ,1115.42, 01/03/2024 ,food
1757,134,$2100.88,12/22/2024,entertainment
7166,  443 ,256.01  ,﻿2024-04-15,refund
1585‍,314 , $763.02 ,​2024-05-15, transport 
1174,  376﻿,$1045.45  ,2024/05/14﻿,utilities 
​1962,441 , 195.72  ,2024/09/13‍,shopping‍
 1917,  440  ,267.34,08/14/2024,utilities
3507,50,  527.81  ﻿,  2024/06/23 , entertainment  
  3549 ,62 ,"1,660.08",2024-03-11,shopping
6483 ,  498,($140.98),2024-07-31‍,shopping
219,  477  ,"2,095.33  ​",2024-04-15,  utilities
4355 , 186  ,   $544.60  ,2024/06/04,transport
8282,NULL, , 2024-02-30,shopping
1265, 305 ," $1,020.04 ",  2024/10/30  ,  transport  
8201​,﻿,   ,07/26/2024,food  
​1438,31,"1,179.56 ",06/29/2024,utilities
671,378‌," $1,057.66 ",2024-02-07  ,shopping
7769,356,248.18,2024-02-30,entertainment
﻿ 3403,236,‍$2422.92,‌2024/08/09  ,utilities 
 490  ,  303 ,$490.83,04/30/2024,entertainment  
​8198,x‌,None‌,   ‌,utilities
 6656 ,130 ,  -113.92   ,09/18/2024,  refund  
5370,‌  16,"1,766.85",2024/10/09,entertainment
 5938,358,"1,971.02",2024-09-28,entertainment
2223,168,"1,773.30",2024-01-05,food
‍5272,330,"2,466.75", 2024-01-15 ,entertainment
﻿  3514 , 407 ,   $74.74   ,  07/09/2024 ,‍utilities
  5106 , 155 ,"  $1,491.33   ",10/31/2024,utilities
2373,345,$1809.20,2024/04/27,shopping
3807,422,$94.99,2024/12/16 ,  utilities
  5207,323,"2,340.28‍",﻿ 11/05/2024  , utilities 
5041 ,27,"﻿ $2,222.19 ",2024-07-18,shopping  
243,​  482,$181.86,03/26/2024,utilities  
2166,  455,$94.44, 2024-08-18,food
3110,‌218,$1570.45  ‌,2024/11/08, entertainment  ‌
  4529,354, $50.64 ,2024/05/27​,transport
 5103 ,485 ,692.16,2024-05-30,  food
686,325,"  2,436.01",2024/04/15  ,entertainment
‍67,367,963.83,2024-05-17  ,utilities 
6981​,38, $50.05  ,  05/24/2024  ,refund
 8063 ,, $ ‌,2024-09-24  ,transport‍
‍1103,429, $986.78   ,‍  2024-04-28,utilities
1442,​191,$1225.03,2024/09/15,  transport
7657  ,488,  99.12 ,13/01/2024,shopping
 781, 273 ,  $318.30‍,11/04/2024​, food 
﻿7653,120,‍ 40.05  ,2025-01-01,shopping
  5974,212‌,  $979.77,11/29/2024 ,transport 
1636  ,106‍, 672.95  , 2024-12-05‍, utilities
2260,125​,137.56​, 2024-06-04, shopping‍
3522, 287﻿,​2051.28,  12/05/2024  ‌,​utilities
  2376,30​, $92.85 ,08/13/2024, utilities  
  4752,  476,$743.13,  2024/09/15 ,food
  7437  ,91, 294.31  , 2025-01-01  ,transport​
‌833,‍  193,"  $1,761.53  ",2024/07/10,  utilities 
  5258 ,159, $1459.05,2024/06/27‌,  entertainment  
 74 ,128,$1189.29,2024-06-17,  utilities
  4915 ,  192 ,$1298.07, 05/07/2024‌, utilities
7204,‍343, $207.94 ,2024-05-04,chargeback
5350,63,$2066.56 ,  01/29/2024,entertainment 
 401,381,"  $1,576.90   ", 07/02/2024 ,shopping
  3145  ,397‍,953.87,2024-04-07 ,﻿shopping
2710,35 ,​$1717.54,09/23/2024,‌ transport  
2640,336," 2,355.77  ",03/07/2024,transport
  7291 , 486﻿,$382.84,12/06/2024‌,reversal
7251 ,  65 ,  19.30,09/20/2024,refund﻿
2914,​257," $2,477.89 ",  2024-07-01  , food  
4756,  186  , 986.01,2024/07/26,transport
442,193,$122.67,  2024-11-18 ,  entertainment 
1828,33,"1,977.54",2024/03/19,food
 5022  ,﻿192,  1358.30 ,2024-01-21,entertainment
2915,227," $1,565.81 ",‌2024/02/16,‌  utilities  
﻿6962, 472 ,$294.36,09/20/2024,chargeback
  421 ,  416 ,"1,655.82",2024/12/15,utilities
4839,‌  380 ,  $1579.40  ﻿,  12/02/2024,entertainment
776,14 ‌,"  2,445.35  ",‍  2024/05/30 , utilities
84,  478 ,"   $1,675.37 ",2024-08-02,‌  shopping  
1038, 328  ," $2,122.11 ",03/06/2024,shopping
4988 ,492 , $1658.09  , 2024-09-01 ,  utilities 
 4487 ,212  ,$1319.92,2024-07-23,  transport
521, 357  ‍,$2269.36, 2024/08/06,utilities
 7605 ,182, 389.40,‌2024/14/01,shopping
 629 ,406,$1641.74,2024/12/04, shopping 
‌519, 139 ,  $446.73 ,2024/10/11,transport
5001, 298 ,1791.83,06/13/2024,shopping
6616,442,($478.54),2024/06/21,  entertainment  ‌
 6046  , 245  , -231.99,2024/12/29,food
  4561 ,372," $1,146.35 ",2024-08-17  ,shopping
​ 2409,201,1777.86, 01/25/2024,shopping​
4103, 268,‍1764.18,02/18/2024,utilities
​6707, 289 , -301.02 ‌,  06/04/2024,food
1946 ,61,$1358.20,04/28/2024  ​,  transport  
4734,170, $1748.95,2024-05-02,food  
2611,421, $356.11 ,‍02/17/2024,food
2188,﻿390,‍421.62, 07/10/2024,food  
268,  355  , $854.48 , 10/28/2024,shopping  
3801,415, 462.80‍,2024-08-19​,food
  1283,381, $1401.18, 05/26/2024 ,﻿  food  
3719,99,"1,332.53",03/31/2024,entertainment
  7754﻿,277‌,205.86,not-a-date , shopping  
 1293 ,161,$1938.44  ,​2024-03-05,transport
8286,NULL,"1,2,3",2024-05-01,entertainment  
3617,458,1804.91,﻿2024/05/07,shopping
 4293 ,301, $338.26 ,07/04/2024, entertainment
5799,‌338,"1,633.63",10/21/2024,transport  
676,232," 1,432.83 ",2024/05/17,transport
7136,  271  ,463.27,05/30/2024 ,‍chargeback
646 ,500 , $931.66 ,2024-09-21,‍utilities
‍5857,60,‍1133.93,11/27/2024,entertainment
 1282,‍479,"1,975.43",2024-03-05,utilities
6387 ,217  ,  -331.03 ,‍11/01/2024,reversal
3768,474,"1,294.56",2024-02-02,​entertainment
3351,216 ‌,"  2,018.28 ",2024-01-11 ,food﻿
129,134,  2097.47 ,2024-09-21, shopping 
 1597,  151 ,$1750.74,10/30/2024,​entertainment
​3939,454‍,"1,563.24‍",2024-02-07, transport 
7649, 106 ,$408.36,2025-01-01,shopping
​7789,467, $467.18 ,2024/14/01,entertainment  
 3611 ​,​29,"‌1,214.07",2024-04-16, entertainment  
 7696, 226,87.32,2025-01-01,utilities
​2826,  45,"1,398.43",  2024/12/20 ,  shopping
 1889 ‌,55,​513.28, 10/29/2024 ,utilities
2573 ,  289 ,"  1,741.59  ",  2024-01-20  , transport
3288, 76  ,  $2092.32  ,2024-08-02,transport  ‌
4297, 452," 2,203.23  ",2024/06/08  ,  utilities
  698  ‌,465, 640.99,2024/05/14,transport 
‌3306,179,"‍1,732.12",2024/08/12,shopping
8120,﻿9999,‍abc,not-a-date,﻿utilities
5058,‍  328 ,$1504.44,  2024/10/03  ,entertainment 
  7939, 10.5  ,None ,2024-11-25  , utilities  
7756, 145,192.49,2024/14/01,utilities
2707,144,"1,606.00",  09/06/2024,food  
506, 388,1743.23,2024-06-01  ,entertainment
1211,  498  ,"‌ $1,084.54 ",08/26/2024,entertainment
499,485, $123.67  ,  03/18/2024  ,‍utilities  
​ 2558  ,409, 1276.86﻿,2024-10-03,entertainment 
 1820  ,398,﻿ 2471.10,2024/10/19,﻿transport
5198,  112  ,"  $1,500.14   ",​ 2024/06/27  ,entertainment 
2305,116,$285.21 , 03/16/2024  ,food
3495,410," $1,849.90 ",  2024/06/13,food
1366, 477  ,"2,467.64",2024/01/26,utilities
 6207,261​,($247.39),12/09/2024,utilities
2419﻿,  291 ," 1,742.44 ",04/26/2024,‌food
 5771 ,431,​$1143.38,2024/01/27,entertainment
7316,​ 109 , $487.03 ,06/23/2024,  chargeback‌
 3907 ﻿,17, $943.41 , 01/06/2024,  shopping 
6886,240, -16.28 , 2024-04-08,​chargeback
 1641  ‍,225,329.54,2024/05/09,  shopping  
5096,​353,﻿  $1078.31,2024/07/27‍,entertainment
﻿3860, 14, $275.95 ,06/11/2024  ,shopping
5238, 94  ,‌7.24,10/27/2024,‍utilities
5764,243  , $980.97   ,﻿05/06/2024,utilities
1673 ,14,"1,977.61",04/23/2024,food
  988,423,834.04,12/01/2024,entertainment
6093,368, -440.25 ,2024/08/16, refund
﻿  3763  ,436,977.73,02/14/2024﻿, utilities
‌4576 , 194,​  807.81,‍2024-06-10,entertainment
 2456 ,  121,$1097.81, 05/08/2024  ,​ transport
2202,231,$1271.62,2024/04/22,transport
97, 13  ,‍2351.85,01/08/2024‍,﻿transport
 2935  ﻿,44,$1584.36,2024-11-08,food
6165,423,($210.11)  ,‌2024-11-05,​ refund 
﻿ 714  ,52,$1639.33,04/14/2024,transport
  596 , 15  ,"‍1,310.43",11/03/2024,transport
366  ‍,17, 294.59  ,2024/08/23,shopping
7189,  174 ,  $140.17 ,2024-12-28, refund  
6915 ,  49 ,   $226.31 ,2024-03-15,  reversal 
  2714  ,33, $1940.62  ,‌ 2024/06/14,food
3310 ,208,  1005.95 ﻿,2024/07/30, shopping 
  758 ,251  ,   $633.13   ,  2024-04-11 ‍, shopping 
2464,‌297,626.65,2024-07-30,food
​63,448,​909.82,2024/08/21 , food 
 7868 ,23,334.19  ,​2024-02-30,shopping
3256,103,"   $2,469.11 ",2024-01-20,  entertainment
 7621 , 229 ,‌366.05,,transport
5511  ,267,$1031.36,  2024/12/01 ,food
​3786,  234,63.94,01/11/2024 ,utilities
  6424  ,341,-173.93,08/23/2024,‍reversal
​1161,175  ,$2383.01,2024-08-31,transport
  7519  ,500,352.38  ,​  ,transport 
965,262,  $616.82  ,‌  03/16/2024, transport 
283,365​, 1658.57,  2024/03/19,transport
6898,227,-167.22  ﻿,​10/11/2024,chargeback
  7642  ,456‍,  $127.40 ,not-a-date,utilities
1867  ,448,"1,969.65 ",  07/07/2024,shopping
6036, 471 ‌, -149.15 ,  2024-09-29  ,utilities
  2025,194,"   $1,891.56 ",2024-05-10,utilities
4205, 121,$2285.29,  2024/02/12,‍entertainment
6371,267,  ($280.73)  ,2024-07-03,transport
‍1866,322,$59.19,01/03/2024,utilities
  2840  , 243 ,1875.87﻿,2024/12/19,entertainment
  6884 , 152, -252.49  , 2024/01/03  ,refund﻿
 3548,422,$1022.47, 2024-07-03,food
1687  ,465," $1,342.11 ",2024/04/15,utilities﻿
‍  2938,  9‍, $644.21  ,‌2024/07/31,entertainment
  6476,  228 ,‌  -136.91  ,  12/03/2024 ,‌shopping
‌  7967  ,10.5,abc,,  entertainment 
 3365,155,"   $1,256.45  ",2024-03-14,  food 
﻿6305,323  ,($190.19),10/17/2024,refund
  730  ,411‌, 175.38, 11/26/2024, transport 
3393,371,$1457.06,2024-08-03  ,utilities
6940,​4, $23.70 ‌,2024/06/09 ,reversal
  5214  ,  22,2295.06 ,09/15/2024,shopping  
 1204 ,‌301,1741.01,02/25/2024,‌ transport
﻿ 377, 134 ,$1256.40 ,2024-11-03,  entertainment 
5611,​  135 ,$1433.69,2024/11/26 ,​ food 
﻿1159,440,"2,128.23", 08/13/2024 ‌,  transport  
​1690,426, $1046.50 ,2024/03/28,entertainment 
5775​, 361,$1325.45  ,2024-05-27,shopping  
8034,x,NA, ,shopping
 777  ,267,  832.40, 12/14/2024 ,utilities
6083,‍  370  , -148.07  ,2024/04/02 ,  entertainment
2148, 137, $47.02 ‌,2024-09-30,food
1710,9  ,  $751.94  ,  05/17/2024,entertainment
3331,356,478.55,‍06/24/2024,food﻿
7525  ,  323,​  407.01, 13/01/2024  ,utilities
1928 , 231, 400.74  ,‌2024/08/29,﻿entertainment
3509,​142  ,"2,493.82 ‍",  09/25/2024,entertainment
  7123  ,17  ,311.50,‌2024-04-23, reversal 
735  ,‌391, $2014.57 ,06/29/2024,‍transport
 1712,﻿  67 ,"  $1,903.69   ",04/21/2024, food 
5011 ,227 , 2093.12,​2024/07/11,  shopping  
 4139,​ 129  ,384.21,  2024-03-24  ,  transport 
1782,269​," $1,504.68 ",10/07/2024,food‌
  1694 ,97  ,"  1,540.70  ‍",  2024/07/15,entertainment
﻿3881,  54 ,  $1572.87 ,06/19/2024  ‌,entertainment
 2361 ,388,2066.21, 2024/04/08  ,﻿ transport  
‍  909  ,﻿124  ,﻿ $1210.50,2024/02/21,utilities​
6344,  381 ,  -170.69,2024-11-14,  utilities
5543  , 117  ,557.66,2024-12-05, utilities 
‍6393,  91 , -235.28   , 2024-04-02 ,transport  
  3214,153, $104.97  ,2024/11/05 ,entertainment 
4861,  172 ,967.75,2024/12/06,utilities 
‍554,89  , 829.87,2024/12/11 ,‌transport
5673,405  ,"1,814.89",2024-05-23,utilities
1662,  21 ﻿,  1075.08,08/16/2024,entertainment
3643,251," $1,211.60 ",2024-03-23,shopping
2384,88,‌  2026.63  ,07/16/2024,entertainment  
387,59,  618.76  ,‌  2024/09/12 ,  shopping 
﻿3894 ,425,237.90,  11/09/2024 ,food
 4303 ,250‍,‍1371.17,  07/05/2024  ,  utilities  
4879, 176  ,95.91  ​,01/03/2024,entertainment
  8056,​, $ ,​2023-12-31 ,utilities
4423,300  ,"‌ 1,420.03",‍10/19/2024,food
 5737 ,52‍,770.05,09/07/2024,utilities
577,327,$1508.61,  2024/11/25  ,shopping
8265,10.5‍,"1,2,3", 02/26/2024, food 
2538,11, 82.30  ,  09/02/2024  ,shopping
5592, 271,"1,783.58",  06/28/2024 ,‍shopping
  703  ,298,"‌1,917.82",2024/09/07,utilities
6537,  216 ‌,-216.76,‍2024-06-06,reversal
‌6843,52‌,-468.27 ,2024-01-07,refund﻿
6081,268,($351.82),2024/05/29﻿,chargeback
702,  261,$1367.45,  06/10/2024 ‍,transport
 5657  ,338,1218.54‍,2024-12-27,​food
1948​,378, $678.02 , 2024-03-19  ,transport
2627,13,"   $2,181.04 ‍",2024-09-06,‌utilities
7063, 406 ,  $166.60  ,2024-03-26  , reversal  
5749,  281  , $30.67 ,2024-07-30, shopping  
2600,111,$1563.06​,01/24/2024,shopping
1792,  216  ,  $2242.89,11/15/2024  ,‌shopping  
1610,﻿460,719.65,2024/10/16,entertainment
﻿ 5933 ,34,"  $1,909.93   ",‍ 2024-06-30 ,utilities
  4903,242,1059.25 ,08/19/2024,utilities
‌2547, 266  ,312.23,‍ 11/27/2024  ,transport
﻿2043,239,1646.73,2024/04/12,‍ transport
1996,61 ,  1763.48  ,‍2024/05/27,​  transport  
4906,  316 , $50.05  ,2024-12-12,﻿shopping
 4502 ,88,220.40,​2024-01-12,utilities
 2469 ,‍  201  ,"1,321.71",  2024-01-14  ,utilities
5552,400,$2023.49,03/19/2024,  entertainment 
​  7625  ,199, $223.94  ,2025-01-01,entertainment
 1402﻿,  212  ,722.90,2024/01/09,transport
4284,223,526.36,2024/04/21,shopping
1834,445, $46.00 , 2024-01-21 ,food
7488, 409 ​,   $73.86 , 2025-01-01 ,transport
5137,63,$2171.70,‌ 2024-11-01  ,transport
951,  73 ,1442.92,09/16/2024,food​
7501,  93 , $106.03 ﻿,2024/14/01,  transport 
66‌,  483  ,"1,710.96",2024/07/23,entertainment
5941,242 ," $1,017.59 ﻿",​ 03/30/2024 ,entertainment
1596 ﻿,  472  ," $1,884.22  ",04/07/2024﻿,entertainment
6864,  68,($102.45),2024-02-26,entertainment
5961,461,466.66,2024-12-27,  entertainment  
  1887,202﻿,"2,112.15",2024-06-12, food  
8228,,$‍,05/18/2024,shopping
 5203, 147,​  $900.93 ,‌2024/03/24,  transport  
﻿6946 ,  198,306.50,2024-04-07,refund  
7088 ,  323 ,162.01  ,2024-12-16,﻿reversal 
1013,228," $1,556.66 ", 2024/11/19,entertainment
  4027,9,"2,053.94",12/04/2024,entertainment
 572 ,  14  ,"1,958.19",  09/18/2024 ,food
7213,233,126.00,  09/10/2024 ,reversal
92 ,  477,"  $1,472.99  ‌", 11/17/2024,shopping
7438 ,330, $319.99 ,2025-01-01,entertainment
5729,141 ,$1596.37, 10/28/2024,  entertainment
  196,  342 ,$1049.75  ,​06/16/2024 ,‌food
7098,412 ‍,204.90,10/28/2024,‍ refund  
5849 ,422  ,$1768.90,08/05/2024,transport
  2128,188,$1257.81,​01/10/2024,food
﻿ 2313 ,262 ,"  1,405.66  ",03/06/2024,shopping
 759  ,128," $1,508.56 ‍",2024/10/26 ,food 
  2686,31, 1772.33﻿,2024/05/08,entertainment
5600,229  , 482.18 ,2024-10-01,  entertainment
1519  ,104,‍  $849.62  ,2024/07/16,transport
6916,482, $167.43 , 2024/04/15,reversal
3621,​395," 2,364.09  ",04/27/2024, utilities 
4774,‌222, $521.26 ,  2024-02-02 ,  utilities  
 2004 ,465,$1754.67,2024/05/04 ,shopping
3608,﻿426,"  $1,101.82 ",​  06/26/2024,utilities
 2022  ﻿,421  ," $2,400.80 ",05/27/2024, entertainment
 4063  ,482  ,$349.53,2024/02/22 ,‍transport
7330,  360,380.71​,2024/11/05, reversal
 4873 ,448,​  $1759.32 ,09/10/2024,transport
5299,223,"‌2,479.83",10/02/2024,food  
193, 443 ,‍$1468.94,2024-08-09,  shopping
‌ 2444  ,477,  465.89  ​,05/04/2024,entertainment
 3020  ,  378,$2272.20,2024/11/04, transport
 5044, 354 ,$214.73, 2024-08-11,shopping 
7243,277,$177.01,2024-12-22,refund
3244,109 ,$1750.65,03/03/2024,utilities
﻿5352, 346  ,  $1974.16,2024/08/06,  utilities
4208,  64  ,  $51.54  ,‌2024-06-24  ,utilities
3169,126, $362.10 , 2024/11/11  , transport
3870  ,23,$1122.73  ,2024-10-28,​ shopping  
6054  ,185,($340.28) ,​2024/10/21,‍ chargeback 
  166,296,943.67‌,2024/03/08,  utilities
  7411, 115 , $52.90 ,2024-02-30,utilities
​5333, 277," $1,734.33 ",2024/11/06,food  
788,434,"1,175.27  ",01/21/2024,  food 
‌3927,422,"1,636.90", 01/13/2024, utilities  
7366,‍  261  ,287.06 ,2024-06-21,‌chargeback
​4630  ,  40  , $185.94 ,2024-09-03,transport
 7782 ,185,419.52,13/01/2024 , food 
3170, 459,  1078.44,2024-01-03,  food  
7398,376 ,74.84,2024/08/16,refund
 1560 ,468‍,‍ $905.44  , 09/07/2024,food​
4728,12,  $2331.03  ,  2024-09-11, entertainment ‍
7992﻿,‍ NULL ,12..34,10/09/2024,utilities
‍687,476,"1,185.67  ",  12/18/2024, shopping  
7206,266,‍394.51,11/10/2024,refund  
495,331,​ $973.52 ,06/12/2024,food
5377,493﻿,693.97,‍  2024/06/29 , entertainment 
5365  ,107,"  $1,736.16 ",08/31/2024,  shopping  
5890 ,157﻿,961.78, 2024/02/20  , transport 
7584,45,   $352.94  , 2024/14/01  ﻿,  utilities 
2133,344  ,825.58,﻿ 2024-04-06  ,food
7668,28,$52.40  ,13/01/2024 ,transport
5295,358,"1,123.09 ", 2024/01/05, entertainment
 4038,  348 ,﻿ $369.05 ,  2024-02-22﻿,shopping 
3854,240," $1,080.77 ​",  07/28/2024,food
2259,496,$2093.62,2024-02-24,  utilities ﻿
8217,‍  10.5  ,  NA  ,‌  01/13/2024, utilities  
5800,158,‌592.33,2024/11/27​,‍utilities
6653,‍  61, ($56.43),﻿ 2024-04-25 , reversal
7924,10.5,12..34,2024/02/21, food
 8300 ,10.5,﻿  , not-a-date​,transport
 5163  ,425,$520.35,08/25/2024‍,transport  
7660​,211,$329.10,2025-01-01,utilities 
‍1801  ,170 ,‌ $2469.06 ,2024/02/23,utilities
946,342,1507.56,07/13/2024,food
  2698  ,145﻿,"   $2,268.14   ",‍  2024-05-17,transport‌
  3878,188 ,  $428.87, 08/25/2024,​food
​7162,  63,$352.72,2024-12-20​,chargeback
7494,﻿449,249.79 ,﻿13/01/2024 ,﻿  utilities
​ 6511,256,‍-352.39,2024-07-30,  shopping  
4474, 426,68.96,01/21/2024,  entertainment  
3839 ,  89 ,$1934.68  ,  2024/03/28,﻿utilities
  7486  ,329,304.26,2025-01-01 ,transport
3423 ,418,2066.95 ,2024-06-07,transport ﻿
 1880 ,  102  ,"​ $2,154.05 ",2024-05-27‌,utilities
7858﻿,  468 , $88.33 ,﻿not-a-date,shopping
7465,429, 163.37,  2024/14/01,  utilities  
4245,​  415  ," 1,770.07",​  2024/09/24  ,utilities
​5561,467,$730.45,2024/04/28,transport﻿
4966,388,$2258.53‍,‌2024/01/25,utilities 
1113‌,‍366,2163.22,‍  06/12/2024,shopping
6519,﻿ 405  , -145.88   ,2024-10-04 ,shopping‌
5062 ,22,$211.68,03/16/2024‌,‌  utilities
5532,115,  2318.13 ,﻿2024/06/23,transport
 1763 , 291 ," $2,366.53 ",2024/11/01,transport
5599,279," $1,379.52 ",2024/07/18,shopping
2457,160," $2,378.27 ",05/10/2024,transport
3249,311, $281.37 ,﻿ 2024/02/07,  entertainment ‌
4195, 313,$932.07,2024-03-03,entertainment
7526 ,‌87,​$272.15 ,  2025-01-01  ,food
3248,186 ,   $923.26   ,2024-09-22,transport
6528,355,($435.99),​2024/08/02,  shopping  
6787,76,-291.87,09/14/2024  , reversal
5591,480," $2,216.64 ",  10/29/2024 , transport  
7768,184  ,$63.64,13/01/2024,utilities​
5010,198," $2,137.45  ‍",09/20/2024,  utilities 
6661‍, 87, -292.28  ,2024-02-02, entertainment  
475,324‍," $2,160.20 ",  2024-03-25 ,  food 
778,460 ,  332.34 ,03/05/2024  ,  shopping
872,‍  367,139.37  ,11/13/2024,food
﻿8184,NULL,None,2024-12-18,  food 
4856,325,  289.53  ,06/05/2024,entertainment
‍4152,453,   $359.38  , 06/05/2024,﻿transport
5208, 141  , $637.91  ,﻿07/24/2024, utilities
6576, 153 ,​ -179.73 ,2024/06/22,shopping
  5338 ,257,$496.10,﻿2024/06/06,‍  entertainment 
 6033 ,51﻿,($425.32),​2024/03/18,transport
4732 ,316, $2375.06 ,  2024-12-21  ,utilities
4264,51,"   $1,017.31 ",2024/11/29,  transport
120,332," $1,852.22 ",  2024-12-14,‌food
1404 , 492,$2225.29,‌2024/10/24 ,utilities
282‌,359,2134.93,05/07/2024,transport
3200,420, 121.67,  2024-03-25 ,transport
  110 ,  352,  $2159.28 ,2024-12-10,  shopping
859  ,366,  $319.05  , 12/23/2024 ,shopping
 981 ‍,10,﻿  2252.46  ,2024-08-10,entertainment
 323  ,  418‍," 1,229.24  ",2024/07/21,utilities
 2231, 410 ,271.66,﻿2024-08-31, utilities  
1667, 291  ,"   $1,838.00  ",08/14/2024,entertainment
751  ​,456,118.31,10/25/2024,shopping
  7215,175  , $309.21 , 2024-11-30,  reversal 
7596, 364  ,$157.51,‍ not-a-date ,entertainment
7885,230 ,451.32,‌2023-12-31  ,  utilities ​
7250,291,   $457.41  ​,‌01/21/2024,reversal
6505,184,  -383.16  ,2024/04/20,refund
3038,228," 1,909.67",2024-11-27,﻿utilities
​1022,﻿296,"   $1,781.33 ", 2024-12-17 ,shopping​
 165,373,$1808.36,  2024/12/01, entertainment
3636,110,"‌1,781.47",‌2024/04/07,utilities
5464,361," $2,417.32 ",  02/27/2024  ,  entertainment​
7156,  99 ,170.45,‍2024/07/19,reversal  
‌6878 ,494,  ($6.55),12/06/2024,entertainment
8263,NULL,‌  abc ,2024/12/24 ,shopping
 3441​,124  ‌, 2338.75  ,​2024-09-10 ,  shopping  
7452,﻿189, $93.15,2024-02-30, transport ‌
 743  ,  460,"   $1,246.30  ",12/08/2024 ,  entertainment 
221,136,​1508.02  ,​  2024-08-31,  entertainment
5526,188," $2,413.45 ",​2024/06/11,  transport  
3559,198,‌2079.37,2024/01/30,‌  utilities 
7614, 39, $450.17 , not-a-date ,transport  
  4643,47,"2,243.64",2024-01-26,  food 
  3341  ,4," $1,644.12 ",  05/31/2024  ,  shopping  
2189,403,   $960.84   ‌,12/28/2024,﻿food
  1002 ﻿, 69 ,87.39,‌08/05/2024  ,transport  
 1250  ,390," $1,823.38 ",2024-08-24,entertainment 
2178,135 ​,"﻿ $2,407.41   ", 2024-07-21 ,shopping
​518 ,393,305.73,2024/07/27,  utilities 
190,﻿68, $202.14,2024-12-30,entertainment
  806  ,​ 382,1964.77,  2024-03-21,​entertainment 
 1026,﻿ 197  ," $1,126.26   ",2024/08/03 ,utilities
3418,  60,$2338.68,10/14/2024, shopping  
  5761 ,110,"2,192.87  ",‍  2024-01-15  ,shopping
  5633  ,433  ,"  $2,352.39 ", 2024/10/16  , shopping
261  ,239," 1,398.59",2024/01/04,‌  utilities  
2672,276,﻿562.06, 2024-10-28  ,utilities
3174,​407,"﻿1,794.36",﻿02/15/2024,utilities
4165,  90  ," $1,706.21 ",2024/01/08,food  
2811,180,"2,135.63‍",07/08/2024  ,transport
7623,  78 ,﻿293.63 ,  2024-02-30  ,transport
​4256,  67,​ $916.19 , 2024/11/23  ,﻿transport
  6154 ,54, -2.78 ,  2024/10/10  ,refund
﻿1557,12,$617.59,2024-04-22,  utilities 
3769,  267 ,$1757.83‌,  2024-09-24  ‍,  transport 
4068,  31 ,"1,153.01",  2024-12-27 ,‍transport
​2967,182,  801.80,2024-01-17  , shopping 
5924,350 ,"  2,106.32  ",‌2024-10-12,transport 
4283,124," 1,926.87  ",2024/12/25  ,food
4330,59, 2150.26,2024/08/10﻿,transport
3362​,362,  64.78,2024-01-07,  food  
  5144‌,295, $220.28 ,2024-08-18,utilities 
5660, 435 ,  $1225.58,06/01/2024,entertainment
  6455‌,149  ,﻿   -46.42  ,07/28/2024,shopping
7510,  191  ,   $331.46  ,not-a-date﻿,transport
7994,10.5,None,​,  shopping
6933 ,173,$484.85,08/29/2024,  reversal
  2315,260,2459.93,‍2024/10/24,  transport  
5620 ,  103,"1,893.92 ‍", 2024-03-13,  shopping
3692,311‌,​$2226.64,06/25/2024 ‌,food
7317‌,483, $325.88 , 2024/05/04, refund
6259,17,($490.69), 2024/03/28‍,reversal
‌  3911, 190,"   $2,384.37 ",08/21/2024,utilities
5732,18,‍1717.79  ,  2024/02/07,transport
2645,284,$2307.93,08/03/2024, shopping 
7680,195,$88.44  ,  2023-12-31​,﻿transport 
2599,﻿333, $471.57 ,2024-07-15,‍transport
3800, 245 ,   $437.53   ,06/29/2024,shopping
7817,228, $82.94 ,not-a-date,food
3106,18  ,1807.00 ,09/22/2024,utilities
3439,253 ,"2,310.09",  2024/05/17  ,food
2195 ,318,﻿ $236.36 ,‌01/12/2024,  utilities
  4876,‌474,918.61,2024-11-25‍,shopping
7733  ,2,384.14,   ,  food 
2774,​205,$1399.29,  2024/10/18  ,entertainment
6013,486  ,‍ -119.55   ,08/19/2024  ,﻿  food 
5655,  182  ‍, $2252.16,2024/10/26​,food‌
7279,﻿366,$277.37, 2024-02-02 ,chargeback
 8287,  , 12..34  ,2024-02-30﻿,food
 6277  ,​9,  ($330.22),‌2024/01/18,transport‍
1886,​157,"​  $2,206.06  ",2024/08/26,food
‌3746,369,1630.57,​2024-10-26, food 
4929 ,434,995.98,11/09/2024,shopping
2911  ,378,"2,283.51",04/11/2024, utilities ‌
  3472﻿, 403," $2,468.60 ",05/16/2024,food
1121,  331  ,"‌  $2,455.35 ",‍2024-12-23,entertainment
  7008,﻿ 198 , $15.44,12/15/2024,chargeback​
7609, 453  ,72.83,2025-01-01,transport
 308  ,  394  , $1826.03 ,03/11/2024,food
8206‍, ,  $ ,​,‌transport
5031,323‌,​$1204.32,2024/08/07,utilities
  7620  , 163 , $223.14 , 2024-02-30,​entertainment 
5829,283,"​1,953.08", 2024-08-25 ,‍utilities
6429‌,65,  -312.22   ,07/22/2024 ,entertainment
‍5450,10,$876.45,2024-01-03,‌food
1296  ​,  344 ," $1,088.98   ",2024-03-23, transport 
4936,317, 129.71  ﻿,2024-03-05,utilities  
​2474,238‌,"2,116.39", 2024/07/17﻿,shopping
732,429,"2,033.58 ",‍  2024-07-01,utilities
4439﻿, 124 ,1889.46,2024/07/07,entertainment
7864 ,454, $8.62 ,  not-a-date  ,utilities 
7344  ,389,$240.20,​  12/02/2024 ,‌reversal
6095,﻿108,​ ($366.49)  ,11/30/2024,chargeback
2204,107,"1,112.98",12/22/2024,  food 
6160,  239 ,  -157.57   ,2024-08-20,  shopping 
‍7704  , 123,369.29,,​shopping
1258,  271  ,1668.22  ,2024-11-27,shopping
​ 5189  ,481 ,2391.35,2024-01-16,transport
 1607 ,82﻿,  586.57,2024/04/25,‌transport
  4259​,14,825.70, 2024-04-20,  transport 
 8275,​10.5  ,NA, 2024-12-07 ,shopping
6762,21,  -398.53   ,2024-09-17,entertainment
6964,126,‌  $449.43  ,2024-02-27,reversal
7949,  ,12..34, 2024-02-02  ,  shopping 
5518 ,343," $1,901.59 ",04/01/2024,utilities
​4614,153, $184.28 ,11/15/2024,entertainment  
6090, 61, ($110.66) , 2024/11/16 ,entertainment
5392, 354 , $46.42 ,2024/03/04,entertainment 
‍6716,416, -292.18 ,2024-10-11,food
 5614 , 406,$1397.99  ,07/17/2024,shopping
3159,303 ,"1,651.01",​2024/10/07 ,  shopping
1604,166  , 2181.01,06/15/2024, shopping
7622​,39, $385.12  ,2024/14/01,food  
6216,166,-228.31,2024/11/08,﻿utilities
4779,333,​ $630.82 ,03/24/2024,﻿utilities
3390,237, 367.64  ,08/28/2024 ,entertainment
4799‍,165,‍  2165.65,2024/04/20,  utilities  
8254,﻿,,,shopping
452, 213 ,$140.23,‌2024/05/13,transport
3958,368, $211.09 ,‌10/28/2024,​entertainment
2882,217," $1,698.76 ",01/07/2024,shopping
5828,46,‌ 2489.37 , 2024/03/08  , food
6553,419﻿,-283.44,12/15/2024,food
 3864  , 304  ,‌873.34,07/15/2024,food
​2757,103, $270.38 ,11/30/2024, food 
2741,153,$1628.23,2024/08/30,transport
1923, 279  ,"1,717.93",2024/02/10,  transport  
3162,‍  94,1793.47,2024/04/16,transport
2291,21 ,﻿614.32,​2024-01-31  ,﻿  transport
2015  ,5,$969.21,2024/10/30,shopping
  2874,98, 2324.94, 2024-02-08,shopping
61,71," $1,892.98   ",‍2024-09-01,  utilities 
2443,‌297,﻿910.55,  05/14/2024,transport
942,  12,"  1,160.25  ",2024/06/18, utilities  ‍
5922,30 , $272.38 ,2024-12-13,​ utilities
  7345  ,89,​ $401.99 ,  2024-08-31  , reversal  
‍5484,53,  486.02‍,2024-10-21﻿,  food  
6069  ,249  , -386.39   ‍,07/22/2024,‍ shopping
5421, 313 ," $2,073.55 ",2024/11/16, transport  
  5043 ,261, $157.15  ‌,09/23/2024,‍  transport  
1408,63, $625.81 ,01/14/2024,​ transport  
3635,  261 , 2487.88  ,2024/01/23,entertainment
8054,10.5,﻿None,12/18/2024,entertainment
5540,154,$989.89,2024-01-01,shopping
‌455,336, 285.99 ,2024-03-19, food
​1520,294,863.99,2024/11/29  ,entertainment‍
‌ 5386 ,70,  2310.40  ,﻿2024/05/31,transport
3451,288, $813.25 ,  2024/04/04 ,entertainment
445,439‌,  974.58 ,03/04/2024,utilities
  89,256,$680.08,12/22/2024,﻿shopping
  6482,98, ($291.32)​,2024/02/20,shopping
2144,‍115,  $1390.17  ,2024/09/18,  utilities  
5703,﻿ 463,$1665.08, 2024/08/28  , entertainment
6768, 344  ,($192.36),2024/06/18  ,  food  
‍667,59 , $179.33 ,2024-06-20,  entertainment  
4127,53,2162.87 ,2024-08-02 ,entertainment
 102 ,278,"1,795.33",2024/03/06,food
508,219,"1,633.32",  2024-05-02,transport  
5250,380,$2272.99,2024/03/31,  entertainment
1671,264, $1667.64 ,01/05/2024,‍transport
1561, 384," $1,286.91 ",2024-07-05,transport
  762 ,  411  ,$1377.88,2024-01-21,food
  1877  , 277  ,  $224.14   ,08/19/2024﻿,utilities
2998  ,409,1532.72,2024-06-21,entertainment
7738,‍ 254  ,‍$162.92 ,13/01/2024,food
6911,168, $106.13 ,08/04/2024,‍chargeback
7324,388​,  228.88 ‌, 01/07/2024  ​,chargeback
6336,330, -12.74 ,05/05/2024,utilities
7185, 8,‌275.23,2024-08-16,  chargeback 
7720 ,453,$54.35,2024-02-30,entertainment
​2027,73‌,316.02,11/11/2024,entertainment
 7094 ,  90  ,96.21,2024-07-24,reversal
﻿4446 ,127, $2162.88  ‍,2024/11/04,  shopping  
4015,379,1595.07 , 07/25/2024 ,shopping
 3412 , 140,2266.09,04/26/2024 ,entertainment‍
﻿4717,85 ,$2012.57,07/29/2024,shopping
4846,  151  ‌,$1510.78 ,​2024-01-15,entertainment
6533  ,  57,($438.65)  ,2024-07-01,  entertainment 
 6312,437​,-237.75,  2024-10-16,entertainment
  8230​,NULL,$,‍ ,​ transport
5369‌, 330  , 1255.59  , 10/16/2024  ,shopping
﻿7254,58,  270.28  ,2024-11-01,refund
7081,  93,25.88,​07/15/2024,reversal 
2324,191  ﻿,848.50,‍2024-10-02, transport 
‌393,470,$842.09,  2024/05/18  ,utilities
6477,12, -472.63 ,2024-02-18,  reversal
1922,456,1776.70,2024-09-24,food
3659,153,1190.98,04/16/2024,food
622‌,166  ,‌$395.88,06/23/2024,‍shopping
8004,x​,​,2024-05-13‌,  food  ​
  846,423,"1,125.05  ",01/08/2024,food
5984 ,15,  311.49  ​,08/28/2024,transport
  6294 ,390,   -115.86 ,2024-10-11,chargeback
2950,83,"1,772.29",  12/21/2024 ,  utilities  
3464,109,  1602.95,2024-08-14,food
6311,  465 ,($396.19)  ,08/15/2024​,chargeback
2183, 186,461.86 ,09/09/2024,utilities﻿
4156,10,1838.49, 06/03/2024 ,food
6418,‍69, -76.69 ,2024/10/15,refund
6953  ,​18,  488.00  ,  2024/04/16 , reversal 
 2106 , 123​," $1,109.72 ",  06/26/2024  ,food
7960,9999,"﻿1,2,3",2024-02-30,transport
4844,389,603.45,09/28/2024 ,food
4460,445  ,1961.98,2024-07-27,﻿utilities
4054,277, 523.24,07/06/2024,transport  
 6252  , 219  ,  ($397.59) ,  11/02/2024,transport
6825,485,($67.98),  04/06/2024,transport
2026,399,‌ 359.37 ,2024-07-09  ,​entertainment
2834, 85​,"1,181.31  ",2024-08-18,shopping  
3429  ,165,  339.70,10/01/2024,entertainment
4805, 437, $824.47 ​,08/29/2024,  transport  ‍
4741,54﻿," 1,059.83 ",2024-10-11,shopping 
170, 15 , $659.50  ,  2024/05/05 ,food  
6359,  190 ,-99.41,10/29/2024,shopping
  682 ,184﻿,"​  $2,315.13 ", 05/30/2024,transport
4433,  373 ,$2060.51,01/07/2024,​shopping
4573,65,​806.29,‌ 06/17/2024  ,utilities  ‍
6142,308,‌($379.76)  , 2024-04-21 ,transport
967,‌176, $784.95 ,2024-01-02, food
 7405,271‌,‍371.29,2025-01-01,  utilities 
3957, 188,$1815.87,  10/07/2024 ,  transport 
  351,264,$2038.90,2024-03-11 ,shopping
1474,7,$1876.25,  2024/07/17,utilities 
  5958, 138  ," $1,558.93 ", 2024-08-23,utilities
5686,﻿ 322,  $949.65  ,‌03/04/2024,entertainment
337,61,  653.13 ,2024-06-18​,‍ food  
﻿6887,331,($431.41),‌2024-05-23  ,  reversal  
6355,280,  ($97.20), 10/01/2024 ,shopping
  6117 ,65​,​  -131.47  , 2024/07/18  ﻿,chargeback
‌3613,240,$1372.10,  01/29/2024  ,  food
7406,465,$286.62,  not-a-date, utilities  
  6638 ‍,‍ 208  ,   -265.70   ,2024/09/12,shopping
390,﻿14,  $813.23   ,  05/25/2024  ,​shopping
​4636,300,"2,363.06",  04/14/2024 ,entertainment
  5837  ,8,324.72,2024-05-21,utilities
7790,444,  259.84  ,2023-12-31‍,shopping
  7742 , 291,$367.07  ,2023-12-31‍,entertainment
 4853  ,149,‍$828.42,  2024/12/15 ,entertainment‌
2374,251 ,$2060.07,2024/10/29,shopping
 6760,262  ,   -496.06 ﻿,2024/06/13,shopping
6594,196,($195.74)  ,2024/06/13‍,transport
‌3349,​423,987.16, 2024/09/07  ,utilities
6789,​ 113  ,  ($259.47), 2024/10/30  ,transport
‌7509,144﻿,293.41,2024-02-30 ,utilities ​
  7473  ,281, $137.45 ,  not-a-date  ,  shopping
1532,259 , $981.26,2024/11/29,entertainment
2452,132,1916.77,​01/22/2024,‍ food  
5390, 477 ,$1031.29,10/31/2024,entertainment​
6783,178, -198.38 ,2024/11/16, utilities
780,158, $813.99 ,12/12/2024  , food
​1510  ,148,"1,180.13",  2024/11/08,food
8085,10.5,​, not-a-date ,food
7608,404,  $256.26 , 13/01/2024 ‍,entertainment  
 6668,70, -52.19 , 06/03/2024 ,food
3910,269,‍ $459.69 , 2024-07-14‍,transport
3718,367,1291.44,2024/08/17, food
1360,447,"  $1,657.64 ﻿",05/29/2024, shopping
1927  ,36,  $2159.54  ,  2024/10/03 ,transport
4496‌,309, $737.92 ,  07/02/2024,entertainment
‍6411,286 ,($150.24),2024-09-28,refund  
754,  173,1377.75,07/16/2024,utilities
4312,  386  ,1383.21,  02/22/2024  ,food
918,41,$1556.54,  2024-05-15 ,  food 
4073,452  , 50.52 ,2024/11/17, entertainment  
2338,  115  ,"  1,530.05  ",2024-05-19,  food 
 329,67,2417.54​, 2024/03/27  ,utilities
3531,169 ,"  $2,068.07  ",﻿2024/05/23,transport 
1085,  26,  $1776.13  ,2024/11/17, utilities
‌1322,﻿187,  $2312.22  ,﻿2024-07-10, food 
​6559 ,247,($242.10),  2024-02-27  ,  utilities
 4875  , 140 ,$641.03,2024-02-05,transport
5885,429​,‍$356.39, 2024/08/22  ,transport
5590,121‌," $2,181.55 ",2024/10/24,shopping 
6168 ,222 ,﻿-47.51 ,03/16/2024,  shopping  
6631,​  383  ,   -427.95   ,2024-02-24, refund  
1790,404‍,1068.93, 2024-02-06 ﻿, utilities  
4141,151, $2083.41 ,2024/06/06​,‌utilities
3840 ,​253,$499.46 ,07/10/2024,﻿food
2200, 177 ," 1,316.45 ",10/17/2024 ,  food  
 2730 ,259, $764.21 ,11/01/2024,shopping
6470,344,($367.59)  ,2024-04-08,​entertainment
​4688, 100 ,$469.50 , 2024/06/17 ,﻿transport
‌5416,48,‌$298.78,2024/10/31 ,shopping
2110  ,248  ,​  $856.65  ,  2024-08-04  ,utilities
5942,4,1609.56,01/23/2024,food
  3826 , 70  ,"1,440.37  ",02/16/2024,food‍
 6920  ,26‌,‍ 309.93  ,  05/06/2024  ,​reversal
  618,427  ,  1317.36,‌10/04/2024, utilities  
  5060 ,133,$2405.95,2024/04/09,﻿shopping
1595,248,‍ $234.92 ,03/14/2024, shopping ​
 3952 ,341, $311.24 ,​09/06/2024,transport
4801,117,  835.93 ,12/13/2024​,  shopping  
2921,‍428,2168.88 ,  02/17/2024  ‍,  food  
  3121,‌ 249 ," $1,126.01  ",​ 01/03/2024, shopping  
4608, 392,  1418.42,10/09/2024,utilities
 5126 ,​37,2303.76,2024/04/11,  shopping ﻿
7935,,$,2023-12-31 ​,transport
 3967  ,252  ,  $713.21,09/10/2024,transport 
716,487,"‍ $1,655.03 ", 2024/11/18 ,food‌
  7962 ,10.5 ,"1,2,3",06/25/2024‌,shopping
7684,  470, $389.64 ,,  utilities
3675,376‍,1244.83,﻿2024-09-15,food
7877,112 ,  $174.18   ,2024-02-30,‍food
7950,     ,﻿  ,  2025-01-01  ,‍shopping
7569​,224,2.99  ,2023-12-31,transport  
‌1679,‍421,1691.52,10/31/2024,entertainment
7197, 70 ‌,352.43,2024-04-01,chargeback
5763, 429,1391.58,2024-01-01, utilities  
4024,  467  ,"   $1,001.33   ",2024-10-08﻿, transport  
977,16​,"  $1,115.12 ‌", 2024/12/18  ,shopping
5396,​307,$101.24  ,﻿06/25/2024,shopping
3577,119‍,334.58,2024-03-19‌,food
﻿1451,452,‍771.92, 2024/12/25  ,‌food
8142,‌x, abc,03/23/2024﻿,​ transport
5347,11,$1297.60,‍2024/09/02 ,  shopping 
3971‌,97, $77.01 ,  2024-05-10,food
 5788  ,45,   $155.70 ,2024/12/01, food  
5962  ,87,$1725.10,2024-09-03,utilities
4578 , 465  ,"​   $1,247.19 ",11/18/2024,​  shopping  
3631,‌404,1388.78  ,  2024/08/25 ,transport
  6164  ,303,  -449.88 ‌,2024-03-27, refund 
‍4760, 44,  $73.73 ,‍ 2024-07-10 ,utilities‌
6002,342,-275.21, 2024/10/05 ,entertainment 
3382,﻿274,273.26, 11/02/2024,utilities
7402  ,5,314.65,not-a-date  ‍,transport‍
4265,114,​1917.66, 01/31/2024 ,utilities
‌  2639 ,224," $2,108.08 ",2024-10-25, food  ﻿
 1812,428,  $265.46  ,2024-01-27,entertainment  
﻿1608,417,1365.83,‌2024-12-19,utilities
3742,​  180 ,  $369.55  ,2024-06-19,‌ utilities
  620  , 149 ,   $167.82 ,2024-10-23  ‍,entertainment
4550,445,$910.41,2024-12-08,  transport 
​  5078  ,40,1402.78  ,  07/22/2024  ,  shopping
8111,  ,abc,2024/05/30,entertainment
​ 2828,285  ,  52.96 ,2024-09-05‍,﻿ food  
 3740  ,  134  ,152.54,05/24/2024,utilities
‌552,476,1891.44,  2024-01-13 ,  food
5850,‌ 203,"  $1,766.44   ", 08/12/2024 ,utilities
7770,208,474.48,  ,entertainment
 5492 ,488,640.89,12/07/2024,transport
7424,  281 ,478.88,  2024/14/01,entertainment
  7319  , 323,458.48,2024-01-02﻿,﻿reversal
8227  ,  ,"  1,2,3 ‌",not-a-date,shopping
8,﻿218,"2,189.65﻿",​05/16/2024,shopping
 666  ,98, $895.25   , 2024-02-28  ,utilities
3855,  459  ,​$2082.61, 2024-11-11,food
794,243  ‌,"1,505.88",​07/25/2024, utilities
﻿7007,44,  $136.70,2024-03-13,refund 
5209,489‌,$584.56, 05/28/2024 ﻿,food
2222,478‍,﻿$114.49,﻿  2024/11/14,  entertainment
619,  234 ,  $2378.61  , 02/18/2024  ,  entertainment
6060,11,($361.92),​  2024-09-24  ,transport
3566,  462  ,1076.25,  2024-05-31,food
7134,174,88.30 ,05/04/2024,reversal  
‌ 1241 ,25,  $738.08 ,  2024-05-24,entertainment
5402,11,‌ 317.11 ,  2024-04-12,  entertainment
3317,399,929.11, 2024-03-26,entertainment
​ 608  , 151 ,"‌1,413.91",  2024/12/28 ,‍entertainment 
 2294  ,​137  ,$164.02,  01/04/2024  ,shopping 
7604, 443 ,﻿374.17,‍  ,shopping
2738,50,1384.11,11/23/2024,utilities
4066​,438," 1,337.47 ",‌01/15/2024,  transport 
 3841  , 381,80.81‍,2024/04/04,entertainment
1684,469,  133.94  , 07/19/2024  ,entertainment
﻿7122,  42 ,  343.96 ,﻿08/03/2024,chargeback
 6907, 158  , $290.49 , 2024-02-06,chargeback
​  137  ,‍311,"  1,213.58 ",​08/03/2024,transport
  5846 ,39​,  $1853.27  ,2024-08-03 ,  transport 
6595, 242 ,-350.27,2024/04/11,transport
1280  , 403 , 310.94,  2024/10/13  ,  transport
 6667 ,487,($292.30),2024-08-01,transport
‍ 3142,﻿486,2105.50​,2024-03-25,﻿transport
3588  ,345,$1357.69,2024/12/20,food
 4369  ,  130 ,"1,459.85​",09/19/2024‌, shopping
3396,406,$1452.86  ,12/14/2024,shopping
  3114,‌93, $522.88 ﻿,04/22/2024,utilities
6386  ,330, -151.13 ,2024-06-26,‌shopping
10, 342 ,​$1298.12,‍2024-10-18  ,transport  
‍7342  ,492, $323.78 ,2024-10-06,chargeback‍
5027,  469 ,   $501.12  ,06/28/2024, shopping  ​
​2746,7,‌561.13,2024-05-06,  entertainment 
3574,285,$1013.09,‌  2024-08-31,shopping
2498‍,  260  ,1917.43,03/24/2024,‌food
551,119,"​ $1,476.49 ",2024-04-14,  utilities 
6921,﻿105,﻿ $196.57 ,2024/12/11,reversal
6272,  288 , -105.22 ,2024/02/07,refund
994,‍ 403 ,"﻿   $2,016.77   ",2024-12-18,transport
616,356,"2,460.92 ",2024-03-18﻿, utilities
 7593  ,392, $37.37  ,    ,entertainment
7092  ,351,   $54.17 ,2024-01-11,  refund
2363,  303 ‌,  $256.82 ,  2024/10/22  ,entertainment
8050,NULL,,2024/14/01,﻿entertainment
4938,  347 ,2058.93﻿,2024-10-27,food
  7533 ,247,425.08,2024-02-30,‌utilities
‍1558,69, $673.75 ,2024-08-23, transport
​5565,407 , $771.29 ,2024/11/02,​  shopping 
 3033‍,174‍,‍  $875.56,  11/19/2024  ,shopping
7258,433, 248.68,2024-08-13,chargeback
7663 ﻿,82, 4.90 ,2024/14/01,entertainment
‌5589,74,710.10  ,2024-05-15,transport 
224‍,265, 393.29 , 2024-07-19 ,food
3338,  247 ,﻿326.14 ,2024-08-01,transport
5836,403,"  $1,752.72  ",12/12/2024,transport
4817,241,"‌  1,630.00 ", 03/22/2024  ,food
1452, 185 ," $2,085.67 ", 05/23/2024,transport 
  1106  ,110,﻿439.66 ,﻿2024-06-10,utilities  
‍2156,292,  $737.17 , 2024-12-02,‌ transport
‌7176,48,80.33 ,﻿12/05/2024 , reversal  
 2358 , 38 ,$639.05,03/31/2024  ,utilities
​ 2281,454, $587.94  ,  02/12/2024  ,shopping
 3000,‌163 , $619.01 ,02/29/2024‍, entertainment
7312,‍ 42 ,253.59,2024-02-27, reversal 
271 ,114﻿,$1771.42,2024-08-27, shopping 
  7822,127, $440.60 ﻿,13/01/2024 ,utilities
﻿2253,‍427, $550.24 ,‍2024/10/14,transport
25, 105  ," $1,223.10 ",2024-05-25, transport
6885‌,240,   -31.55   ,  2024-12-21 ‍,utilities
3246 ,103," $2,214.03 ",12/20/2024‍,food 
3618  ‍,85, $1180.99  ,2024-05-05‍,entertainment
﻿  3586  ,462  , $366.62 ,2024-02-09, food 
6420‌,‌449,($490.51)​,  09/17/2024  ,utilities
262,370," 1,373.59  ​",2024-04-15,transport
1872,37,"   $2,231.93  ",2024-03-10  , entertainment  
4112,442," $1,663.17 ",2024-09-25,entertainment
949,97,580.61,2024/04/19,transport
7434,‌299,   $289.34  , 2023-12-31 ,utilities
2899,396,  $2232.94,2024-05-20,‍  utilities 
6599,302,   -445.37  ,  08/01/2024  ,transport
‍ 1089,  99," $1,207.34 ",02/10/2024,entertainment
6604,384, ($68.81) ,07/26/2024,entertainment
6774‌,​40, -465.68 ,2024-07-23,reversal
 818, 258 ,  $103.25 ,2024-11-03,​shopping
  1715  ,459,​$2369.99,2024-03-17,  utilities
8148, 9999 ,  $,13/01/2024  ,entertainment 
‌2631,252,‌150.33,2024/02/24,utilities
871,169,﻿$318.32,2024/05/03  ,  entertainment 
4609, 157  , 545.32,12/20/2024​,utilities
4459, 436,712.40,12/24/2024‌,entertainment
3184  ‍,‍  195,$2213.47  , 2024/03/15 , food 
2878 ,206,﻿847.70,2024-05-30,  transport‌
372, 421  ," $1,822.95 ",2024/04/22,  transport
2097 ,‍478,"1,778.36",2024/04/12,shopping
  801,15,​912.07,11/26/2024,‌entertainment
 2392  ,355, 832.90,2024/03/24,entertainment
7850,322, $16.13  ,13/01/2024, shopping 
2682, 102," 1,331.44",2024/02/12‌,transport
1484,257,  $1375.19  ,​2024/08/30,utilities 
  7899  ,239 , 166.79 ‌,2024-02-30,  shopping
3976,277,  514.32,2024-03-25,transport 
‍  5882  ,285,$107.48,2024/11/06  ,entertainment
2337‌, 94  ,1320.30,07/24/2024,  utilities 
509,  384 , $150.40 ,2024-08-12,​entertainment
4076,140,806.33, 2024-08-09  ‍, food  
 1740 ,76‌,792.99  ,10/10/2024  ,transport
7146,408, $190.21 , 2024-05-09 ,reversal
5 ,216,  $21.01  ,2024-09-23,﻿ entertainment
‌7266,‌133  ,$422.45,09/18/2024,reversal
 46, 99  ," $2,204.12 ",‌2024-03-28, utilities  ​
1198,  483 ‌,  2268.22  ,2024/01/25,entertainment
3762,382, $802.64 , 06/08/2024‍,shopping‍
2159  ,151,926.55, 2024-11-08  ,utilities‌
2787,  106 ,"‌2,219.70",  2024/08/03 ,entertainment
  484 ,500, $2260.28﻿,2024/11/29,food
5576,316 ,"﻿ $2,302.33 ",2024-08-02,  transport  ​
4389,﻿491,$1387.92,﻿  10/28/2024,‍  shopping
 6472 ,336,‍($260.79),2024-08-16,utilities 
6244,115,​($254.87),2024-04-30,chargeback​
1132,163  ,$1130.30  ‌,  2024-02-18,  shopping
​525,​  280,1943.21,2024/04/28, utilities 
4448﻿,346,"1,768.19",12/20/2024,transport
  4757  ,239,614.32,2024-01-14,‍shopping
​7099,448, $92.01 ,‌2024/01/20  ,refund
  5253 ‍,‍291  ,273.51 ​,03/21/2024,shopping
 2511 ,163﻿, $440.47  ,2024/05/01,transport
4131 ,417 ,"  1,642.90  ﻿", 05/01/2024  ,  transport  
7561,382,147.81,2024/14/01,food
‍238,355,777.58, 2024/09/06  ,﻿  transport 
 4702  ﻿, 130 ,$528.77, 2024/09/06 ,transport
‍  4473 ,  83  ,$2336.56,2024/06/08,shopping
‌410,276,"﻿  2,055.50",​2024/04/28, transport  
7224,76,  $366.20 , 01/08/2024 ,reversal
7923,﻿10.5,,13/01/2024,entertainment
 3995 ,306‌,"1,850.47",2024-06-11,entertainment
‌2426,  64  , $906.48 ,03/07/2024, entertainment  
7033,  154‍,$117.21,2024-07-05, refund 
3502,139,$229.86​, 09/25/2024,utilities
1229,31,"  2,479.50  ",2024-08-03,food
1513,500,   $446.35 ,‌2024/01/11,transport
2319​,141,  1440.60  ,2024-09-15,  utilities  
﻿5722,﻿274  ,"   $1,761.68 ",11/12/2024,food  
7178, 434 ,$454.48,2024/03/24,refund‌
  3398,63,"1,392.54",2024/07/28,entertainment
﻿  7379  ,112,$427.05,2024-04-23,reversal
 7017,312,451.52,  2024/07/20 ,reversal
1660,30," $1,280.52 ", 2024-03-21 ,utilities 
426,‍297, $681.46 ,10/15/2024,transport
3356,‍368, $425.04 ,2024/06/01,entertainment
3083,163," 2,440.70 ",  2024/11/20  , utilities
1454,356,"   $2,336.62  ",2024/11/10﻿,  shopping  
﻿  1147 ,198﻿,‌$307.13,  2024-03-15  ,entertainment
  6214 ,230,($188.79),  06/05/2024 ,utilities
  4746  ,14,‍$2469.49  ,2024/01/03,transport
  3481 , 86  ,$1550.22,2024/01/28  ,transport
‍ 1921 ,210‌,﻿2055.17,​2024-08-02,transport
‌ 5310, 415​, $430.60 ,2024-01-18,shopping
2695,  208  ,‍73.53,  08/14/2024,shopping
  4606 ,427 ,"  $1,194.89 ",  06/08/2024, utilities
6330,129,-159.66,2024/09/26 ,﻿  utilities 
  5845  ,‌  17 ,$536.31 ,08/25/2024,food
1847, 342,"   $1,210.97  ",2024/07/31, shopping
3517,476,  2316.65 , 2024-09-05  ,food
﻿2398, 498 ‍, 126.85 ,2024/02/09,entertainment
7667,‍473,  452.96  ,not-a-date,utilities
2471,149,‌  258.66,08/22/2024,entertainment
4786,﻿471, 69.19, 12/30/2024  ,shopping
﻿2042,110, 735.55 ​,  2024/09/07, transport
28,72,"2,320.99",2024-02-29,  utilities 
  3587  ,159,1235.25,‍2024/04/02  ,  shopping
6091, 388, -380.25 ,  2024/05/11  ,entertainment
4607,471," 1,487.26  ", 2024-11-01,entertainment
 2659,117,595.78  ,  2024/03/09,transport
3452,297,2178.09,2024-01-26,  transport  
510,43,  394.85  ,2024/07/25,utilities
1863,246,1399.89,2024/11/06 ‌,​ food
4823‌,252,​2226.53,2024-05-02, utilities 
3471,342,618.65 ,2024/02/28​,‍food
 7979  ,10.5,abc‌,13/01/2024,entertainment
‍ 861 ,268,$972.89,‌2024/06/26,transport
‌ 6805, 255, -450.88   ,01/08/2024,food
153,13," 1,003.74",2024-12-12,food
​  8239,  10.5,‌,  ,transport
4911 ,  222,"1,060.17 ",05/29/2024,utilities
 5982 ,22,1293.80,﻿2024-07-03,  utilities 
 2849,306,"  1,990.52 ",2024-06-27,utilities
5738, 230  ,$761.89  ,02/03/2024,food
5881 ,230  ,"  1,367.27",2024/09/03,  entertainment 
5831 ,​106," $2,208.64 ",  2024-12-12  ‍,utilities
 384,﻿ 44,  261.24  ,‍ 2024/10/21,utilities‍
  2227  ,‍96,"2,191.24",11/27/2024,shopping  ‌
5949,202,"  $1,701.66   ",2024/12/20,food
7490,218, $177.94 ,2024/14/01,‌shopping
 1374  ,213,‍731.42,10/26/2024,utilities
‌2961,251,"1,595.96",  2024/01/30  ,food
4935,310,"‌ $1,580.34 ",2024-04-30,  utilities 
  2299,  285 ,1138.48,2024-05-01,shopping
4941, 85  ,"1,902.62",  2024-07-19 ,entertainment
7448, 274  ‌,‌205.96, 2025-01-01  ,‍ transport  
3470  ,216,  $2363.28  ,2024/06/07,  transport  
 6786 ,196, -63.44 ​,​05/19/2024 ,chargeback
 926  ,467, 2416.63 ,12/19/2024,shopping
1323,146,"‌  1,722.22",08/08/2024,  food  
2285,  298 ," $1,900.11 ",2024-04-10,transport
424,451, $951.33 ,11/06/2024,shopping 
﻿2368,420,﻿ 890.48 ,2024-10-24﻿,food
3087, 372 ,$2454.40,09/18/2024,entertainment  
7247,215,  $191.24   , 06/27/2024  ,refund 
7802,‍103 ,455.51,2023-12-31,shopping 
​7616,  300 ​, 387.73  , 13/01/2024 ,transport
‌1397,319‍, $696.99 ,2024-02-09,shopping​
 7436  ,362, $236.95 , 2024-02-30  ,entertainment
103﻿,102,  $428.52 ,‍2024-06-29,  transport 
  4350 ,123,1418.53  ,09/22/2024 ,utilities
7105  ,456‌,  $323.09 ,2024/10/15,reversal
1391,462,1098.69,2024/09/12​,transport
4833,235​,374.95,08/05/2024,  food  
 5357 ,146,$2485.50, 2024/03/24 ,utilities
1337,190,﻿$578.93  ,﻿07/02/2024,‍transport
7985, NULL  ,‌  , 12/07/2024  ​,  shopping ﻿
1458  ,18,"   $1,785.18   ",2024-06-24 ,shopping
  3409 ,141,2099.18,‌12/23/2024  , food‍
2785, 282 ,‍225.51, 2024/10/07,​food 
2847  , 403  ‍,"1,209.80",2024-10-01,entertainment
1697,  379 ,"  1,194.78",05/02/2024,food
  2916, 107 , $354.01   , 2024-02-25,shopping
  4421  ,‍  407 ,"​ $1,859.90 ",2024-11-18,‌utilities
5448, 226 ,2393.58,2024/04/05﻿,utilities
 7528,5, $149.43 ,2024/14/01, shopping  
  6027  ,185 ,($498.37),2024-07-23  ,transport
1815,408, $1344.45 , 07/23/2024 , entertainment  
7382,  128  ,$54.04,2024/07/30,refund  
 1868,354​,‌1290.03 ,2024/06/01,entertainment
 6484,346,‍($291.64),﻿ 2024-04-03,﻿utilities 
 3523  , 193 ," $1,723.78 ​",  12/25/2024 , transport 
‌5343,83, $782.86  , 03/22/2024  ,﻿ entertainment
  1720  ,423,$274.10,2024/05/11,transport
4391,321," $1,930.13 ", 2024-01-22 ,utilities
6848,​153,   -190.71  ,  2024/05/29  ,chargeback
7238,‌380,﻿73.51,03/02/2024,reversal
 4361 ,160,"   $1,368.32   ",10/26/2024, shopping 
5192  ,47  ,$609.73,  2024-06-29  ,utilities
216,461​,‌$672.27, 2024/05/05 , shopping  
4062,255,$1720.30  ,2024/10/31,shopping
 5725 ,42,2189.03,2024-06-24  ,entertainment
5539,  153 ,‍ 1455.35  ,2024-12-27, shopping
125,33,  426.08,  2024-09-20 ,transport  
3009, 380  ,2422.40‌,  2024-07-19, food  
1897,292‍,$1960.82,‌02/13/2024,utilities
3595,150,​$1777.34 ,2024-07-06, transport  
7032, 421  ,234.14﻿,​2024/06/20,  chargeback 
5080  ,174,$1777.59,12/12/2024,food
7013﻿,469, 185.31 , 02/17/2024  ,​ reversal  
7568,386,428.58,2024-02-30  ,shopping
3449,32  ,1339.09,2024-06-28  ,utilities 
 7351 ‌,103  , 3.82 ,11/26/2024,refund
  5582,187,$1108.76‌,07/20/2024,food
﻿  3943 ,  400  ,"1,164.87  ",  06/29/2024, utilities 
4346,41 ,1068.20,2024/04/04  , utilities  
﻿2556,324," $2,197.72 ",2024-06-22﻿,entertainment
1134,331 ,60.81,  2024-12-03  ﻿,shopping
‍ 1817  ,184," 1,760.33  ", 2024/07/22 ,  food
3784,93,801.39,2024/03/09,utilities
 4880, 204,2179.48,2024-02-16​,  shopping
  3931  ,  12,1898.16,2024-07-19,shopping
  1188,  363  ,‌1327.85 ,  08/23/2024,entertainment
679,‌263,"1,962.43  ",  03/21/2024 ﻿,‌entertainment  
7386,56,   $239.46   , 06/14/2024 ,reversal
4263,119,‍543.76,09/23/2024,food
 239,277 ," $1,042.44 ",2024/05/11,transport
5161,67﻿,  386.01,2024-09-13,utilities
7691  ,  37 ​,​  $361.70 , 2025-01-01,food  ‍
4675,205,$361.10,06/15/2024,shopping  
​2791  ,  303  ," $2,160.82   ",  02/04/2024  , transport  
‌  7193,315, $372.46 ,09/27/2024,reversal
6266,  409,  -173.97 , 08/25/2024 , food 
5586,124,2094.60,2024/05/18,utilities
  2952,317,$441.96﻿,09/05/2024,utilities
  1654,187,$2055.57  , 06/22/2024,‌  transport
3979  , 94,​822.96,2024/02/24, food 
﻿2164,10,$778.87﻿,08/20/2024  , utilities‍
‌6426,‌2,   -407.27   , 2024-09-12  , utilities
 2132 ,‍ 75 ,873.14,05/09/2024, transport 
538,222​,$1354.82, 2024-11-25 ,food
1701, 200  ‍,873.21,06/26/2024,transport
3218,418,$566.33,‌2024/03/11,utilities 
2568,433, $1823.06  , 2024-07-14  ,transport‍
3712,419,$2129.47,05/31/2024,food
664  ,412,  $877.05 ,2024/11/30,shopping‍
7222,‍76 , $422.78 ,2024/11/15,  chargeback  
48,  269,1430.58,2024-06-10,entertainment  
﻿  3316 ,315 ,400.87  ,09/25/2024,transport
4227  , 96  ," $1,676.54 ",03/23/2024, shopping
  7820  ,﻿223,99.42,2024/14/01,transport
2601,﻿396,‌$1177.58,2024/06/02,food
  4108  ,475,1167.90,  06/02/2024 ,shopping
6342,126  ​,($89.14),  2024-02-07  , entertainment
‌2060, 248 ,1792.74,2024-04-23 ,entertainment
  5624,347,$2430.15,05/05/2024, food 
1078,267,356.77  , 08/03/2024 ,shopping​
7392,349  ​,300.66,2024/03/10,chargeback
2691,  98  ,$1016.72,  2024/10/28 ,shopping
 4919,305,"2,341.95",2024-08-13, shopping  
  1278  ,39,  $1826.60  ,2024/01/07,transport
2005,429, 1537.25 ,2024/02/07,shopping 
7729, 404  ,  $145.89   ,‌,food
 5388,  191  ,2268.94 ,‍01/07/2024,​utilities
7651,  273  ,$236.62  ,  ,transport
7364,8,   $64.25 ,  07/02/2024,refund
546,305‍,1888.66 ,  2024-08-31 ,food
6538,482,-22.90, 07/11/2024 ,transport
 4486,387,  $2133.64‍,2024-02-03,entertainment
4075 ,  32, $487.05   ,  2024/02/01  ,entertainment​
﻿106,‌ 118  ,1336.77  ,﻿2024-11-05,utilities
  4510 ,  351  ,76.00‌,  05/25/2024,utilities
 8143, NULL  ,  12..34 ,2024-11-18,entertainment 
516  ,405,409.85, 2024-01-13 ,shopping
 4371  ,  149  ,"  $2,432.41   ",2024/10/18  ‍,food‌
  6711  ,320,‌ -6.53,2024/11/16,transport
3905,171, $1277.01 ,2024-11-11﻿,utilities
4668,405,"  1,583.35  ",2024/12/02  ,food
 8126  ,,None,2024/09/20,entertainment 
797,376, $219.08 ,2024-08-31,  entertainment  
1141, 469‍,$266.90,03/20/2024,﻿transport
4661,‍119,876.55,04/22/2024,entertainment
﻿ 5608  ,430  ,$811.09,2024/09/25,  entertainment 
 7887  , 373 ,‌$499.06,﻿2023-12-31, utilities​
1982  ,  444,​2229.22,‌2024/08/04,food
﻿  236,213  ,268.95,2024-01-29,  shopping
1570, 37  ,‌ $904.06 ,2024-08-23,‌food
1640,387﻿,697.55,2024-01-08, utilities  
 5063 , 291,  $806.46  ,2024/05/24,‍ utilities 
1514,242, $905.07 ,2024-05-08‍,entertainment
7637,199,359.02,  2025-01-01 , transport
1997,‌100,"2,461.40",2024/09/01,utilities  
﻿ 7075,92,   $188.42  ,  2024-11-16,reversal‍
5196  ,200,1189.89​,2024/03/24,﻿entertainment
‌ 6231,352,  ($366.60),12/07/2024,  reversal  
 7483  , 431,$82.77,,  utilities
  1312  ,238,  734.62  ,  2024/08/10  ,utilities﻿
3955,27,"  2,480.38​",2024-10-05,‌food
791 ,239 ," $2,012.34 ",2024-11-21‌,  transport  
2082  ,193,  2433.62 ‌,​ 2024/08/22,food
1179  ,243,  $1395.60 , 2024/08/06,‍  entertainment
1795 ,195,160.00,2024/07/24,‌food
 1819  ,194,754.99, 2024-05-09,transport
3785 ,‌ 468,‍488.09,10/29/2024,‍entertainment
  1627, 490 ,$662.17,2024/12/13​,  entertainment
4287,475,"1,054.13",05/27/2024 ,food
6292,213,-151.12, 2024/02/12 , utilities
1151﻿,  197,"1,289.14  ",  08/15/2024,utilities
3973,416,$208.74,  2024/02/06,entertainment
‍7810,465,359.65,2025-01-01  ,food
  5040 ,497  , $246.31 ,  2024/02/07  ,  utilities 
5584,199 ,​ $481.07 ,​ 2024-12-02,shopping‍
  6646 ,491,($18.49),​2024/08/18,chargeback​
2435,  398 ‌,"﻿  $1,188.39 ",2024-04-27  ,food
﻿1744, 157,"1,649.11",08/16/2024﻿,transport
 1240  ,  132 ,$2116.12, 07/03/2024  ,utilities
﻿ 5440  ,150,  257.37,2024/08/15 ,‌  utilities 
206  ​, 132, $259.05 ,2024-08-25 ,utilities
﻿242,  359  ,"  1,734.75",﻿2024/11/26,utilities
  3602  ,243,$9.86​,2024/11/26, utilities 
7672,  105 , $360.03 ,13/01/2024,​utilities
﻿  6740,‌ 185  ,($242.51),  09/15/2024  , entertainment
6388,111,($36.13),2024/04/22,reversal ​
 2157  , 310 ,  403.03  ,2024-08-08,transport
‌1430,292,​638.95, 12/14/2024‍,‌food
  1603,455,$1228.15,  2024-06-21 ,utilities
7947,    ,﻿$,  2023-12-31  , transport
6918,235,421.80 ,  03/18/2024 ﻿,  reversal
‌3564,﻿113,691.38‌,  2024/05/24  , shopping
943,412,"1,722.62",  03/11/2024, entertainment 
8290,NULL,"1,2,3",not-a-date,food  
  4713 ,335,"1,412.00",04/12/2024,shopping
4889,  283 ,"  1,662.01  ", 2024/08/12,﻿entertainment
8032,9999,$,​  not-a-date , transport
4862, 6  ,‌ $2302.34 ,  05/28/2024  , entertainment  
5887,263,"  1,362.33",01/19/2024  , entertainment
1336,302, $168.50 ,12/17/2024, utilities
​7168,‍202, $129.31 ,2024-09-14,reversal
81‌,317, $2305.36  ​,2024/04/08,shopping
  7778  ,77,183.44,2024/14/01‍, food
4720,306, $1571.74 ,  2024/08/20  ,﻿food
  6289 ,167,  -361.49 , 2024/03/19,transport
773,475,1811.51,03/30/2024,food
  5659,328 ,770.38,‌03/25/2024,‌shopping
8073,  x  ​,None,2024/01/08​,﻿food
2879﻿,﻿ 189,1680.97 ,2024/12/23 ,utilities
​3258,16,﻿$1047.53, 08/06/2024  ,shopping
‍4202, 5  ," 1,171.38  ",2024-01-05,‌entertainment
158‌,‍  324,177.85,﻿2024-10-23,entertainment
‍ 6362  ,217, -459.67,‌10/06/2024  ,  transport ​
 7140  ,‌391,158.44,2024-09-08,refund
2722,‍  190,﻿1078.23, 2024-08-07 ,  transport  
  7496  ,262 , $337.82 ,﻿2025-01-01,​  food  
8090,  ‌,﻿abc,06/27/2024,entertainment
 5235 , 366  ,37.53,  07/12/2024  ,﻿ shopping 
6233  ,206,-354.34,2024/09/14,‍transport
528‍,68,"2,043.90",2024/08/15, utilities 
7440,370,$203.46,2024/14/01,utilities
 3370‍,194,"2,113.29",  2024/09/17,food
2479,274, $702.48 ,2024-01-30  , shopping
3964,100,509.41,  2024/10/02, food  
 1856  ,372‍,158.70,2024-07-27,transport
 322 ,42,752.28 ,2024/10/23 ,  shopping
  2673,102,220.72  ,2024/04/08,  food
7061,  60  ,236.58,2024/09/10,refund  
  5319 , 48,$1883.01,‌01/16/2024 ,​food
 3563,482,"​  1,280.99",06/04/2024,﻿entertainment
5909, 199  ,2207.44,2024/06/28,‍transport  
2957,349, $2356.72 ,2024/03/07, food 
7114  ,‌73,176.03  ,﻿2024-04-23,reversal
4722,  324,8.44,2024/08/29, shopping 
  937​,458,476.27,2024/05/06 ,utilities
4498  ,233, $1284.09,  03/11/2024,  transport  
4691,  390,  $2065.02 ,2024-12-30,transport
4902,  200,  1184.39 ,  05/11/2024 ,food  
6741,94,-390.66,  05/26/2024, chargeback 
1149,245,‌1839.88,2024-01-10,utilities
2744,  70  ," $1,785.83 ",2024-07-21 ,utilities
 4411 ,209,​80.82 ,2024/02/04,  utilities 
7905,10.5,"​1,2,3",2024-04-05, shopping
2581,164,​639.89,  01/13/2024 ,transport  
‍ 1758 ,394," 2,458.04 ", 11/23/2024 ,utilities  
  1208‍,‍397," $2,255.79 ",2024/01/23, utilities  
614,440,"‍ $2,456.07 ", 2024/03/24  ,food
  5469  ,293,"‍   $1,892.16  ",2024-01-05,﻿shopping
6096,453, -195.86 ,‌ 03/25/2024  ,  utilities  
  1268,52,$968.73‌, 10/26/2024  ,entertainment
3925,140,520.89,  2024/11/04  ,food
  5145,14,​  694.37,2024-02-14,utilities﻿
2786,‌  368  , $1563.01,  2024-04-05,entertainment
591, 441  ," $2,091.51 ", 2024-11-19,food
5824, 87,  $1694.65 ,  2024-09-07,shopping
4295,167,995.97 ,02/27/2024,transport 
​  3477,87,$109.62‌,2024/04/05 ,food
1990,493,  296.55,  2024/09/25 ,‍entertainment
 4954  ​,463,996.88,2024-11-10,﻿transport
6756,​360, -149.02, 09/17/2024 ,transport
7815,388,‍$151.34,2024/14/01,entertainment
 6271  , 110  ,​($126.57),04/24/2024,food‍
2453,  466,  $922.63  ,2024/01/19,shopping
1646,432,502.87,2024-12-22‌,shopping
5132, 254 ,$237.75﻿,2024/04/11 ,food
  640 ,390,‍1780.71,  2024/05/12  , food
6263,144,-310.44,2024/04/28,food
849,6 ,$2206.72,06/19/2024,  entertainment
2495﻿,174,  $1466.29  , 02/12/2024 ,utilities
6101‍,50, -244.71   ﻿,﻿  04/15/2024 ,shopping
  610  ,‍229, 201.90,2024-09-19  ,entertainment 
1837,146,"  $2,050.26 ",‌  05/08/2024  ,transport
 2548‌,86,"1,773.23‌",  2024-01-27,transport
  7368 ,  333,415.22,2024/11/08,​  refund 
1004 ,  113 ,1395.13,2024/10/02,entertainment
1980,448,$273.86, 2024/09/08​,transport ‍
2677,  374 ‍,1996.09,  2024-11-08,utilities
4828,366,$2230.44, 2024/04/28, food
5679,188,"1,747.01",2024-12-15  ,transport
3116 ,380,﻿$1947.90, 2024-03-31 ,shopping
5042,426,"  1,469.81 ",2024/03/18,shopping
3888,214, 1286.34, 05/17/2024 ,‍shopping
3589, 408," 1,358.82 ",2024/02/24, entertainment
  5398,72,‌  937.92  ,02/20/2024,  entertainment  
  982,  372,"  $2,483.19  ",07/20/2024,‍entertainment 
5036 ,85 ,$1077.53, 2024-07-07  ,  shopping 
880,383,271.53,  2024/07/15 ,entertainment  
  4551 ,‍ 47, 187.93,  03/26/2024​,​  food
  2104  ‍,389,  1327.41  ,04/20/2024,utilities
742, 22  ,$565.06,2024-06-23,entertainment
5410,106,"  $2,384.62  ",  09/22/2024  ,  entertainment  
﻿816,﻿183," 1,821.19  ",06/27/2024,entertainment
 5856,  260 , 868.09 ,  2024-08-21  ,  entertainment
2983  ,253,$2248.36 ,02/10/2024  ﻿,entertainment
4483,100,$386.09 ,2024-08-04,transport  
6710﻿,5,($77.67)​,2024-06-13  ,﻿food
6298,  336  ,-351.13﻿,2024-02-14,entertainment  
 6463  ,  458  , -150.63 , 2024/06/20,utilities 
939 ,290﻿,$2355.64,  2024/04/03  ,entertainment
  7272  ,  39 ,$232.66,09/17/2024,refund
‍  4426,386,100.08,11/21/2024, entertainment  
 1848 ,421,  $812.36,2024/10/08,  transport  
2590,326‌,994.33,12/23/2024  ,utilities
2340,  72  , $1037.98,2024-06-10,  transport‌
5117,116," $1,233.93 ",‍05/27/2024, utilities
 6908 ,464,141.70,2024/07/11, reversal
1739,407 ﻿, $608.52 , 2024/08/02 ,food
2314  ,﻿2,1028.00​, 10/11/2024  ​,entertainment
  4802  ,​67," $1,904.97 ",10/15/2024  ,entertainment 
4296 ‍,﻿  285,$412.84,2024/07/21  ,transport
2216,320,593.46, 2024-01-15 ﻿,transport
6205,358, -34.12 ,2024/03/17 ,entertainment
﻿  1515 ,158,  79.97,02/28/2024,﻿shopping 
‍ 4891,‍493,‌  1901.09,  2024-11-13,shopping
7163 ,299,$36.41,2024/05/26,chargeback
3474‌,257,940.49,10/26/2024,utilities﻿
3194,  438  , $514.63 ,2024-01-11,entertainment
5181,80,1955.89,2024/03/10  ,entertainment
6290​,103, -448.83 ,02/28/2024,​refund
1182  ,377​," 1,074.23 ", 2024/05/14,transport
3541,347,$1742.23,2024/11/05  ,shopping
‍ 5468 ,459, $381.36 ,07/13/2024,  utilities
  7142  ,  41, $381.97 ,10/26/2024, chargeback  
8136,NULL,NA,09/01/2024,  utilities 
692,  420,$1425.90,2024/06/27 ,‌transport
7332, 205  ,​250.37,02/03/2024,﻿chargeback
  7716,  96, 375.81 ,2025-01-01,entertainment
6943,465,  104.64,2024-07-16,chargeback
2705​,418,808.83, 06/07/2024  ,transport
 2065,189  ,$2176.34, 03/29/2024 ,​entertainment
  1619 ,310 ,57.58,2024/04/22,‌ transport
7831,19,‍397.18, 13/01/2024 ,  food  
3846,‍420,2014.81,  2024/03/07  ,entertainment
4970,  174  ,1251.07  ,2024/09/10,‍utilities
2788,495,1805.15,08/11/2024,food
5593,  470," $2,358.29 ", 2024-12-04  ,entertainment
5176,283, $1277.57 ,2024/08/31,entertainment
6310  ,157,  ($419.80) ,2024-11-23  ,refund 
 4945 ,485​,  1678.74,03/14/2024  ,transport
6545,377 ,($155.36),06/09/2024,  transport
﻿6473,  205 ﻿,-163.26,03/30/2024,food
2424,218,"  2,002.74",  2024/12/02 ,  utilities  
﻿26,​317,601.80,2024-12-01,food
2596,83,$1616.22,10/30/2024,​food
2884  ,‍304 ,"1,241.20‍",  2024-05-24,shopping
﻿2949  ,  468 ," $2,460.40 ",05/21/2024,entertainment
4479, 33,"  1,294.41 ",2024-09-08, utilities  
6056,320,-474.95,01/03/2024,food
7138 ,141,28.38‌,2024/06/22, refund
2566,  205  ,"2,205.43",2024/06/23,  shopping
8047,,NA,2024-02-30,transport
327,73 ,$1601.06,03/08/2024,  utilities 
 7089 , 180  ,$292.02,04/27/2024,refund
1501,262," 2,275.40",  2024-10-23,transport
3183,  30 ,"2,173.02",  2024/02/26  ,﻿transport
7532‍,361, $334.82 ‍,‍,  shopping​
  6904 ‍,123,  101.38 ,‍2024-12-03,chargeback 
5265,  354  ‍,  471.94  , 2024-06-14  ,entertainment
3137,‌227,  2075.59 ,2024/10/28,utilities
2187,  425  ,2002.38,  2024/07/29  ,entertainment‍
627  ﻿, 17 ,"​ $1,320.68 ",﻿2024/04/11,entertainment
 6813,151,  -177.83 ,  2024/11/23  ,transport
5077 ‍,425 ​,$725.28,2024/02/05,  transport  
7410,404  ‌,$15.83,‍   ,entertainment  
7997,  , abc ,  01/14/2024 ,  shopping  
858,2﻿,203.57,2024/01/21,shopping
526,94,﻿1110.86  ,05/12/2024,transport
2046, 196  ​, 280.24 ﻿,2024-01-05,transport  
 301‍,137,1201.80‍,  10/17/2024,  transport  ‌
342,108,276.41,2024-12-17 ,  shopping
579 ,437﻿,"‌  $1,359.87   ",2024-12-13,utilities ‍
  5587, 276  ,$2258.03,2024/08/31,‍ entertainment 
 7377 ,139,  4.42 ﻿,2024/05/09,﻿chargeback
  7944,  ,  12..34,2024/10/14,  food  
 1466  ,35 ," $1,225.15 ",‍01/27/2024,transport 
8029,10.5,  12..34  ​,12/15/2024,  utilities  ‌
2418, 133 ,  1302.90 ,03/21/2024, utilities  
 644, 39 ,"1,158.68",﻿2024-12-30,transport 
7848, 429  ,​$137.53,,  food  
 2114 ,  487 ,1304.38,2024-03-12​,﻿entertainment
5201,‌181,  $712.94,  04/11/2024 ,  transport  
 720,216 ,2115.57,2024-02-24,utilities
1193,424,"  1,308.04‍",2024-01-25,transport
389,86," $1,747.22 ",  2024-09-03  ,transport
4961 ,  153 ‍,$100.43,2024-03-03 ,entertainment
‍3777,335,504.94,01/09/2024,transport  
  3242,169,"  $1,524.38   ",01/28/2024 ,transport
1472,80,"2,007.69",﻿  2024/01/05  ,shopping
3154, 203  ,755.95,08/14/2024  ,shopping
6581,185,  -423.34​,04/04/2024  ,​entertainment
7803 ,  440, $166.18   ,  2025-01-01,  shopping
6894,148,($142.57)  ,​2024-09-26,​ shopping 
5780,118‍,156.63,04/25/2024, transport
 6568,75,-398.77,06/23/2024,chargeback  
883‍,454,"1,478.78",2024/01/12,  entertainment
‍7767,247,  171.56  ,2023-12-31,​  transport  
515,  288  ," $2,008.67 ",2024-02-12,food‍
4710,331, $44.77 ,2024-06-24, entertainment 
‌ 2239  ,57,  621.65 ,‌ 2024/05/17,shopping
 4088,‌232,  $436.86 ,2024-03-14  ,​transport
 844  ,97,"  1,993.54  ",08/17/2024,entertainment‌
5558,461,‍$1879.48,2024-08-19,utilities  
 2232 ,57,  119.63‍,2024-05-19​,shopping
﻿ 6133 ,‍118  ,  -280.80  ,2024-07-06,‌utilities
 7648,391, $393.46 ﻿,not-a-date,  shopping
1057,335,939.34,04/30/2024, food  
7261,97 ,336.81,2024-08-06 ,  chargeback  
4860,  371,176.51, 2024-10-08  ,transport
 1146  ​, 385 ,  $332.85 , 2024/03/18  , utilities
 1063  ,468,727.78, 2024/06/14 ﻿,entertainment‌
  7181 ,491  ,$71.13,2024/09/17,﻿ refund
486,394,"2,225.22",​2024/11/11  ,entertainment
3639,‌465, $1011.56,  2024-07-16,shopping
3330,204,"‌ $2,107.44  ",2024-07-21,food
8051,NULL,$﻿,​2023-12-31,  entertainment
7522,343,281.82,﻿not-a-date  ,transport
5944,396,$1051.20,2024-07-25,shopping
 2637,​99  ,849.43, 2024/09/16  ,  utilities 
1097,225,"  2,124.51 ", 2024-09-21 ,food
4057 ,460,  1841.20 ,02/08/2024  ﻿,utilities
1843,293,"  $1,145.57  ",2024/12/26,  food 
  6209 ,﻿397,($227.06),2024/07/07,  chargeback  
7551,414‍,252.18,not-a-date,entertainment
1219,36,$2230.16,02/25/2024, shopping 
 4554,257,"‌2,464.88 ",2024-09-04 , utilities  
  7796,59, $245.31,2023-12-31,﻿entertainment
2379,  239  ﻿,955.01,﻿2024-07-31,utilities
6112,‌192,  ($310.77),  01/23/2024  ,shopping
‍328,  26,$1429.99,​ 2024/01/06 ,transport
7314,246,‌2.43,02/07/2024​,reversal  
2675,367,"1,736.36", 2024-01-10 , shopping
5927,  67  ,"‍   $2,289.30  ",2024/02/13,entertainment
1586,318,  1316.83 ,  2024-03-11 , entertainment
  7634,46,$314.41,13/01/2024,entertainment
4531 ,  242, $1547.96  ,2024/04/20  ,food
  5819 ,99,  293.30 ,11/19/2024‌,shopping  
655,476,"  $2,290.41 ",﻿ 2024-06-19, shopping  ​
522  ,202,  975.55  ,08/08/2024,entertainment
3122,471﻿," $2,101.92 ",09/10/2024,shopping
6938,‍284,  $153.62  ,2024-04-19,  refund
‍4130,286," $1,816.11 ",​  2024-05-20 ,  utilities‌
7020, 44  ,271.06  ,2024/01/09  ,refund
4049,166,1018.62, 2024-12-20 ,transport  
 4723,63,$2406.59,11/18/2024,entertainment
​2530,277 ,59.55,2024/07/27,entertainment
3694, 364 ,344.91,2024-03-20, shopping 
﻿3329,‍282, $824.58 ,  2024-11-16,utilities
2974,5,1116.37, 06/24/2024,entertainment
  2765  ,380,"  2,431.07",05/18/2024,utilities
  1666​,‌293,‍  533.08 ,07/10/2024,shopping
371,  40  ,"‌  1,288.18  ",‌03/26/2024,transport
6841,14,  -205.04﻿,  11/02/2024,food
1976,284,180.40,2024/12/15  ,transport
5809 ,162​,​$1382.21,‍ 02/18/2024,  transport  
88,363‍,818.63, 2024/08/17 ‍,‍  shopping  
1770,169,656.33,2024/02/18  ,shopping 
520,​  93 , $981.55 ,06/18/2024,shopping
3804  ,216," $2,181.57 ",  09/17/2024, transport  
  6792  ‌,139,-64.44,2024/06/06  ‌,food
​ 2584  ,‍188," $2,000.18 ", 2024-07-26 ,utilities
463,207,﻿ 1542.17  ,  07/05/2024  ,shopping
﻿ 8273,x, 12..34  ,2023-12-31,food
​3017,418‍,608.45,2024-10-14,food
6863,431,‍($374.10),2024-05-20 ,refund
 1236  , 258,"1,197.42",2024/02/17 ‌,transport
913,60,"1,978.48 ",2024-06-22​,‌ food  
1630, 458, $940.58 ,11/16/2024, entertainment
  2310  ,306﻿,  $2382.60 , 06/15/2024 ,  transport 
4700,309,"‍  $1,021.35 ",​2024/07/25  ,food
﻿ 8262,  ,,﻿13/01/2024,​  transport 
 1938 ,﻿161,451.50  ‍, 10/10/2024,  shopping
 5923 ,365, $665.04 ,2024/05/13,shopping
6696,  365,-181.37,09/27/2024  , utilities  
‌  4301  ,334, 1442.73  ,2024-09-05,entertainment​
﻿4306,464 ," $1,338.94 ", 04/19/2024 ,utilities 
  699  ,441,"2,372.57",  2024-07-21 ,entertainment‌
4789,469﻿,$1109.03,2024/11/15,utilities
3088,156,  373.85, 12/14/2024 , entertainment 
 2438 ,7," $1,743.63 ",2024/05/04  ,food
  3543,  306  ,514.08,2024-03-08,‌  utilities  
4981,407,$365.93, 2024/02/29 , transport
7957,  9999 ,  NA, 10/18/2024​,‌  transport
4638‌,﻿  430 ,"2,176.54",  2024/09/27,food
318,105,$1384.50  ,  05/08/2024 ,  shopping 
  1846 ,‌457, 64.19  ,2024/12/23, utilities  
‍6761, 221,-246.47 ,  2024-06-29,food
5173, 233  ,"  2,202.56",  04/23/2024, food 
3583,365,"​ $1,252.02 ", 2024/09/07  ,​utilities
853,386,640.47, 07/26/2024  ,entertainment
 4201 ,﻿337 ,"   $2,466.23   ",2024/03/02,entertainment
1172,71," $1,934.39   ", 2024/01/16  ,entertainment
7320,260, $352.33 ,2024-11-03,chargeback
1326,139,2463.02,2024/04/03 ,​transport
691,11, $250.87 ​,2024-08-09,  entertainment 
6343,263  ,($354.74),2024-09-23,shopping
6691,240,($9.77)  ,09/27/2024,food
  8181  ,10.5,,2024-02-30,shopping
3591,﻿489 ,"1,260.44‍",  2024/10/13,utilities
 6994,  148  , $246.30 ​,2024-03-02,  refund
7269,112,392.57,2024/05/03,chargeback
6506,312,($169.51),2024/04/07‌,entertainment
7227 ,449 , $76.91,  2024-02-12 ,refund
810,222,$1691.06 ,2024-06-08,utilities‌
5545‍,  251 ,$1081.13 ,2024-03-24  ,transport
  7986  ,﻿10.5,,﻿2024-01-15 , shopping 
4595 ,371﻿,$44.23,11/27/2024 , shopping
  2413  ,443,  $2027.39 ,05/13/2024,shopping 
1399,117,  $1652.19  ,2024-07-14,utilities
​6814,461​,($110.17)  ,2024-10-19,reversal
​2107,  141,‌ $271.90 ,11/08/2024﻿,﻿  food 
 6544 ,369,($208.49),09/25/2024,shopping​
4126 ,491  ,163.56,07/24/2024,utilities
557  ,  410 ,$2374.75,2024/04/17,entertainment
570,  427  ,$1736.61,10/26/2024,food
659  ,260  ‍, $1747.81,  2024/04/23  ,shopping
4288,402  ,  $2358.53 ‍,2024-03-21,  utilities
3901,335,"1,194.26",  2024/11/15  ,shopping
7541,77,$372.52﻿, not-a-date ,entertainment
  5482,271‍,21.33,2024-08-12  ,food
  7050,14,  344.44  ,11/24/2024,refund
 6445,120  ‌, -297.03 ,  2024-11-04  ﻿,food 
4339,  294  ,450.80, 2024-10-09,transport
7757,77,26.82,​2024-02-30,entertainment
1663,205,"2,003.10 ",03/01/2024,utilities
1961,453,﻿ $535.79 ,11/08/2024‌,‌ food 
 6923, 406,$92.78,  02/23/2024 , refund
8088,​NULL ,    ,13/01/2024,transport
599,249  , $551.62 ,04/03/2024, entertainment  
1201,237,﻿$1921.61,04/28/2024,entertainment
733,  62 ,​384.16,  2024-12-26  ,utilities
  8021  ,    ,  $ ﻿,2023-12-31,shopping
7352,141, 1.71 , 2024/10/26  ,refund
3884,  277  , $1215.01 ,2024-09-11,‌utilities
  7187 ,413,﻿ 314.13  ,06/26/2024 ,refund
 5496  ,220,‍$2173.07,  2024/03/29, transport 
2290, 385,  290.35 ‌,​2024/07/24,entertainment
‍7027  ,69,$18.77,  2024/04/24 ,chargeback
  5414 ,174 ​,‌$1920.02,2024/06/20,​  utilities
‍2848 ,473," $2,176.78 ‌",2024-02-20﻿,shopping
4172,  348 ,"2,060.98",2024-11-21  , entertainment ‌
944,19 ," 1,287.73  ",12/25/2024,utilities
4365,​457, 2277.51,2024-08-07,﻿food 
7349,189, $106.53 ,‍ 11/04/2024, chargeback 
1523,105 ,​1400.96,  2024/09/09  ,food 
2614,336,  $306.40,04/25/2024,food
481, 291 ," $1,322.90 ",‍ 2024/05/27,food
1303,244,  $1520.96, 2024/11/19,food
 2684, 419 ,$1588.70,​2024/08/28,food
  6985  ,384,‌183.43, 05/24/2024,refund
456,489," $2,145.48 ",  2024-12-23  ,food
​7662,262,16.43  ,13/01/2024,utilities ‍
﻿767 ,230,$2394.62‍,2024/01/17  ,entertainment
  6844 ,272, -498.42 ​,2024/05/10,reversal
3008 , 151 ,  $718.62 ,  07/28/2024 ,‍entertainment
  4617 , 66  ,  305.35,​2024-07-02,entertainment
3099,267,313.11,  11/19/2024,transport‍
6436,﻿487,​($228.33) ,2024-03-10,refund 
6039,455, -496.60,2024/03/21,refund
  3524 ,180,‌1423.60,2024/01/14,‍transport
2912  ‌,‍13,"1,056.79",10/05/2024,shopping‌
3241, 330 ,"1,802.86",2024/01/24,entertainment
4689, 144 ,​366.02,2024-06-15,  food  
​6220,377, -259.23 ,2024/06/27 ‍,reversal
  4701  ,457,"1,678.93",03/18/2024,entertainment  
  5888  ,‍214," $1,687.13 ", 2024-02-18 ,food
​ 8212  ,​ x,"1,2,3  ",2024/14/01,entertainment﻿
4019,337 ," $1,760.76 ",08/29/2024,transport
514,﻿465," $1,444.88 ",08/12/2024,shopping
3525,﻿ 395,$559.25,09/17/2024  ,utilities
891,320,"   $1,271.75   ",2024/01/13​,food
 2115, 438,40.56,11/18/2024,‌  transport
7523,262, $435.37  ​,2024/14/01, food 
7993,9999 ,None﻿,,shopping
527,  391, $784.05 ,  05/21/2024,utilities 
 3875 ,477,  $1351.04  ,2024-07-05,entertainment
‍7014  ,306,322.62 , 06/17/2024  , chargeback  
753,  11 ,"1,891.12",02/14/2024,entertainment  
  5762,383,507.69﻿,2024-12-02,​shopping
4547‌,81, 177.88  , 2024-03-11 ,food​
1650, 384 , $594.58 , 12/27/2024 , transport
 4025  ,405,  1302.82 ,01/04/2024, transport 
4207,154, 2181.16 ,05/13/2024, food ﻿
  3868  ,‍354,  954.03,01/09/2024  , food  ‍
2650,411,"‍ $1,089.58 ",﻿10/05/2024,entertainment
‌1463,461, $661.81 , 12/19/2024  , shopping  
5895﻿,182, 534.82 ﻿,01/21/2024,shopping
  8123  , 9999  ﻿,None ,2024/07/28,utilities
 2808 ﻿,136‍," $2,053.48 ", 2024-02-10 ,utilities
2423  ,164  ,2032.97,2024/01/29,shopping﻿
﻿7737  ,197,$213.03,,  transport
4408, 222  ,$1041.51,2024/10/23,  shopping  
8113,x,12..34  ,2024-10-03  ​,transport
 6481 , 133 , -42.88 ,2024/10/01,chargeback
1531‍,‍ 184 ,$1623.40​,2024/08/29, food  
4660,147  ,  2131.57 ,10/22/2024,﻿  transport
6996 ,440, 81.86,08/24/2024​,reversal
‍3664,447‌,  281.51 , 2024/01/07  ,shopping
 8294,​ ,"1,2,3",2024/11/11,utilities
6161,​310,‌-12.59,2024-10-17​,utilities
4619,  168 ,"  1,627.18  ",2024/10/12,shopping
2391,  371 ,$2111.04, 2024-04-05 ‍,transport
4653,‌291,$2001.38,01/05/2024,entertainment 
  3565 ,316 ,"1,167.95  ",2024-01-24 ,food
  7597,443,$165.38,2023-12-31, shopping  
8250,   ,‍,not-a-date  ,shopping
2038,84,16.45 ,2024-09-14,entertainment‍
  1090  ,454,$190.76,2024/10/23,  transport
532,81﻿,  $1050.67 ,﻿2024/12/20,food
﻿6074 ,26,-468.61,2024/10/09﻿,transport‍
6032 ,108,-432.95,﻿2024/11/29,utilities  
  5863  , 11  , $518.18,02/20/2024,﻿  food 
7543,﻿214  , $400.88 ,2024-02-30,​entertainment
 6045 ,290, -463.42 ,12/10/2024 ,transport 
‌5864,‍440,​902.71,2024/08/10,entertainment  
1084,22,$57.75,  2024/04/17‍,shopping‌
6178​,137,  -172.99   ,2024/07/21  ,  transport 
6591,17, -135.04   ,2024/11/07  ,‍reversal
259,315‌,  169.77, 2024-08-27  ,﻿  entertainment 
‍1099,62,"   $1,354.71 ",2024/02/08, transport 
555  ,204,1944.34,07/23/2024,entertainment​
7223,374,​235.74,  03/13/2024  ,chargeback  
1804, 306, $140.48 ,2024/10/10,entertainment
​1637  ,22, 1752.83  , 01/08/2024  ,food
  6737,  260  ,  -138.42 , 2024/11/16 ,  shopping‌
3527 ,​287,"1,411.42",08/21/2024, food
3916,261,$1938.18  ,﻿2024/01/29,transport‍
1772,133, 1706.76  ,2024/07/23, transport  
​270,  422 ," 1,101.35 ",2024-09-03,  food
2332,‍436  ,  $156.46  ,​10/03/2024,shopping
5411,91​,536.03,﻿  04/08/2024,‍utilities
﻿3913,102,457.16,08/20/2024,‌food
6149 , 409,﻿  ($330.38) ,‌2024/01/01 ,reversal
 7292 ,​9,405.72,‍ 11/28/2024  ,reversal
677  ,363‌,"1,350.25",2024/08/18,transport  
​ 3593,344 ﻿,$2088.69,﻿2024/03/11,‌utilities
  863‍, 391,"1,183.44",2024-11-07,  transport​
5936,  114 ," 2,496.09  ",2024-07-29,  shopping 
  6464 ,‍ 495,-381.59,‌  2024/12/09,entertainment
13,205,  $928.22 ,2024/02/20,transport
  3867 ,395,950.86,2024/03/23,‌shopping
2618,364,$1489.07  ,2024-12-03  ,shopping﻿
7485,409‍,491.64,2023-12-31, food
 7566  , 140  ,$385.06,2024/14/01,utilities
﻿3649,127​,$217.01﻿,  01/20/2024  ,  transport
7773,426‍,$374.72,​  2024-02-30  ,food
  2571 ,367﻿,$1870.86,2024/02/11,transport 
  2447  ,  355,"1,476.85",‍09/14/2024,shopping
﻿2798,‍150,2360.48​,2024/05/17,entertainment
248,13, $849.08 ,11/12/2024,utilities
3488, 299 ," 1,856.03  ",2024-12-23 ,transport
2414,35,  $464.59  ,2024-07-20,food  
4686,338,‍  $716.88   ,2024/08/17, utilities
1798,299‌,"﻿ 2,446.25 ",2024/07/07 ,‍entertainment
8180,10.5,,2024-11-22 ﻿,utilities
8153 ,  x,NA,2025-01-01‍,food 
7901,  , None  ﻿,,  entertainment
548,  306,‌  404.40 ,2024-07-07,food
‌  1769, 207 ," $2,152.97 ﻿",‍  04/15/2024, shopping 
6105﻿,350,  ($283.82) ,2024-11-10,refund
6649,  87  ,​-487.10,09/16/2024,food‍
5102,474, $1738.49,07/18/2024  ,entertainment
1483,  480,703.58,﻿11/04/2024,  entertainment
2339  ,136,$350.77,2024/02/12, entertainment  
1533,417, $819.53 ,  11/19/2024  ‍,​transport
415‍,  5,‌152.51,‌  2024-10-03  , food
7564‌,72,   $158.56   ,not-a-date,utilities ​
﻿4173  ,186,​1752.50,05/04/2024,utilities
7313,309, $424.22 ,2024/01/13,reversal 
​542,63,"1,283.69",2024-05-16  , shopping  
  7586 ,485,‍  9.05  ,2025-01-01,entertainment 
7800,  46, $419.24 ,2025-01-01,entertainment
1879​,319,$997.12,  2024/02/10,utilities
7692,448,141.15,13/01/2024,​ transport 
7943,,‍ abc  ,,transport
6879,455, -472.96 ,2024-03-11,  reversal  ‌
5084,  93 , $712.98 ,  2024-03-04  ,food
6570,5, -377.40 ,2024/04/07,food
6693  ﻿,187,   -69.91  ,  01/25/2024  ,refund
 4725,169," 2,257.87",  2024/05/07 ,food​
7018,  37  , $36.39   ,‌2024-09-30,​reversal  
1272‌,47," $1,078.51 ",12/18/2024,food 
7426,170, 73.14,13/01/2024,entertainment
1332‌,91,1198.70,04/16/2024,﻿  entertainment  
  5671  ,88​," $1,415.74 ",2024/06/27,‍shopping 
893,318,"‍  $2,340.55 ", 09/28/2024,entertainment
1154,202,"1,780.74",  06/21/2024  ,shopping
 3817 ,480  ,‍$334.26,2024-12-07,transport
2461 ‌, 232  ,  2286.51  ,2024/02/02,transport
6529,299,-249.59,2024-05-05  ,  transport  
​  3185,469,"   $2,482.45 ‌",09/21/2024,food  
1453,341,"  1,294.09",2024/06/11,‌ shopping  
2839‍,303  ,"1,979.15",  2024/09/27  ,food
 7647  ,‍ 270,476.25 ‌, 2025-01-01,shopping
4336,  311 ,668.13,12/14/2024,shopping
7497,‍ 206 ,$388.22,2025-01-01,shopping
2289, 378," $2,194.12 ",‍2024/06/12, food 
‍  1173  ,83,290.99‍, 2024-01-26,entertainment
 1035‍,​472,"1,062.68",2024/12/29,utilities‍
553, 350," $2,376.86 ", 2024-03-29  ,shopping
6003,100,-471.12,2024-05-03,﻿  food 
  813,274, 925.47  ,  02/04/2024  , shopping 
 3401 ,342  , $929.62   ,2024/05/24,entertainment
4544,59,"  $2,341.53  ",06/21/2024  ,‍transport
  3700,345,638.96,2024/07/21,food
6947, 315  ,60.07​, 10/31/2024,  chargeback
 6047,36, -257.81 , 2024/06/30 ‌,food 
‍6175,233,($221.01),2024-12-05,refund
4097,30 ,"‌1,106.98", 2024-01-06 ,‍entertainment
  7498,297 , $201.32 ,2024-02-30, transport 
  2094,152, $7.80,2024/12/05,utilities‌
  6795  ,  430,($51.96)  ﻿,2024/07/26,​utilities
 5930 ,﻿  451 ," $1,339.85 ",2024/07/15,food​
3315,380,584.09﻿,  2024/03/06  ,food‍
4990,459 ," $1,591.50 ",02/16/2024, food​
 2122 ,55," $1,304.73 ",2024-11-28,shopping
6491,472﻿,   -438.96  ,‌  2024/02/05 , reversal  
5375,450, $176.44  ,2024/03/18,﻿  food
2494, 246,1219.01,2024-01-10,transport
 5604  ,61,429.59 ,2024-08-23,transport 
6162  ,63,  -348.07  ,2024-05-09  ,food‍
 6489,468, ($498.24) ,  2024-08-08  ,chargeback
 1502  ,409,938.73,  2024/10/27  ,shopping
 1960,393,  $2410.56 ,2024-08-04,transport
 8264 ,    , 12..34,13/01/2024,entertainment
5152,383  ,$1495.52,09/11/2024, shopping 
189﻿,452,369.19,08/18/2024,entertainment
 7365 ,328,35.64, 10/16/2024  ,  chargeback  
‌5755, 194 ,$1464.47  ,2024-12-12, food  
‍8225,9999,​abc,  2023-12-31  ,shopping
7347  ,270 ,  208.52  ,﻿2024-08-14,  chargeback 
1682,471,926.66,2024-03-14‍,  food  
6211,422, -451.18  ,﻿2024/06/29,chargeback
  4219 ,  36  ," $1,551.53 ",​2024/07/29,shopping 
‌1702,396,790.06,2024/08/22,utilities
 1538,240 ﻿,﻿520.73  ,​02/26/2024  ,entertainment
430,381, $2338.81  ,07/31/2024,  shopping
6007, 222 , -295.54  ,2024/01/20 ,  shopping 
1180,101," $2,416.61 ",  2024/06/06  , entertainment
  5990,  416 ,582.67,  08/08/2024 ​,  shopping  
1243,118  , 735.28,03/27/2024‌,transport
‌ 5735  ,​312,$1740.78,​2024-08-07, food
3377  ,330,$274.57,07/05/2024‌,entertainment
‌2408,193,"   $1,990.13 ",‍ 2024/12/21,shopping
 706,458, $245.58 ,2024/08/29,food
 1854,383,  1149.53  ,‍09/24/2024, food 
﻿2888,  333 , $473.07 ,2024-12-09,  utilities
  5898,154,  $1649.64  ,2024/10/16,﻿utilities
835,321​,‌2191.69, 2024/02/01‌,  shopping
5076,﻿379,"​ 2,125.23",2024-03-27 ,utilities
﻿2513,425‍,"1,951.43​", 2024-08-24  ,  entertainment
 4280 ,‍395,‍$622.96, 11/06/2024,transport
5951,431, $818.51 , 02/26/2024 , entertainment  
 2515 ﻿,391,$475.92,2024-03-10,entertainment
203﻿,103," $1,360.99 ",‌01/10/2024,entertainment
‌  1600,143," $1,650.76 ",10/22/2024,﻿shopping
  7022‍,  209 , 63.11,  2024-05-24  ,chargeback﻿
 5602 ,62  ,"  1,631.80", 2024-01-15,shopping
6193,‍356,($183.03),08/21/2024,  entertainment  
 477 ,  23 , 549.38 ,11/26/2024, transport  
6179,  235,   -25.84  , 2024/09/26  ,shopping
2551, 491 ,"   $1,312.07 ",  2024/12/21,shopping​
8017,NULL," 1,2,3  ",10/26/2024,  transport
  7998  ,  ,None , 2024/03/14  ,utilities  
343,19,2151.56,  2024-08-19  ,food
​ 1924  , 1 ," $2,013.85 ﻿",12/12/2024,transport 
2543,108 ,315.44 ,​2024-12-30 ,  shopping  
6466,163,($408.00),​10/27/2024,reversal
  3491,25, 118.71  , 2024/12/13 ,shopping
‍6034,190,($169.18), 2024-05-04 ,reversal
 2861 ,240,   $635.02 ,2024-07-03,entertainment
‍ 1191,209‍," $1,083.46   ",04/12/2024,utilities
6256,70,($21.61),  2024-05-29,utilities  
  7638  ,28,235.86,2024-02-30,shopping
7287, 457  ,220.05,  2024/10/23  ,refund
6877,107, -253.91  ,  02/10/2024‌,entertainment​
2366 ,417,"‌ $1,170.01 ",2024/09/24,  entertainment‍
 5247  ,239,"1,827.28",03/23/2024,​ shopping
6664,‍  201  ,-472.19,2024-10-18,‍utilities
5069,154,$1879.13  ,  2024-09-28  ,shopping‍
 5997  ,﻿270  ," $1,449.11 ",10/09/2024,shopping ​
4837 ,415,"​ $2,369.29 ",2024-04-05, entertainment  
  1658  ,136﻿," $2,468.55  ", 11/05/2024  , entertainment  
6606,406, ($170.89) ,05/26/2024,transport
8172,NULL,  12..34 ‍,  05/20/2024 ,entertainment 
  7755  ,477,461.86,2023-12-31, entertainment 
1505,  299  ,654.56, 10/07/2024 , food  
6641,91,  -432.88  ,2024-01-21, refund
2755 ‌,177,2284.13,01/31/2024  ‍, shopping 
1733,193,​2144.21  ,2024-09-01,‍shopping
5363,443, $728.82 ,11/30/2024, food  
6778,265,-159.01 ,  10/11/2024  ,food
7214,﻿348  , 129.33 ,  2024/09/20  , reversal  
‍4612,300,1199.57,2024-02-24,  transport
2256​,136 ," $1,758.09 ",2024-12-19, food  
6999 ,﻿48,  $331.44 ,2024-12-08, refund  
​3238,364,1825.89,12/17/2024  ,  food﻿
  4410  ﻿,333," $1,213.43 ",  05/09/2024,entertainment
 8168,​ 10.5  ,12..34,11/16/2024,utilities
5813,384,127.54, 2024-05-10‍,food
﻿488,375,1296.95﻿,12/14/2024, entertainment
2552‍,  288  ,  $1901.29 ,2024-03-11,﻿  transport  
  6560  ​,81 ,‌  ($466.72)  ,2024-07-17,​food
6381,69, -331.10 ,01/13/2024,  chargeback  
7588, 412, 448.23 ,,transport
2375,497,644.12, 2024/12/02 ,‌shopping 
4539,454,"2,314.85 ",  2024/04/03 ,utilities
 4161 ,  427 ,"1,186.42",2024/11/25,entertainment
2439,‌448,"  $2,251.03 ",12/27/2024 , entertainment
6822​,255,($321.66),﻿03/22/2024,entertainment
473,28,  1114.75  ,2024-04-12,shopping
4518,455 ," 1,843.73  ",12/20/2024,food
  5802 ‌, 56,$150.63,2024-05-24,utilities
﻿7023  ,  227  , $463.17 ,2024-11-02,reversal​
4290 , 101  ,"​1,582.82",2024/07/31,transport
​948,  369,1037.74,  03/05/2024 , shopping  
  7711,491,189.31,​not-a-date  ,transport 
  1764 ,372,"‍ $2,192.15 ",2024/07/11‌,shopping
4179,247,295.80,01/05/2024,transport
5162,289﻿, 868.82 ,2024/11/17, transport 
 8084  ,‍NULL,abc,2024/11/26, shopping﻿
 5345 , 360 , $2056.97‍,  09/19/2024  ,transport‌
683 , 246 , 328.77  ﻿,  01/15/2024 ,transport
‍1034,  220 ,$1952.56,2024-11-12 , entertainment  
 2844 ,304,"   $1,348.62   ",2024-10-12,utilities
 6630  ,  250,  -427.57 ,  2024-07-15 ,chargeback 
4503,410,  739.23,2024-10-31  ,entertainment 
  653  ‍,296,‌ $988.67 ,2024/10/11,utilities
241  , 103  ,"2,430.37 ",﻿2024/07/22, entertainment 
8156, ,NA,03/17/2024, shopping  
7940,9999, 12..34﻿,​2025-01-01,​  food  
4522,230,2451.57,2024-11-02 ,transport
1708,325," $2,469.93 ",2024/05/09, food  
4928,498," $2,069.08   ",  2024-07-05  , shopping  
7857,305,﻿ $410.38  ,not-a-date,  transport
3612,16 ," $2,196.14 ",2024/04/21, utilities
  5680  ,412,1008.86,2024/04/02  ,entertainment  
4144,148 ,​$729.40,2024/02/02​,shopping
4366  ,  397 , 2202.57 ,2024/09/06‌, entertainment
731 ,343,  $589.89 ,2024-06-29​,food
7557,337 , $449.62 ,‍,  food 
5267,95, $532.13 ‌, 05/28/2024,transport
3100,‌  196  ,113.85,2024-07-06 ,food
 5618,431,​ $815.72 ,  2024/02/05,  shopping 
﻿5523,203,  $608.95 ,2024-01-21,transport
6677,342, -27.69 ,09/03/2024,entertainment
5116,‍ 228,950.99, 2024-12-11  ,‍food
1746,​70,"1,443.36",2024/06/07,transport 
6155,76,​($459.91),  2024/07/13  ,food
﻿ 3084 ,  425 , $823.27 ,2024-03-02 ,transport​
3665​,249,383.45,2024/01/03,‌entertainment
4485,26, $219.75 ‍,2024-09-03,‌transport
3818,249,$991.03‍, 2024/01/04  ,shopping
7521,414,  $285.83   ,,  transport  
‍5291,303﻿,"‌1,752.53",08/19/2024,transport
  3053  ,177,  $1060.57, 2024/07/22  , food  ​
3120,182, 1420.33,09/13/2024,transport
784,92,‌$844.74,‌2024-03-15,﻿shopping
‍7044,183,110.59,2024/02/21​,﻿reversal
7875,469,18.62,‍  2023-12-31  , shopping  
1785,66,  2140.01  ,2024/03/15,shopping
3243, 327  ,  $1382.59  , 2024-03-28 ,entertainment
  7321  ,  107  ,108.86,2024-08-06, refund  
​6061,276,-135.89,2024-06-24,​  reversal
4325,247,"‍2,350.86 ", 2024-04-19 ,utilities  
5921  ,348,919.03, 2024-07-03  , entertainment  
﻿3633,267,79.36,05/22/2024,‍entertainment
6799 ,30,-419.29 ,2024-08-01,reversal
1643,75,30.02, 03/31/2024,shopping  
803﻿,  351 ,"﻿2,131.14",2024-10-01,shopping
3443,353,$187.67,07/02/2024,transport
7056, 213, $450.91 ,  2024/03/05 ,refund  
‍ 4091 ,248,$501.01,2024-03-30,transport
​6163, 253 ,  -294.34 ,06/14/2024, food  
 2820  ‌,84,399.42,2024/05/26,transport
7556 ,268‌,﻿335.78,13/01/2024,transport
2647,165,$1882.30,2024/08/19,  entertainment 
 1148 ,239,$652.98‍, 11/01/2024,food
 3131 ,399,﻿1415.46,  2024/04/16  ,entertainment
 4065 ,470 ," $1,325.85 ", 06/13/2024‌,entertainment‌
3872,37,664.54,  10/27/2024 ,shopping﻿
5186, 284﻿,840.90,  2024-07-12,entertainment‌
﻿  1251,371,563.54  ,2024/04/27,utilities
4818,140,406.86, 2024/07/18 ,transport​
416  , 265 ​, $775.06  ,2024/01/18,food
3134,238,$1347.47 ,​06/01/2024,shopping
  6679,​106,-284.56,2024-02-21,utilities
  6135,296  , -436.80 ,​ 07/24/2024, refund
1351,﻿66,"2,203.48",2024-07-30,shopping
2723,  48 ,$1320.06,2024-11-04 ,entertainment
2399,480,$518.79,2024/02/27,transport
7371,﻿ 255 ,$268.45  ,03/23/2024,refund
446,134," $1,712.37 ",08/29/2024,  utilities
  5993,363,  $607.91   ,04/29/2024,food
 3862 ,248  ﻿,119.58,​  08/15/2024 ,entertainment
  7065  ,224,  $133.39 ,2024/01/05,‌reversal
7141, 454,450.58​, 2024/06/08 ,  chargeback  
2481,324,  625.00  ﻿,2024-10-07, food
 6000,446,$2069.39,2024-07-21, transport
255 ,246," $2,428.09 ", 2024-06-20 ,shopping
8033,NULL,​  , 2024-05-18  ,﻿shopping
﻿ 4532 ,97,$1581.74 ,2024/08/08, food 
  4070,​89,$1924.64  ﻿,04/02/2024, transport 
  3012  ,188," $2,358.00 ",2024/08/11 ,shopping
4613, 320  ,138.22,03/09/2024  ,transport
  2917,444​,"‍ 2,099.06 ",  2024/06/19 ,‍food
  4695,297,  $833.25   ,  2024-03-04 ,transport 
7863, 41 ,  $440.26 ,​2023-12-31,  food 
6010,347,﻿ -222.71 ,‌ 2024-12-06  ,entertainment
2240,​287,$1248.22,2024/08/09, entertainment 
5820,318," 1,228.46 ",  2024-01-16  ​,shopping
4989 , 255  ,1136.97, 04/24/2024 ,﻿food  
7964,10.5‌,abc,‌2024/12/08,entertainment
6984,386,485.75,‌09/26/2024,​  chargeback  
1490,  40 ," $1,032.23   ",2024/12/27,transport 
5115, 261 , 531.13 ‍, 04/28/2024 ,shopping
8049, NULL,NA,2024-06-24 ,utilities 
 7053 ,402,295.26,2024-09-22,reversal
1707﻿,78,"1,145.13",‌  2024/02/22 ,food
7861,446 ,68.24,,﻿utilities
6683  ,389﻿,  ($380.55) ,01/27/2024,shopping
1787 ,127,242.67,05/10/2024​,food
7102,﻿267,51.86,05/03/2024​,refund
562,111,299.71,2024/12/30 ,shopping
‌2146,489,$1168.82,2024-07-01, utilities  
4807‌,29, $265.48 , 2024-10-11  ,utilities
1601, 466 ,"1,119.73  ",  2024-02-09 ,utilities
  3028  ,487, 552.96,  2024-09-19  ‌,entertainment 
4778,70,"1,226.61",2024-04-11  ﻿,utilities  
‌501,471,"​ $1,116.75 ",2024/10/30,﻿food
1568,  19 ​,"‍ $2,116.68 ",2024/09/17,shopping
 4569  ,487,  $358.14  ,﻿ 2024/09/27  ,utilities​
6765, 368,  ($306.33),04/02/2024  ,reversal
4775‌,  336 , $57.80   ,2024-02-01,food​
2799  ,279 ,"1,241.49‍",2024-01-19,‌transport
‌  148  , 287 ,‌   $502.63 , 2024/01/16,food
4302,64 ,690.31,2024-09-26, shopping
601, 59, $951.09,2024-07-24 ,shopping ‌
  280,284,   $453.76   ,  09/09/2024 ,food​
7301,​324, $433.33 ,10/17/2024,  reversal‍
2218,226‌, $715.09 ,2024/09/17,entertainment
 2387 ,462,"2,313.58 ",05/23/2024,food
2016,358," $1,718.30 ",2024-10-06,‌shopping
6888,286,-158.21,2024-11-09,entertainment  
5146,214  ,2037.15,2024-08-16,transport
7401,  332 ,188.42 ,,shopping
  6557,128,   -414.54 ‌,04/26/2024,  reversal 
7673,402,$451.43,  not-a-date ‌,shopping
﻿8132,​,abc,2024/01/13,shopping
  3969‌,383,420.82, 02/26/2024,shopping​
‍7686,﻿ 94, 433.31,2024/14/01,‌entertainment
﻿  7031 ,367, $332.74 ,2024-06-03,reversal
4683,305  ,$1775.91,2024/07/11,entertainment
3897‍,347,"1,006.27",2024-02-03,shopping  
 5724  , 496,"﻿ $1,788.66 ",10/11/2024,utilities
  2851  ,94 ," $1,865.14  ", 2024/05/31 ,entertainment
  107  ,138,$1349.79,2024-05-16,entertainment
6851,  459  ,($293.50),2024/03/15,chargeback
4120,451,"1,424.25‌",  2024/05/11  ,shopping  
5533,﻿ 49,645.10,‌2024-05-04,entertainment 
2615,  135‍,  $2315.59 ,2024/11/05, entertainment  
3419,‌217,"‍1,085.27 ",2024/07/10,‌shopping  
 5444 ﻿,​398, $2499.44 ‌,2024/10/20, transport
 7000‌,225  , $429.69 ,  01/12/2024  ,reversal
36,216,553.94,‌  07/22/2024,transport
7652,369, $376.09 ,‌2025-01-01,shopping
﻿2353,  37 ,  2248.45 ,  09/21/2024,  entertainment 
2359,  302  ,1266.85,2024/03/29,transport​
4884,  155  , 2461.44 ,2024-11-21,food
1813,‌363, $443.62 ,‍2024-11-21,transport
5913,324,"1,952.53 ",03/29/2024‌,utilities
39​,139," $1,369.25 ", 03/12/2024  ,utilities​
7221 ,‍  291 ,260.03﻿,06/11/2024,  reversal﻿
﻿ 2690 ,‍298," $2,096.16 ", 2024/11/20  ,food 
8096, NULL  ,$,﻿2024-08-05  ,  transport  
  5193, 293 ,‍  936.84,2024/01/29,​food
 5734,  330 ," $1,772.08 ",2024/07/01,  shopping  
6134,  196  ,  -446.98 , 2024/03/04  ,refund  
4055,466," 1,814.01  ",2024/08/27, utilities
 4788 ,168,$708.78‍,‍2024/11/22,entertainment
1291, 173  ‍,"  $1,439.25  ",2024/04/24,entertainment
5826,119, 1625.05 ,2024-03-20,transport
 80 ,159,"  1,618.35",‌2024/07/28,  entertainment
7827,84,463.77 ,, transport  
6106  ,422, -389.76 ,08/27/2024,shopping  
​  1289  ,‍35 ,  385.11 ,08/24/2024,​utilities
‌6314,60  , -367.42 ‌, 2024-02-22  ,shopping
  3739 , 280 ,‍$938.75,11/30/2024 ,entertainment
3914, 161, $1180.58 ﻿,‍  2024-03-12 ,  entertainment
4649,‍25," $2,406.41 ",  03/30/2024 , transport
6562,29 , -90.92 , 08/07/2024 ,﻿utilities
  6014  ‍,471,  ($318.92)  ,2024/03/20,  chargeback﻿
 447 , 329  ,903.74 , 2024/01/01,  shopping 
4009,  219 ,  358.37  ,2024/10/17,transport
6012,‌131,  -265.11 ,12/17/2024, transport  
3272,263,  $300.04 ,2024/09/02  ,entertainment
3209,454,$663.02,07/16/2024,food
669,315,1140.40,2024-04-08,  transport 
8020,     ,NA,‌not-a-date  ,food
‍  6659  ,110,($427.91),﻿  2024-01-09,transport
 5059,325," $2,173.55  ", 12/11/2024, entertainment  
 3093  ,‍492,1670.76,‌03/07/2024,food
 3849 ,159‌,"﻿  $1,240.09   ",02/10/2024,﻿entertainment
  1476  ,  10,2128.93,12/18/2024 , shopping
405,298,259.69,07/06/2024,  shopping ﻿
6992,488 ,$361.39,01/05/2024,chargeback
 6406﻿, 177  , -473.56 ,07/16/2024,  chargeback 
 3757  , 108  ,  98.12,‍ 2024-10-09  , entertainment  
﻿1929,  407,"1,886.97",2024/07/07,‍transport
‍6755,406﻿, ($269.11),2024-08-07, reversal 
2778, 382, $2285.15,2024-05-16,  entertainment
7367,444,   $403.47  ,‍  05/24/2024  ,chargeback
​2881,367‍,   $357.76 ,10/28/2024  ,transport
4523 , 424  ,​1730.57,2024-12-07, utilities
4657, 360 ,  991.05,  06/02/2024,food
  6351 ,‍ 268,  -356.43   ,2024/11/29, shopping
  5288, 201 ,"2,290.15",2024-06-07,  transport
5296,283 ,$2085.48,﻿2024/04/27,shopping‌
6744﻿,‌36,   -465.89  ,‌  2024-12-04 ,entertainment
  2944,395﻿, $439.27  ,﻿ 02/18/2024, food  
 1529 ,265 ‍,856.75‌,10/20/2024,utilities
5451,331, 1331.90  ,2024/07/20  ,﻿transport
  3893,15,"  $1,806.98  ",2024-11-29​,food
1999,268,"​1,795.09",2024-05-18,‍shopping  
  346,242  ," 1,465.85",﻿2024-11-29  ,transport
3065,310,﻿2323.01,06/27/2024  ,entertainment
​1540,  125 ‍,  $897.12,03/17/2024,transport
466,479,308.60  ,2024-10-20,​transport
2257,342,1262.57,  2024/11/13  , entertainment﻿
5325,‍258,1315.60,  2024-12-08,transport
2194,  351  ,$1400.66,05/12/2024, utilities
867‍,438,921.12,05/07/2024, transport
3467,  244,$552.14,​01/06/2024,transport
1128,66," $1,453.59  ",2024/11/16‍,entertainment
​  3725  ,49," $1,491.58 ",2024-04-03,transport
6208 ,333, ($25.98)  ,08/30/2024,shopping
5905,477," $1,136.09 ",2024-05-04,utilities 
7972,10.5,, 2024/14/01,shopping
469,206,  $724.48   , 2024-04-29 ,food ﻿
 2711,460,  $771.76,07/27/2024, food  
1067,362‍," $1,629.26 ",  2024/04/21  ,  transport
824  ,373‌,$947.87,2024-11-12,shopping  
7280,162,$22.57,  2024-02-02,refund
  2074  ,396,‌299.11,2024-03-02, transport ‍
266,234,  2283.81 ,03/22/2024,shopping
  7500  ,22,$209.70,not-a-date, entertainment  
2476,335," $2,202.58 ",12/02/2024, utilities
6107,8,  -264.10 ,2024/10/23,‌entertainment
4193,  324 , $2015.03 , 2024/01/24 , shopping
 3610  ,4,​  $1702.71 ,2024-10-18 ,food
175,358,$193.78,‍08/06/2024,​food
  2098 ,438,708.63,2024-01-30,food
 2763 , 93 ,2487.98,‍  2024/08/24  ,utilities
 3554  , 157​,"  $1,834.26   ",02/13/2024,​food
7591​,381,  341.16 ,​ 2024/14/01  ,‍  food  
4973  ,402,$1235.69,‌2024/12/23  ,food
‍4933,3﻿," 1,412.37 ",  08/21/2024 ,utilities
960, 80 ,"2,421.11﻿",10/02/2024,  entertainment
2406, 416  , 448.47,‍  2024-06-24,transport
 3767  ,218,"  1,639.56  ", 2024-05-09  , entertainment ​
  2937  ﻿,﻿244,$1315.82  ,04/27/2024,‍transport
  5512  ,396 ,191.71  ,2024/04/06, transport
  1718,‌19,​$1788.94,2024/06/04,entertainment​
3941  ,404  , 782.91 ​,﻿2024-12-26,shopping
6574, 423 ,-323.48,2024/10/10 ​,utilities
  3463 ,  179  ," 1,293.07 ",2024/03/05,utilities
‌ 4481,92," $2,007.92 ",06/28/2024‍,  shopping
2152,﻿ 151  ,934.92‌,2024-11-08,utilities﻿
 6721  ,392,($425.62),2024/02/18,  shopping  
5697﻿,250,$820.26,09/12/2024,shopping
 254,‌153," $1,464.16 ", 04/16/2024 ,​transport
123,55,"1,382.08‌",  2024-11-09,utilities  
‍786,  315  ,$2028.68,2024/08/17,shopping
  7335,193, $366.44   ,  2024-05-25,  chargeback
6183  ,61, -137.80   , 07/22/2024, transport  
1774  , 460 ,$2179.43  ,2024/06/03, food 
‌1345  ,92 ,$2023.01,2024-01-01​,‌entertainment
1623 ,300,  $1351.91 ,2024-09-04,shopping
6199,249, -442.93 , 2024/12/28 ,refund
6658,  114  ,-383.70,‌  06/05/2024 ,shopping
  1217 ,274,$1893.51 ,2024/09/27,  utilities  
 4508  ﻿,128, $925.38 ,​03/25/2024,shopping
2001,‌422,  $1724.07, 07/16/2024 ,transport
7785 , 405 ,$322.59,13/01/2024,entertainment‌
3782,125 ,"   $2,434.04  ",12/20/2024,  utilities  
 2298  , 455 ,1953.21,2024/01/02, utilities
 6769  , 424 ,($230.27),08/08/2024,shopping
1547,  356  ​,  $441.08 ,2024/12/23‍, transport  
6055,  392,($181.90),2024/09/14,utilities 
3006,  243  ,47.31,2024-04-12,​  utilities  
 2521  ,161,808.33  ,2024/10/03, food  
5004,53,‍1674.18 , 08/13/2024,transport
  3645  ‌,216,$996.48 ,  06/16/2024 ,entertainment  
﻿  7002  , 198  ,   $430.69 ,  2024/11/28  ​,reversal
8129,‍  x ,$,2025-01-01,food
4888, 277," $2,235.18 ",2024-09-10,entertainment  
3601,333,  793.51  ,10/04/2024  ,shopping﻿
5413‌,365 ," $2,461.04 ", 2024-04-05  ,  utilities​
3965, 384 ,"2,167.88",03/11/2024, transport  
485  ,11‌,296.37 ,2024/06/11,transport
 6496,71,​ -147.07,09/16/2024,transport
‌394, 461 ​,$471.82,11/08/2024  ,shopping  
​7466, 270  ​,  27.06 ,2025-01-01,​utilities
﻿1489  ,425,  $560.99 ,‌2024-10-15,utilities
‌  6714  ,﻿  35,   -291.54 ,11/21/2024, utilities  
‌2251  , 293 , 362.60, 2024/12/06  ,entertainment
 4010  , 5 , 877.41 ‌,2024-02-08, utilities  
7030  ,219,$499.80,2024/07/05,‌  refund
​884,50 ,"1,857.60﻿",  2024-12-04,food  
  2970 ,‌ 261 ,66.53 ,2024-09-30,entertainment
6295,323, ($142.40),2024/06/07,  transport
1135, 20  ,   $444.25 ,2024/11/22,transport
8012,  , $,13/01/2024,food
7381,453  ,‍248.62,﻿2024/04/11,chargeback
6997,349  ,339.06,‌09/17/2024,  chargeback  
3175, 91 , $251.43  ,  06/14/2024,  entertainment 
3376,255," $2,226.62 ‍",  2024/11/26 ,‌  transport
1541,367,"2,174.84",  2024-03-07,shopping
  1913  ,319, 420.42,  2024-06-04  ,​transport
﻿4488,﻿139," 1,037.96 ",2024-10-05 ,  entertainment 
2883, 354  ,  139.17 ,04/11/2024,food
5994  ‍,  490, $957.63 ,12/02/2024,shopping
2050,‍20,82.84,‌05/04/2024,​  transport 
8192,​x, $  , 13/01/2024 ,  utilities
3526, 486,"2,383.26",2024-09-02,transport
 4771 ,367 ,$45.56,  04/24/2024  ,shopping
  7505 ,‍117,‍299.84, 2024/14/01 ,utilities
8159,  10.5 ,‍  abc  ,11/09/2024 ,entertainment
﻿4832,310,1581.97,2024/04/13, food 
  6145  ,26, -480.96   ,07/13/2024,transport
  3298  ,398, $773.79,2024-08-27,​transport
6942,182,‍$406.47,  2024-04-19  , reversal ‍
574,  219 ,903.40,2024-10-21,utilities
7847,​51,332.36  ,2025-01-01,transport
‌  7040 , 399,38.19  , 2024/10/19  ,‍refund
 7237,441‍,423.36,  2024/08/11 ,reversal﻿
‌2987,16,"  $2,321.88   ",2024-11-24,entertainment
4586​, 456 ," $2,351.41  ",‌03/26/2024,entertainment‍
44,366,  684.32  , 2024/02/23,  food  ​
4985 ,212,‍ $2287.10 ,12/04/2024 ,entertainment
‍3519, 345 ,  $2381.99 ,2024-09-11,shopping 
1155,438,"  1,246.60 ",01/24/2024,utilities
2066,33,"‌  1,664.06",2024-12-01,  utilities 
  7427 ,353,$173.66,2024/14/01,  shopping
2815, 453 ,"﻿   $1,585.32   ",​06/11/2024, transport
6421,14, ($279.91) ,  2024-07-10 ,  chargeback
﻿6800,  278‍,  -5.99 ,2024-02-17,​refund
‌2441 ,339,‌ $592.46 ,  12/30/2024 ,utilities
6407,​315,($89.52),  06/19/2024  ,transport
4239,11, $374.15 ,2024/03/26,  entertainment  
5740,  323  , $220.73  ,2024-04-13,entertainment
3119,273,​560.88,  01/11/2024  ,utilities 
​1431, 483 ,​  1521.47,2024-11-13,  food 
 1800,72,1156.38,01/08/2024,‌  food
7636,  368, 357.84  ,​2025-01-01,shopping  
6328  ,274,  ($164.81),﻿2024/07/30,refund‍
 660,473,$241.34,2024-09-24,  food
1108‌,272," $2,194.56 ",2024-11-07,food
635,‌ 485  ,$1624.09,  2024/07/09  ,food
6546  , 20 ,​  ($476.36) ,2024/11/05,transport
‌3629  ,  383  ,464.56 ,08/11/2024,shopping 
 4590,  334,744.35,2024/02/09‍,food​
5742  ,192,$304.23, 01/20/2024 ,  food  
1632,349,"﻿1,513.09",02/08/2024,food
2209,328,  638.09 , 2024/11/09  ,transport
 5159 ,﻿ 293,"1,872.65‌",2024-03-28,transport
8124,  ,abc,​10/24/2024,food
﻿665,  102 ﻿,996.74 , 2024-02-04 ,entertainment
‍ 7735 ,364,$174.73,2024-02-30,utilities 
131, 133  , 1457.48  ​,02/15/2024,shopping
836  ,287,981.59, 08/05/2024 ,shopping
367,266,   $76.94 , 2024-09-11,transport
‌1685,12,  2055.58  ,2024/02/15,transport
3391,242 ,"‍1,499.49",2024-11-26,  transport
5684,  121‌,191.17,2024/07/08‍,transport  
4150, 358  , $409.33 ,2024-06-13,  shopping 
1656, 141  , $984.69 ,2024/12/30﻿,entertainment
7880,‍208 ,$378.46​,2023-12-31,food
1944,198 ,  $109.86   ,﻿ 2024-10-15  ,‍shopping
330,288,"1,985.59",05/14/2024,‍food
3179,‍339, $29.37 , 2024/04/14,utilities
458,20, 1502.76,2024-02-06,shopping
877,10,96.92,02/24/2024  ,food
7806,354,274.25,2024/14/01 ,shopping
‌7285,480,145.21,06/21/2024,reversal
6680  ‍,142, ($294.19)  ,2024-02-11,entertainment 
2562,  207, 2448.46  ,‍12/11/2024, utilities  
7958,,  None,08/06/2024 , entertainment﻿
  973  ,  173 ,45.94,2024-05-22,food
‍7164,281,​43.85, 2024-11-10  ,refund
1029‌, 160 ,"‍1,834.97",2024-05-26,  transport  
5241 ,  49,$586.66 ,2024-10-07,utilities‌
7124,70 ,​167.81  ,﻿2024-05-31,reversal
4358,131,798.95,2024-09-29, transport  
7423,95  ,39.67,2024/14/01,food
2554,122,  483.93,2024/03/20, utilities 
8005,​ x,$﻿,10/31/2024,shopping
4387﻿,425,1051.42 ,07/29/2024,transport
7876,499,  269.81 ,2023-12-31,transport‍
87,385 ,  1508.84,2024-04-19  ,shopping
3686,30,2237.92  ,2024-11-14,shopping 
‍6949  ,386,  464.34  ,2024-05-26﻿,  refund
6924,114,20.89,07/02/2024,refund​
8195,,  abc,2025-01-01,transport
5507,376,$775.42  ,2024-08-06,‌  utilities 
2540 , 283 ,  $1910.00  , 2024/12/22 ,entertainment‌
4647, 94 ,2279.54,2024-12-17,utilities
6243,﻿457 ,‌-299.15,2024/05/17  ,chargeback
1137,30﻿," 1,855.97",2024-04-15,  entertainment
8218,  9999‌,12..34  ,2024/04/21,transport
  2261 , 209,$1276.06, 2024/02/28 ,  shopping  
  6666  ﻿,‍10, -50.38, 08/26/2024  ​,food
  1093  ,182,"2,426.08",2024/03/21,‍shopping 
2272,‍440  ,268.15,  03/14/2024  ﻿,transport
  1534 ,361, 1076.65  ,  2024/10/27 ,food
1895,248,533.56, 2024/06/08 ﻿,utilities
 4000 , 323, $1718.20  ‌,‌2024/05/09  ,transport  
457,235,$1206.33,12/02/2024,food
4157,  143  ,1157.67,10/19/2024,entertainment
7758,  294 ,$185.55,13/01/2024,utilities
﻿5544  , 411  ,   $760.85   , 2024-12-17, entertainment
3972,31,$1618.47,2024/08/21,﻿  utilities
  7612 , 285  , $42.51 ,‍not-a-date,utilities
906,2,‌$1646.91,‌ 2024/03/21,‍entertainment
 1307 , 228,$1234.10‍,‌2024-09-21, entertainment
6850,388, -171.32 ,09/10/2024,utilities
﻿7763  ,398,  $129.05,2025-01-01, entertainment
1270,﻿443,"​1,446.83",10/07/2024,utilities
6015,145  , -263.28   ,12/16/2024,transport
1247,176,​$427.09,2024/04/09,food
5013,  84  ﻿,1401.64,2024-05-11,transport
  7069,  273  ,359.38,‌ 2024/12/02,‌ reversal  
6652,174  ,​ -394.12 ,2024-04-27,shopping
 7981,NULL,  NA ,2024-02-30,entertainment
 3395  ,126,"   $2,346.35  ",2024-02-16,transport
 5286 , 23  ,  286.04,  2024-01-29 ,entertainment
 869 ,284,﻿$494.16  ,2024-01-06‍, entertainment
‌  6681  ,333,-439.26,10/26/2024,​ transport 
2770 ,397 ,​ 827.11 ,01/26/2024,transport
1562  ,314,​1448.37,10/30/2024,﻿ utilities
6493,68 ,-451.57,2024/04/09,entertainment
6861​,321 ,-144.27,‌10/21/2024,transport ‌
4865,‌498,1252.29,  2024/04/28,  food  
750,‍354,876.48, 2024/02/24, utilities
 4354  ,174,  $1256.02 , 2024/10/04‍,entertainment
​ 2496  ,462," $1,363.10 ​",06/28/2024,transport
4176  ﻿,217,  1056.55,04/27/2024,  utilities
7267,499 ,  133.33  ,2024-08-19,chargeback
 2402,428,   $214.41   ,  2024-12-03,entertainment‌
3858,‍  135  ,2457.79,03/02/2024,  entertainment 
1304,168​,$490.09‌,09/25/2024,utilities
​4999,120,$209.71,03/05/2024,  shopping ‍
2619 ,​252,$1869.18, 2024/12/08, food
3311 ,4,$1321.70,2024-11-20‍,transport
  5818  , 268 ," $2,359.48 ‌",2024/04/20,transport
2693,48,   $166.58   ,  06/30/2024 ,entertainment
6297, 97 ,-175.60,08/05/2024,entertainment
  7723,467, $130.56 ,‌13/01/2024,entertainment
3013, 125  ,$1571.59  ,2024-03-27,​transport
6607,334,($470.51)  ,  2024-07-06,transport
2870 ​,‍335,$1829.54,2024/10/07 , shopping ﻿
 857‌,46," $1,098.90 ",2024/02/08, entertainment
1140‌,394,$1371.95,03/13/2024,entertainment 
‌ 1634, 494  ,"‌   $2,406.78 ",11/30/2024,transport
1226,195,  $1403.77 ‍,09/27/2024,transport
4639﻿,251,﻿604.26,2024/02/04  , shopping 
2142,  321  ﻿, $667.16 ,  2024/09/28  ,entertainment
1436, 406,​   $400.98   ,‍ 2024-11-11 ,  food
​4959,284,‍1503.16, 11/17/2024 ‍,food﻿
1367﻿,  36 ,﻿ $639.35  ,2024/10/27,‍food
6824,﻿98, -21.46 ,  2024-09-01 ,  entertainment
4228 ,​170,$2035.23,10/17/2024,  transport
1315,68,$1738.13,2024/01/24,entertainment
 109 ,  209 , $891.58 ,2024/01/02,food
868, 438, 2225.82  ,02/25/2024,utilities
  5079  , 285  ,‌$2114.36,06/06/2024,food
4118,32,"   $2,440.00  ",  2024/07/25 ,food
1144,47‌,"‌1,439.29",2024-10-10,transport
6643,﻿387,   -55.82   ,‌09/07/2024,utilities
3440,314," $1,736.64 ",08/23/2024,entertainment
6358,256, -375.60 ﻿,2024-01-01  ,refund
7565,255,  $122.76  ,2024/14/01,utilities
7968,‍9999,  $, 2024/14/01  ​,transport
3756 ‍,445,"‌ $1,337.16 ",2024/04/15​,‍utilities
2084, 376  ,"1,021.24",2024-10-12  ,food
 8019,10.5,None ,‌  04/01/2024, utilities 
6875,201,  -189.62 ,10/12/2024,chargeback
6613,﻿124,-57.36  , 2024-03-18 ,refund
3462,376, 1596.37 ,  07/25/2024  , shopping
2589,  483  ,"  $2,219.87  ",2024-10-17,  entertainment‌
 1009,‍1  , 255.40 ‍,2024-08-25,food
5474,67,2207.68,2024/12/12,utilities
1947,253,‍ $589.73,04/08/2024,  transport 
  5822  ,305,  $935.96,2024-02-18, food 
83,497,​$2107.04, 01/10/2024 ,shopping
​3500 ,466‍, $718.90 ,02/16/2024,﻿ entertainment
6309  ,  228 ,﻿ -153.87 ,‌2024/05/05,transport
4478,  183 ,$1703.32‍,2024/01/20,‍entertainment
3842,150," $1,267.18 ", 11/26/2024,shopping
2857,166 ," $1,552.85 ",09/03/2024,food  
 1079  ,306,"1,122.52",2024/03/06,shopping
954,205, $643.24 ,2024/06/15,‌ food
3360,﻿154,"  $2,329.19   ﻿", 2024-03-15 ,entertainment
6245,  251,($385.85), 2024-04-27 , utilities 
 924 ,‌250,  560.82 ,‍12/03/2024,entertainment‌
  2920  ‌,233, 2332.42 ,2024-04-06,transport
5191,﻿15,‍ $178.86 ,  06/03/2024 ,entertainment
  378,‍  76  ,‍  990.82,08/05/2024, utilities
﻿8249  ,NULL  ,NA,2024/14/01,shopping
4845,449, $1819.71 ,2024-02-01,food
246,455,"1,218.68",02/02/2024  ,entertainment
​1007,499  ,"﻿   $1,203.58 ",  2024-07-07,  transport 
1652, 354 ,"1,236.24",‍2024/03/18 , transport 
 5453 ,​420,﻿176.01  ,  2024/01/03,entertainment
﻿240,37, 152.62,08/26/2024, shopping  
5240,433, $197.65   ,  2024/12/26,‌utilities
 2403 ,350," $1,778.76 ",2024/06/10,utilities  
5641 ,  150  ,"‌1,344.05",2024-07-30,entertainment
4359‍,46,1125.31,  2024-07-27  ,entertainment‍
304,456,﻿794.32,2024/10/19,transport
2179, 55  ,$1301.39  ,2024/08/22,‌food
6857‍,489,‌ -239.67 ,2024/07/21  ,entertainment 
945,147,"1,780.89",  2024-02-05  ,transport‌
3273,35,$48.29,﻿2024-03-13,utilities 
6075,208 ,   -433.73 ,2024-11-02, entertainment 
‌7119,197,9.87,2024-07-18,chargeback
‌3991,‌ 412 ,$989.42,2024-07-14, utilities 
757,﻿419,  $1870.52  ,2024-05-15​,﻿utilities
6304  ,445,($364.48),01/22/2024,  entertainment 
5428,‍ 85 ,"‍ 1,910.89 ",2024/05/21,food 
316  ,389,"   $1,461.69 ",2024/02/01,entertainment 
 2545,7,$599.65,2024-04-20,transport
156,67  ,$1227.84,2024/10/29,transport
1904,400,326.93 ,2024/06/18,shopping‍
 1909,  85  ,1723.02,  2024-05-06 ,transport
2567, 180  ," $1,100.56 ",‌  10/01/2024,  entertainment
​208,158 ,844.99,05/17/2024,food
4006‌,90,"﻿1,818.95",2024/04/08, food
1935,25  ,‌ $545.20 , 2024-02-21,  food  
1756, 243 ,$2420.67,09/13/2024,transport
5542‍,173,‍2482.89 ,2024-04-24,entertainment
‍585,  85,1374.97﻿,04/13/2024,shopping
  3793,﻿32,$1437.36,2024/11/19,transport
1722  ,112,﻿  659.15,2024/01/22 ‌,transport
3838  ‍,238  , $851.97 ‍,‍03/12/2024,shopping‍
420,131, 1094.99,2024-02-28,  entertainment 
 4912,320  ,"1,911.26",  10/29/2024,​  utilities  
  3056,  426 ,​269.50,‌2024/07/25, food 
3788,72,"   $1,383.25 ",2024-08-28,transport
1248  ,  114 ​," $1,298.44 ",2024/05/19,utilities
4436  ,394, $1240.06  , 2024-01-28,food
​3684, 316‍,1154.37,‍2024/07/05,food  
615,‍55,$456.02,2024/03/20,‍ entertainment 
 4681  ,﻿434,$869.66,04/28/2024,shopping 
  6492 ,170,($359.39) ,2024/05/28,utilities
4557,362," $1,494.07 ",03/14/2024‌,  transport  
7976,‍     ,﻿  12..34  ,  2024/08/17, utilities  
3430, 59  ," $1,900.77 ",2024/10/23,entertainment
1553,442,$2349.70,2024-01-05,transport  
2404​,144, 734.06  ,07/14/2024,transport
​8077,,$‌,2024-08-23‌,transport  
7539,  426 ,403.54,‍ 2024-02-30  ,shopping
  2876 ,  216 ,  $2247.44,05/25/2024, shopping
6930,153 ,  $168.40 , 2024/05/27,reversal
‌2076 ,469," $2,227.26 ",  2024-03-18 ,‍utilities
5991,﻿22, 2493.65  ﻿,  2024/09/24 , entertainment
 5731 ﻿,  108  , $455.46 ,04/25/2024,utilities
6128  ,‌462,  -170.15   , 2024-05-04 , chargeback  
5408,7, $329.11 ,2024/12/09, entertainment  
2478,486,​  1316.19 ,‍  2024-10-22 , utilities 
  2531,378,$1660.68,2024/04/29 , entertainment
7560 , 69  , $415.23 ,not-a-date,food
3044,  500 , 361.50  ,11/04/2024,​  entertainment  
 895,191,856.46,  2024-12-21‍, food
‌  7839,﻿  60,112.02,2024-02-30,food
6615﻿,176,​ -21.21 ,04/21/2024﻿,entertainment
 2821﻿,178,"1,450.65",  2024/08/22  , shopping 
6973,‌102,​366.10,12/15/2024,reversal  ‍
2997‌,167 ,  $1242.35  ,  04/25/2024 ,transport
6374,110,​($59.56),  2024/11/10  , reversal
1160  ,278,   $136.55   ,2024-08-05, shopping  ﻿
5160,378,  1832.31 ,07/23/2024, shopping 
﻿3977,426," $2,001.08 ",﻿2024-07-08,utilities
3250, 164  ," 1,000.94 ‍",2024-06-03,‍ shopping
3690,349,"1,239.40",2024-11-27,  utilities 
  7333  ,380, $55.29 ,2024/10/25,reversal
6722,312, -86.17 ,  2024/11/08, food
2371​,  226 ,390.48,2024/03/05  ,  food  
  4733 ,  338 ,  $2149.72‌,‍ 09/26/2024,transport
  1031 ‌,492,$2424.67,01/23/2024  ,shopping
 3086  , 302,91.27,2024-06-21,entertainment
  3165,378,554.09, 2024-12-22 ,entertainment
8027, ,"‍1,2,3",2024-02-30,﻿ transport
2780, 471,$2474.21  ,2024-10-22,shopping‌
﻿8131,NULL,abc,2023-12-31,﻿  utilities 
6796 ,36  ,($381.84),05/31/2024, entertainment 
 4470  ,  44  ,456.58,​2024-02-07, utilities
1183,448,$1339.12, 12/21/2024  ‌,shopping
5190,225,$889.71,2024-11-24, transport  
‌7927,NULL, NA  , 2024-09-19  ,  transport 
‍ 5306  ,  366 ,‌  1087.65 ,﻿01/14/2024,entertainment 
1450, 365  ,"1,742.76",04/03/2024 ,utilities
2747,​219,$1383.68, 2024/07/09,entertainment
3299,120,2298.88,01/20/2024,  utilities
2577, 305  ,"   $2,452.66  ",2024/12/30,  utilities
 8284  ,,  12..34,2023-12-31,  food 
5471  ,157,$2261.22 ,2024/12/03,transport
 6675 ,  96  ,  -436.73 ,2024/12/10,utilities
4500,255,"1,890.63", 07/13/2024,transport
5530,  245 ," $1,531.03 ", 2024/03/14 , entertainment  
2459,180,"  $1,587.22 ",2024/08/20,  transport
5297,20,  379.96,03/31/2024,shopping
​ 6433  ,175,﻿-136.07,  12/14/2024  ,utilities
7886, 301, $127.80 ,2025-01-01​,  entertainment 
​2312,‍471,252.16, 2024-05-13,‌transport
  4418  ,132 ,$1167.83, 2024/05/15  , entertainment 
 7718‌,304  ,485.61,13/01/2024,shopping
  4602,214,"2,179.29 ",2024/02/12,entertainment
  888  ,138, $2115.70, 2024/02/17 , transport 
114  ,131, $1160.61  , 2024-04-21  ​, entertainment  
2621,439,"2,372.03",2024-06-21,  food
 1220  ,﻿135, $1348.25 ,2024-09-12 ,utilities
204,‌271,2141.39, 2024-10-13  ,shopping﻿
4948  ,﻿122, $782.17 ,2024/01/27,transport
912 ,  184 ,"2,342.38",2024/08/12 ,entertainment‌
6173,204,  -181.33 ,11/27/2024,utilities
 6593  ,205,   -205.66 ,  05/08/2024 , transport  
5669,  484 ,1855.02,  2024/11/28​,entertainment
22, 182,   $271.96   ,‌2024/11/27, transport 
﻿1567,159  ,"   $1,702.55 ",2024-05-16 , shopping  
3614, 312 ,1422.82,10/01/2024,transport
  5939,307,2209.07  ,2024-07-10,food
  6384,  337  ,($189.88),04/07/2024,  utilities  ‌
6567,﻿3,($471.48),2024-07-05,chargeback
7881,64,  $374.91,,utilities
7946,    ,  NA  ,2024/02/28,transport 
3252,​168," $1,666.22 ​",2024/09/24,entertainment
  1444, 211 ,  $961.45,﻿2024-01-20,‌entertainment
1299, 221 ,  1599.67,2024/10/24,food
4682,342  ,$1237.15,2024/08/10,utilities
4947,63, $552.06 ,01/30/2024  ,entertainment‍
6669,​213,  ($144.24)‍,  06/02/2024 ,‌utilities  
  1060,233, $227.34 ,04/28/2024,food 
8165,   ,  NA,﻿,entertainment
‍1705,279,1943.23,2024/07/08,  utilities
‌1184,238​,$438.86,10/08/2024,utilities​
2068 ,283﻿,"  1,786.96  ",‍ 2024/04/06 , food 
3597‍,﻿  108,$1653.34,08/14/2024, entertainment 
6225,‌482,﻿-233.57, 2024/01/03 ,reversal
5436,220,$1424.99,2024/04/04,shopping
7016,395,‍ 93.59  ,2024/07/31,refund
4174,187,﻿$2117.23, 2024/03/25  ,shopping 
4943, 102 ,$927.69,‌ 2024/01/22,entertainment
 4155  ‌,  331, $228.75 ,2024-05-01,transport
302  ,40, 660.37,​ 10/20/2024,entertainment
3054,  268  ﻿," $1,363.29 ",2024-01-30,transport
1546,100,  376.71 ,06/27/2024  , entertainment
4530﻿,432," $1,632.49 ",2024-04-26,entertainment
357, 142‍,765.01,2024-12-07,utilities
4830,  290 , 1919.55  ,2024-04-20  ,entertainment
1734,278,1992.23, 2024/05/06 ​,shopping
1573, 495  ﻿, $632.16   ,2024-01-06,shopping‍
7910  ‌,  ,"1,2,3 ",2024/08/09, food 
647,﻿  328,​$926.37,05/27/2024 ,shopping﻿
2019, 125 ‌, $499.81 ,2024/10/24,food
  4965  ,139,  $1878.98,  2024-01-06  ‍,  transport
771,53,$2330.44,02/28/2024,transport
  7705,125,‍ $50.36 ,  not-a-date  ,shopping
5727,304,$790.77,2024/12/08,utilities
441,471,530.51,2024-07-29,entertainment
6001,265‌,-306.55, 2024-06-23,food
 5107,‍355,887.05,2024/08/14,‍ food
  4575, 264, $75.67 ,﻿2024-04-09, shopping 
 3814 ,232 ," $2,115.83 ",  02/05/2024,  transport 
8149  ,NULL,12..34,  2023-12-31,entertainment
2295,428," $1,577.87 ",06/30/2024, transport
 494  ,484,​1394.11,08/25/2024,food  
1365,326,"‍2,279.98",2024/10/13, utilities  
2446,371,‌1276.86,​01/12/2024,  food 
 2504,  78,﻿ 1836.28  ,03/01/2024​, utilities  
624 ,  334,$1239.00,2024/09/11,transport
8003,9999,"1,2,3​",‌ 2024-01-29,food
‌5713, 166  ,  2150.05  ,2024/11/22 ,utilities
6150,‍408,($160.78)‍,2024/12/10,reversal
496, 374  , $939.21 ,2024-06-06  ,entertainment
2228 ,  421 ,  530.66 ,  2024-06-14 ,transport
2576,387,$515.11 ‌,  2024-11-07  ,shopping
3552,136,  1835.29  ,2024-12-10,entertainment​
 6734  ,‌77,  ($300.24) ,03/28/2024,refund 
5223​,14  ,"1,189.21‌",2024/02/21, entertainment 
4099,﻿114,  $2035.13 ,2024-01-14,​  entertainment 
  227 ,383  ​,167.26,2024/10/13, shopping 
4810‌,27," $1,873.13 ",2024/05/15‍,transport
7874,149,$329.12  ‍,‍ 2025-01-01 ,transport
  3887 ,277,"1,417.46", 03/09/2024  ,food
‌3928  ,‍171 ,"  $1,894.44  ",06/16/2024,entertainment
4790,60," $1,842.65 ",2024-03-07,shopping
  609,‌377, $563.04 ,2024-07-12,food
﻿3486,﻿ 159  ,"  $2,263.14 ",01/11/2024,shopping
5417,482 ,  1145.21,04/29/2024,shopping
  5356  , 3 ‌,﻿  $2111.79,2024/03/04  ,  shopping
 6952  ,  126,  $242.90 ,2024-06-24,​chargeback
5830,486  , $21.54 ,﻿ 01/11/2024 ,entertainment
  7914  ,    ," 1,2,3",,utilities‌
680 ,  461 ," $1,227.14   ",05/19/2024,transport
  6862 ,​  129,​-439.20,2024/05/30﻿, reversal  
5425  ​, 371  ,"2,408.35",‌ 2024/10/20 ,entertainment
6827,  466 ,-357.12,12/03/2024,reversal
2687, 345  ,"‍2,415.84",02/08/2024,shopping  
  4217 ,438,‌ $867.58 ,2024-12-12,﻿food
  154,29,$28.89,​  2024/08/11,shopping
7153,353,$469.81,2024-03-27,chargeback
6449  ,2,-64.07,08/10/2024‍, shopping
‌5500,72,"  $1,004.64   ",2024/10/14,transport﻿
1973,  413 ,﻿$1520.52, 2024/02/29,  food﻿
3508,218,$2009.49  ,2024/12/08 ,shopping 
2247, 470,  1829.95  ,2024/12/14,shopping
4742﻿,﻿413, $941.00 ,2024/12/20 ​,transport 
  2553 ,‌250,175.29, 2024/12/06,﻿shopping
7870,  193  ,   $493.07   ,2024-02-30,transport
  6475  ,369, ($168.16) ,10/08/2024,chargeback
2306  ,167,447.43,02/16/2024,entertainment
  2697,﻿336,$1180.83,2024-06-17,food
‍23,380, 877.67,  2024/04/14,entertainment
  2648,  216," $2,162.76 ",2024-04-15‌,  transport  
3748, 161, $87.43 ,  2024-01-22 , transport 
7535,42  ,$174.35​,2023-12-31,transport
4425,335,1359.56,‍ 2024-10-06,  entertainment
1333,  62  ," $2,205.06 ",06/29/2024,utilities
  1901﻿,500,"2,448.10",  2024/09/17 , entertainment  
7821,126,$282.53, 2023-12-31  ,‌utilities
5632,14,  2244.23 , 2024-12-24,entertainment
  2758,297  ‍,1209.00, 2024-02-07,utilities  
3992,439," $2,040.50 ",2024/12/01,shopping
﻿6598,301,﻿ ($13.02),03/03/2024,food
3260  ,42,  1396.00,2024/01/27,‍transport
6129,351, -193.36 ,2024-11-06, reversal  
4759,  187  ,$1509.65,  07/27/2024,transport 
772,345, $1693.19,02/03/2024,‍  utilities 
 6172 ,65﻿,($144.05),03/25/2024 , refund 
2845,92 , $5.75 ,07/09/2024,shopping  
  7952,‌9999,abc,‍2024/14/01,  shopping 
6617 ,168,-99.94,2024/06/02,refund
5337,137,  $1191.55,  06/10/2024‌,transport
‍3575,325, $855.18,2024/10/18,  entertainment  
4061,351,﻿ 448.92  ,2024-05-20,utilities
1711​,  135  ,$994.59,  2024/07/25,‌utilities
 425, 219 ‍,765.71,  10/14/2024,transport
2585,‌405,"   $1,789.31 ",  2024-02-14 ‌,transport
7276, 396,299.50 ,07/14/2024,refund
 5806  ,  287  ," $2,160.64 ",2024/03/02,  transport  
5430,75," $1,328.83 ",2024-05-18,  food  
‌6264,22‌,  -120.70  ,2024-10-05,‌refund
‍7594, 167 , 85.61  ,13/01/2024,entertainment
 1943,​  341  ,2283.23,2024-12-18,food
​  212,​79  ,328.50,  2024-11-23 ,shopping
‍7271,354 , $308.98 ,2024/04/09,reversal
  534 , 23,‍$2451.24,07/08/2024,utilities
892 , 196  ,461.94,2024-12-30,  transport
  6400,428  , -86.37 ,01/23/2024,food
 3951,313,$1387.19,2024-03-15,transport
 5848,442," $2,482.65 ​", 2024-06-23 ,utilities
3759‍,213,"  2,125.15 ",  2024-03-18  ﻿,‌entertainment
5138  ,400," $2,479.36 ",02/18/2024‍,  food 
4711‌,  389  , $723.43 ,2024-08-25‌,food
‍ 1342  ,348,"1,426.35",2024-08-30, entertainment
3085,  383, 2365.49  ,02/29/2024,shopping
‍558 ,  18  ,$2253.02,07/11/2024,transport 
3919,192​,52.13,2024-04-23‌,  food
  3776  ,344,$445.36,﻿2024-07-12,utilities
2789,491﻿,$588.16,2024-08-09,entertainment
 2214,​284,$215.73,2024/09/17, food  
  8030  ,NULL,12..34,2023-12-31,transport
7834,‍153, $148.86 ,﻿2024/14/01,transport﻿
  6634  ,375, -468.43  ,﻿ 2024-12-19  ,​entertainment
7797,153, $270.34 ,  2024-02-30  , transport  
‌7393,12, $495.01 ,03/22/2024,reversal
  8241 ,x,"1,2,3",‍2024/01/11,shopping
‌737,452,"   $2,193.06  ‌",‌04/02/2024,entertainment  
  7265,  339 , 289.36‍,  2024/03/22,chargeback 
4806,62,  1573.03  ,  04/07/2024 ,‍shopping
2234,  135 ,887.16 ,‌2024-10-12,﻿shopping
568,342 ​,"‌  $2,399.40   ",2024-12-20 ,transport 
 5975,‍290, $468.66 ,‍ 10/24/2024,transport
2954​, 239  ,"1,245.16‌",10/27/2024,  shopping 
2973 ,79,‍$149.85,2024/06/19‌,transport
  6697  ,416,  -59.64 ,2024/02/24,﻿ refund 
364,476,362.72, 2024/06/08 ,transport  
6269,393,-496.02,2024/09/27,transport
 4854,136,$2.57,​2024-03-19,  transport  
​5156 ,486,$1044.61, 2024-05-16  ,food
1033, 73  , $200.80  ,04/13/2024,shopping‍
4676, 495," 1,669.15  ",  2024/02/27  ‍,transport
  2405 ,91,$2259.37, 05/30/2024,entertainment 
2790  ‍,288, 1000.92,2024-08-27 ,transport
‍6217,495​,​($28.67),2024/06/09  ,utilities
 3040 ,132,"1,567.48", 2024/11/23,  utilities 
 7112  ,419,469.50,‍2024/06/28,​chargeback  
  49  , 136,339.79‍,2024-10-15,food
 3264  ,349‌,$327.82,﻿2024/12/27 ,  food
 2990,446,"‌   $2,232.35   ",04/17/2024,shopping
​  5642,14,$268.23, 2024-02-02 ,food 
  6823 ,  75  ,‌ -186.96 ,2024/03/12,chargeback
4043,350,882.50,2024/01/26,transport
979﻿,﻿371,$992.77,01/08/2024,food
257,472, $1862.93,2024/11/20,transport
  99  ‌,203,1993.05,  2024-12-06,transport  
﻿8072 ,x  ‌,,2025-01-01,utilities
5404,308,2179.08,2024-09-18,entertainment
 3291 ,449 , 602.54  ,  2024-10-01  ,utilities
3253,287," $1,249.73 ",2024-05-18,shopping
  7970  ,    ‌,,08/21/2024​,entertainment 
 5721 ,276﻿,‍570.67,04/07/2024,transport
  476,270,$1884.87,‌02/25/2024,  utilities  ﻿
3453,454,"  1,449.57 ",09/30/2024,entertainment
​287 ,8‍,"1,638.72",‌07/16/2024, entertainment
 3535 ,469,  $1255.00  ,2024-11-20,﻿  shopping
3297,  267,  1554.10 ,2024-11-09,transport  
  690 , 453,"1,821.27",  2024-12-04  ,food
1185,3,$1719.12,02/21/2024, shopping 
3885 ,448 ,  2405.52,09/21/2024,entertainment
2468,253,360.91,2024/03/24  ​,food
2436,  365  ,  867.91  ,07/01/2024‌,  transport
299‌,282,​1244.79,11/16/2024,‍  entertainment
3783,218,​ 2217.30 ,﻿2024-08-25,entertainment
  7135 ,347,  $218.95   ,2024/08/10,  chargeback
2942,241,$1773.84‍,2024-10-05, entertainment 
6967,273, $25.71  ,2024-05-31,refund
‍7555,445, $7.42 ,13/01/2024  ,​  transport 
3433,314," $1,213.62   ﻿",2024/06/06,transport
4384,336 ,1199.76,​2024-04-11,entertainment
6103  ,  264,($474.74),‍2024/08/13, entertainment 
588 , 2 ,‍1519.97, 2024/06/12 ‌,​transport
  6914 ,8,​ $20.80 ,‍10/24/2024,reversal
 1222  ,  334 ,$1342.41, 06/22/2024 ,﻿  food 
2284‍,455,$1674.98,2024-06-04,shopping  
1016,285,﻿$1096.52,2024-11-20,food
‌4525,339,  1766.52  ,2024-11-22,food
7095,463  ,$402.94,2024-08-20,reversal
5053,‌392 ,‌$1470.52,‌2024/01/12,food 
﻿ 200 ,290,"  $1,901.48   ",2024-01-31,entertainment
  1862  ,204,846.32,05/07/2024 ,food
7590,146,   $68.89  ,2024-02-30  ,food
‌  603,‍79,$68.93,‍  2024/03/31  ,transport  ‍
 2267 ,439,"1,795.75",​2024-09-22,utilities
3438, 97  ,"﻿1,283.32 ",2024/07/08,entertainment
2150,  360,$164.43‌,​2024/12/30,utilities
​862, 358  ,"  1,149.17",2024-04-19  ,transport
‍5757,  319,"﻿  $2,309.74  ",2024-12-05  ,food
4549,﻿54  ,"  $1,686.23   ",2024-07-09,food﻿
  5787,147,$1305.83﻿,  04/21/2024,utilities
5221,‌201, 2098.85  ,﻿2024-12-03,utilities
1011  ,442,  $1120.26 ,2024/05/17,food
3666,﻿93," $2,366.43 ",10/03/2024,food
6745,3,   -150.59  ,2024/08/05,utilities  
7462,139‍, $396.96 ,not-a-date,utilities
6151,371, -121.87 ,2024-10-29,chargeback
7844, 459 ,493.85,  not-a-date ‍,food
5002,236,1277.48,‍ 03/13/2024 ,​  entertainment  
2357,469,"1,229.07",  08/30/2024 ,utilities
 5911,500,"1,902.99",02/03/2024, utilities  
5781, 286,‌ 1440.52 ,03/01/2024  ,transport‌
7725,349,‌ 317.84,2023-12-31,﻿ entertainment  
1417,‍ 180  ,$763.89,  2024/09/13 ‍, transport 
2743,406,‌$664.70,06/25/2024,transport
2989,﻿ 230  ," $1,824.03 ",12/09/2024,  utilities
7675‌,320﻿, $218.59 ,13/01/2024,  transport  
  956 ,202," $1,773.18 ",‍2024-01-29,entertainment
5896,13,  $504.94,02/19/2024‌, food 
295,42," 2,215.55  ",12/21/2024,food
6978  ,473  ﻿,$466.07,2024/07/16,  refund  
2749  ,467 ,   $361.07  ,2024-08-08 ,  transport
 163,‌120," $1,553.98 ",‍2024-11-05 ,shopping
340,425,  724.24  ‌,02/18/2024,shopping
5094,294,846.44, 2024-07-28  ‍,  shopping ​
634,  103,$1083.77  ,2024-09-09,transport
  697  ,  227, $2041.12  ,2024/03/11, food  
​1611,  271  ,  2069.63 , 03/15/2024 ,transport
7791, 134 ,$322.46, 2024/14/01  , utilities
  1797,192,"2,105.81",07/06/2024,food
2676‌,368,1038.58,2024-08-17,shopping
 8162 ,  ,"  1,2,3 ",2024-02-30,  utilities  
315  ,401,   $997.76   ,2024/03/27, transport
3405,21,"   $2,147.25  ",2024-09-09,shopping
139 ,406‍,2071.70,10/29/2024 ,shopping‌
6353, 477, -496.24 ,2024/03/06 ﻿,​food
1549,217,"  $1,936.40   ",2024/03/09,shopping
5929 ,238,$1688.24,2024-11-30,  transport  
‌4328,272," 1,560.30 ",12/18/2024,food
2301,229,2382.56,2024-11-19﻿,‌ entertainment  
409,197,"   $2,120.79   ", 01/23/2024,food
 5136,376​, 2008.30  ,11/26/2024,shopping
1379, 167  ,869.50,2024/05/13,transport
 8234  ,9999,12..34,  2025-01-01 ,food
3729,200,$595.20‍, 2024/06/24 ,  utilities
5081,  48  ,861.58,2024-03-24,  utilities
  2092, 162 ,‍$656.37,2024-09-24  ,  food
 4447,﻿280,  $963.83  ,  2024/09/14  ,transport 
7856,348,​ $88.93 , 2025-01-01, food
4492,372​, $759.92 ,﻿2024/01/21 ,utilities
 8185,9999 ,None,2023-12-31 ,utilities
4332,‍80,  943.81  ,2024-04-04,transport
 5643,253,"2,346.08",2024-08-06,food
﻿1358,296," $1,243.96 ",‍ 2024-04-25  ,utilities 
5071,489,32.13, 04/18/2024  ,food
​1443,‌286,$1980.58, 06/16/2024,entertainment
7547,  286 ,   $284.46 ,not-a-date,utilities
7487, 163 ,229.63,2023-12-31,utilities
7399,339,   $491.16   ﻿,  2024-07-29 ​,refund
‌ 5395  , 459,  $822.67 ,﻿07/16/2024,transport
  7990﻿,  ,NA,13/01/2024,﻿food
  5480  ,162,$698.07, 12/12/2024, transport 
7012,343  ,  $439.83  ,  06/21/2024 ,chargeback
398,  76‌,  1437.84  ,12/15/2024,  food  
4258,24, $576.12 ,﻿  12/10/2024  ,‌entertainment 
6766  ,184,($217.97)‍, 2024-09-10  ,entertainment
4071  , 409  ,  2056.20 ,2024-02-17,​ utilities
2979, 198,$625.36,  10/23/2024  ,‍transport  
 6469,190,   -455.20  ,2024-06-09​,food
3369,  331," $1,890.12 ",‌04/09/2024,  entertainment  
﻿8091,NULL,None,13/01/2024,transport
3544,302,970.82,2024/06/11,shopping
2871  ‍,72,854.96,03/10/2024﻿,transport​
1424,246  ,"  $1,891.70 ",2024/09/14,shopping
 2736 ,189,$1353.97,  04/17/2024  ,  entertainment  
4014,226, 1494.17,11/01/2024,‍transport
 963  ,﻿43  ,"1,372.13",2024/09/28,​utilities
3538,  261  ​,$2051.79,2024-10-17,utilities
 1168  ,21," $1,897.97 ",2024/03/07,transport
‍ 3946 ,431,‍ $336.60  ,01/06/2024, shopping
1738 ,440,$527.48,2024-10-23,utilities
 1491,440﻿,$726.71,  2024-08-17 ,utilities
3730, 126  , 56.54  ,​07/17/2024,  shopping
​7930,‌  ,abc,2024/04/04,utilities
 1461,376,335.21, 2024/09/01 ,utilities
  5456  ,34 ,466.54,01/10/2024,  food 
  2160,  451  ,"1,146.25",‍11/09/2024,‌shopping
‍6731,​215,($312.90),​ 2024/11/25,‌shopping
  3820 ,486,"2,350.96",2024/05/24,  transport 
  7671 ,​ 162,93.70, 2023-12-31,food
1816‍,  331  ,  1328.32  ,04/03/2024,  entertainment
1264, 25,$1150.17,2024-02-25,food
5143,235,958.42,2024-01-20, transport 
7375  ,330,262.05,‌2024-03-09,reversal
6357  , 314 ,($101.25),2024-11-05,food
  569, 491  ,"  $2,052.69 ",2024-10-28,entertainment
2947,490, 641.85 ,2024-08-18, food 
2806,162,144.13 , 07/28/2024  ,transport
​5616,  182  , $713.08 ,  09/21/2024,food​
7390,293  ,$335.19,2024-09-15, refund
  7971 ,x,$,2024/14/01,shopping
5424,9,  97.70,2024/03/09,shopping
  2293 ,101,﻿1646.08,‌ 2024/08/25 ,  entertainment  
  5503  ,  374 ,$1401.82,  2024-10-06 ,﻿transport
2880,42,"2,469.07  ",  2024-05-21,food
 998  ,394,  $640.59  ,2024/10/14 , utilities  
8022,‍, NA,2024/14/01,  transport  
1766,249‍,90.81‍,2024-04-08 , transport 
​  33 ,98,‍ $25.81 ,2024/02/13,transport
​3529, 125  ,$2340.18  ‌,09/23/2024,food 
 3865 ,68,﻿ 1581.40,05/05/2024,transport
1133,325  , 590.29 ,2024/03/20  ,shopping
7331,  440  ,279.31​,05/14/2024  ,refund
  2317,377,"1,850.03  ",2024-04-23﻿,‌utilities
2706,‌84,1234.64,08/03/2024,​food
​1583,3,$1096.49,2024-04-14,​shopping
1048  ,194,$1230.77,  2024-01-08  ﻿,﻿utilities
2598,117,$1428.54 , 2024/03/29 ,utilities
﻿  5786 ,﻿224,"​  $2,413.61  ",  2024-04-18  ,transport
4618,82,2252.16,2024-09-13,entertainment
 1206,127, 2035.73  ,01/21/2024  ,  utilities 
8052,  ,"1,2,3",﻿2024-07-04,utilities
3269,​  42,‍809.21,2024/06/06 ,entertainment  
3815,34,2144.41,﻿07/11/2024,transport
4464,448,2335.59  ,2024/07/08,transport
70,21,$1168.75,  2024/09/28 , entertainment
631 ,251,$155.77,2024-04-15,transport
  5124  ,468,"‍  $1,844.21   ",  2024-03-29,food
‌249,223,20.91,2024/07/03,utilities
335,197,562.80,  2024/08/15,‌food
5490,47,487.83,06/06/2024,shopping
​2475, 338,$1208.48,08/08/2024, shopping  
3333﻿,121,   $976.82 , 04/21/2024  ,​food
4121,216,"2,032.19",2024-09-12,transport
3274,  366,$1528.58 ,  06/24/2024,transport
4092,428,"  $2,346.08   ﻿",2024-03-13,utilities
  2936,311,  $1727.73,11/04/2024,entertainment
7442,164, $153.72  ,not-a-date  ,  food  
2702,  225,"   $2,061.78 ",07/29/2024,entertainment
5007,1‍,2031.81​, 2024-05-03,  entertainment
 7707  ,​  312  ,161.96‌,2023-12-31 ,﻿transport
4995, 354 ,2340.33 ,01/10/2024, transport  
4111,289," $1,739.36  ‌",2024/08/01,food
 4438 ,419,"  $1,713.66 ‍",04/08/2024,food
6417,  229  ,($348.41),2024/12/12,food
  1030  ,﻿157,$1497.73‍,10/30/2024,  food 
7220  ,401,$356.87,2024-02-18,reversal
6317,﻿ 193  , -11.25 ,2024-12-28,food
3325  ,172,  $2037.56,  2024-04-12 ,​ shopping 
  7283,402,   $95.42  ,07/25/2024,chargeback
  7676  ,403‍,​ 495.19  ,2023-12-31,﻿  food  
  1574,9,﻿332.08, 2024/11/11,utilities
​5843 ,  349  ,﻿140.64,  05/06/2024  ,food
4826,455, $69.87 ,2024-12-09,food 
1920,372  ,  $2065.91 ,2024-01-24,  utilities  
  7518  ,380 ,  172.71 ,2024/14/01,transport 
7225  ,178, $339.74 ,01/14/2024,reversal
 5720 ,‌  434  ,2122.17  ‍,03/15/2024, utilities 
 7633  ,214, $195.29 ,   ,utilities 
6645, 447  ,-285.96,  04/12/2024  ,utilities
7241,  441 ,220.96,​2024-12-25,reversal
6167,165,-450.60, 2024/03/03  ,transport
﻿4963 ,307,$342.78,  2024/05/25 , entertainment  
3953,  473  ,1575.88,2024-04-01, food  
4189,480,$1704.49‍,  05/15/2024  ,  transport 
 4178‍,27,"‌1,270.39",2024/05/25, food 
4190,  76,1756.86,‍2024/09/23 ,shopping
4222,157," $1,872.94 ‍", 02/28/2024  ,‍ utilities  
 1530﻿,353," $1,575.69 ",  2024-09-29 ,utilities 
5815,﻿346,$337.17,2024/08/18, shopping
  8207  ,  ,  $ ,not-a-date ,food
5700,77  ,  $2241.26  ,09/10/2024, transport
 6709,406 ,($237.49),10/04/2024,‌utilities
‌1625,‍222, $217.82 ‌,‌2024-05-19,utilities
6794,  433, -21.65  ,﻿ 2024/06/23, entertainment  
185, 104  ,  280.33 ​,2024/08/16, entertainment 
  4545 ,281,$1536.03,2024/04/20, entertainment ﻿
 6434,459, -475.70 ,‌02/16/2024  ,transport
2451,353,﻿856.07,​2024-10-28,‌entertainment
6076,32,($311.25),2024/11/05,reversal
852,117,$1163.96,2024/04/19,transport
2364,128,  1581.31 , 02/28/2024,transport
5493,391," $1,711.33 ",2024/11/20,food
1242,318,"  $1,834.96  ",﻿06/09/2024,  entertainment  
‌6736,﻿454, -182.23 , 2024-01-31,shopping
7654,310, 438.87  ‌,﻿  2024/14/01  ,transport 
8178,NULL,"1,2,3",‌10/02/2024, entertainment
  6522  ,28,‍ -213.51 , 02/18/2024  ,reversal
  150 ,‍171 ," $2,379.93 ",  09/20/2024  ,entertainment
 8043,   ,‌None,10/10/2024,utilities
 2180  ,497,"1,983.75  ",  2024-03-14  ,shopping
1386﻿,67,$1291.91,2024/08/11  ,  food‍
5090,490,"   $2,499.99  ",‍2024/07/09, utilities
1456﻿,63,$1300.66,04/17/2024,utilities
444,‍319,‍847.87,2024-04-05,entertainment
3720,​  354,"1,745.32",2024-03-29,  transport 
  6442 ,220 ,($150.02)‍,2024-12-14,reversal 
5876,  105‌,$1420.66,2024/08/07,utilities
171,289‌, 2424.52 ,10/15/2024,transport
  1861 ,​ 317  ,377.18,10/01/2024,entertainment
2378,92 ,​$2025.97,2024-07-31,entertainment  
 1926  ﻿,  203  ,"1,189.92", 2024/11/28  ,shopping
4721  ,44, $50.07 ,2024/05/12,food
﻿6432 ,179,-152.75 ,2024/09/25 , reversal 
2605,455,"1,012.54",2024/01/15,entertainment
2751, 121  , 911.79 ﻿,  03/05/2024  ,shopping  
 4982  ,80," $1,183.00  ‍", 02/08/2024  , transport ‍
​5064,47,$661.46,2024-04-14,utilities
4749,164,  2087.41 ,2024/11/02  ,entertainment‍
6291,306,-225.58,02/08/2024,chargeback
1197,​433,"​ 1,049.52 ",03/02/2024,  food 
 4145,  147‍,"‍ 1,137.57 ",01/01/2024,  utilities
6963 ,400,$465.47 , 2024/01/01 ,  refund  
1686,  346 ," $1,311.07 ",07/18/2024,‍utilities 
8058  ,   ,"1,2,3",03/09/2024,  food  
7484,255‍, $45.41 ,  not-a-date , transport  
7859,189,   $456.71 ,,﻿food  
2745​, 24," 1,149.37",  2024/06/22 ,‍transport
2519  ,  193,﻿ 294.54 ,01/15/2024,transport
‍3672  ,112,   $552.07  ,​06/20/2024,‌  food
306, 158  ,388.33,  2024/11/07,‌transport
7171,89,  $152.23, 2024-11-02  ,reversal
413,‌287,"2,134.89",2024-01-19,  utilities  
‌  4588 ,﻿34,$560.48,2024/11/08 ​,transport​
  556  ,  481  , $532.87 ,  2024-10-10  ,entertainment
4285,219,$673.27,2024-04-21  , food 
5695‍,130﻿,  2319.72 , 2024-12-11 ,entertainment
5279‌,261‌, $443.78 ,2024-05-09,entertainment
1487,  34  ‍,  $380.47 ,07/29/2024, transport‍
‍3281, 389 ,296.67,2024/05/15,﻿entertainment 
1298, 368 ,  $793.70  ,05/20/2024,transport  
‍7562,384,183.33,2024/14/01,‍utilities
6872,  317 ,‌($273.19),05/30/2024,entertainment
5488,  307,"‌  1,029.57  ",2024-09-09,shopping
3035,387,‍$1073.38,2024/07/23, utilities 
3987,  177  ,$1450.46,  04/28/2024  ‍, entertainment 
2039,108,794.80,‌06/12/2024,transport​
2663,487  ," $2,486.39 ",2024-10-28,‌  entertainment  
‍6026,168, -171.20  ,2024-04-11,  transport 
 7687, 112  , $175.44 ,‍2024/14/01,  shopping
6899​,  146﻿, -316.38 ,2024/06/07,chargeback
2017,324​,   $671.80 ,2024-12-23,transport
2266,43,‍ 256.47,﻿11/06/2024, utilities  
  6829,396,  -78.51 ,  05/31/2024 ,reversal 
  8046 ,‌  ,  $ ,2025-01-01​,entertainment
4011,59,836.43,08/03/2024,utilities
 6028,  143  , -487.64   ,  05/27/2024,  reversal  
3313,  419  ,"1,253.99",2024/05/24  ,  transport
403,51, $1535.18  ,2024-10-09  ,food
539,  357  ,327.88 , 10/04/2024  ,utilities
6759, 447,($89.25), 2024/01/31 ,shopping
﻿  4577  ,﻿ 145 ,  $462.48   ,2024-12-26,  entertainment
3891,483 ,"  1,401.41  ",2024/04/10,‍food
3658,294  ,"   $1,637.22   ",2024-07-09,﻿entertainment
‌ 4467,309 ,1336.10,  2024/10/10 , shopping  
5477,​ 407  ,"1,904.19",2024-09-15,food
174‍, 325,$1168.91,2024/01/14,food
6867,464, -307.86 ,2024-01-18,refund
3791, 297 , 2224.54  ,08/11/2024, food  
‌6067,484, -345.50 ,  03/27/2024,entertainment
  454,‌  1,  $1742.37  ,06/19/2024,entertainment
1762,483," $1,172.68 ",08/07/2024, shopping 
2215,345 ,  747.40 , 2024/09/09 ,entertainment​
‌  5852  , 124,$1994.43  ,2024/11/25,food
2410,201,$1320.88 ,  2024-03-10  , transport  
 6375 ﻿,​  157  ,  -184.92  ,2024-12-06,transport
 5631 ,215,448.57 ,  2024/01/09  , food  
4813,​  108 ,1264.95  ,2024-07-25,​shopping
‌6247,  356  , -316.54 ,01/12/2024,utilities
2685,250,  $1482.27 ​,2024-09-01,shopping
  3255, 217,1237.25‍,2024/12/20,​ food
1956​,143​, 770.37 ,‌06/14/2024, transport  
4584‌,42‌,$1271.61,2024/02/05,food
4680,326, $949.84 ,2024/09/07,  transport  
1647,‌114,$2486.95,2024/09/04﻿,transport
6566,﻿270, -217.97 ,2024-07-01,utilities
‍2993,45,"1,935.35",10/31/2024,shopping
﻿3234,88, $85.45 ,  05/10/2024,  utilities  
2421,‌  85, 959.45 ‍,12/18/2024,‍entertainment 
  471  ,  210 ,64.47,‌2024/02/14,‍utilities
4018​,319,$1867.56,2024/03/24  ,​shopping
‌ 6425  ,60,  ($464.53),2024/01/11, shopping
3819 ‌, 216, $1439.24  ,  2024/01/22  ,entertainment 
7670‍,‌84, $413.39 ,2023-12-31,food
  2890, 380," $2,403.60 ",2024/01/26 ,shopping
3339,325 ," $1,973.03 ",2024-08-21,food​
6727‍, 235 ,  ($209.48),​2024-07-12,reversal
 451,460, $308.83 ,2024-05-30,utilities  
4453,128‍,  1824.94,  2024-08-05 ,entertainment
4877,83," 2,019.37  ",2024-09-06,utilities
4907,426,  $610.76,2024-12-29,‌transport 
5839  ,  244 ,1901.13,2024-08-27,transport
7073,37  ​, $484.51  ,2024-02-13,﻿ reversal
1575,161, $1548.98 ,2024-06-20,utilities
 3638  , 196,"1,599.21",2024/10/07 ,utilities‍
3323​,​193 ,$2055.85  ,  07/22/2024, transport  
‌2835,  12  ,  1692.90  ,2024/06/07, transport
504,  259, $880.40  ,  2024-01-08  ,​  utilities  
 2925 ,﻿102,$1583.98,2024/05/02  ,utilities
7432​, 441,213.12,2025-01-01,food
‍1545,428,"​ $1,900.97 ",2024/04/12,utilities
 291 , 461  ,$2391.91,​12/25/2024, utilities
4443,180,﻿ $114.86 ,2024-10-08,food
3224, 372,  2296.16, 01/08/2024,  entertainment  
﻿7833, 302  , $482.79 ,  13/01/2024, food  ﻿
6098,390, -45.77 ,2024-04-01,  chargeback  
3394,﻿169," $1,576.80 ",‌2024/07/13,entertainment
573,477," $2,163.93  ", 2024-01-11  ,food
 1107 ,37,"1,480.87",  2024/02/01  ,﻿ utilities  
7282 ,238,193.56, 2024/10/19  ,  refund
  1216 ,397 ," $1,966.19 ",03/29/2024,transport  
1320‍,278,   $235.92  ,2024-09-10,transport
5502,209,﻿  2479.00 ,2024-09-18,food
  8116 ,,None,‌05/22/2024,food
3091  ,312,   $167.75   ,2024-09-21,transport
2977,136,540.10 ,2024-02-10,transport
5955, 447,﻿ $204.21 ,  09/27/2024 ,shopping  
 4153  ,  304,$640.90, 2024-07-24,entertainment
 5858  ,  77  , $508.33 ,‌2024/07/10, utilities 
  953,184 ,"  2,099.03 ",2024-12-04,utilities
4206  , 436 , $575.30  ,2024-01-27‍,shopping
 5670,  149 ,414.06,2024/03/08,food
245​,438," $1,673.85 ",2024-10-05,  entertainment 
4151, 7 ,"‍   $1,642.79 ",2024/03/31,transport
  7786,342, $120.05 ,  2024-02-30﻿, utilities
3130​,439,  1058.67, 11/03/2024  ,utilities
6024,  42  , -254.23  ,06/27/2024,  utilities 
6699 ,54,($285.94)  ,03/06/2024,reversal 
6447,142,﻿($439.50),2024-12-22, entertainment ‌
5601‌,493,1690.98‌,08/30/2024,transport
  6192,433,($297.36) ,2024-12-09﻿,﻿utilities 
2752 , 418," $1,085.58 ",2024-01-14,  shopping 
5236,​341,2072.09,2024-01-29,entertainment
 3213  ,210,  $1224.69  ,2024/02/14,transport
6628‍, 77, -236.28 ,2024-01-25,refund
  587,16,‍1654.64 ,2024/05/02, shopping
​7804,﻿  448  , $12.29 ,not-a-date,  utilities  ‍
1074,342,"1,846.97",  03/26/2024 ,food‍
6817,﻿298, -399.58 ,2024/09/29,refund
6657,398,($35.63),2024-11-10,transport
7703,457,$260.34,13/01/2024,shopping
256,280 ​,346.84  ,﻿06/14/2024,shopping
7683, 420  ,  $220.23,2024-02-30,‌shopping
3908,160​,"  $1,567.99  ",2024/10/04 ​,entertainment 
 2953 ,‌171,234.73,2024/04/17​,transport 
﻿595,234,"‌ 1,154.76  ",11/12/2024,shopping
﻿4053,86,"1,716.20",‍  09/19/2024,shopping
‌8086,‍ 10.5 ,  None ​, 2024-07-18 ,entertainment
2867,107,"‌1,046.46",2024-08-24,transport﻿
 1945 ‌,‍193,195.18,﻿ 2024/02/28  ,entertainment 
4394,220,1569.97 ,01/11/2024,food
3235‍,13 ,$545.60,2024-07-31  ,food
8216,x  ﻿,abc,2024/09/21‌,food
2111,  435  ,1879.77  ,12/06/2024,‍entertainment
​  2213 , 63 ,$362.51,2024/12/28,entertainment
1091,13,$594.96,2024/01/26,utilities
 1334  ,​ 158  ," 1,149.54  ", 2024/07/05,transport
7639,404,201.60,not-a-date,transport
3101  ,78," $1,191.79 ",06/05/2024‌,  utilities 
1210,451,"  $1,434.56   ",  02/04/2024  ,food
 2176 , 473  , $2285.27  ,2024-12-03,  food  
 2984  ,492,$2460.26, 2024-09-11 ‌,food
 3015 ‌,‍33,96.63,﻿2024/08/21,shopping
7978,  ,abc,‍not-a-date,‌  utilities 
​2091,291‍, 2065.28 ,03/26/2024﻿,food
6589,  379 ,  -298.86  ​,‌2024/01/19,  reversal  
4587,  86 ,"2,154.29‌",  2024/12/02  ,transport
100,441,﻿ $602.41 ,2024/07/07 ,utilities
1094, 383,​1987.79,2024/04/22,entertainment
3516,  391,  $2426.22  ,  2024-03-07  ‌,utilities
2678,236,"  $2,216.71 ‍",07/12/2024,entertainment
2061,274,‍$248.88  ,  2024/10/02,  shopping 
‌4627, 307  ,"1,554.79",  2024-11-11,transport
 5950‍,27,"2,407.44",‍  2024-09-21  ,food
  2116‌,352," 1,501.18", 09/07/2024,shopping﻿
﻿ 7728,401,  $415.47   ,2024-02-30,food
2578,444," $1,510.00 ", 08/10/2024 ,transport
  1287 ,​211," $1,137.82   ",  2024/07/06 ,utilities
 6182,362,‌ -295.14 ,  12/04/2024,refund
7945‌,x,​, 2024-11-28  , utilities
‍854  ,​35  , $1370.60, 10/29/2024,  food 
2270,146,"1,488.16",﻿2024/10/03, shopping 
  1878  ,  41 ,$1655.61, 2024-07-06,food
 8236,9999,None,2024-05-28,‍ utilities 
  3220 ﻿,341 ,868.91,2024-09-21,utilities
1492,327 ,1820.18,07/30/2024,transport
‍ 6236 ,23,($85.19),2024-08-06, entertainment  
6715, 47 ,-248.98  ,08/26/2024,  entertainment 
6213, 284, -296.47 , 2024/11/25  ,utilities
 4226  ,50,$1417.58,05/24/2024,entertainment‍
5662,  394," 2,124.77  ",2024-07-25,transport
6025, 19 , -280.91  ,2024/01/16,transport
5089,72," $2,029.73  ",  08/23/2024,shopping
724,​ 284 ,$2.04,12/04/2024,food
2023,243,$1855.53,  2024/11/12 ,​shopping
6525,257, -217.98 ,‌04/15/2024, utilities‌
7199,474  , $370.47 ,﻿ 2024-12-19  ,reversal
4857,​  447  ,"   $1,770.88   ",2024/02/15,​shopping
 4094,204 ,  $2472.13 ,11/14/2024,food
8223‌,,‌,2024-04-14 , food 
﻿3545,10‌,  867.86  ​, 08/16/2024 ,  food  
3138,399﻿,"1,258.30", 2024/04/06,food
​  4514  ,368,"   $1,311.91  ",12/25/2024,entertainment
3745‍, 42  ,$1169.89,2024/05/22,transport
6461,190﻿,-312.98, 04/13/2024,refund ﻿
 1350 ,187,  434.01 ,2024-11-22,transport
2395,132,$1040.58,2024/11/04,shopping
5698, 9  ," 2,140.86", 03/06/2024  ,shopping
 6753 ,487  ,($60.30),‍07/20/2024,  reversal  
 3869  ,194,13.73,​04/10/2024,‍  entertainment
1378,212,$1189.46​,2024-12-19, utilities
 3426  ​,8, $339.51  ,﻿2024-01-02,utilities
 3681  , 384 ,  790.53  ,  2024/11/15  ,‍utilities
  7709 ​,  421  ,​ $377.82 ,2025-01-01 ,transport
 4175  ‍,  53 ,"2,336.59",2024/06/29, food
4353,275  ,805.46, 10/05/2024  ,  transport 
4242,153, $613.32  ‌,  12/20/2024  ,shopping
7443,75,​ $47.03 , 13/01/2024  , entertainment  
4149,197,1362.89,2024/06/14,​transport
 3212  ,230,  736.54  ,  05/04/2024,entertainment
1609,145,202.40,2024-09-01,entertainment
 7115  , 340  ,​280.42 ,2024/01/11,‍reversal  
  1615  ​,210,‍ 1474.79 ,2024/01/18, utilities 
  4323,  46, $629.93 , 12/21/2024 ,transport
6383,131,($133.73),09/22/2024,food
‌3010,​463, 732.78 ,2024-12-07,transport
524,366‍,694.80, 03/13/2024  ,entertainment
8203  ,10.5,$  , 2024/04/28 , transport  
  370 ,324,1220.86,2024/08/17,  utilities
 3852 ,31‍,"   $1,093.62   ‍",2024-10-01‍,  food
4921, 354  ,$1424.79, 08/17/2024  ,‌utilities
2613‌,‌431,$544.44,  05/30/2024 ,shopping
 1838,448,"​1,952.23",‍  11/06/2024,utilities
‍4663 ,212, $43.32 , 07/25/2024 ﻿,entertainment
3848, 385 ,  2497.99  , 06/04/2024﻿,shopping
 8204  ,x,  12..34, 2024-01-13,​shopping
‌162,​75,1270.28,​2024/07/14  ,food‍
 6253  ,302, -213.75 , 2024-11-27 ​,‍reversal
7781, 36,62.52,‌ not-a-date,‌transport
7468,105,8.54,2024-02-30,utilities﻿
  7328 ,  239 ,  $111.65, 2024/07/14  ,reversal  
5716,13,"  2,121.63",2024/03/14,shopping
﻿ 1165,‍  282 ," $1,353.85 ",2024/02/17,entertainment 
  4991 ,  123  ,842.15,  10/10/2024 ,  food  
5597,304  ,  362.48  ‌,‌07/11/2024  ,﻿  shopping 
  7793,  193,   $82.18   ,  13/01/2024  ,entertainment
3078 ,84,969.79,  2024/03/27 ,shopping
6020,  107  , -323.11 ,‍  2024/04/06 , food 
3997‍,  116 ,"  1,924.93  ",2024/05/25,food‌
2062, 196,  $990.55,​ 2024-06-10  ,transport
7774,  129  ,‌$464.77, 2025-01-01  ‌,utilities
7573,384,‌$309.69,‍,shopping
 3802 ,392,  155.32  ,2024/09/20  ,  transport 
  4628 ,351‍,873.66​,04/08/2024,entertainment
6655,​241,  -28.33 ,2024/03/22,  food﻿
6684,‌172,​($248.95),  2024/03/01﻿, food 
7746, 197,99.44,2023-12-31,transport
​898  ,416, $928.20  , 2024-11-17 ,food
‍4449  ,326, $751.89 ,2024/12/28,entertainment
  4456  ,117 ,  2339.36 ,  02/21/2024  ,transport﻿
820,31,561.52​,2024-10-07,  shopping  
  3436  ,216,"1,726.46",2024-03-25,shopping
  1767,266 , $224.09  ,2024-10-03, shopping  
4809,  55 ," $2,259.66 ",  2024/04/09 ,shopping 
3400,  6,"‍   $1,729.74 ",‌09/17/2024,transport
6935​,​442,$458.34,2024/01/03,refund
 4322,  104 ,"1,094.17",05/19/2024,food
 7685, 78 ,  $176.74 ,2025-01-01  ,entertainment
 349 ,62,933.90﻿,  2024-05-13 ,‍entertainment
4223,64‌, $654.30   ,  2024/10/08,transport
675,‌138 ,$860.39,10/28/2024,entertainment
﻿361,  277  ,$479.21,09/09/2024,food
8080, NULL,12..34,2024-04-19, utilities
4299,473,777.22,12/21/2024  ,transport  
​2574,25,"1,148.47",2024/02/06,  food 
﻿805,182,$1695.07,06/07/2024,entertainment
2386,  142 ," $2,092.00 ",2024-08-12,shopping  
 7177,121  ‍,$157.07  ,2024-08-15,reversal
‍2347,‌423, $648.42, 03/13/2024  ,transport
​3293, 95,﻿$1443.31,  2024-01-13 ,transport
1447,440,"2,234.97",07/21/2024,utilities
5195,254," $1,120.16   ",04/02/2024,  shopping 
 4868  ,  292  ,‌$1060.19,2024/08/25‌,food 
  5640  ,428,2183.50,﻿11/06/2024, shopping  
﻿5579,171,   $594.58   ,2024-09-16,entertainment
  800 ,319,"   $1,671.85   ",2024-04-07,food
3240,54,  2220.70,2024-01-17,utilities
4105 ,  499,  $979.60  ,2024/07/06,utilities
2037, 292 ,"‍1,520.06",2024/05/09,food
5219,361, $431.03  ,‌ 02/19/2024  ,﻿food
8092,‍9999,  12..34 ,08/17/2024,shopping﻿
4476,346,"2,450.85",2024/12/16, entertainment 
  3646  ​,  298," $1,560.57 ",2024/12/23,shopping
‌2832,452﻿,  1762.34 ,  07/29/2024,﻿utilities  
﻿6757,116 ,  ($156.28) ,2024/10/13,  refund
 5074​,476,"  $2,130.91   ​",01/08/2024  ,​ utilities  
5946,‌38,"﻿2,125.70",‌06/12/2024, entertainment
7840, 460,372.41, 2023-12-31,​transport
6983,41,   $387.59  ,2024-05-28 ,  refund  
1910,168, $864.12 ,2024/08/27,  entertainment 
4910,  457 ,"1,019.54",2024/08/07,  transport  
‍3016,146  ,"  $2,242.19 ",2024-12-10,shopping
 3208, 57,$2225.84,‍2024/10/01,utilities
  4032,403,  $1656.90 , 2024/02/10  ,utilities
4993,244,$2057.13,08/20/2024,shopping
1395 ,274,﻿  $889.47 ,2024-10-06,  utilities 
336,105,  751.24 ,2024/09/17,  entertainment  
6600,22, -347.43 ,2024/06/13,transport
  7954 ,NULL,  , 2024-06-05 ,shopping  
3702 ,181,182.39 ,2024-02-15,food
6627,238,﻿   -400.01  ,2024/08/28,﻿ shopping
5475,  99  ," $1,062.17 ",2024/02/28,  food 
4738‌,‍58,$90.74 ‌,  2024/01/07,utilities
5282,‍381," $1,921.20 ",03/24/2024,food  
 606  ,134 ,"​ 1,404.49", 06/19/2024 , food 
4427,316," $2,417.25  ​",2024/12/20,transport
8145,10.5,﻿,  03/03/2024,transport
5248,287,‍$827.52,05/13/2024,utilities
7155,208,272.06,  09/10/2024 ,refund
7326,125﻿,466.51  ,‍2024-03-30,reversal
  6141 ​, 307  ,($171.48),04/03/2024,chargeback
 3922  ,2,"1,269.25",10/27/2024,‍entertainment 
3732‌,  264 ,45.14,12/10/2024  ,food
448  ,  353 ,574.82,2024/02/17 ,  food 
7506,308,$110.67, 2024-02-30 , transport  
7577,399 , 434.08  ,2024-02-30, utilities
‌298, 406,$2464.36,02/29/2024,entertainment
5553,71,1626.05,  2024/01/25 ,food‌
118 ,261,658.36, 2024/11/20,utilities
‌1273,317, $786.70 , 2024/03/03,transport
  3540  , 33 ,‌$2372.20  ,2024-07-18,transport
7252,271,324.43, 2024-12-23 ,chargeback
5454,﻿478,$2496.82  ,  2024/10/23 ,utilities
 4415 , 424,$1233.48,2024/10/17,transport
997,  191  ,  $496.32  ,  2024-11-16 ,entertainment
  6261 , 100 ,﻿-23.48, 2024/02/19  ,utilities 
​4499,  80 ,$1728.14​,‍2024/07/12,utilities
  406  ﻿,204," $1,543.98 ​",2024/04/07, entertainment  
722,76,172.04,08/28/2024  ,﻿ utilities
‍ 235  ,​429 ,"‍1,109.51 ",2024-01-07,utilities  
6053,274,-326.69,  2024/03/30  ,  transport 
3832,45  ,2415.36,﻿  2024-07-25 ,food 
411‌,﻿ 230 ,"​  2,155.99",2024-10-03 ,utilities
​ 7884,454  ,   $212.43 ,13/01/2024,food﻿
‍1551,‍96,$781.39,2024-07-01,utilities
4555‍,70,836.84,  2024-12-25﻿,entertainment
721,300,$2090.54,  10/17/2024, food 
 936  ,67 ,"1,703.51", 2024-07-14  , food  
 7244 ,20,$254.92,09/14/2024,chargeback
‍194,  23 ,"2,492.28",2024-05-10,food
286,﻿  430  ,  $1829.38 ,  03/07/2024 ,utilities﻿
7397,492,‌$325.44,01/29/2024, refund 
  678  ,441  , $123.73 , 05/05/2024 ,shopping
38,﻿76,"1,714.07",2024/12/14,transport
  3459  ,342,1779.01,  2024-12-18 ,transport
5744, 125, $259.03 ,2024-04-22 ,transport
‌  5251  ,204,  138.29  ,08/13/2024,shopping
‍6682, 234 , -459.07  ,12/27/2024  ,shopping  
5548 ,174‌,"2,355.03", 2024/11/16  ,food
1344,﻿ 182 ,2102.04,2024/05/17,‌utilities
​ 5932 ,178﻿,$1391.18​, 2024/09/30,food
113,350,$251.60,04/17/2024,utilities
7893​,​ 350 ,$275.39,13/01/2024,﻿entertainment
‍  6325  ,127, -429.72 ,2024-01-07  , transport 
1294﻿,255,793.75,2024/08/10  ,shopping
 3861  ,312,"  $1,455.14  ", 2024/07/10 ,  shopping﻿
4272,252, 885.30,  2024/07/07  ,entertainment 
  2292 ,‍291,2489.71, 2024-10-12,transport
6196,254, -312.15   ,07/19/2024,shopping
7909,NULL ,$  ,,﻿shopping
2362,38 ,477.29,12/21/2024,food
  6578  , 51,‍  -217.13  , 2024/11/17  ‌,utilities
2288,289 ,737.68, 2024-10-11 ,  utilities
4392,​  398  ,  $846.80 , 06/24/2024  ,transport
  2278,392,$2365.41​,2024-07-04,utilities
7576,  270,  $492.64   ,2023-12-31,shopping
3594,148,  $147.45  , 2024-10-13 ​,﻿ shopping
3492,  360  ,  1290.66,‌ 2024/12/24 ,shopping
  1934  ,303,$789.77 ,﻿2024/07/17,transport
7329  ,  48,214.81,﻿  2024-10-16 ,chargeback
  7849,  497  ,147.55,2025-01-01,transport
6092,328,​ -265.00 ,2024/11/23,chargeback
  6260,27, ($3.96),﻿02/22/2024,transport
​7698,270 ,88.29,13/01/2024,utilities
7540​,46,$291.24, 2024/14/01﻿,  entertainment 
​ 7808,459, $105.45 ,2025-01-01,  food 
6218  , 37  ,‌-172.26,‍2024-12-26 ,food
  3650,406,‌  2257.81  ,2024/08/24,utilities
  7446,  208 ,​ $63.12 ,2023-12-31, food  
4089,375,"1,005.37",11/07/2024,​transport
 5273  ,5,1174.12 , 2024-04-29 ,transport
2134, 405 ," $2,236.43 ",2024/05/01 ,entertainment
  210 ,279,‍$1146.89,﻿2024/09/08,utilities
6397,  120 ,-18.04,  2024-06-28,food  
 2681  ,89,  77.69  ,09/05/2024​,transport
4218, 234 ​, $1120.52,​07/04/2024,food 
2852﻿,260," 1,882.56  ",2024-02-27,‍shopping
6746,138​, -286.86 ,2024-05-28, utilities
5023,  169 ,2027.55,﻿2024-02-02,utilities
7830 ,336, $487.21 ,2024-02-30,  entertainment
5379,207,$2259.77,2024-04-19,utilities
7722, 231  ,283.02,2025-01-01,shopping﻿
4519,241,137.32,‌ 2024-10-28  , transport  
6636,‍477 , -251.25 ,2024/06/16,food
  792  ,58​,"1,917.00",  2024/05/02​,​food 
5091 ,57," 1,334.87 ",  04/15/2024  , utilities  ‍
2662,491, $293.43  ,12/10/2024,  shopping ‌
2801,​114,$735.04,2024-04-09  ‍, shopping  
3335,‌16 ,$921.18,2024-09-19,food 
6719‍,281,  -292.95  ,03/24/2024  ,refund
375,233,"1,013.02",​  2024-04-23  ,﻿entertainment
  3727 , 448 ,  2267.53 ,2024/02/29,entertainment﻿
  4922,  20  ,"  $2,029.38   ", 2024-06-01,utilities
5182,  414‌,"  1,686.51  ",09/29/2024,entertainment
6780,467, -201.34 ,‌  08/31/2024 ,transport
  115  ,﻿134,  $990.50  ​,08/02/2024,  food
‌2355,411,$1974.98﻿,2024/07/31,utilities
  3192  ,  87  ,"1,350.20",‍2024/02/14,‌  shopping
  7263 ,452,‍  $334.79 ,02/06/2024,reversal
2143​,412,"1,820.29",‍2024-11-13,entertainment
6510,  166 , -127.20 , 03/29/2024 ,reversal  ‍
1612,﻿161,  $1089.30 ,2024/09/16, transport 
8097, NULL,None,2023-12-31, transport  
‌5358,294, $222.33 ,2024-06-18‌,‍ transport  
7807,167, $113.09 ,2025-01-01﻿,‌shopping  
  4625 ,  104  ,13.77,2024-07-26,‌utilities
7455,103,‍  $489.57 ,not-a-date,food‌
3042,​413 ,"1,209.79",04/29/2024,entertainment
 5766  ,130,1698.60,2024-12-01,‍shopping  
5912,  230 ,902.72, 2024/09/22, shopping​
1616‌,360 , $1782.19﻿,11/15/2024  ,entertainment  
3135,221,43.40,2024/09/04,food
1427,253,   $609.59 ,2024-04-27  ,shopping
1779,  189 , $94.67 ,08/28/2024, shopping  
7641, 36,411.73,2025-01-01,entertainment
 7826,479,﻿ $318.78  ,not-a-date, entertainment  
​  6520 ,281,($373.41),03/15/2024,refund
  1840﻿,220,$1568.65, 2024-01-01‌,transport
5677,14,"﻿ $1,441.89 ",2024-07-19,  shopping  
‌6121  ,368, ($148.53),﻿  05/28/2024 ,transport
3877, 3 ‌, $961.18 , 2024/05/29  ,utilities
2450,171,$1022.12,2024/12/22,food
7451,  227 ‍,32.41,not-a-date ﻿, shopping
7811,478,‌  420.30 ,2023-12-31,  utilities
​728, 164  ,"   $1,506.37  ",2024-10-31,entertainment
6793,464,($192.33)‍,2024/03/18,utilities
1884,‌407,  1323.03  ,2024/03/12,utilities  
  1783 , 3  ,560.67,2024/05/12,transport
‌  7358,  197 ‍,  $254.53   ,11/15/2024,chargeback  ‍
  3749, 347,414.45  ,06/09/2024  ,utilities
6835 ﻿,160, ($404.61) ,  2024-12-09  ,shopping‍
  7613,  342‍,205.18  ,not-a-date  ,transport
4113,﻿218,$880.06,12/23/2024‌,entertainment
6564​, 411,($304.90), 2024/11/27  , food  
6181  ,231, -442.01 ,2024/01/17, shopping
6324,38,($146.78) ,  2024-09-14 ,food  
7372,123​,   $112.60  , 2024/11/08 ,  chargeback ​
3475, 12  , 1638.90 ,2024-11-16,entertainment
2563,  323,"  1,889.41",2024/07/16,utilities
 6906  , 306 ,﻿471.23,2024-02-23,reversal
‌6230  ,‌428,-466.94,2024-05-09,​  refund  
 3251  , 69  ,536.07,2024/08/18,entertainment 
​8200,​  , 12..34  ,​not-a-date,shopping​
3115, 243," $2,261.40 ",  2024-07-09,utilities
‌3217,44​,538.02‍,07/11/2024,entertainment
2113,  327  ,  70.54 ,  2024-10-09 ﻿,shopping
5264,179,"  1,519.96", 03/14/2024 , shopping 
1254, 264  ,712.73,2024-09-02,entertainment  
333, 310  ,1330.12, 07/02/2024 ,‍entertainment
5307,  324  , $2081.47 ,2024-04-03,  transport 
6169,347,   -165.60 ,  01/22/2024 ‌,  food  
 8238‌,  9999  ,None,not-a-date,  utilities
1339﻿, 231  ,​1147.95,2024/04/21  ,entertainment
6177​,‌ 415,-228.84 ,  2024/06/24  ,  reversal  
7674,‌218, $165.98 ,  13/01/2024  ,transport
8101,​9999,NA,2024-02-30,food
1978, 9 ,$751.46,‍2024/11/18,entertainment
3141, 457  ,2064.80,2024/09/04,﻿utilities
6650, 139,($427.98),‍2024-07-20,  reversal  
4546  ﻿, 297 ," $1,104.42  ",2024/08/09,  shopping
 1441,  58,$172.87‌,06/19/2024,utilities
5879,‌ 155,"‌1,831.36",2024/08/25,shopping 
 6210,  187  ,($19.18),2024-03-02,shopping
  2625  ,  286, $513.30 ,2024-05-02  ,utilities
  4769,204,​ $1522.66,06/07/2024,shopping
1233,204, 1632.32 , 2024/02/26 , entertainment
 2460,99,$249.23,09/29/2024, entertainment  
​5100,33,2194.24, 2024/11/24  ,shopping 
3157,363,‌ 1219.10 ,05/14/2024,transport
3402  ,426," $2,407.00 ",10/18/2024, food  
 2802  ,‌420,679.63,2024/02/05,transport
1810﻿,‌ 268,896.67 ,  08/16/2024 ,utilities
7070,‌454,$199.69, 12/29/2024,reversal
1778,210," $1,759.50 ",2024/07/07,shopping﻿
1230,119, $49.27  ,2024-12-16,  food 
4766,356 ,2324.68 ,2024/07/07,transport
 7727  ‍,‍  375,293.66,13/01/2024  ﻿,food
  5184,28  ,"1,523.49",  2024-07-02,utilities
‌602,﻿328,$871.51,07/22/2024,food
8272,x,  None  ,  04/01/2024,​shopping  
5989,74,  135.06 ,‍  02/25/2024  ,‌ food
2853,144,402.74,  2024-06-14 ,shopping
‌6373, 306  ,  -352.09, 07/03/2024  ,  chargeback 
2501 ,356,2155.19,​12/25/2024,  entertainment ​
  1021  ,19,‌$1014.73 ,2024/02/21,utilities
5274, 466  ,$1163.92‍,2024/09/20,entertainment
  4517,360," 1,725.75  ",  12/22/2024  ,  food  ﻿
6895,119 ,-374.94,09/09/2024,reversal
1824,  199,"1,229.37  ",2024-04-29,﻿shopping
1353,  59 ,"‍ 2,453.56  ",2024/11/27,transport
6156,20,-243.12,2024/01/10, entertainment
1308,122,"  $2,243.49   ",2024-07-21‌,shopping
6174,  430 ,($83.44),﻿01/02/2024,​reversal
4136, 194  ," $1,906.56 ",2024-05-22,﻿utilities 
3067, 376 , 905.22,  2024-04-17 , shopping 
905,  70  ,452.54,2024-04-09,  utilities  
‌  7184,72,189.89‌, 2024-09-05  ,chargeback 
 4631 ,191,$1541.13  ,2024-01-10,​entertainment
 2316,395﻿,"1,157.91",  2024-01-16,utilities
 5012,230," $1,136.69 ",04/06/2024,‌utilities
5685,159, $44.77 , 2024/01/19,entertainment
124,127,$1531.32‌,﻿  2024-09-25  ,entertainment
 6743 ,5,($45.97),2024-01-13,food
﻿6088,  10  , -211.21  ​,06/29/2024, transport  
  6446  , 243 ‍, -396.11  , 2024-12-21  ,refund
  5224 ,  101  ," $2,072.46 ",  2024-09-05,transport
‍  3465 ,237 , $6.05 ,2024/10/05, food 
  2831 ,200, $147.67 ,2024-08-03,  transport  
﻿ 2934 ,498,"  $1,345.67 ",2024/08/18,utilities﻿
2021,98,﻿$2019.87,02/20/2024, food 
1464,‌393,  $13.84 ,2024/09/02  ,transport
 1512  ,329,$2002.63,2024-05-14, utilities
1799,500,‌$2262.46,2024-03-15,  entertainment 
﻿5054  ,‍55 , 925.66  ,2024-01-16, transport  
‌1428, 178  ,446.92,  01/13/2024,utilities
2445, 176  ,$641.02,2024/10/06,utilities‌
  3073,  60 , $1325.73, 2024/07/07  , transport 
  3944  ,443,  338.57  ,  09/17/2024,food  
7469,13 ,402.75,,utilities
  4848  ,214,  $972.88  , 2024/11/05,shopping
7126,287,347.83,2024/10/23,chargeback
3584,387  ,361.27,2024-04-03‌,shopping
‍ 2781,1,27.71,09/08/2024‌,shopping
  7520  ,251, 459.89 ,  13/01/2024​, utilities ‌
  3827 ,  95  ,"​  $2,353.46   ",2024/12/13,shopping
6042,261 , -296.85 ,  2024-07-03,utilities
 907 ,‌27,2241.18,2024/11/04,  food  ‌
5992,‍  61  ,"1,113.18",​2024-10-22,entertainment  
 2603 ,42﻿,"  $2,047.02  ",‌  01/25/2024 , shopping‍
 53,27,"2,258.85",2024/11/01‌,transport
6409,396﻿,($481.35),03/27/2024,refund
  7111 ,464,449.92,2024/12/06,  chargeback
6458  ,  238 ,  -20.26,  02/18/2024 ,chargeback
3294, 384  ," $1,738.61 ",2024/03/22,food
3606,54,240.46,2024-11-12,shopping
3133,472,$976.84,07/30/2024,shopping
﻿2657,  262,﻿$2432.73,2024/08/02,food
‌3857,469,2165.10‌, 2024-08-20 ,transport
7906,​,NA,2025-01-01,﻿entertainment
 3111,57  ,"1,011.78",2024-11-07,entertainment
3761 ,405,  1470.84  ,2024/09/08,food
5394,156,284.80 ,08/26/2024,transport 
  7495,123, $303.25 , 2023-12-31  ,utilities
4037  ,456,  193.86  ,2024-08-05,  entertainment 
  2824,275,$768.96,05/11/2024,  transport 
2389,﻿48,"1,676.99",11/04/2024  ,food
1415,446," $2,319.10 ",  08/11/2024﻿,shopping
 8242,NULL ,None,11/27/2024, shopping
  1338 ,94,"​ 2,060.01  ",2024-04-10,entertainment
8002, x , None ,‍2024-06-14,entertainment
  3710 ‍,25,48.32, 2024-11-23 ,  food  
1784, 69  ,  2075.48 ‌,2024/01/03,entertainment
‍ 4524,﻿428,325.86,2024/03/25﻿,food
7933,x ,  NA  ,2024/11/02,  transport  
2075,63, $260.51 ,2024/09/25‌,utilities
﻿5626 , 5,‌ $487.16 ,2024-10-15,utilities  
 831 ,​489,$2256.96,06/05/2024  ,food
6508,351,($123.56),2024/06/02,utilities
‌  6235 , 47  ,  ($287.10) , 06/07/2024,utilities
2948, 375  ,839.59,‍  05/16/2024 ,‌  utilities  
3270 ,207﻿," $2,134.92 ",2024-04-21, shopping 
2367,265,$821.81‌,04/12/2024‌,food
  1352 ,435‍,  864.23 ,2024/05/21,shopping
7724,225, $155.52 ,,transport
​7029,414,264.93﻿,2024/10/02‍,chargeback 
﻿1114,383,  $783.91  ,05/28/2024,‍  food 
5121,98, 592.59  ‌,2024-08-06, utilities  
  5385,302  ,94.32 ,  12/18/2024 ​,entertainment
896,  49 ," $1,886.56 ",2024-10-16 ,transport 
3551,403," $1,191.57 ",2024/10/09 ,food ​
1735  ,284 ,"  $1,127.58 ", 2024/05/29,entertainment
 915,118,﻿   $328.90  , 2024-01-06,transport
 7816,﻿102,$61.87  , 2024/14/01 ,food 
7492,‍215,291.23, 2024-02-30 ,entertainment
3123,  446  ,$66.49,2024-09-21,food
8061​, NULL​,,  13/01/2024,entertainment
4924  ,302, 928.85 ,  2024-01-22 , entertainment‌
6891, 65,  -427.78  ,​2024-12-21,shopping
645, 336  , 869.45,06/20/2024,entertainment
‌6554,‍278  ,($254.18) ,2024/08/28 ,entertainment
 3996,332  ,1983.55, 2024/03/12  ,food​
3651 , 424‍,$1741.00  ,  2024/01/09  ,​entertainment
  8205 ,x, 12..34 ,2024-11-18,transport
1622,500,$2086.85,  2024-02-15 ​,entertainment‌
﻿ 1006 ,​  10,2463.78,2024-12-17‌,utilities
7846,369, $192.55  ,2023-12-31,shopping
​1373,  278  , $1052.29 ,2024-12-21﻿,utilities
4761, 433,22.47 ,2024-08-05,utilities
‌5605,202,"1,196.54",2024-08-21,food
 1649  ‍, 272,$696.79,  2024-10-18  ,​utilities
1737﻿, 165, 1535.09  ,2024-10-11,  utilities  
1698,  115 ​,  2186.04  ,2024-05-12,food​
5798,259, 807.46‍,09/01/2024  ,entertainment
  7433 ,130,476.66‌,‍not-a-date,utilities  
‍6625, 463  ,‌   -190.30  ,​ 11/19/2024,utilities
  5676  ,454﻿,537.24,2024/03/16,entertainment
5937,254," 1,629.44 ",2024/01/18,entertainment
2541,456  ,196.91,​2024-11-09, shopping 
3778,366,   $889.03 ﻿,2024/09/23, utilities  
4773,‌222  ,$480.10,2024-10-06 ,entertainment  
7581,259,‍169.95,2024/14/01,shopping  
7643‌,56, 412.14,‌,entertainment
4715,237," 2,422.43 ", 10/21/2024,shopping ​
3225  ,‌409 ,1938.12,2024/11/27,  food 
﻿7995,﻿ x  , $ ,2025-01-01  ,  entertainment﻿
7463,‌ 195,229.16  ,,﻿ transport 
﻿3550  ,405, $410.10 ,‌  2024-11-18,transport
  7478, 134, $16.18 ,,utilities​
 3808,138," $1,786.07 ",11/26/2024 ,entertainment
1123,31,$277.38,  2024/08/08 ,food
7277,  153  ,$489.36,2024/10/04,refund
1479,  311 , 975.64​,  08/13/2024  ,transport  
  7062  ,308, 91.51 ,05/08/2024,  chargeback 
  8243  ,NULL​,​12..34,‍  2024-02-30 ,entertainment
 7926 ‍,10.5,12..34,05/15/2024,utilities
964,163‌,340.17,2024-12-24  ,food
1150﻿,35,1345.34‍,  09/20/2024 , shopping  
6698,﻿275 ,  -323.58,  2024/10/30,reversal
6742,11  ,-407.80  ‌,2024/12/14,﻿chargeback
  4559  ​,80﻿,"1,834.84 ",05/08/2024,entertainment
‍8074,9999,None,06/01/2024,entertainment  
2667,76,444.58﻿,08/26/2024,utilities  ‌
‍4887,492,"﻿  2,187.02 ", 2024-08-21  ,utilities
4146,  27‍,2395.71,2024/03/09,transport
 2865‌,‍1,780.18,2024/01/14,transport
8251,‍9999,"1,2,3", 13/01/2024,food
879‌,76,  $199.69 ,2024-03-03, utilities
 3166  ,143  ‍,572.13, 2024/12/07  ,food
  439 ,426,﻿2109.72,2024/04/04,food
‍1614,  326 ,$2259.41,2024/03/19,‍transport
​3581,331‌,9.94  ‌,2024-05-15,food
 5014,455,"‌   $1,651.06   ",2024-05-18,entertainment
8179, x ,$  ,‍2023-12-31,transport
 5487​,190,  $2458.41,2024/01/27,utilities﻿
4658,360  ,1911.79,  2024/02/16  , entertainment
 1807,​  304,"1,514.59",​ 2024-04-16 ,entertainment
﻿3261,432,"   $1,783.65 ",2024/03/25‌,  transport  
6665,429 ﻿,‌ ($269.42) ,08/26/2024  ,‌transport  
2945‌,42, 2445.51 ,2024-10-15‍,shopping
2654,33,"‌ $1,087.35 ",​2024/01/12,entertainment
7447  ,343‌,  316.14,not-a-date,shopping
2969,380, 495.19  , 06/30/2024‌,entertainment
3670,  96,764.83,2024/08/21, food  
2927,  119 ," $1,518.29 ",2024/09/14, entertainment  
7916,,$,  2025-01-01, entertainment 
5753,145,   $116.72 ,‍2024-10-03,  utilities 
 3758 ,328 ,"﻿2,232.17",‍07/30/2024,food
1235,‌353,"1,294.54", 03/31/2024 ,utilities
2651,448," $2,471.11 ",03/27/2024, shopping 
​ 2  ,  255  ,  $2037.03 ,2024-02-23,  entertainment
7915,10.5,NA,13/01/2024,utilities​
1109,85,411.93‍,2024/10/30,shopping
133 ,‌141, $1674.08 ,12/05/2024,shopping
6200,  68,  -380.80   ,  09/02/2024,refund  
  2499 ,﻿347, $1068.64  ,12/13/2024,‍shopping
 1576﻿,157  ,"  $2,161.22   ",2024-06-17,utilities
1594,107, 232.45 , 2024-09-21,utilities 
1979,299,"  $1,745.51   ",03/06/2024,entertainment
3207,164,"  1,192.57 ",2024/05/27,shopping
6614,407,​($59.23),2024-08-07,food
1578  ,297,637.60‍,2024/09/30﻿,shopping
3713,462,"2,277.45",2024-12-14,food
  6086  ,‍258,-265.57,﻿10/05/2024,transport
5953,298  , $2313.35 ,  2024/12/29 ,‍  utilities  
1124,22,  $427.03  ,02/27/2024﻿,transport‌
‍5514  ,134,  $2323.55 ,07/30/2024,  utilities
‌6408, 70  ,-281.30‌, 11/28/2024 ,chargeback
7378,250, $124.01 , 2024/02/25 , refund
90,290,"﻿2,351.55",﻿ 2024-11-15  ,food
7128,​126,‌260.95,2024/05/29,reversal
4338‌,308,518.61,  2024-01-03 ,  utilities  
  3625,73,842.60,2024-03-23,food
 3883  ,59,‍ 697.32  , 12/29/2024  ,transport
 6880  ,206, -438.84 ,07/08/2024,food​
5531,195, $923.76 , 05/25/2024,utilities
​4705,468,1343.66,2024-06-29‍,transport
745,118," $1,540.17 ",03/13/2024,food
7646,93  ,243.66, 2025-01-01 ,food  
5170,‍  327,"2,493.81", 09/01/2024  ‌,food
1959, 39 ," 1,276.24  ", 09/25/2024,  entertainment
6203,236,($170.35),  2024-10-17,shopping
5808,493,   $785.35  ​, 2024-12-24 ,food
6517,​199,﻿($146.29),​  2024-08-29  ,​utilities 
8167  ,     ,‌NA,  13/01/2024 ,utilities
4029‌,60,$708.09,  2024-10-08 , transport
6603,497,‌-375.94, 06/07/2024 ,utilities
4278,248​,2455.26,﻿2024/06/17,food﻿
 122  ,387,"﻿2,207.41",03/25/2024﻿,  entertainment
 5328  ,  101 ,"1,049.82",2024-06-28,shopping  
4850,356,"1,059.30﻿",10/09/2024,  utilities
 2276,322," $1,751.75 ",‍01/28/2024,  food
 6955 ,11, 393.00 ,  11/17/2024 ,refund
3560, 183 ,"1,793.93",2024-10-07,﻿  entertainment  
 418,198,$623.01  ,01/15/2024​,transport
5438​,294,  1669.90 ,  2024/10/24  ,‌food
6976,259 , $165.17 , 2024-11-14 ​,chargeback
 589  , 223,‍  $114.37,2024/05/22,entertainment
  2135  ‍,220  ,860.60,﻿  02/04/2024,food  
  2203, 368," 1,316.02 ",2024-08-28,utilities
 7515  ,279,362.22,2024-02-30,food
5234,109,  $675.80,2024-05-18,entertainment
4138,148, 663.99,2024/12/06, shopping
2304 ,60‌," 1,530.90  ",08/06/2024﻿,transport
  3829,216,  $497.83   ,2024-02-20‌, utilities  
4403,349​,"1,450.71", 2024/08/11,shopping
7346 ,332, 298.90  ,‍01/05/2024,reversal
6550,310,($145.55),  2024-11-04  ,reversal
4692,286, $488.89 ,2024/06/21,utilities
3287,155,2215.11  ,2024/09/15,  entertainment
3265,‌195 ,2188.16,2024/02/22,food
5034,220,"2,327.74",03/11/2024,‍utilities
7665,277 ,64.70  ,  2024/14/01, shopping
  578,​ 62,771.99‌,2024/12/09‌,‌entertainment
3229,177 ,619.79,2024-02-02,utilities
6871  ‌,58, -176.34 , 2024/02/14 ,﻿utilities
 453 ,464,$283.92,2024-09-21,  entertainment
1723,240,"1,328.91",11/17/2024,entertainment  
652,319 , $569.44 ,‌04/24/2024,food
1865,‍101,$625.16,2024/10/28,utilities
6431,29, -223.04 ,2024/10/11,﻿entertainment
7762,‍357, $413.54  ,not-a-date,  entertainment
338,270,1792.44,  2024-01-27,﻿  transport
 7294 ,152,  $75.70  , 10/25/2024  ,‌refund
747,348," $1,786.34 ﻿",2024-04-24, transport  
7416,2,$410.43, 2023-12-31  ,‍entertainment
‌  5873 ,267, $1776.44  ,‍2024-04-17,entertainment﻿
1525,120,$334.82  ‍,‌04/26/2024, transport 
8044,,  abc ,2023-12-31,‌ food 
8211,10.5  ,NA,  2024/04/27  ,food
2168,449 ,"  2,485.43 ",2024/11/05,entertainment
 5259 ,16 ,1743.67, 08/10/2024,entertainment ﻿
7167,482, $239.22 , 01/10/2024,chargeback
﻿7843,473,  237.33 ,   , entertainment
3983,497,$1262.03,​09/06/2024, shopping
3143,239," 1,402.39  ",2024/03/31,‍ shopping
﻿ 1674  ,267,   $798.10 ,2024-01-24,‍shopping
2155﻿,150,  $1493.58  ,2024-08-04,transport 
6474,159,  -332.97   ,2024/05/03,‍food
 2873,31, $1867.38  ,2024-04-10‍,shopping
6833,435, -84.34 ,2024/07/28,chargeback  
3932,442,155.49‌,  2024-05-24,shopping 
4466‌,337,﻿$590.84, 2024-10-29 ,​ utilities  
2137,15,"2,243.10", 2024/09/07 ,entertainment
 2594 ,368,171.56,2024-05-01,food
4674﻿,212,"  $2,289.09   ",2024/05/09,  food  ‍
8075, 10.5  ,  12..34 ‍,  2023-12-31 ‌,entertainment
  399 ,11,794.56,2024-06-24,  transport 
6763,‌414,﻿   -11.97 ,2024/04/25, refund  
﻿167,405,"  1,615.52",﻿04/19/2024,‌  shopping
4931,‌ 80  ,‌$1159.93, 07/16/2024,transport
​ 2661  ,﻿468  ,$733.72 ,11/03/2024,food
  4177 ,235,131.66, 12/26/2024 ,‌utilities
2243,  359,$743.44, 2024/05/11,shopping ‌
 7900 ,285, $60.23 ,2025-01-01, food
  2955  ‍,416,"   $1,209.97  ‌",  09/01/2024 ,shopping
2455,469,‍ $443.23 , 01/18/2024, transport  
3790﻿,490,$144.27,2024/06/13,entertainment
4952,77,"‍ $1,352.69 ",2024-09-17,shopping 
 3129 ,276, $363.64 ,  04/19/2024, entertainment 
5707,88,$510.66, 12/29/2024,utilities
3890,96,"1,276.85​",​2024-09-16,entertainment  
  6370  ,348 ,-125.43‍,2024-06-28, reversal  
7536,434,$427.90‌,,utilities
1316,289,$2293.49 ,2024/10/03,shopping  
6337,﻿ 355, -146.43 ,2024-04-04,reversal
  2683,318,1038.90‍,2024/10/04,shopping
‍2268, 84  ,  $7.48 , 2024/10/14 ,transport
‍3126,﻿8,  $1644.29 ,2024/06/24,utilities
5794,38,"  $2,459.34  ",2024-02-29,utilities
 5213 ,‍237,‌$2131.37  ,2024-08-20,food
4188‍,489 ,$1261.01,​  09/20/2024  ,  utilities  
6618​,89,($162.57),​2024-05-20,refund
1019,﻿  437,$2143.62,12/22/2024,food
3057,‌247,"﻿2,190.90", 12/19/2024  , shopping  
233,  257,"   $1,092.87  ",  10/06/2024  , transport  
4115,13,"1,170.82",2024/09/25,transport
6597,48 , -474.63 ,10/27/2024, shopping  
2000, 63  ,271.02,2024-08-23,utilities
​6961,417,  158.46,10/20/2024,refund
4624, 311  ,$313.82,  2024/04/30  ,shopping
1269,35,$1957.44,10/01/2024,‌transport
8175 ,  10.5 ,  NA,  not-a-date  ,utilities 
7076,‍35  ,387.42,  04/22/2024 ‌,reversal
3435,97,$1101.16,03/29/2024,transport
‍ 7144,295, $422.07 ,  2024-05-22  ,  refund  
215,7,‍2128.14, 2024-11-20, transport
4874,​128,$1932.75, 05/28/2024  ,utilities
427,  186  ,​ 1350.66 ,2024-08-13​,shopping‌
1721,  233  ,270.03,2024/11/04  , transport 
5426​,428,599.87, 2024-11-20,shopping
3648,403,$2313.87,﻿03/12/2024,utilities
​1845,398 ,$75.81,09/02/2024  ,transport  
3307,﻿ 177  ," 1,594.94  ",​2024-03-21,‍entertainment
3576‌, 320,88.18​,05/31/2024,entertainment‍
886 , 41 ,961.85,09/20/2024 ‌,transport
6852  , 256 ,-325.36,  05/16/2024  ,reversal
5038,313‍,   $754.66   ,2024-04-10,‍entertainment
‍ 1100  ,  428  , 2197.61,04/27/2024, shopping
 6279,  260  , -44.46 ,11/10/2024,  entertainment  
 7003 ,420, $72.08 ‍,2024/05/07,refund
3677,  392,$1017.89,  02/15/2024,  utilities  
460 ,1,$1524.89,01/13/2024,﻿ shopping 
3873,21,92.52 ,2024-11-06,transport
5652,71,"1,381.27",  08/09/2024  ,entertainment
  6249 ,390,  -135.27,07/13/2024,refund  
﻿  7370  ,369,  $267.91,  2024/02/04 ,chargeback
5473,241,"  $1,351.15   ", 2024/09/24 ​,‌food
2856,﻿78," $2,212.85   ",08/14/2024,‌ utilities 
5215  ,30,"   $1,339.72   ",  07/28/2024 ,utilities
1855,341,1996.56‍,  2024/09/09  ,entertainment
3437,112," $1,913.20 ",2024-03-16,food
8014,9999,  abc  ,2024-02-30,  transport
﻿3201,﻿ 74 , $497.24 , 2024-07-02,  utilities 
 4748 ,147, 1721.12 ,2024/12/25,entertainment
 4134  ,6,$1701.64,2024-07-24‍,shopping
​  7025  ,  193 ,281.77,​2024-10-07,chargeback
  2297﻿,﻿499, 2203.95 ,  2024-10-26 ,﻿ utilities 
902‌,  217 , $1875.18, 2024/02/22 ,utilities
  4406‌,127,"  $2,127.28 ", 2024/07/18  ,‌entertainment
‍  2383, 265 ,  $19.63,11/28/2024  ,shopping
‍1987,  497 ,647.90,11/19/2024,transport  
7274,309, $417.99 ,﻿ 2024/11/10 , chargeback
5954, 242  , $995.33 ‍, 2024-08-28 ,entertainment
  5717 ,148 ​,$2280.38,2024/02/01  ,﻿ shopping
3978 ,369,1119.96,2024/01/09,‌food
﻿  6777,183  ,-220.67,​  10/30/2024 ,refund
6391,  76  ​,  ($156.17),2024/07/07,entertainment
6222, 84,  -260.87  ,﻿  2024/10/23 ,entertainment
3641,41,​$546.54,01/16/2024, transport ﻿
984‍,﻿  465  ,1597.40,2024/11/13, entertainment
5598, 59,‍  $539.25  ,2024-03-13,shopping  
 790  , 197 ,"1,067.70 ",08/25/2024,​shopping
56,295,"   $2,312.25   ",﻿2024/03/06, food  
232,  409 ​,  $150.38 ﻿,2024-06-06,entertainment
‌3770,280," $1,113.71 ",02/27/2024,utilities
 5349 ﻿,‌156,$1309.33,10/10/2024  ,shopping
‍1077,489,1773.60,09/28/2024,shopping
3188 ‌,259,"﻿2,001.49",2024/07/23, transport  
7256,271,398.90,‌  2024-05-23  , chargeback  
‌  314,‌  152,$2211.34,2024/01/22, utilities
7894  ,342‍,$256.94, not-a-date ,entertainment 
​  5341,235,681.48,2024-10-13  ,food
4699,45," $2,154.93 ‌",2024-01-30,transport
4277, 56  , $2283.27,11/16/2024,  shopping  
7278,  352﻿, $213.74   ,2024/07/16,chargeback
8296‌,NULL,"‌1,2,3",﻿,  shopping
 6610  , 248  ‍, -317.83 , 2024-11-28, shopping 
4909,405,  $785.20,2024/12/10,entertainment 
325,  60  , 282.99  ,﻿2024/05/22,transport
4261,132,  2210.00 ﻿,03/18/2024, shopping 
6732,452, -68.48 ,2024-09-04,‍chargeback
2818,380,2194.75,2024/10/24,shopping
8285  ,  10.5 , 12..34,09/14/2024,  food 
6580,116,($202.15),2024/12/13,reversal
 2334  , 121 ,"   $2,396.48   ",09/11/2024 , entertainment
566,  207‌, $716.39   ,2024-08-05﻿,‍shopping
959,5,1153.33,2024-06-12,entertainment  
﻿3286, 181  ," $1,931.03 ",  2024/02/06  , transport  
2448,﻿ 301,$587.85,2024/11/08, transport 
  5976,284,1449.54,​2024/05/12,shopping
 7589,160,$435.66,not-a-date,  shopping
1599,  377  ,"  $1,370.00 ",05/03/2024,utilities
2796, 244  ,$499.26, 05/03/2024 ,  utilities  
3442,  408  ,2142.90, 2024/01/15 ,  utilities
712,390," $1,121.42 ",11/24/2024,entertainment
 4291 ,  181 ‌,827.40,09/06/2024‌,  entertainment  
7059,15,60.15,​  2024-12-21  ,chargeback
4313‍,227,443.60, 05/25/2024,shopping
2803,‌220,​2260.94, 2024-07-28  ,  utilities  
2907,91, $225.88 ,  2024/10/18  ,food
​ 1187  ,155,$1091.83,  2024-09-01,food
  3721,369,$123.47,08/04/2024 ​,food
7246 ,  72  ,445.87,2024-12-25  ,​refund
 8118  ,x ,   ,​  2024/02/17 ,entertainment
7131,407,   $7.21   ,  2024/04/30 ,refund
1955, 333," $1,175.49 ",  2024-04-29  , transport
​8247,   ,‌, 2023-12-31 ,  shopping
 6516  ,  370, -113.00 ,​2024/03/14, utilities 
​ 360,57‌, $1344.10,2024/10/26,entertainment
 7477 ,  3  ﻿,429.69‌,not-a-date,entertainment
32, 127 ,$338.66,2024/09/20,transport
3445﻿,﻿  341 ,"  $1,724.41  ",﻿2024-04-18,  transport 
3027,‍ 141,$2302.45,2024/08/17,transport
5439​,  377  ,1.50,2024/06/26 ‍,transport
5336,‌  63," $1,065.98 ",  2024/04/21,food
 2174  ,225,​ $79.77 ,2024/03/10 ,transport
 6301 ,  238  , -98.63 ,02/23/2024,food 
1245,189,$1472.20  ,​  08/13/2024  ,food
4843,431,"   $2,069.67  ",2024/11/27​,  utilities
‍4977,237 ‌,"  $1,903.56  ",03/07/2024​, utilities  
 4042  ,267,2026.59,2024-06-05,food 
4753,66  ,1354.79​, 2024-09-24 ,shopping
932​,292,$242.52,12/21/2024​,utilities
1347,220,$903.17,2024/05/22,entertainment  
 5865,  307 ‌,2257.87,08/31/2024,entertainment‍
3222,  195  ,​ $1259.32  ,2024/11/08,utilities 
  6971 ,  425, 64.44  ,11/28/2024,‍chargeback
  3026, 157  ‍,$892.87,2024-01-21,food  
7305,216,‌191.09,  2024/08/13 ​,‍  reversal 
6284,​ 8 ,-482.31, 2024/09/05  ,  reversal
2783,52, 2210.21, 2024/03/29 ‌,  food
2217,343, $493.21 ,2024-10-25,food
  5309  ,​119,  $246.57,10/19/2024, entertainment 
7295,84,83.67,  03/08/2024  ,reversal
2089,264,"1,397.78‌",  2024-07-02 ,utilities
4821‌, 165  ,276.48,2024-10-28,‌food
‍2462,261,"1,937.83",  12/16/2024,﻿shopping
 4917  ,55," $1,526.32 ",05/25/2024  ,shopping﻿
‍5696,104  , 243.14 ,12/01/2024​,food
 6451,  90 ,($490.42),09/04/2024,refund
‌5897,  183 ,$821.72,04/04/2024 ,entertainment ﻿
2335,297,953.29,﻿  09/17/2024 ,food
 841 ,​135,940.88, 01/09/2024  ,transport 
7531,​388  ,  $233.63 ,2023-12-31  ,﻿  entertainment
 1300, 305﻿, 2120.42, 2024-10-22‍,shopping
4553  ​,  251﻿,$1503.48,  2024-05-11 ,food 
 2118  ,133​,$427.57, 2024/06/25 ,  utilities  
  7908  ,10.5,"1,2,3",not-a-date,  food ‍
3139 ,215,80.76,​10/17/2024,utilities
  935 ,  115 ,  $1784.36 , 2024-03-12 ​,food
6513 ,360,   -356.75   ,2024/03/19,refund
3361,297,1896.93 , 11/17/2024 ,shopping
5303,452,488.53,10/23/2024,  utilities
 840 ,  12," 1,264.65  ",01/28/2024,utilities
  4412  ,487,943.22,2024/04/14  ,utilities
6439,  473 ,($61.92)‍,01/13/2024,﻿refund
7854,303,‌$31.37,  not-a-date,  shopping
1213 , 382,1824.07,06/29/2024,shopping
6274,485, ($468.20)  ,04/23/2024, utilities  
4484,390,348.10 ,2024-04-01,transport
1791,348," 2,115.11",08/24/2024,transport
1262,  472,"‌ $2,457.63 ",2024-12-20,utilities
‍4764,313,723.88,2024-01-24,food
​91,​209,411.59,﻿06/10/2024,food
 537 ,59  ,"  $2,009.31  ",07/10/2024, food 
6176, 410  ,  -340.99   ,2024/07/01,reversal
3245,477,100.64,2024/06/07,﻿  transport
4610‍,255 ,"2,295.58 ",03/17/2024,entertainment
﻿ 7191 ,452‌,36.78,07/14/2024, chargeback ‍
  1749  ,153  , 2280.25  ,2024/10/14,utilities
6512, 175  ,‌($432.70),﻿11/16/2024,reversal
5311 ,82,  $90.95 ,2024-05-22,entertainment
1166,257,1452.45,  2024-11-24  ,food
1516‌,88,"  2,063.14",05/27/2024,entertainment
4869,133 ​,$1682.26,  2024/04/11 ,shopping
4490,379,"1,000.71",2024/11/11,  food ‌
3132  , 31,‌  1209.66,02/09/2024,  utilities  
  3909  ,463, $1999.42 ,2024/10/23 ‍,transport  
3112,‍  167 ,1771.11,​10/17/2024,transport  
3483,  28  ,563.66,2024/02/18​,transport
7159‍,299,$410.59 , 2024/09/07 ,refund
  5571  , 323 ﻿," $1,367.47 ",2024/09/11 ,utilities‍
  6798  ,389,($345.08)  ,2024/06/23,shopping
﻿5630,​12  ," $2,069.91 ",2024/01/19,transport
3289,204,270.75,2024/03/31,transport
1192,203,  908.28,  2024/04/26 , entertainment  
2401 ,429," 2,246.33 ",2024/10/29,entertainment
764​, 422  , $663.08,06/06/2024, transport  
2891,236,"   $1,137.49 ",  2024-11-02  ,entertainment
2894,83,102.16,﻿2024/08/29,food
6897,283,  -189.75 ,2024-09-17,‌shopping
 7422  ,292,$3.76,‌2024-02-30,  food  
3520 ,360  ," $2,248.06  ",08/25/2024,transport
 1056  ,214  ,"  2,308.19  ",05/07/2024,food  
 1613 , 334  ‍," 2,470.80‌",2024-04-07,utilities
​6987,203, $8.25 ,​ 2024-12-22, refund ‌
 7001 ,129,265.07, 2024-02-01  ,refund
4221,326,"1,489.08",2024-04-13,food 
181, 116 ,$2121.38, 2024/07/02,shopping
  5378,376,‌   $561.69  ,﻿2024-03-15, transport 
8183, 9999  ,NA,08/07/2024,transport
3422,260 ,$1470.66,  08/03/2024 ,utilities
3609,142, $18.44  ‍,‌2024/04/29, utilities  
1729,221,$342.85,07/21/2024,‍ shopping 
 6639 ,409,-194.37,11/19/2024,food
5583,375," $2,328.73 ",2024-07-08,  transport 
  2509,214,$385.54,09/11/2024,﻿ shopping
 8161  ‌,  ,  abc  , 01/06/2024  ,entertainment 
 6087,338, -35.27 ,07/27/2024,​refund
﻿2153, 378,507.44,04/03/2024‍,transport  
​6332,  262,﻿  ($319.25) , 2024-12-16 ,entertainment 
7039,69 ,  $132.61   , 2024-06-10 ,  chargeback 
5125,359,374.46,2024-11-20,shopping
‌7419,﻿472  , $103.53 ,,​ shopping
991,388,‌390.96,2024-05-26, shopping
3923, 324 ,   $566.78   ,03/23/2024,​  entertainment
7512  ,‍399,120.68,2023-12-31,entertainment
6110, 11 ,-43.45,2024/05/16,utilities
  7907  , 10.5  ,12..34, 12/22/2024,entertainment
7983,NULL​,,​,food
5020‍,76,596.45,03/17/2024,  utilities
2344 ,113," $1,017.89   ",﻿ 2024-12-10 ,utilities
  5871 ,135, $171.20 ,  2024-08-28 ,food
3805 ‍,280,$2282.79,2024-04-22,​food
  7226 ,312​,$116.07,2024-12-22,refund​
5230  , 225  ,450.12,  2024-10-17,entertainment
  5691  ,  88," $1,157.26 ",  2024-10-25,utilities
3457, 78 ,​503.30,  2024/02/09 ,shopping 
2147,474, 1397.00  ,04/29/2024,shopping
﻿ 5216  , 365 ,  $1243.86 ,2024-07-20,entertainment
4601,116,‍$20.02  ,2024-11-26,  food  
584,  92  ﻿,"   $2,366.78   ",06/26/2024,food
  3232, 63  , $376.49 ,  2024-04-27  ,‍shopping
7845, 203, $460.36 ,2025-01-01​,shopping
 4632,72, 1351.23  ​,2024-08-11, shopping 
  5996  ,208, $26.86 ,‍06/02/2024, transport
​5499,116,2104.52,​  2024-04-30  ,‌utilities
958,419,"   $2,448.57   ",​2024-06-09, utilities
440 ​,‌287  ,$1266.19, 07/21/2024  , food
 5141,220 ,$2040.49,2024/05/13,shopping 
878,421,  2295.26  ,2024-07-24,shopping
5779,  317﻿,"2,339.81",2024-10-31,entertainment 
3263,491, 174.97  ,2024-05-04,shopping
8224,‍ 10.5  ,12..34,not-a-date,  food
 15 ,289,‌ 204.43  , 2024-02-15  ,food
8288,9999,abc,​2025-01-01 ,food
  1259, 204 ,1816.26,‍  03/15/2024  ,entertainment 
3616‍,‌457 ," 2,443.81 ",2024/10/25‍,utilities 
‍  7918 ,  x  ,"1,2,3",2025-01-01‍,entertainment  
1689, 81, 543.36 ,2024/12/04,shopping
  2325﻿,  266  ,$1043.60,2024/10/21 ,food
  1387,401,$1906.03,﻿ 2024/09/05,utilities
  385,113," $1,077.94 ",06/17/2024‍,entertainment  
2610,​234," $1,509.33 ",2024-08-30,entertainment ​
  7273,﻿409,182.27,2024/01/27  ,﻿  chargeback  
7739  ,﻿ 70  ,106.32﻿,2023-12-31,utilities
2473﻿,404,$822.69,2024-07-07,utilities
6331,330﻿,  -342.48  ,01/21/2024,  utilities 
6788 ,257,  -216.89  ,2024-07-09,utilities
  7549 ,  164﻿,$494.59,2025-01-01​,  shopping  
5790  ,‌ 263,$2414.78, 2024-06-29 ,utilities
  3380  , 259 ," 1,372.01",  2024/05/15,food
2271,418,‍  55.90  , 2024/04/30,utilities
3680 ,164," $1,917.27 ", 2024/11/14 , entertainment
8209  ‌,  ,"1,2,3", 2024/10/08,  shopping
1098  ,​ 90, $236.97  ‍, 2024/11/12  ,entertainment‍
658‌,220 ," $1,736.54 ",2024/07/19,  transport  
  4331  , 226  ,  $41.71   ,08/27/2024,  food  
2331﻿,  41  ,   $282.68  ,2024/06/22,  entertainment
2336,329, 2056.15  ‌,05/30/2024 ,food
1569,403,2336.93,﻿2024/04/10,food
807,  207 ,2284.92,07/18/2024 ,shopping﻿
8152, 10.5  , 12..34 ,  2024/06/30 ,‍  entertainment  
5980,  402 ," $1,609.54 ",  2024/03/14  ,transport
7582,480, $257.61  ,  2023-12-31,﻿entertainment
4416,262,"1,518.23  ",2024/11/04,food
1537,184﻿," $1,285.48 ",  2024/07/07,shopping
222  ,311 ,‍$1360.89,10/06/2024, utilities
919 ,451,‌2206.08,2024/06/15,utilities
1459,51,  2288.77,2024-03-07 ,shopping
6986,386,$411.52, 2024-10-18,chargeback
﻿5301  ,85, 434.19 ,02/15/2024, utilities
3231,246,"1,940.63",​07/27/2024,shopping
8144,   ,,2024-12-04, food  
  7750 ‍, 327  ,352.98  ,2024-02-30  ,transport
7188,366,‍182.82,12/16/2024,  reversal​
 275,‍ 163,548.96  ,2024-06-28,  entertainment  
  7860  ,93,42.40​,2023-12-31  ,  food ‍
4317,228,1072.50,  2024/12/27, food
7559,317,$478.53,  2025-01-01  ,‌shopping
 2526,‍41 ,$1282.35,  2024-09-01  ,shopping﻿
 7152  ,  179  ,  170.06,  2024/09/30 ,chargeback
3990,429,283.17,2024-02-04‍, transport 
6845,72 ,($47.05),‍ 2024/11/04,entertainment
1535,404  ,$1325.49,​ 2024/03/11, utilities ‌
 1335,387," $1,509.75 ",2024/08/22, food
7077,114,‍$132.48  ,2024-02-16, refund  ‌
1869, 36  , 846.61  ,2024-03-05, entertainment
3076,375,"1,959.28",05/13/2024,transport 
  533﻿,189 ‍, $632.90  ,‍  2024-05-11  ,entertainment
303,281,1826.30‍,10/21/2024‌,utilities 
‍8035,     ,None  ,2024-02-30,transport 
6113  , 155,  -116.31  ,2024-09-01,food
​5478,264," $2,356.97 ",04/14/2024 ,utilities
6124,259‌,-238.35,03/19/2024,utilities
  6730,236﻿, -298.74 ‌, 12/07/2024  , utilities  
7369,  181  , 196.12,2024-11-18​,refund
4229, 386  ​,"1,489.57",2024/02/03,‍ shopping
1668 ,46,  $942.24  ,  2024/11/19 , shopping  ‌
6251,347,-377.66, 2024/02/04 ‍,transport
‌195,396,  1823.32 ,  06/17/2024 ,shopping
2302,166,$422.75,11/28/2024, food  
6313,77,($495.68), 08/05/2024,utilities  
3626,60,"   $1,431.44   ", 01/10/2024,﻿entertainment
  881 ,129﻿,35.24  , 08/13/2024,‌entertainment
3305,  148  , $2062.71 ‌,07/26/2024,﻿shopping
7385  ,372,243.49,09/20/2024 ,reversal
4598,52," 1,930.13 ",  03/25/2024 ,  utilities
  1977  ,149,​  $821.52   ,  02/25/2024 ‌,﻿utilities
  6974 ﻿,344,$169.23 ,2024-07-24,  refund 
79,415,$492.45  ,​03/19/2024, utilities
 3354  ,300, $1945.26  ,08/08/2024, transport 
  4824 ,273,   $257.13  ,  2024/10/21  , shopping  
7823,444,$136.48,    ,  transport
3831,273, 1955.99  ,2024-01-05,utilities​
 474,126, $296.20 ,2024-03-17,  entertainment 
3292, 292 ​,$1884.71,﻿ 2024-02-23  ,entertainment
  3295 ,496 , $516.77 ﻿,06/28/2024,  utilities 
  3186,37,782.25,06/21/2024,shopping
 8274  ,    , NA, 10/16/2024,utilities
‌5225, 318 ,  947.15  ,  03/23/2024  ,  utilities  
5180,491,953.15,08/26/2024  ,shopping
2731,​431,653.40,2024-11-10,utilities
7325,407  ,$179.10, 2024/11/11  ,chargeback
7106  ,246, $213.81 ,2024-03-24, reversal  
  756  ,313, $853.03 ,  2024/10/23‍,entertainment
7045,497,$467.64, 2024-03-17,  refund
 6382, 203,($266.31),08/16/2024,﻿utilities
1527,166, $247.02   ,2024/11/30 ,utilities
﻿5346,462,$1900.32, 2024-04-10,  utilities
1908,308,​  1230.74,2024/04/09  ​,utilities
﻿2971,﻿ 142  ,‌$691.63 ,2024-10-29,transport
 5647 ,231 ,"  $2,165.27 ",‍  2024/11/30  ,transport
2486,433,  $434.97  ,  2024/03/27,food
5455,374,"2,469.44",08/30/2024,  entertainment 
4672 ​,304, $2137.35,05/06/2024  ,utilities﻿
6254,378, -264.15 ,  2024-07-12,transport 
‌ 2725  ,44,  $420.00   ,06/23/2024,transport
 5517, 484﻿,   $641.93 , 2024/08/15,transport
740,﻿398,  2301.34  ,05/17/2024  ,﻿food
  5391,‍152,  $391.15 ,2024-05-21,entertainment
673,  241  ,‍   $528.38  ,2024/08/18,﻿utilities  
  5313,289,"1,200.08", 2024/10/14 ,﻿entertainment
6809,475,-284.80,2024/04/01, food
  5026,‌148 ,712.91,  2024/04/18,​ transport
4905,47 , 1127.03  ,11/07/2024,utilities
8260,9999,NA,2024-02-30 ,shopping
6127  ,‌  378,-287.23,  2024/01/18,‌ entertainment 
1223,300﻿, $108.50 ,01/05/2024  , utilities
7360,‍ 105  ,   $129.97 ,2024/10/26,refund
5783,﻿226,  890.99 ,01/29/2024,utilities
1361﻿,153, $327.22 ,2024-03-28,utilities
﻿  7734  , 4,﻿ $90.92 , not-a-date  ,entertainment
685,12,  $1530.45  ,​2024-07-24, shopping
﻿ 7765 ,84,  $366.63,2025-01-01,food
1839,  491  ,"2,172.17‌",2024-05-29,​entertainment  
2056, 393,1212.43,2024-10-13 ,shopping
1087,‌ 124 ,  $3.04 ,  01/01/2024 ,food
1518,  281 ,1271.86  , 11/28/2024,food
  3326  ,261,  2354.60,05/02/2024,‍transport
‍1761,36‍,370.51, 10/26/2024,  utilities
2262,67  ,"1,900.36",2024/05/19,utilities
​  1894  ,225‌,  480.66,  2024-06-20  ,utilities
 5746,﻿ 459  ,"2,478.91",​  2024-10-28  ,shopping ﻿
2412,128,734.49 ,2024/04/30,‌entertainment  
4670,303,  127.74,  12/12/2024  ,food
2086,139,"  1,347.53",2024/10/02, transport
5854,157,"1,977.49",10/26/2024,transport
 5870  , 409 ,  $633.57   ,2024-11-08,transport
263,342  ," $1,800.26 ",11/28/2024,shopping
500,228,"﻿ $1,607.86 ", 2024/08/19 ,​  utilities 
5637 ,479 ,2020.74,2024/11/17,utilities
7618, 232 , 99.01,13/01/2024,utilities
6608,51,​  -114.49 ,2024/01/31,entertainment
  1020  ,​487,$795.39,2024-10-02‍, entertainment
  7920  ,x,﻿,  2025-01-01 , shopping 
1239  ​,﻿ 152 ,60.67,2024/05/14,transport﻿
383,187,$1001.13,  2024/01/31,  transport  
5621,245,"1,192.82  ",2024-03-04,shopping
4191,19 ,938.05, 2024-09-20,shopping
  1964  ,  250 ,"2,324.51", 09/22/2024,utilities
8128,x,"1,2,3",04/26/2024,utilities
4960,313,403.27‍,2024/04/27,utilities  
1073,41,  1294.05  ,06/10/2024,shopping
 705 ,‍ 320  ,‍74.55  ,11/18/2024,shopping
  4102,320,"  1,654.43 ",﻿05/15/2024, transport
1765, 500 ,​$2159.34,​2024-04-05,‍food  
6197  ‌, 237  ,-137.94,2024/08/16,shopping
  4083  ,﻿4,$2190.93  ,07/08/2024,food 
4340,129, $413.33 ,11/01/2024‍,entertainment
7744,247,278.66,2023-12-31,shopping
4659,433 ,﻿$360.27,2024/12/03 ,entertainment  
2816  ,67,﻿  707.82  ,﻿2024-03-26,‍shopping
5551,386,$2359.53, 2024/11/20  ,  utilities 
 3037 ,  181,  1412.56  ,2024-10-31,‍shopping
7695,184  , 115.35  ,​not-a-date,transport
1521,‍ 303 , $394.33 ,2024/12/05,﻿entertainment
7026,359 , $255.29 ,  2024/08/26,refund  
2490,188,1788.13,2024-08-12,  food
5564,419,520.49,2024/12/29‌,‍  shopping
7080,432,$120.38﻿,‍  2024-05-03,chargeback
779,333,"1,799.85",​03/28/2024,  shopping​
1508,​46,"  2,156.68‌",2024/04/13,food
7400  ,447‌,  $1.57  ,2024-09-07,‍reversal 
6430,380 ,-414.97‌,  2024/03/14 , entertainment
﻿6273,244  ,-38.11, 2024/06/10  ​,shopping
 6326 ,  306﻿,($15.49)  ,  03/14/2024 ,food
‌3882,492, 279.40 ,​11/26/2024 , food  
4956,  71,  2382.66 ,03/21/2024  , utilities
197,346,​523.90,  09/27/2024 ,transport
1406,  130 ,577.83,08/27/2024,shopping
3715 ‌,218," $1,390.70 ",‌01/11/2024,food
﻿ 6428 ,‌  41 ,  ($172.48)  ,2024-08-30,transport
7110,438, $31.65 ,2024-04-17,refund
4300,392,"2,281.67",2024/07/14‍,utilities
5776,306,"1,679.75",‍2024-03-28  ,entertainment
2964,64‍,‍$1960.21, 08/13/2024 ,  transport ‌
3644,﻿  467 , 2425.41,2024/03/10,food
4665,103,1156.17,09/15/2024,entertainment  ‌
 5595  ,492, $968.17 ,2024-01-17,entertainment
​4026,‍3,2011.58, 07/21/2024  , utilities 
626,252  ,610.35, 2024/12/17 , utilities  
 4183 ,321," $1,470.31 ",2024/10/22‍,utilities
5131  ,401,"1,494.14",​2024-08-07,‍entertainment
7228,315,  $222.88  ,2024-03-09,reversal 
‌6969, 210  ​, $474.17 ,06/04/2024,﻿chargeback
2905, 290‍, $152.89 ,03/23/2024,﻿ food 
‌ 1892 ,  228,"1,378.99",2024/04/05,shopping
2120,336 ,$151.13,‍05/29/2024,shopping
  1870,﻿453,1443.53,2024/04/20, transport 
4147,  463 ,   $662.87   ​,2024-01-07, utilities 
5188,205 ,2374.31‍,  2024/04/23 ,﻿entertainment
4548​,129,   $803.87   ,2024-04-04,food
7024 ,373, $296.42 ‌,2024-05-05,  chargeback 
3615,331, $426.88 ,‌2024-07-30, transport  
7085,  241 ,472.45,  2024/08/30 ,chargeback
7458,498  ​,352.45,2025-01-01‌,​utilities
  6635  ,59,-277.93,  2024/02/16, food
127, 403, 1453.49 ,2024/01/23, utilities
‍7257,132,47.08,2024/09/04,refund 
17,75​,$691.08  ,12/22/2024,food
3579,﻿31 ,"‍ $2,036.55 ",​2024/11/26,transport
‌  64,470,​452.81,09/08/2024‍,  utilities
7210﻿,89,$491.50,12/24/2024  ,refund
 4703,62,"1,718.43",‌2024-09-22  ,entertainment
  2559  ,125‍," $1,193.00 ",05/13/2024,  transport 
  5615, 39 ,"﻿ $1,676.45 ",2024/05/21,shopping  
  2119 ,454,1180.59‍,2024-10-18,utilities
5202,191, $742.65 , 01/17/2024  ,﻿entertainment
7919,  ,abc,2024-10-01,entertainment
1773  ,464, 648.05,  2024-11-19 ,‍shopping 
7394,  394  , $417.56 ﻿,﻿ 07/22/2024,  chargeback 
4468,74, 2451.96  ,2024-03-10,utilities
 5639,  216,$1354.34,2024-08-03﻿,‍entertainment
3043, 169  ,344.11,2024-12-14,‌food
6804,﻿ 446  ,​($369.74)  ,03/09/2024,﻿food
2634,165,"2,091.95", 2024-11-29  ,‌  shopping  
5199 ,149,722.43,2024-03-08  ‍,food‌
253  ,316,2023.88,11/17/2024,utilities
 450 ,230,1259.62,  2024/01/10  ,shopping
6790,​240,  ($297.10) ,2024/12/19, food  
4937,366," $1,608.18 ​",2024-09-05,‍entertainment
3075﻿,448,​2162.84,2024-07-10,shopping 
 396  ,  189 ,‌$502.76,2024/12/07,food‍
‌220,119‌,"2,057.25",﻿08/11/2024 ,  food  
6285,468,   -118.12   ,  06/02/2024  ,‌shopping
3094,397,$1166.42,11/04/2024, food  ‌
‌4477,102, $184.63 ‍,﻿  2024/02/13 ,entertainment  
‍5048, 415,"   $2,476.93  ",​ 2024/02/23,entertainment
5204,345,$175.13,2024-07-09,entertainment
7731,78,$178.56  ‌,,﻿transport
1343,371," $2,483.40 ", 2024-06-05,shopping​
  904  ,  298  ,$7.13,12/29/2024,entertainment
921  ,‌ 65 ,297.01  ,  2024/03/19,utilities 
​3254,387 ,1369.29,05/16/2024, shopping
5891,355," $2,408.88 ",2024/08/26,utilities​
4580,153﻿, $1963.41  ,2024-11-29 , entertainment  
8169,  9999  ​," 1,2,3 ", 2024-04-26 ,transport
5481  ‍,﻿366, 2303.32  , 2024-05-24 ,transport
  1582  ,236,  $758.13 ,2024-04-28,food
﻿4562,22,"1,931.75",2024/07/22,shopping
7357,455, $28.96  ,02/19/2024,refund  
  5015 ,325,  85.50  , 2024-12-30  ,food
7091,﻿223, $268.72,2024-05-25,  reversal
1496 , 149, 1244.52  ,  2024/11/13,shopping
  5128,364,  588.93 ,2024-12-18,food 
  4379,133," $2,341.25 ​",2024/09/26﻿,entertainment
2354,204‍,1717.07,2024/02/17﻿,food
4316,﻿80,953.23, 2024-10-02,food 
 3202  ,322,  547.91  ,2024-02-13,shopping​
 2073,34, $427.94 , 2024-02-07 ,  food 
1937 ,126,$64.67,11/23/2024,transport 
﻿3734,140, $106.51 ,08/08/2024,utilities
 1232 ,  251 , $767.35 ,  2024/07/03 ,entertainment
2646  , 412  ﻿, $363.41 ,2024/06/04,food
6120,392, -79.23 ,11/29/2024,entertainment
7922, x,None  ,  13/01/2024,‍transport
628,156,  1419.84  ,2024/08/12,transport  
‍3962, 285  , 1239.17 ,2024/07/03,  shopping
4016, 184,"2,394.95 ",2024/06/08  , food  
6448,205  ,​  -111.31 ,2024/11/18 ,  shopping  
6781,76,-111.62,‍2024/12/07,entertainment
6776, 452 ,-291.31, 08/18/2024,utilities
2767﻿,  473  ​,392.43,﻿04/10/2024,food
4644,  206  ,"2,245.15​",﻿2024-10-16, shopping
1176,375 ,  $701.06  ﻿,10/12/2024,﻿food
﻿7883,402,315.14,, shopping  
  6702, 261  ,   -165.68  ,2024-02-22,chargeback‌
7407  ,  437  ,‌$479.53, 2024-02-30 ,﻿entertainment
  899 ​, 441,  1286.99,2024/10/13,﻿entertainment 
4461, 362  ,$587.76,  2024/08/22,shopping
  4349 ,249,"1,880.67",03/13/2024,entertainment​
513,  408  ‌,‌ $1882.95, 2024/05/28 ,‌entertainment
  7120 ,  155 ,‌$402.01  ,2024/12/03,refund
1409‌,450, 1395.16 ,  2024-09-09 ‍,﻿utilities
 5816  ,131,​ $238.82  ,  11/17/2024, shopping  
﻿  5111 ,391,845.66,﻿09/13/2024,  shopping  
 6579,315, -204.31  ,2024-07-29,shopping 
6939,155,$440.57  ,2024/01/08,reversal
  5486 ​,62 ,  344.73  ,2024-05-31,food  
860,13," 1,123.38 ",09/06/2024,‍ food
5782,92,110.48,2024/02/04﻿,utilities
 3896  ,463,​$988.80  ,‍2024/01/07,transport
3182,100,$184.95‍,  2024/06/12  ,utilities
5197,488," $1,736.35 ",04/24/2024,entertainment
5832,​ 465 ,‍$556.42  , 02/01/2024  , utilities  
2100,  191 ,$2481.42 ,2024-09-13,food 
5151,399, $551.73 ,2024/03/01 ,shopping
6555​,  166  , -457.58 ,  2024-01-11,‍entertainment
6333, 304 ,-471.67﻿,10/10/2024,refund
 5266 ,‍  352  ,$1512.60, 2024-09-15 ,shopping
2012,232,"2,303.20",  02/07/2024  ,shopping
5916,375,"2,339.46",  2024-09-05 ,  entertainment
2492, 120,"1,195.32", 11/04/2024 ,entertainment
5028,‍319, 1335.25  ,2024/09/26,‌ utilities 
  847 ,﻿278," $1,384.52   ",2024/07/24,  utilities
  1329 ,  78  , $1813.53  ,2024-12-16  ​,shopping
6191,  80  ,-191.35,  2024/12/28  ,refund
1175,354,805.88,2024/08/20,  food  
5168,5, $161.36 , 03/21/2024  , entertainment  
‌8102,​ 10.5 ,$,2024/14/01,  shopping  
3590,  410,  1761.37  , 06/04/2024 ,entertainment
﻿6540,491​, -1.65 , 2024/08/11,refund 
5367 ,  38  , 338.11,2024/01/23,shopping
3736,162,2078.80,01/15/2024 ‍,food
7794,  153  , 361.82,not-a-date, shopping
3809,﻿214,1130.69​,2024/05/25,utilities
1871,132,2486.66,02/04/2024,  shopping 
6865 ,410,-86.87﻿,‍ 2024/07/28  , shopping  
3656,  183,  1702.51, 2024-04-28  ,entertainment
  6219 ,131,($318.45),2024/02/21​,food
  3792,224‍,"1,912.32",2024-08-13 ,shopping
 3709 ,﻿  426  ,"1,629.82",03/07/2024,  transport  
 4110 ,  303 ,  1373.52  ,​2024/07/26,‌entertainment
7713,367,  376.17  ,13/01/2024,utilities  
5292,282,  $1079.39 ,2024/10/15,‌transport  
5623,444,   $737.40 ,  08/24/2024 ,food
4611, 239 ,"1,221.45  ",‍2024/12/25  ,‌ food
3032,226,134.70,10/06/2024 ,transport 
 1008  ,379,1347.49,‍2024-04-03,food
  7489  ,495  ​,  320.27 ,2024-02-30,entertainment﻿
﻿ 2862 ,71,"   $2,208.14 ",2024/02/03,‍ food  
5095,272, $660.01 ,2024/12/04,food
1053,‌314, $797.26,07/18/2024‌,entertainment  
7071,195,‍90.10,‍2024-12-04,refund
7740,371,‌228.51,2023-12-31,food 
2415,​195,  2477.93  ‍,  2024/04/27  , entertainment
 3825 ,286,  1685.61 ‌,2024/10/04 ,entertainment​
3030,146,‍  $1378.49  ,11/25/2024,﻿ utilities 
5823,46 ,‌$566.31,  2024-08-29 ,transport
1482﻿,63  ‌,176.78, 2024/12/07  ,transport
5785,  191  , 668.85 ,2024-01-11,‍utilities
2212  ,294  , 1347.04,2024-09-14  , food
1826,283﻿,1450.75,12/09/2024,utilities
147  , 230 ,856.35‍,2024-03-15  ,‌entertainment
1503,21,470.80,2024-04-09,transport
6079,​299 ,  -431.53   ﻿,2024-09-15﻿,​reversal
1571,‍  227  ,$1950.32 ,2024-03-05,food
‌1111,198 ,1641.21,  2024-01-23 ,  utilities
‍2388  ,﻿10,"1,922.42",2024-07-12, entertainment
5629‌,  320, $257.62,09/07/2024,utilities
962,290,"1,363.12‍", 2024/01/07,  entertainment
2534,​77,429.83﻿,2024-07-06,shopping  
 3937  ,109,$931.13,2024/05/11,food  
3187,106," $1,972.81 ",2024-04-30,transport
 3753, 472 ​, 1733.59,‌  10/08/2024  , transport  ﻿
 6840, 325  ﻿, ($142.82) ,07/08/2024,refund 
3447,  118 ," $1,749.99 ",2024-01-15,shopping
900,  339,﻿1806.33,08/14/2024,entertainment
﻿ 7083,250,$101.61 ,  04/01/2024 ,reversal
1341,53," 1,894.85",﻿  2024/06/12 ,utilities
  3705﻿, 193 ,$1682.67, 2024/11/15 ,shopping
  2924  ﻿,172,"   $2,126.72   ﻿",05/30/2024,  food 
3494,  184 , $301.70 ,09/25/2024,entertainment 
1580  ,165,﻿$295.83, 05/05/2024  ,﻿utilities
  3716 ,278  ,355.21, 2024/12/04  ,shopping
 4430 ,340,$1131.40,2024/06/09,﻿food
  7101 ,  434 , $197.67 ,2024-01-18,  chargeback
 7068  ,  426﻿, 281.88,2024/11/19,refund
6854  ,75,  ($455.82), 2024/06/08,  transport  
2040,187,"  1,672.32",  2024-10-07,food
  1488 ,232,1867.85,  01/12/2024  ​,shopping
7165‌,418,207.05,  2024-12-13,refund  ﻿
 8011  ,10.5,12..34​,2023-12-31, food 
  7903  , 9999,$,2024-05-23,food
  2182,25,"1,618.89",2024/10/12, utilities 
6392  ,﻿482,﻿($129.74),  2024-04-10,entertainment
 2307,299 ‌,983.93 ,2024-06-16,transport
4163, 388 ,"1,588.24",2024-05-05,entertainment
‌  8258 , 9999  ,"1,2,3",﻿  ,transport
3572,​253 ,"   $1,771.12   ‍", 2024-02-10,food
7772,425,$127.02‍,‌2023-12-31,entertainment
6959‌,397, $367.19 ,  2024-08-01﻿,refund
4895,  497,  $65.11  ‍,11/29/2024,food
7730,398,83.28,13/01/2024‍,food
6979  ,136, $368.20   ,  2024/01/11 ,  reversal 
1811,﻿423, 1414.02  ,﻿2024-04-21,‍utilities  
  1941  ,﻿10, 472.98 ,2024-11-26,﻿  transport 
5777,190,$588.17, 2024/07/18 ,utilities
3275,331, 741.73,  03/18/2024,  food 
4041,﻿ 7 ,$2177.48,2024-09-23,​  utilities  
8039,  NULL ​,   ,   ,transport
‍  1393 ,115,"2,331.09",2024/12/03,shopping
​5796  , 239 ,$269.74,10/11/2024​,  transport 
‌2715,46," $2,089.56 ",04/11/2024,shopping
6536,189,-178.12,  10/18/2024,transport 
1423, 142  ,387.59,﻿07/03/2024,utilities
6017,408,  ($428.53),2024/03/15,​entertainment
  4697 ,  418,​865.41,​2024/10/26,shopping
  7160, 54,269.27,07/28/2024,  chargeback﻿
​362 ,​41," $2,083.58 ",2024/06/05,shopping
​1055 ,  136,159.95,2024-04-11,shopping‌
  5760,494,‍ $2201.87 ,11/11/2024,food  ​
8190,x,﻿ abc  , 2024/14/01 ,entertainment
662,448,"  1,990.79 ", 2024/01/27, transport 
2569,450,"  2,241.81 ",07/08/2024  ,food‌
 1290  ,﻿286,"1,204.01",2024/03/14‌,‌ shopping 
 4816 ,62,$541.98,04/06/2024,utilities
1745,343,"1,208.36", 08/30/2024 ,entertainment
1471 ,298​, $129.09 ,  2024/03/19,food
6148​,353,​ -328.43  ,  07/03/2024 ,utilities​
  1985, 215﻿, $724.83 ,  2024-04-12,utilities
2544,250,292.33,11/25/2024,  shopping  
7418,81,  $491.13  , 2024-02-30  ,shopping  
﻿  5280 ,﻿ 91 ,"‌1,873.89",‍11/18/2024,utilities‍
108,330,  $1155.29,2024/03/13,  shopping  
4512,82,$1016.48  ,2024-04-25,​  shopping 
3556, 330," $1,367.72 ",  01/16/2024 ,entertainment
1224​,80," $2,253.87  ",2024/12/11 ,transport
93,  455,561.24,09/19/2024,food﻿
﻿5220,375," $1,594.24 ",  09/06/2024 ​, transport 
6118﻿,4,($269.34),‍2024/08/11,reversal
 8174,‍  x ,12..34,08/02/2024 ,  shopping 
199‌,468,891.44,﻿2024/05/22,﻿  shopping 
﻿6701,358, -39.16 , 2024/03/20  ‌,  utilities
3627‍,11,​ 1070.75 ,  2024-05-05 ,utilities
  4962  ,124," $1,240.10 ",‌2024/01/07  ,  food 
5715,222," $1,976.64 ",2024-12-21 ,transport 
4497‍,443,712.56 ,07/03/2024, utilities
1589,63  ,"1,929.31",  08/25/2024,utilities
487,272 ,"‌2,349.30",2024/06/02, utilities
  3604 ,405,$1064.05,‌2024-09-20,utilities  
5083,​106,2483.13,2024-06-19,transport
3371,482 ,‌ $1657.69,02/03/2024,transport 
649,‌213,805.28, 03/25/2024  ,entertainment
‌2956,  469‍,$469.56,2024-01-14 ,‍  shopping  
4568,282,"  $2,144.69 ",  2024-09-24,utilities  
  6051  , 139  , ($336.94) ,2024/05/20,utilities
  4940 ,  46,$572.27​,  2024-11-08 ,transport﻿
‍7602,460, $487.15 , 13/01/2024 ,shopping
3833,393 ,416.30 ,2024/06/12,utilities
‌ 6726 ,192,($30.52),04/09/2024,refund
305,  145,$1824.00,2024-06-06 ,‌entertainment
 5114  ,278,32.87‍,  2024/03/12 ,‌  food  
  6189​,107,($97.26), 2024/10/03  ,utilities
  397,  265 ,359.46,2024-05-16  ,transport
6575,107, -175.72 ,2024-01-11,entertainment
 1309 ,481, 1085.52  ,2024-12-10,utilities
‍7759, 314  ,  120.43 ﻿,13/01/2024,entertainment
2771,166 ,1086.63,﻿ 05/10/2024, shopping  
7583,137, $200.41 , , food 
3920,  58  , $83.87 ,2024/12/18,food
 2054 , 31, 375.67,02/01/2024,food
3283,​433,"2,093.57", 2024/01/13 ,transport 
2981 ,  332,$803.91,2024/06/15,transport
517,457," 2,372.70 ",2024-10-26,‌shopping
2807,  461,"1,673.50",2024-03-11​,shopping
5835,219,640.07,07/01/2024, food 
5339,318  ,  $674.38  ,2024/09/21,utilities
​7046 ,  282,119.01,2024-10-28, refund
  4716 ,435," $2,198.87 ",2024/02/16,utilities
6195,312​,-456.58,10/15/2024,﻿  entertainment
 6479, 84  ,($251.52),  2024-05-30 ,reversal
8292‌,x,    ,not-a-date,entertainment
850,121,$1355.83 ,01/09/2024,food‍
4045,  325, $852.73 ,04/27/2024,‍entertainment
5825,426, $277.70 ,2024/05/24,utilities
‌142,281,251.78,05/11/2024,utilities 
​265,89  ," 2,354.22 ",2024/11/15,transport
1244,98,1633.40,2024/10/06  , entertainment
  5654​,386‌,1224.11,2024-12-18,shopping
605,410‍,$2019.56, 2024-12-11,﻿  entertainment
‍2466  ,‌ 34,$706.46, 2024/06/01 ,transport
1142,‍252, $1504.68 ‌,05/07/2024,‍food
﻿4957,‍ 240  ,753.77,  2024-12-04  ,food
  4930, 443  ‌,893.77,2024-07-30,​shopping
1974, 245," $2,421.63 ",12/09/2024,shopping‍
4767,483, $750.06   ,​2024/08/12,utilities
1,‍ 206  ,$425.27﻿,  2024-11-17,shopping
5268 ‌,450,$2137.42,  2024/06/09,transport
1905,352, 98.03,2024/11/01,utilities
8140‍,10.5  ,  ,2024-04-29,shopping
 4783, 49  ‍," 2,018.43  ", 2024-03-04,shopping​
  1039 ,401, $647.43 ,2024-07-18,food
1494,217,"2,059.89",09/22/2024,transport
  6480  ,417,﻿ -494.10 ,2024-03-26 ,reversal
  817  ,﻿ 220  ,921.67,2024/10/17,shopping
  5977,95, $926.35  ,2024/11/07,utilities
2105,236,   $110.19  ,2024/04/26,food
3823,316,240.46, 09/04/2024  ,food﻿
5210,​339,882.24,2024-08-22,​shopping
4184,421,‌1926.08,09/17/2024,‍entertainment
1207,167,1238.89,04/16/2024,  entertainment  
2869, 107  ,"   $1,042.41  ",  2024-03-04  ‍,​utilities
 3917  ,‌483,$1225.10,06/17/2024,transport
8040,  ,‍$  ,‍,shopping
​5894,110  ,"‌ 1,382.00  ",02/19/2024,utilities
 6072  ,​313,‌  -333.48  ,08/23/2024,refund
 2800  , 410  ,$1680.08 ,2024/12/29,shopping
1953‌,​206,826.04,08/16/2024,  food  
  3404  ,448,664.35,2024/06/16,entertainment 
﻿5567,  285 , $1454.52,05/08/2024  ,﻿food
4420,  21  ,‌984.31,2024/10/20, shopping 
  4489 ,394  ,  334.43 ,2024/05/22,shopping
  3455  ,‌418,$251.28,  2024-10-03,food
7096,  66  ,  $353.98 ,2024/07/13,chargeback
345,105  ," $1,762.17 ", 06/20/2024  ,‍transport
4804,117,719.86,  2024-02-03  , food  
  5066 , 94  , $958.27 , 08/09/2024 ,  food  ‌
 5032,213‍,‌ 994.58  ,2024/12/23,transport
1205,461,2395.51,09/29/2024  ‌,  entertainment
  1912,308, $391.94 ,2024/05/30,shopping
  5200  ‍,‍357,$2260.94 ,2024/04/30  ,entertainment
 2727 ,  14,2053.86,2024-01-11,‌  utilities 
2192,190,"2,437.38 ",​ 2024-04-21  ,﻿food 
461,  202 ,1241.66  ,2024-01-05,transport
2838,210,‌1401.52  , 2024-11-27 ,‍ food  
1263  ,408," 1,586.06 ",2024-09-20,  utilities
 6238 ,15,   -442.47  ,01/12/2024,  transport  
 5437, 436  ,"   $2,309.12 ‍",01/24/2024 , entertainment  ‍
  1096,280,  $528.37 ,02/11/2024,  food
5218,32,$1719.76,2024-10-26,food
1422,  495  ,  86.63 ,2024-07-09,entertainment 
  6396 ‍,354,-75.10,2024-02-19 ,reversal
6572 ,395,($90.11),2024/04/01,refund  
6526,140,-164.94,  04/03/2024  ,food  
4645,163 ," $2,170.78 ",2024-05-16,  shopping  
6801, 182  ,  -310.06  ,09/15/2024,  reversal  
825,385, $576.98 ,12/06/2024,utilities
  3603 ,399, $194.10  ,  2024-10-27  ,food 
1794,308,  $2146.18,08/02/2024,‍ utilities 
 19  ‌,40, 143.94 ,  2024-01-17,  shopping 
3945,‌54,"‍   $2,196.99  ",04/07/2024,transport
2612,130, 1025.22  ﻿,2024-04-21,entertainment
2032​,434,"1,342.78",2024-05-13,  transport
4117,157,2137.36,01/01/2024​,food
‍5285,  478 ,1445.96, 2024/08/03  ​, entertainment
2252 ,479,"1,195.95",2024/03/14,utilities
1732 ,‍171," 1,767.91 ",2024-05-14,transport
1949﻿,494, $187.50 ,  06/17/2024 ,shopping  
‍5262,‌  48 ,34.72‍,2024/09/17,utilities
 3856  ,82 ," 2,114.03  ", 11/20/2024 ,utilities‍
 2139 ,384," $2,442.87 ",2024/05/19,food​
7948  ,," 1,2,3",  2024-06-10  ,  utilities 
​834,28,$54.56‍,  05/25/2024,  shopping 
7275, 326 ,​ $206.64 ,2024-04-02,reversal
  3561, 184 ," $2,021.55 ‍",09/19/2024 ,utilities
3337﻿,222,$1083.85,  2024/03/15,entertainment
  4754 ,486‌, 1495.76 ,2024/07/03,‌ entertainment
1564,484,$2342.48  ,  2024-01-27  ,utilities
‍6049,58﻿,‍   -91.91   ,﻿2024-03-09,  reversal  
3025‍, 312 ," $2,323.36 ", 2024-01-20  ,entertainment
7125,472, 152.75  ,  2024-08-20 ,reversal
 3828 ,200, $541.72 , 2024/05/15 , shopping 
 5606 ,66,‍373.10,2024/08/16  , food 
1238  ,​477, 540.66  ,2024/12/28  ,utilities
  3052 , 364  ,$1240.25,2024-05-12,  food 
4326  ,141,"1,418.53  ", 2024/02/07,transport  
2587,76,$2101.76,2024-09-14,transport
1478, 204," $2,312.94 ",  2024-12-15 ,  utilities
2986,294‌, 132.90, 2024/05/12  ,  shopping  
1040,361, 296.82 ,  05/28/2024,shopping
2776, 465,$665.22,02/27/2024,food  
﻿4849,‌419,"2,352.26​",  01/27/2024  ,food
  2708 ,​331,​  $462.87,11/08/2024​,﻿shopping
6733,135, -222.12 ‍, 2024/06/28﻿,food
1082, 187,"   $1,436.99   ",2024-03-02 ,utilities
  5956  ,127,  $2352.69  ,  2024/12/02  ,entertainment
  648 ,50,  1622.40 ,03/13/2024,shopping
  6071,42,  -331.15  ,2024/06/28,shopping
  502  ,‌394 , $685.13 ,05/23/2024,shopping
2809,497, 898.06,  2024/03/27  , entertainment 
1620,77, 177.82,  2024/01/12 ,  utilities  
​1014, 184  ,239.36 , 08/13/2024 ,food
  4380  ,340,  $2356.48,2024/08/23,entertainment
4885,204  ,360.29,08/05/2024,  utilities 
  5878, 318 ﻿,$802.16,11/21/2024,﻿  shopping
﻿  4814,‍410,$734.07 ,‍10/09/2024,​entertainment
6329,17,-495.07,2024-02-04 ,utilities
 8173,NULL  ‍,,  2024-06-11,shopping
5683,‍  6  , $74.69 ,2024-01-03,food
3355,  367,"2,121.31",2024/10/21, shopping‌
822 ‌, 13 ‍," $1,022.74 ‌",2024-09-14 ,utilities  
‌873, 363  ,   $423.50 ,  2024-08-31,shopping
4107,30,2481.86, 2024/03/03  ,​ utilities
957,190 ,792.96,  2024-11-21‌,shopping  
​2525,441 ,  $1959.16 ,09/07/2024,food
  3915 ‍,368,"2,486.71",08/09/2024,food
 3070﻿,175,"1,847.58",2024/08/19,shopping
2008  ,493,"2,296.15",2024-06-04  ‌, food  
 400  ,338‍,667.73,2024/12/11, utilities
​6729,291,  ($376.23)  ​,2024/06/04,  transport
1844,309, $943.66 ​,  12/19/2024  , entertainment  
7121,11,  134.73‍,2024-12-21,‌chargeback
5817, 193 ,‍   $563.91 ,2024-02-22, shopping 
2206,﻿  179  ,"1,256.96",﻿  2024-11-06  ,‍  utilities 
 2434 ﻿,141,"  $2,456.75  ", 2024/02/18  ,transport  
‍6052,‌415,($4.59),‍08/15/2024, shopping  
﻿ 5999 ,453,549.76, 2024/06/26  ​,transport
5381,259‌," $1,077.47   ",‍2024/03/05,utilities
4831,394,"2,395.01",2024-05-15,  food  
7420,  32 , 380.76 , 2023-12-31  ,utilities
4192,124," $1,879.20 ",2024/11/13,transport 
  3704 , 33‌,1699.01,2024-04-19,entertainment
​8138,x ,abc ,2024/14/01  ,‌food  
3496,  486," 2,055.65  ",11/25/2024﻿,transport
4797  ,385,"  2,488.92​",2024/05/17  ,  utilities  
  5460​,160,1962.27,  12/18/2024,transport
1918, 277 ,1553.72,02/22/2024,food
 1638  ,347‍,"​1,666.54",2024-03-01, utilities  
﻿1896, 456  ,$827.42,2024-04-16,entertainment
6853,  180, ($106.16),  2024-07-09  ,  reversal  
6926  ,410,   $50.44  ,2024/02/11,chargeback
5892,​ 236  , $373.46,07/12/2024,shopping 
  832 ,95,"2,115.41",  12/14/2024 ﻿,transport
  7626‍,426  , $298.03 ,13/01/2024,food
﻿4923,  330,$1393.41,2024-11-28,utilities
2430,214,"2,095.18",  02/11/2024, food
4520,‌107,‍979.01,​06/03/2024,shopping
7897,54,$447.83,2025-01-01,‍entertainment
  4535,63 ,$1851.72,  2024-01-05  , shopping
37,64, $575.43 ﻿,  2024-06-30  ,utilities
292,251,"​1,427.44 ",2024/07/01,  transport 
711﻿,217, $981.30 ,2024/07/06,food
  4086,261, $265.65 ,04/29/2024,  utilities  
2211,209,‌1734.55,2024-09-24,‌entertainment
 1500  ,293  ," $1,029.57 ", 2024-05-24,entertainment
﻿ 2427,206,632.50,2024/09/10,entertainment
3348,‌216, $595.55 ,‌2024-08-03,‍food
1554,  212  ,$1672.15, 07/17/2024,transport
4342, 455  ,$647.19,2024/08/31,entertainment
2718  ,12,‍ $477.28,2024/09/02,shopping
4374,121,  $469.11  ,07/18/2024  ,﻿utilities
6073,27,($37.52),02/15/2024  ,reversal
4563‍,245,$215.92 ,01/17/2024,  utilities  
1092,﻿427,"  $1,415.88   ",03/23/2024,entertainment
5348,394, $92.95,‍2024/07/24,food​
845,215,1229.01,2024/12/19,‌food
  2497,  452  ," $2,068.90 ",​  2024/07/19  ,food
2842,265,"   $1,506.16  ",2024/03/15,utilities
7454,484,$70.00,2024-02-30,food
4724,310,‌$1453.94,11/24/2024﻿,shopping
719  ,  405 ,"1,611.70  ",08/04/2024,‌food
  225  , 190  ,703.62﻿, 05/07/2024 , food 
6070,166,($222.22),2024-08-18  ,shopping
296‌,487,"   $1,240.32  ",12/19/2024,entertainment
  5147  ,  271  ,  1065.37 ,2024/11/29,shopping
 5290​,  84 ,$163.22​,﻿2024-08-28,transport
  7356  ,310, 277.98 ,04/26/2024,reversal
  8189  ,x,NA,  2024/08/07 ,﻿entertainment
4250,  15,$1206.97,2024-09-10,transport 
1498,36‌,754.52‌,﻿  2024/08/31  ,shopping‍
3607,179,635.59,11/23/2024, entertainment﻿
3498,61,"​ 1,073.88  ",2024-02-20,transport  
 4405 ,﻿208,$750.38 ,2024-03-26, food  
277,174,"  1,088.68",05/24/2024,  entertainment  
5678  ,82,2204.00,‌03/10/2024,‌entertainment
507,193,  $1502.54 , 08/31/2024,﻿shopping
4398,411,$540.58,  2024/09/05​,food
5928﻿,  435  ,$1603.84,10/14/2024,  transport 
2030,430,​2381.68 ,2024-11-26,entertainment​
5380,  69  ‌,"​ $1,611.23 ",​2024-06-08,entertainment‌
‍  5005 ,36,$2479.25,2024/04/17,transport
2328,﻿374  ,  1501.44  ,2024-03-01,  transport‌
 2630  ,315,565.62‌,2024-08-22,‌  transport  
7149,​298 ,  $305.96 ,06/30/2024  ‌,  chargeback 
4100,263," 2,318.36",08/19/2024,food​
  2035,291,$2295.45, 08/24/2024 , food
1984,272‌,610.44,2024-06-02,​transport
2420,﻿431,$527.63,05/08/2024,‍shopping
  1700,‌171 ,$2106.08,2024-02-23‍,shopping﻿
2103‍,  188  , $264.29  ,2024/03/22 ,  food  
‌7288, 25  ,317.98,  07/14/2024  ,  chargeback  
6779,115,‍($251.75),2024-12-19,chargeback
7771‍,404  , $409.52 , 2024/14/01, utilities  
7693,50,   $366.09  ,2025-01-01 ,food
4984,32," $1,851.17 ‍",‌2024/05/27  ,  food 
  5108  ,158,‌$786.37,2024-12-11,​entertainment 
4269,462 ,1318.54  ,2024-12-18, entertainment  ‍
﻿ 6019 ,87,($158.08),‌ 2024/01/04,entertainment 
3431  ,326,"1,073.67  ",2024/12/06,food
2688,83," $2,077.79  ",2024/05/31,entertainment
3336, 349 ,"1,940.04  ",2024/05/09,entertainment﻿
 7384,343,  498.56,2024/04/14,refund  
‍6115,‌ 395,  -401.53  ,2024-07-15 ,entertainment
‌1437 ,92  ,64.73,2024/07/23,shopping  
 2296 ,335,$1989.30,‍  02/06/2024,​  transport
5361 ,﻿230,485.05, 2024/06/01 ,transport
5708,​ 446  ,‌ 1774.90,07/15/2024 ‍,utilities
7658, 436  ,‌88.17,2025-01-01, food 
  2709 ,420,1549.38,2024/11/25,entertainment
1362, 138,"2,472.50",  2024/07/22,﻿shopping
5452,216,$185.71,‌2024-08-15,food
5246,119,1624.93﻿,2024/04/14,transport
7984 ,NULL﻿,  abc, 2024/07/09 ﻿, food 
 321  ,‍238,  $359.30  ,  2024-03-26,food
4160,209,$1952.63,02/24/2024,utilities
2381,307,1573.80,  2024/03/26  ,entertainment
﻿637,  219  ,160.36‍,2024/04/05,food​
8210  ,‍10.5,"1,2,3 ", 2024/09/11,﻿shopping
7937,‍10.5, NA,13/01/2024,entertainment
1522, 439  ,"​1,701.17",2024-08-12,  entertainment 
7353,368,‌   $305.83  ,12/17/2024, refund  
1644,124,$461.63,  06/30/2024 ,shopping
7180,188,‍ $310.25 ,2024/03/29,chargeback
1598,‌ 325,"2,193.65",  01/11/2024 ​, entertainment
5185  ,  213," $1,193.95 ",09/18/2024, food  
1101 ,91, $1327.61,2024-12-04  ,  entertainment 
6465,450,($435.56),09/29/2024  ,utilities 
2369,175,"‌ $1,704.86 ",‍2024-04-18,​shopping
8013 ,10.5,$,  2024-04-29, shopping  
2729‌,  369  ,"​1,546.70",  2024/07/07,food
3673  ,‍116," $1,318.19 ",11/30/2024, utilities 
‌ 4600  ,162,"1,549.98",2024/06/26,shopping
3582,189,‌  $75.63  , 2024/02/24  ,shopping
  4275 ,﻿ 210  , $643.31 ,2024/04/12,‌food
2773,  261, 2341.11,04/02/2024, entertainment  ﻿
1590,191,$1587.30,‍ 05/16/2024 ,entertainment
2483, 112 ,‍693.14,  2024/09/19 ,shopping
  1200 , 244  ,$1256.90, 2024/05/01 ,transport
  4082  ,﻿  86 ,1146.88,2024-05-22,entertainment 
6543,  272, -52.46 ,2024/10/24  ,chargeback 
  5560  ,487  , $176.89 ,2024-09-03,transport
4883,​60  ,"2,028.59",08/04/2024,utilities
6812,134,-417.68, 2024/06/14,entertainment
5730,97,274.93﻿,06/10/2024,food​
2248,454  ‍,1970.58,  2024/07/26  ,food
7592,169,$34.95,  2023-12-31,utilities
3113,  186 ,  93.29,2024/03/09,food
3775, 10 ,"2,327.79",2024-02-21 , entertainment  
  8078  ​,NULL,None, ,‌entertainment 
45,‌267  ,1212.37,07/25/2024, food ﻿
5323,21," 2,324.68  ",2024-04-25  ,entertainment
6807,4,  -472.51   ,2024-01-06,reversal
6140,170,($434.34),2024-10-28​,refund
6144,  299  ,($265.11),11/26/2024,reversal
﻿1752,219,  476.82 ,‍2024-07-12,food
​  2922, 60 ,$1388.27,2024/01/01  , shopping 
  1018  ,141 ,$1835.28, 01/21/2024  ,entertainment
7929  ,x ,abc,  2024-02-30 ​,utilities
6339,132, -225.29 ​,2024/12/22,​utilities 
2140, 373  ‍, $38.92  ,2024-12-12,  shopping  
4812,462,2420.54,  12/07/2024 ,transport
3388,  317‌, 634.47,2024-07-10,‌transport
1539 ,387,$1066.38,  2024-09-04,food
641,456,$658.54,2024/09/28‌, transport 
177,  253  ," $1,192.99 ", 03/22/2024 ,utilities‌
 823  ,40,  773.01  ,  2024-04-15,﻿utilities
5646,  148 ,  2241.47  ,2024/01/26, transport 
‌2527,193, $614.94   ,08/01/2024,entertainment  
8095,  NULL ,"​1,2,3", 04/03/2024  ,​entertainment
  6706 ,259 ,-338.75 ,2024/03/27,  utilities  
3886,  428,953.02 ,09/30/2024,  transport 
‍2233,65,1425.56,03/09/2024,food
1841﻿,  339,$2351.79,  09/28/2024,food
‍ 6672,395,  ($437.03)  ‍,  2024-04-08 ,refund
5855,486, $857.46 ,2024-04-11,shopping
6050,7, -256.64  ,08/13/2024,‍refund
‍927,337,  1199.22 ,  2024-10-16 , utilities  
‍  1059,182  ,  $2135.39  ,2024-01-05  ,shopping
 848 ,81,$1039.66,2024-10-22​,transport
3497,233,"1,639.79‍",05/28/2024,shopping
2063,306,977.18,2024-05-05,transport
3504,​433, $1247.67  ‌,2024-04-11,‍  entertainment 
  5302,77, $378.59   ,2024/04/16  ,transport
3178 ‍,  28  ," $2,360.73 ", 2024-12-20 ,  food ​
1981,232,$866.09,02/17/2024,food
  160  ,324,1923.65,﻿ 2024-12-30  ,entertainment ​
 7659, 168  ,﻿$36.68,  ,‍utilities
  594,497,  385.64  ,2024-06-10 ,‍food
274 ,206 ,$506.45,2024-03-27,food
  5327,107,  382.40 ,2024/06/12, transport 
354 ,4, $1711.99 ,2024/12/29  ,utilities
 536, 245,2243.30 ,2024/01/12,transport
894,180,"2,134.00",​  03/24/2024  ,entertainment
7889  ,389﻿,124.72,13/01/2024,food
 3904 ,  338,  139.29 ,2024/06/08,shopping
‍4739,210,"2,064.55  ",‌  2024-09-03, shopping
  2287,  309  ,"​ $1,721.17 ",03/04/2024,  shopping‌
5797, 119,910.59​,‌  2024-01-08 ,  food  
1255,196,  1872.62,2024-04-17,entertainment
 6270  ,98,($407.72)  ,  05/21/2024 ,utilities  
104,448,  1868.43  ,2024/11/14,﻿food
8278 ,   ,   ,2024/14/01,transport
2549,406,1229.17,2024/09/26, utilities  
5736,121,$1804.51,‍01/14/2024,entertainment
5710,450,$1539.30,2024-08-20,shopping  
7195,431,‍ $134.10 , 05/25/2024,chargeback​
​5562 ,151,$592.62,07/14/2024‌,entertainment  
3671, 46  ," 1,687.19",05/09/2024,food
  4034,458  ,$1381.07, 2024/01/05,transport
  5689  ,  258  ," 2,408.50 ",2024-06-04,‌transport
5491,‍451,614.38,2024-11-20 ,entertainment
1750,  310,241.02,2024/04/08, utilities 
 2597  ,294,1298.68  ,02/01/2024,transport
6563,﻿156,-226.55  , 04/26/2024,reversal​
4429﻿,121, 436.16 ,09/18/2024, entertainment
 7838 ‍, 458  , $361.11 ,2025-01-01,utilities
3062,12,"1,216.20",  2024-07-10 ,  shopping​
 7361  ,485,36.44,﻿2024/02/23, chargeback  
  4409  ,359,$220.26 , 2024/11/06 ,  utilities  
3956, 30  ,365.41 ﻿,10/23/2024,shopping‌
​6423,330﻿, -145.58,2024-10-31 ,transport 
  207  ,76  ,"2,111.75",﻿2024-04-02,transport
‌7006, 43  ,134.36,2024-10-09,reversal 
2680,275,"​1,059.73",2024/05/25‌,  transport 
6286,248,﻿($29.97), 2024/02/10 ,utilities
3177,179,"  $2,448.38   ", 06/06/2024 ,transport
​2837,‌ 43 ,  844.83  ,2024/12/05,entertainment
6444,372 , -405.07 ,2024/06/11,utilities
  1045‍,376, $188.19  ,2024/05/07, utilities 
5792,3 ,"  1,863.57 ", 2024/09/06  ,shopping
  7174,  452  ,$39.74, 2024-11-05  ,chargeback
‌2333,135,"‍ $2,187.85 ",2024/09/01,  shopping 
1661,34 ,"​  1,318.93 ",2024/07/26,​  food 
187,140,‌$990.01,03/20/2024,transport
2077,228  ," $1,505.75 ",2024/10/14,shopping
﻿  1542,367,‍$1060.92,2024/02/05  ,utilities
2592‍,156​,"﻿ $1,684.04 ",2024-12-17, shopping 
269,‍ 130 , $368.00 ,2024-12-04 ,food
3731  ,253,  512.75  ,2024-03-01,entertainment 
6773,87,   -97.83 ﻿,  06/07/2024,food
‍3381,​102,167.95,05/12/2024,shopping
1725,268,782.10, 2024-10-12,entertainment
2136,313,780.87,2024-07-21  , shopping
7706, 410 , $248.52  ,2023-12-31,  entertainment  
8229 ,10.5,"1,2,3",02/02/2024  ,shopping
1434,48,763.98, 2024/01/05  ‍,transport
3034,329,"1,662.91",2024-02-07 ,food
‍  2652  ,  386 ,1280.79,  01/26/2024 ,shopping
4324,495,"1,082.95",​02/04/2024, shopping
2356,﻿117,$1532.19​,2024-03-21,transport
3707  ,118,914.52,﻿2024-12-29, utilities  
6246,465, -493.08 ,2024-11-09,entertainment
1237  ,‍110,$911.30,2024/05/08,‍ transport 
7977,9999,"1,2,3",2025-01-01,utilities﻿
  7464  ,232​,  148.69, not-a-date,shopping
5206,303,"2,109.54  ",  2024-02-11 , entertainment 
﻿7067 ,295,453.13,11/18/2024,  chargeback
6712,389 ,($108.35),01/05/2024,shopping
3007‍,279," $2,166.09 ",2024-04-03,transport﻿
4001,208,1896.06, 2024-06-15  ,shopping
  6571,11, -346.61 ‍, 2024-11-18  ,chargeback‌
3098,226,956.70,  2024/08/05 ﻿,entertainment
﻿ 478 ,335,$818.82 ,​2024/04/27,﻿  transport  
  2175  ,423,$448.21,10/31/2024,entertainment
4900,﻿307 ,$300.27,2024/04/23,​shopping
2939,89,$708.04,2024-10-08,‌entertainment
5284,140,320.79﻿,‍ 2024-10-26  ,  shopping 
 4413,65,$1620.60,  07/06/2024  ,​  entertainment
 3450  ‍,110,"2,276.16‍",  2024-03-08 , shopping  
2099,33,$1236.60,10/18/2024, entertainment
8108, 9999  ,abc,2024/05/10, transport  
 5963  ,457,$1428.17,‌2024-10-09,entertainment
3096,77, $1949.22  ,11/16/2024,food ﻿
 2346‌,51,941.36,​ 2024/11/28  ,shopping
 6126,​33,  -256.44 , 09/08/2024,food
2047,403,881.49  ,03/13/2024 ,food
  4901,171," 1,611.82  ‌",2024/03/02,utilities
 5320, 467, $216.39 ﻿,2024/04/29,﻿ entertainment
289, 106 ,"2,279.43 ",‌2024-12-22,food
‌6569,  185 ,($402.16),‍2024/08/25, reversal  
5547, 346 ,‍$1314.33, 2024/06/17 ,﻿transport
449,391," $1,928.56 ",2024-04-08,transport
‍  3906  ,​200," $2,428.10 ",2024/02/10,  transport
7980,​  10.5 ,NA  ,09/07/2024,entertainment
  7516  ,259,$70.20,,food
1754 ,398,$551.40,2024/10/17,transport
  3968  ,​ 410 ,"‍ 2,318.03  ",  2024/03/27,utilities
3960,221, 676.81 ,  2024/03/02  ,utilities
1136,114,"2,388.40", 2024-02-24 ,  utilities  
 8109  ,10.5,None, 10/07/2024  ,‍entertainment
  1286, 258 ,$427.02,04/03/2024,utilities
5495  ,390,$1182.50,2024-12-06,  utilities  
5634 ,﻿ 185  ,  779.21  ,2024/02/07,shopping  
 1046,478," $1,167.48 ‍",2024-06-12, shopping  
﻿ 5030  ,373 ,"1,869.58",‍  2024/02/09  ,shopping
 6377,452,  ($400.52),2024/06/18,reversal
4784,246," $1,278.58 ",  2024-06-30,food﻿
2437, 310‌,986.02,2024-09-06,​ transport  
  6586  , 142,  ($452.96),  2024/09/24  ,food
5178,109 , 958.90  ,﻿2024/10/09,​ shopping 
5868,295, $565.37 ,​2024/04/02, shopping  
4233, 193, $225.63,01/24/2024,entertainment
2906  ,190,86.33, 12/09/2024  ,entertainment 
2658, 199‍,"1,066.14", 2024/05/15 , shopping  
470,‌32,456.44​,  2024-10-09 ,shopping
  4462,  247 ," $1,974.46 ",2024-08-30,transport  
1899, 214 ,  $1727.06  ,‍ 02/11/2024 , food
4852 ,418‍,$1972.25,11/15/2024,entertainment  ​
4051  ,135," $1,702.59 ",2024/04/03,entertainment‌
6319, 234 ,($64.41) ,2024-11-18,entertainment
6849,311, -488.73 ,﻿ 2024-11-24 ,entertainment
1565  ,‍84 ,$1358.80, 2024-12-06  ,food 
5119,214  ,$1406.22,2024/11/14‍,shopping
‌3533 ,413,$326.16,﻿  11/01/2024 ,entertainment
2720,244,49.48, 01/10/2024,entertainment
768,207 ," $1,211.07 ",‍  02/10/2024 ,shopping‍
 6441 ,346,﻿ -438.64 ,2024-09-04, transport  
﻿  8193 ,NULL,,13/01/2024,entertainment
4667,  94,"  2,225.25",  2024/12/26,  transport  
 7373 ,142,191.64,2024/02/24,​  chargeback  
7290 ,163 ,‍69.63,​2024-09-07,refund‌
4582,‌ 354  ,"1,455.69",‌2024/02/03, shopping  
5844  ,  438  ,"1,121.12",05/04/2024,shopping​
6922,365, $416.98  ,​12/25/2024,refund
3148‌,266﻿,  936.93  ,2024/06/16﻿, entertainment  
5893,327," $2,103.97   ",  11/02/2024,transport
7117,288,  59.64  ,08/13/2024,  reversal  
3596,424,$952.51,2024/07/05,‌transport
3816,317 ‍,"  $1,320.07  ", 09/29/2024,transport 
5231  ,​469,"‍  $1,040.04 ",‌2024-09-23 ,  transport
3128,﻿  400," $1,918.19   ",2024/08/02,food
3077,362, $85.08 ,  06/16/2024  ​,transport
  925 ,26,"2,243.44",2024/07/28,shopping
8252  ,x ,‌abc,2024/14/01,entertainment
689, 447,$1512.10 ,01/16/2024,food
 6363  , 183 ,($375.55),2024/01/21,refund
229,‌94,"  1,912.08  ", 2024/03/19,transport
 1915  ,  246 ,﻿ 421.66 ,2024-11-12,﻿shopping
3262‌,23,  $1176.12 ,2024/08/20​,shopping
3181,52  ,$1680.33,08/28/2024, food
 1003  ,195, 400.04 ,10/24/2024  ,shopping
7719,470  ﻿,$390.98﻿, 13/01/2024 ,entertainment
 1714 ​,414,$432.09, 2024-12-27,  entertainment
6629‍,  52, -369.07  ,11/03/2024,utilities
 3469,492  ​,‍  $1590.04 ,01/07/2024,utilities  
﻿2669, 107,$332.17,﻿2024/10/01  ,‍utilities
8221,9999,"1,2,3",2024/05/09,transport
72  ,133,1115.82,2024/04/30 ,food 
7708‍,  329 ,177.44,2024-02-30  ,entertainment  
1477,172,‍$1307.17,11/22/2024,﻿entertainment
1432,﻿  342 ,$938.36, 03/10/2024,‌food
​ 6402,‍416, ($474.41)  ,2024/12/09 ,﻿  entertainment  
  5973  ﻿,387‌,1474.63,  2024-02-05  ,shopping
3060﻿,413,173.99,  12/29/2024  ,  transport 
 1072,49, $145.28  ,‌2024/08/28  ,food
3428 ,298,  $331.84,  2024-04-12  ,transport
2085,4,1601.97,  2024/11/13  , utilities  
8082‌,NULL ​,abc, 2024/04/18  ,entertainment
 6223 ,166 ,($249.99),2024/12/10  ,chargeback  
﻿ 1577  ,158,501.10,2024/06/13,food  
54,  325," $1,889.77  ", 2024-07-21,transport
365,188,903.10,2024/09/17,utilities  
3342,  185 ,  465.67,  06/28/2024,utilities
2088,230,"   $2,435.90   ",03/30/2024,  transport  
2303,302,‍  $2235.18 ,2024-08-20,‍entertainment
3321, 305,  906.44,10/24/2024,transport
1139﻿, 81  ,"2,151.50",05/26/2024,shopping 
1462,  435 , $234.36 ﻿,04/30/2024,​  utilities  
4992, 341  ,$590.57, 2024/08/29,transport
7617,443, $378.57 ,  2024-02-30  ,  utilities  
5596,186,920.80, 2024-10-16,entertainment
  1507 ,  136,  $427.96 ,2024-09-05,food 
  3600  ,  104 ,‍ $812.30 , 2024-07-17 , food
4781,485,  1993.43  ​,‌2024/09/23,transport
3420,360, 704.37  ,2024-03-02, food  
4969,83,672.07,﻿  2024-12-29,utilities
6678,38  ,   -25.14 ,  2024/08/10,reversal 
6240,226,  ($274.01) ,‌  2024-11-28,refund
  4815 ,﻿ 350 ,$1467.09,2024/12/20, shopping  
6548,  86, -138.18 ,04/28/2024 ,reversal
5546,335," $2,231.16 ",2024-08-21,  food 
3280, 445  ,"  2,306.67",  02/29/2024 ,​ entertainment 
4558,​145,913.62 ,  2024-03-13  ,entertainment
 1528‍, 406 ,$654.49,  01/14/2024 ,shopping
7963‌,  ,  None,2024/06/17,  food
 4437 ,  14‌,1750.09,  05/18/2024,shopping
  4842,304﻿," $2,477.50 ", 2024-11-26  ,food
 5019  ,253,﻿$1258.71,2024/02/19,food
  5515 ,187," $2,096.47 ", 2024-02-25  ‌,​shopping
2638,  192  ​,81.51,2024/05/06,  utilities 
1384,100  ,265.28,2024/08/14,  shopping 
7109,127,340.91,​2024-02-16,﻿reversal
8122,,  ,not-a-date,shopping
 4087, 210,2226.27,2024-05-30,utilities
 7064  ,  461,172.11  ,2024/06/08,chargeback
7035  , 304 ,$368.03 ,2024-05-12,chargeback
785 ,431,​2252.65,2024-09-20, transport
1421,296,​$1778.57, 08/10/2024  ,food
6958,162, $173.55  ,02/03/2024,chargeback‌
3795,213, $891.46 , 2024/06/20 ,food
3352,426,"‌ $2,104.73  ",2024-06-26‌,entertainment
 7982  ,10.5‌, NA  ,﻿2023-12-31,food
3570,‍270,"‌ $1,464.41  ",04/03/2024,entertainment
​151 , 9  ,"‍2,468.53",2024/01/28 ,transport
1261,  219,$118.34,  2024-01-06  ,entertainment
2095 , 193 ,66.35,2024/05/23  , entertainment 
 2740  ,‍488,877.89,2024/03/15,food
 5555  , 500  ,"1,798.62",2024-08-13,entertainment
6692,116,﻿($88.01),2024/06/25,chargeback
2141,​451,1537.50,11/23/2024​,transport
5382,200,"1,167.82",2024/12/25,utilities
4444,407,"  $1,953.60  ",2024-04-02,shopping
  6954  ,﻿321,‌$13.50,11/03/2024  ,  refund
7428‌,189, 460.23  ,not-a-date,utilities
5104,8‍,$2137.74,12/25/2024, utilities  
  3079 ,161﻿,1504.32,04/02/2024,food
​ 4825  ,459 ,"   $2,372.65  ",2024-09-22,﻿utilities
4755﻿,27,933.86,06/20/2024,utilities
3950,209,  2118.92, 05/01/2024 ,﻿transport  
  6268 ,355,-236.38,  04/09/2024, food
  3824  ,328," 1,219.32  ", 05/25/2024  ,​  shopping
6929,​353,​$60.91,2024-01-14‌,chargeback 
‍  5217  ,285,"‍ $1,913.15   ", 2024/05/28 ,food
  5527 ,﻿ 440  , $1633.50 ‌,2024/06/02,shopping
3669,  175 ,$1869.36  ,2024-03-26, transport 
1939 ,  484  , $264.50 ,01/27/2024,﻿shopping
6011,185,-86.12,2024-10-05,entertainment
4388‌,93, $1390.09,2024-10-07,  utilities 
 7445 , 389,422.97,2025-01-01,  entertainment
6077,56,($6.98),08/04/2024,food
 3268  ,​  467," $1,115.97 ",2024-08-04,shopping
 5304,38,2100.38,2024/02/29,food​
182,231 ,﻿$25.46,2024/08/21,food
7502,301,128.10,not-a-date,shopping
 8001,10.5 ‌,"1,2,3",    ,‌transport
  1125  ‌,150,995.65, 04/11/2024  ,shopping
8283  ,,,  not-a-date, entertainment
6912,459,$376.79,2024-05-31,  refund 
  8106 ,x  ,$,  2024/14/01‌,utilities
1095,309,$2266.56,﻿2024/01/01,transport﻿
3499,268,$2188.40 ﻿,2024-02-19, food  
4737,469, 2202.43,09/29/2024,utilities
4270,304,‌$136.69,05/20/2024,‌shopping
﻿326,‌329," $1,673.95 ", 2024-02-06 ,shopping  
  3340 ‍,‍473 ,1854.78,﻿03/16/2024,entertainment
​5271,433," $2,463.71   ",2024/03/08  ‌, transport ​
  549  ,  260  ,"1,578.59",2024/07/31,shopping
6009,  255 ,﻿($179.19),  04/30/2024,food 
‌2860  ,​406,$762.37,07/05/2024,transport
4129,​  251,2347.21,2024-12-07,‍entertainment
  2570 ,466  ,"1,813.16",  2024-03-27 ,utilities  
  2205  ,233,  1741.95,2024/06/28,food
6413,455,($28.53),12/28/2024 ,utilities
 5329﻿,92,$923.81,  2024/08/04  ,utilities  
  3799  ,‍405,$1375.79‍,2024/11/26,entertainment
 2604 ,  11  ,‌1366.01,08/26/2024  ,food
 7093  ,130,‌  80.71 ,﻿2024-05-08 ,chargeback
4123,  237  , $957.07  ﻿,2024-08-23,transport
  4735 ,​ 8,"2,372.45",09/12/2024,utilities
‌ 8222,x,  $  ,2025-01-01  ,‍  shopping  
 7147  ,247,‍ $17.67 ,2024/05/03, chargeback  
983,  176,600.95,05/02/2024,transport 
3654, 228 ,1419.05,﻿2024-10-26,​  utilities 
  4589,‌57," 1,982.94 ‍",09/08/2024,food
5968 , 461  ,‍ $1273.85,  2024/01/08,transport
353,140  ,"  $1,666.67   ",  2024-04-04  ,  shopping
3750  ,307  ,"​1,423.17", 2024/01/09 ,  utilities 
2034,‌473,"1,991.60",01/16/2024,  utilities
7072,344, $264.14 ,  06/12/2024 ‌,﻿chargeback
 1499,22  ,$635.91,2024/04/03,entertainment
3059,  197,$1159.16, 2024/01/13‍,food
 914, 115,1824.35,12/25/2024,transport
  545 ,​454,2113.46 ,2024/12/21,‍  transport 
3490,4,836.22, 05/30/2024  ,utilities  
‍  8187,   ﻿, NA,2024/14/01,transport
3724,190﻿,$893.37,‍2024/10/01 ,  food
 1655  ,231,  1536.35 ,2024-05-31,  entertainment
5535,383,$1648.33,2024/06/29,entertainment
5768, 471‌,  1303.77  ,  2024-04-23  ,transport 
5861,  273,$610.35,2024-01-03​,transport
3657,130,  149.66 ,2024/08/27,  food
  7186 ,46, $195.24 ,  2024-11-09,  reversal
6960,392,$301.04﻿,06/06/2024,refund
  6784  ,259,-317.78, 2024/03/22 ,﻿utilities
4368,211,643.51,2024/06/06, transport
 7975 ,x,"1,2,3",2024-02-30,food
695 ,324,  2445.75  ​,03/25/2024,food  
3813,‌  88,  2317.68,﻿2024-07-31,shopping
437,262,​$565.32,2024-04-02  ,‍  utilities
​  3206  , 250 , $675.72 , 2024-02-13, food 
  837  , 10  ,$36.14,  06/05/2024,shopping
‌  2823  ,469, $505.18 ,09/10/2024 ,​food
  4827  ,261,678.55,12/12/2024 ​,  utilities‍
﻿ 5910  ,  41," 1,493.90  ",2024/08/03,transport
 3708  ,2,​425.94,2024-10-16,transport ‍
4908,  18,172.66​,﻿06/19/2024,entertainment
1665,149," $1,172.34 ", 2024/05/25,food
  355  ,277,47.74,​  2024/04/26  ,food  
8196,‌NULL,,2025-01-01,  shopping  
 2593 ,220,"  2,042.90  ",2024/08/30,utilities
3630,466,"﻿ $1,761.32 ",2024-02-16,food
 3061  ,314,1784.90,2024/01/20,shopping
7640,‌  46  ,339.94,2024-02-30,transport‍
7775,252,‍495.37,‌ , food
2792,266,​  51.28  ,  2024/08/14  ,  food 
985,  331  ,$2002.98,2024/12/23,  transport  ﻿
  3152  , 210  ,715.77,2024/03/07‍,shopping 
6152,245, -272.06  ,08/09/2024,transport 
7524,360​, $272.85 ,  ,food
3082,265,$1905.76  ,2024/01/02,‌shopping
4072, 386,‌1350.02,03/21/2024,entertainment
  5118 ,416,"‌   $1,680.32 ",01/29/2024,transport
 464  ,486,"1,979.77",2024-08-06,transport
7534  ,484, $331.56, 13/01/2024,transport
​8104 ,NULL,12..34,2024/14/01,transport
989,176,‍620.41,06/30/2024 ,food
5573,106," $1,362.10 ",02/16/2024  ,transport
‌ 2846  ,151,1112.80,2024/04/20,entertainment
‍1907,  56  ,​782.03,2024-05-16,  transport
2560,84,$2265.63﻿,2024-04-04,utilities
 1189, 228  ‌,  76.27 ,2024-02-18,transport
‌5651,71  ,‍1063.31,09/20/2024,food
﻿2108,210 , 243.50  ,2024-11-30,food
  8257 ,9999﻿,NA , 13/01/2024 , transport ‍
6547,155, -324.01 ,2024/02/05,  transport  
7391,313 ,$19.62‍,06/02/2024,reversal
3537,  416 ,$1691.31,2024/03/14 ,utilities
5415​, 320, 1690.66  ,06/20/2024,shopping
4311,  92,$881.14,2024-04-22,entertainment
2163,48,‌137.91,11/21/2024​,food
5918  ,330,2413.05 ‌,01/08/2024,transport 
4507, 180 ,$325.97,2024/08/21,transport
2199,124,  1436.55  ,11/29/2024,food
4030,341,87.33,09/10/2024,utilities
7890  ,‍  162  ,‌492.10,not-a-date‌, utilities 
1605,258," 1,062.25  ",2024/09/20,‌entertainment
4540‍,135, 572.07,04/10/2024,transport
8037,NULL,$,2023-12-31,transport
5784, 315  ,"1,718.79",2024-05-14,‌shopping
2712,  403,﻿  1780.78,2024/06/24,  food
  2523 ​,  62 ," 1,013.04  ",2024-04-06,shopping
  3642  ,81,"  $1,111.97 ",2024/08/28,  shopping  
  4785  ,52,  259.52  ,04/13/2024,entertainment 
34,​139, $2490.99‍,  06/04/2024,utilities
  6982,  195 ‍,$127.28,07/05/2024​, chargeback 
2643, 424  ,$53.84  ,04/05/2024,entertainment‍
 842,477, $568.46 ,2024-08-14,food﻿
2360,469,$1159.84, 10/01/2024  ,  utilities
‍3104 ,298," $1,815.12 ",2024/10/26,entertainment
6016,  236 ​, -438.78   ﻿,2024-03-14,shopping
 6870 ‌,  479,   -325.48 ,12/23/2024,utilities
4881,244,1248.41,2024/11/08,​shopping
‌  999,  228 ," $2,018.90  ", 2024-08-28  ,shopping
332,299 , 2426.42  ,​  2024/04/10  ,food 
5429,336 ‍,  263.60 ,  12/18/2024  ‍,shopping
359 ,42,$126.29,2024/05/25,‌food
2928,327  ,﻿303.83, 2024/04/28,  utilities  
2959 ,241﻿,$259.91,​2024/10/04,transport
379‌,77‍, $1873.80,  08/29/2024,utilities
 3155  , 149 ," $1,852.75 ‍",05/26/2024,transport
5884,﻿70,$1035.39,2024-05-24,‍ entertainment  
7799,434,25.29, 2024-02-30 ,  shopping
‌ 2024,  82 , 79.80 ,05/26/2024, transport
6685,258  ,($134.90),10/26/2024,reversal
2946,118,﻿$1031.34,02/01/2024,utilities﻿
1691,  211,"﻿ $1,804.60 ",06/11/2024 ,shopping
 1284 ,287,​$2369.03,2024/04/13,‌transport
‍ 7973, 9999 , , 2023-12-31  ,food 
2769,299,  1772.94 ,2024/12/02,​utilities
6308,‍193,($205.40), 2024-06-11  , transport  
5374,313‌,"  $1,992.45   ",  07/25/2024  ,entertainment
7268,﻿89,9.35,​04/06/2024, refund ﻿
2208,  421 ,  $989.19   ,01/01/2024,shopping 
1028,380," $1,535.56 ",‍  09/26/2024 ,transport  
 4894,81," $2,281.87 ",2024/12/25,food​
5427, 154,﻿280.42,2024/08/07  ,entertainment
3324 ,196,  $1357.68,‌2024-05-09,food
 6171  ,481 ,​  -370.52  ,08/06/2024,  chargeback  
7264, 396,  43.86,2024-12-11,chargeback﻿
  1318  ,234  , $1028.15  ,09/15/2024,  shopping  
  774 ,​229,"   $2,280.98 ",  2024/02/20  ‌,  shopping  
‌  7242 ,  290 ,209.06,2024/03/19,  chargeback  
 5752  ,261 ​,1061.82,2024/09/11,entertainment
2606, 69 , $695.61,08/06/2024, entertainment  
7208,410, $338.30 ,‌2024-04-26,refund﻿
‌7229,492  , 289.30,  2024-05-22,chargeback
491,173,  3.10​,  2024-10-17  ,‌transport
1310,184,"   $2,225.52 ",2024/11/02,‍ utilities  
 5847, 100,‌$1718.99, 2024/06/14,transport
2185, 451 ,"﻿ 1,348.99  ",​2024/02/25,shopping  
  2480,89,‌460.77,2024-01-04,﻿food
7299‌,466,$183.49,  2024/10/23  ,refund 
8245,NULL, 12..34,2024/14/01,entertainment
4859  ,  375  ,2201.73‍,12/29/2024,utilities 
7108  , 465 ,66.88,04/14/2024  ,reversal
5902,55﻿, $792.29 , 2024-10-13 ,transport
‌3821,254,"1,963.03  ",  2024-04-24,food
﻿4787,480  ,245.39  ,07/23/2024,  food  
5827,118  ‌,﻿1868.89 ,2024/04/04  ,entertainment
7300,58,‍$128.92,12/28/2024,reversal
4246‍, 465  , $1697.48 ,11/09/2024, transport  
  3970 ,233,2415.47,08/08/2024  ,shopping  
5423,‌  260 ,"‍1,955.18",2024/10/01﻿,  food
  1167 ,470 ,‍   $965.08   ,  05/01/2024 ,entertainment
  5516 ,187‌,376.42,2024-11-17,utilities
6541,297,   -222.37  , 2024-12-06 ,​ entertainment 
3069﻿,‍238,1196.31,2024-01-17,﻿ entertainment  
  661 ,252,$1454.28 ,08/23/2024,transport
7234,﻿324,  192.65,2024-06-14,chargeback 
 4585  , 73﻿,56.81,05/11/2024,food
5256,369‍,$2207.75, 2024-10-05,  entertainment
6204 ‌,  11  ,($167.72),  2024/11/15  ,utilities
6551,142, -119.45 ,08/09/2024 ,﻿utilities
3889, 487 ,1311.65,2024/03/10,shopping
1536,362 ,"‌1,335.11",06/17/2024,utilities 
  1672 ,478,2439.92,09/25/2024,  food 
2112,327,$1386.85,10/27/2024,‍shopping
4687,  251 ,"2,443.95",06/06/2024 ,  shopping  
  1713,  182  ,1917.50,2024/10/15,  shopping
4955  ,  482 ,‌672.35,2024/11/09  ,utilities
3741,230,  631.75,​11/26/2024  ,utilities  
  5690  ,10, $617.04 ,2024-10-28,shopping
6457,481  , -499.98 , 07/29/2024,entertainment
3090 ,141 ,2036.57,2024/04/15, transport
2226,200,  $1693.26  ,03/20/2024,entertainment‌
2633 , 372,13.20﻿,01/24/2024,entertainment
‌ 4211, 121‍, $770.54 ,  2024/07/21  ,food
5807,62, 1302.98 ,2024-06-27  ,  transport  ﻿
69,‍  308, 871.67 , 2024/12/08 ,shopping
2173‌,320,1338.00,​2024/09/19,transport
8031,  ,﻿12..34,03/19/2024,shopping
﻿  3632 ,261 ,  $2328.90 ,2024/02/03,utilities
2966,161 ,﻿$2301.95,2024/09/25,transport
​  4106 ,434,  $1501.34 ,2024-07-16,food
5340,19,$918.11,﻿03/25/2024,shopping
‌2151,124,  $558.77  ,‌01/12/2024,food‍
  7795‍,32,  235.93,‍,shopping
7169,456,$249.26,  04/02/2024 ,chargeback
1743,429,"1,122.03",2024-02-28,entertainment‌
4581 ​,176,$1299.62  ,09/13/2024 , entertainment
 3553,‍18,2215.79,2024-06-27, utilities  
  6990,251,  $362.14 ,09/05/2024,reversal
  7084, 355,448.02,2024-02-06,  refund 
  4516, 352 , 1557.56 ,11/07/2024‌,utilities
2753,424,$1347.99,​09/15/2024,transport
5354,199,$2228.90,‌02/05/2024,transport
4967,393,"  1,072.81  ",﻿01/31/2024,shopping
  57  ,52﻿, 340.61  ,12/04/2024, shopping  
5055,374, $1401.93  ,2024/03/22,  food  
  6782  , 496  ‌,-407.58, 2024-12-21 ,shopping
2254 ,169,"  $1,758.82 ",  06/06/2024 ,utilities
 8219​,  , ﻿,2024/03/10 ,‍shopping
 4044  ,10 , $50.23 ,‍2024/04/27 ,transport
1821,276﻿, $457.39 ,2024-07-28,transport
﻿ 5674  , 277  ,"  1,989.96  ",01/04/2024﻿,shopping 
7666,78,﻿ 44.68,2023-12-31,food
4664,​32," $1,559.02 ",04/10/2024,shopping
4669,​57,1335.50﻿,09/08/2024,entertainment
3830, 185  ,809.10  ,2024-01-19​,utilities
1648, 80 ,503.72,10/01/2024, entertainment  
2930,﻿223,617.37,  04/27/2024 ,entertainment
632, 409 ,2429.00,2024-04-19,utilities
 2517  ,138,1510.35,  2024/05/31  ‌,utilities
  3048 ,39," 1,748.15", 12/21/2024, transport 
7655,255, 463.65 ,2024-02-30,transport
1566,197,977.26,  2024-01-20  ,shopping
713,239, $1324.89 ,03/15/2024  ,entertainment
  2902, 187,  $794.29  ,2024-10-10, shopping
 1858,180,  $1305.93  ,2024/10/30,utilities
6694,447,($339.97),2024-01-20,shopping
4367,55‌,‍$563.89, 07/31/2024,  transport
2329  ,364 ,$1152.11, 05/26/2024 ,food
  2442  ,  59  ," $2,301.91 ﻿",2024-06-08,  food 
  7837 ,443,424.71,2024/14/01,transport
​741,  57  ,$446.70,2024-07-07 ,shopping‌
 4039 ,438,"2,229.00",04/04/2024,  shopping  
6276  ,28,-231.29,​2024/06/06,utilities﻿
6718,79, ($317.36) ,2024-03-26,refund
 6927,‌ 219 ,  235.78 , 2024-08-11 ,‌refund
‍8226,10.5,abc  ,2024-04-05,﻿utilities
8065﻿,x,None‌,01/18/2024,entertainment
4599,253,"  2,129.07 ",04/16/2024,  transport  
  3501,​  372  ,1937.92,2024/11/02﻿,  food ‌
  2696 ,361,$118.48,2024-03-28,food 
  7060 ,470‍,$57.03,  2024/02/16,reversal
1390,  257  ,772.78, 2024/09/18  ,  transport
4081,486,  308.34 ,02/06/2024,transport
  1806 ​,  20,688.91,11/19/2024,﻿  transport
4069,395, 248.86 , 2024-01-31 ​,  utilities 
1777,‍213  ,  792.66,2024/08/12,utilities
1717,167,"   $2,015.60  ",12/05/2024, food 
​  7989  ,  ﻿,NA,2024/03/26, utilities
7253,417  ‍,   $376.45 , 09/22/2024,chargeback
5239,21," $1,023.20  ",2024-04-17,transport
923,  92,  $1958.95 ,‍2024-06-28,  entertainment  
334,221,"1,115.67‌", 2024-07-07  ,‌  transport  
2721,161,$1581.63 ,2024-03-23,food
6950 ,102, $339.54   ,03/30/2024,chargeback
7474,  269 ​, $383.39 ,2023-12-31, food ​
5016,414,‌$1631.61 ,  2024-02-19  ,transport
​5907,147,"1,710.06  ",2024-09-26,utilities  
3107,  72 ,$1531.49,2024-02-15,food
41, 14,1234.60, 2024-11-29  ,entertainment
7629,29,   $335.93  ,   ,  food
933, 325  ,"2,370.53",01/15/2024,﻿food
 5554, 89  ,  956.32  ,2024/12/14,entertainment
4768,  246  ,​1575.79  ,06/14/2024,​shopping
1276 ‍,447,1724.64,2024/05/16  ​,shopping
﻿8232,10.5,abc  ,  2024/02/18  ﻿,entertainment
  826  ,475, 98.82,09/16/2024,food
1420,429,$1006.46,  2024/07/14 ,  entertainment 
8233,NULL  ,  NA,2024/02/29,shopping
  7415  ,16, $345.31  ,  not-a-date, shopping  
4116‌,125,"1,303.97", 2024-05-17,  transport 
1688,42,‌305.06 ,2024/04/20,food
  5875,254,1395.68,‌2024/05/29,entertainment
814,367, $60.94   ,06/26/2024,  food  
 8000,,  ,2024-02-30,shopping
2992​,173,29.66,07/19/2024,entertainment‍
5702,80,604.83,09/15/2024,﻿entertainment
3988,120,$1241.75,06/26/2024,food
7021,280,211.53 ,  2024-11-05  ,refund 
  5920,  336,$729.19,  11/25/2024  ‌,transport 
 5278 ,280,$537.21,03/04/2024,entertainment
2018﻿,366,1106.01,2024-01-13,entertainment
1642,6,"  1,383.18 ",2024-07-22  ,shopping
6372,193,  ($140.10)  ,2024-06-10, food 
 1001  ,434,"1,877.27",‍ 03/13/2024 ,food 
2868, 293,$26.83,2024-10-17,transport  
4918,393,$1041.36‌,2024-06-18, entertainment 
  436 ,69," $1,633.74 ", 2024/02/15  ,food‍
6241  ,190,  -224.13  ,05/09/2024,shopping
368,‍344, $936.47  ,2024/03/15,utilities
3735,185," $1,066.64 ",‌2024/10/01 ,transport
  7664,51,  104.42,‌ 2024-02-30, entertainment 
511,​ 399, $851.29   ,  2024/01/28 ,entertainment
2109, 308,"   $1,878.60 ",07/15/2024,food
7172,426,161.05 , 03/21/2024  ,  reversal  
3722 ,﻿  209  , $184.39 ,2024/05/19, shopping
‌ 1751  ,450,"  $1,165.87   ",2024/09/11,entertainment
2154,251,"  $1,677.60  ", 2024-09-24  ,  utilities 
7470,123,122.45,2025-01-01  ,​shopping
  3389 ,386,"  $1,172.34  ​", 2024-12-21,entertainment  
‌  8057  ,‍NULL,,‍not-a-date, utilities 
5275,  423 ‍,﻿  739.02,2024/11/23, utilities
2102,337,  957.60 ,  2024/03/22 ,transport
  8291,10.5,​ None  ,  2024-02-30,utilities
2734,  317 ,"  1,114.70  ",2024-10-12 ,utilities
  3743  ,50,1675.19  ,01/01/2024,food
828‌,154, $405.96 ,​ 08/03/2024 ,entertainment
5179,‍344,"  $2,248.83  ", 2024-03-25  , entertainment
6828, 477 ,  -366.61,12/26/2024,chargeback
8010,x﻿,NA,  2024-02-05,utilities
  6227 ,‍  123,  ($254.25)  ,11/07/2024, food ‌
﻿2309,467  ,﻿  $1581.03,2024/10/29,transport
  6316  ,‌289, -246.08 , 08/14/2024 ,refund
‍7404,475​, $221.74,not-a-date,entertainment
6662,29,​  -64.38,10/13/2024,chargeback 
7805,389, $223.25 ,2024-02-30,entertainment‌
395,339,‌$1747.74,07/06/2024,utilities
6989,91,$410.99,08/16/2024,refund
5171﻿,415​,333.27 ,  2024-02-15  , utilities  
4090,289 , $192.26   ﻿,03/10/2024 ,food
4506,26,$1550.29  ,  2024-08-24  ,  entertainment  
  8255 ,9999,‌None, 2024/06/04,shopping
6089,34,﻿($229.51),  2024/03/02 ,refund
  1178  ,391,120.39,2024/11/25,shopping
493,372,920.31​,‍03/24/2024, transport
﻿674,‌  479 ," $1,823.14 ",2024-08-09 ,utilities
3180﻿,163," $1,552.43 ",04/21/2024,  food  ​
7571,‌71, $462.70 ​,2024-02-30,utilities  
1911 ‌,194 ,$1615.12,04/20/2024,utilities
  2397 ,311,"1,706.83",2024/01/28,transport​
  435 ,472﻿,"‍ $1,139.93 ",‍2024-08-20 ,transport
﻿  2649,355,"1,413.17‍",2024-04-07  ,‌  food
​  4298,  59  ," 2,094.80 ",2024/07/16,transport
  1407, 460,826.55 ,‌2024/11/13, utilities 
4765,244, $2342.36  ​,11/25/2024,utilities
339,312,$581.08,03/16/2024,entertainment
‍  6695  ,303  , -106.02  ,12/30/2024,reversal
﻿3332,98,$866.77,2024/05/02,transport
3723,240,"1,794.38",10/13/2024, food
4422,442,"1,952.26", 11/07/2024,﻿  food  
6416,332,($464.97)​, 2024/11/25 ,reversal
  6184  ,444,($143.57),‍2024/06/05,shopping
4651,‌ 61  ,  $42.61​,2024-01-09,  food
3506﻿,455  ,$1308.25,2024/03/21,utilities
1555, 453 ,   $621.73  ,04/18/2024,﻿utilities
  3322  ,426,1140.07,2024/02/18,utilities
2607,287,1348.88  ,2024/09/15  ,  utilities  ‍
 1592,235," $1,833.43 ", 02/03/2024,utilities
2872,224,"1,417.12 ",2024/04/18, entertainment
8214 ,NULL,$,2024/03/12,food
4237,444﻿, $44.83  ﻿,2024/03/02 ,entertainment
6300,381,($116.14),06/02/2024, refund 
  6605  ,295  , -267.91 ,2024/02/07​,  chargeback 
  7019,437,﻿ 266.54  ,2024/04/10,  refund ‌
‍169,285,448.61,02/04/2024,utilities  
  4791 ,  263  ,$1286.21,2024-03-31, food
‍3284,315,"   $2,454.45 ‍",10/29/2024‌,food
﻿7570, 116 ,  $461.12  ,2023-12-31,utilities
﻿8042,x,12..34,13/01/2024,entertainment
  7953  ,9999,​abc,  2024/03/05  ,  utilities
443, 144,"  $1,167.65  ", 2024/03/01  ‍,food
3580, 188 ," $1,492.43 ",  2024-11-03,shopping
952,75​, $431.28 ,2024-04-24,entertainment
3487  ,  493﻿," $1,856.71 ",03/15/2024, utilities 
4360,476,"1,457.85", 2024/05/16  ,  shopping 
5767,54,821.73,  2024/09/06,utilities  
6394,472,﻿-60.10, 02/24/2024 , refund 
6341,451, -65.21 ,2024/01/18,transport 
  7697  ,  131 ,142.58  ,‍  2025-01-01,transport
8125,9999‍,$﻿, not-a-date  ,  food 
  2279  ‌,  304 ," $1,160.85 ", 12/27/2024  ,entertainment  
4743,​118,"  1,917.98  ",2024/08/26,utilities
402,334,1115.41 ,2024-03-21, entertainment 
4318,364,"1,156.58",01/24/2024,entertainment
1017,9, 250.53,  2024/12/29  ,utilities
 2518  ,78,"2,062.09",  2024-11-17  ,food
21,  300 ,$1142.55, 2024-04-16  ‍,  transport
4260 ﻿,  104,649.13,2024-01-04,  shopping 
6368,301,‌ -181.06  ,2024-08-30​,food
 4271  ,150  ﻿,  $1442.45 ‍, 2024/04/27  ,utilities 
1736,‌352,‌ $137.17 ,2024-04-10,‍ transport 
  2793,420,$2475.81,  08/03/2024 ,utilities
4685,252,   $747.48  ,2024/12/29﻿,utilities
116,‌80  ,$5.40​,05/21/2024,  utilities 
6622,36,($301.52),2024/05/02,chargeback
  2892  ,309,$2490.29,  2024-01-16 ,utilities
7456 ,  389  ,181.48,2023-12-31 ,shopping​
  5940 , 462,﻿ $1345.71 ,2024/04/26,‌food
6609,381,-370.30,2024-10-28‍,refund
5432 , 255,$109.32,2024-11-16,shopping  
6170,297,-170.12,2024-03-20,﻿reversal
6925,​259,$292.70  ,  2024/03/29,refund
  5017 ,168,"1,572.36",05/02/2024‍, shopping 
4978,174‌,"   $1,886.83  ",01/04/2024,shopping
  117  ,‍500,  $346.19,​04/03/2024,food
2898,179," $1,421.24 ",08/19/2024,shopping
 2850  ,468﻿,2037.73  , 2024-04-23,​  food  
  3014 ,482  ," $1,445.92 ",‌08/15/2024,shopping
‌5194,470, $504.36 ‍,2024-02-03, utilities
6318  ,467,  -117.99  ,09/06/2024,refund
358,493,$2355.38,11/06/2024,utilities
1112,‍ 260 ,‌$1345.49,2024/10/13, entertainment
7306‍,‍149, $337.16 ,2024/04/24,refund
  4968 ,247  , $814.95 ‌,‌12/09/2024,entertainment
2051,86,  $402.93   , 2024/07/01 , transport 
  1455  ,391,$798.74,2024-10-31‍,utilities
5805,  75, 1644.84 ,2024-01-21, food ‍
5821 ,‌352,$854.87‌,2024-11-18, food
  1145 ,‍369,"2,136.16",2024-12-21,utilities
3691,  163," $2,151.38 ",2024-11-13,‍food
6802,1, ($114.27)‌,2024/12/22,  utilities 
4119 ‍,401,$1006.56,2024/02/06﻿,‍utilities
4504,490,226.61﻿,​2024/08/23,utilities
 1385 ,18,1816.58  , 2024-08-01  ‍,‌shopping
5714,‍  295 , $261.28 ,2024/12/04,‍food
‌8261,﻿10.5,,  13/01/2024 ,transport
7097,‍ 280,  $71.28  ,03/01/2024,refund
4310  ,110,  2182.72 ,  02/11/2024,  entertainment 
8280, 9999  , None ,2024-01-15,‍ food  
 6242 ,79  ,($188.36),2024-03-07 ,entertainment
3982,353," $1,554.65 ​", 2024/08/05,transport
4341 ,  372  ,$446.67,12/21/2024,utilities
3167,258," $2,154.77 ",2024/05/07,shopping
  1829  ,281,$1273.59﻿,2024-09-13  ,utilities
2264,466‍,  1572.28,12/11/2024,transport
2996,81,  99.37,02/03/2024 ,food
 592  ,  117  ,"  2,141.51 ",2024/05/12,food
4060,320​, 1743.34  ,2024/05/05  ,  utilities
 1493 ,110,"‌  $1,646.69 ",﻿  08/27/2024,utilities
62,​189,  1737.70,10/19/2024,utilities
4133, 255, 763.26  ,​2024-06-27,utilities
4382﻿,239  ,$1367.63,  2024/10/06 ,shopping
2655 ,239,$1197.41﻿,  2024/12/12,utilities
344,49,  $231.71,08/26/2024, utilities  
  3005  ,391," $1,829.67 ",  2024/01/30 ,food 
  8171 ,NULL,﻿ ,2024/11/27 ,  shopping
﻿5972,38,$471.86,09/14/2024,food
1881,131,739.11,﻿ 2024/08/23 , transport  
‍6735,  239, ($311.64),2024-10-27,entertainment
4247, 286 ," $1,411.67 ",2024-01-27,food
5405,224 ,1496.12,03/14/2024,shopping
3074 ,﻿420,‍ $941.64 ,‌02/06/2024,food‍
﻿656, 400,2156.81,2024-05-25,shopping
7327, 430 ,  $343.14   ‌,04/17/2024,  refund  
4230,200,"  1,102.61  ", 2024-09-13 ,‍transport
 2123 ,98," $1,871.33  ",​  2024/02/04  , entertainment  
 6542 , 365  ,​  ($92.10)  ,06/07/2024,﻿  refund
3097,  194  , $117.57 ,02/11/2024,shopping 
4541,263‍,"   $1,001.76  ",  2024/05/07 ,entertainment
6674,204 ,  ($145.46)  ‌,2024/10/04, transport
​8048,x  ,"﻿  1,2,3  ",,shopping
 3271  , 282  , 1904.63,2024-03-01,transport
1852,97‍,"1,334.22 ", 2024-04-05 ,transport
 3605,417​,392.87,11/26/2024,entertainment‍
  2394 ,﻿384,"  1,950.33",2024-08-01,entertainment 
7578  ‌,  168  ,   $386.71 ,2023-12-31,food
​5148,95 ,"2,232.89",07/19/2024, utilities  
7396,121,156.95, 05/28/2024,reversal
78,482,"2,455.76", 2024-07-22  , utilities  
5446,  301," 1,611.63",﻿2024/09/07,  food 
﻿  4505,483," $2,212.40 ",2024-06-30,food 
  5485  ,  213,$610.67,2024/07/19,food
4495  , 299 ,507.53,03/27/2024,utilities
‍3210, 31 , 707.79 ,2024/08/24‍,  shopping 
 1742,58  ,  804.44, 2024/07/29  ,shopping
2322,﻿424,578.72﻿,2024/11/01,​shopping
4241,447,180.58,09/02/2024,shopping
512﻿,212, $947.89 ,2024/08/05,  entertainment
4731,55, $176.03 ,​01/13/2024,entertainment‍
4022,﻿234," $1,840.58 ", 2024/11/20 ,‍ shopping  
  7702​,227  , $390.51 ,  2024-02-30  ,shopping
1271, 494 ,1524.91,  05/05/2024 ,‍shopping
3363,11, 2125.43  ,03/12/2024‍,entertainment
40 , 415  ,"‌2,101.81",﻿  2024/03/25  ,utilities
‍3424,388,1766.99,2024-03-19,utilities
  734  ﻿,  255,  1749.95 ,02/10/2024,shopping‍
 1994,210,$2418.26,12/02/2024,‍transport  
272,58, 298.92,2024-09-27,transport 
4182  ,103, $538.13 ,01/05/2024,entertainment
  3346 ,319,1157.68, 08/31/2024,entertainment
  4159,483," $2,268.89 ", 2024-02-10 ,shopping
1753,83, $227.84 ,2024/12/22,food 
6623,28‌,  ($402.25) ‍,2024/05/18,reversal ‍
7245,238,‍ $202.21 , 2024/06/15 ,refund  ‌
4987,356,‌$1865.07 ,05/14/2024,transport
7322, 379‌,﻿$311.88,2024-07-13,refund
3211,49,"‍   $1,301.51   ",﻿12/29/2024  , food  
8141,x,NA﻿,2024-03-22, utilities
5688​,234, $149.08 ,2024-08-17​,utilities
6262,287,  -476.67   , 07/29/2024,shopping 
2003,  160 ,"  1,654.53 ",  2024-06-28 ​,food
2926,158, $908.50   ,  2024/05/09  , entertainment 
1633,245,‌$25.81,2024/09/21,entertainment
 6739  ,456  , -318.11   ,2024-04-22﻿,shopping
7726,  233,185.78,not-a-date  , transport  ‍
  1993,19," $1,797.80 ",‍  2024/04/03, food  
‌3701,96," $2,221.77 ",01/15/2024,shopping
​ 6037  ,14,-384.18,2024-04-02,utilities
 2703 ,﻿  203 ,$2410.09,01/16/2024, entertainment 
2653  ,446,﻿676.08, 04/18/2024  ,entertainment‍
  164  ,80,"‍1,445.65 ",05/01/2024, shopping  
﻿6415,  308,﻿($497.90),04/13/2024,utilities
3080,  336  ,$833.11  ,2024/11/29,transport
 7289, 25  ,$462.55,2024/12/22,​refund
8025,10.5,  12..34,  2024-02-30 , shopping  
  875 ,‍250, 1009.46  ‌,  12/20/2024 ,  utilities  ‌
  4  ,243‌,  $303.45  ‍,﻿2024/05/12,utilities 
2542, 341,"​ $2,274.46 ",  04/21/2024,shopping
119,284,$395.36,2024/02/04,entertainment 
8151,x,﻿abc,‌2024/02/15,utilities​
 6043  ,‌88,($17.48) ,2024/07/24,reversal
2225  ,318," $2,378.78 ",  01/11/2024  ,shopping
7476 , 40 , $245.90 , 2024/14/01 ​, transport 
 739 ,470  ﻿,384.47,2024/11/29  , food
4616 ,129,$1697.26,02/07/2024,food 
 2668 ,87,$2182.00  ,2024-04-09,food
​5541,495,  $890.78,02/18/2024,utilities
7825,146,216.25,2024-02-30,food
  4583,20,​750.69,‌  2024/01/19 ,transport
 2716,​  499  ,"1,397.07‌",2024-01-21 ‍,transport
‍1703,85,   $177.76  ,​2024/06/15,food‌
8105 ,  9999  ,12..34‌,2023-12-31 ,food
​2432,277,35.59,2024-12-22‌,utilities
929,311, $257.44  ,2024/02/19,food  
4035, 128​, $595.16 ,10/20/2024,entertainment﻿
5628,146‍,977.93,02/28/2024,  food​
 3153  ,466, $981.95 , 2024/11/13  ,entertainment
‌7679,79, $495.49  ,  ,utilities
4998,240,1373.39,2024-05-10,﻿  utilities
 5387 , 211 ,1271.46,‌  07/12/2024  ,entertainment
5494,371,"1,575.20",2024-09-29,shopping
‍4944, 27,$1342.17,﻿ 2024-10-18,shopping
6826,80,-431.46 ,12/02/2024,  refund  
2595, 148  ,"2,245.07",  2024/07/22 ,transport‍
‌6750,455 ,  ($353.48)  ,​05/04/2024 ,entertainment
3247,﻿374 ,﻿ 634.12,2024/07/29,﻿utilities 
1775,120 ,$2140.13, 2024/04/03  ,shopping
﻿ 6467,‌  119 , -271.64   ,2024/12/19,transport
1593,71,89.56,2024-09-14,utilities
  990,8,1996.99,2024/09/13,transport
1354,176,$1063.93, 2024/03/22,shopping
 3366​,175,"  1,401.46 ​",2024/08/19,entertainment 
  1068 ,14," 1,653.40 ",2024-12-25  ,  utilities
 5442  ,179,215.01 ,2024/07/27,‍ food 
﻿6893,  374  , -99.15 , 2024-11-15,reversal
 6109,462,‍  -419.13  ,  2024-09-29,entertainment
7818,496,377.98,13/01/2024,transport
3081,14," 1,852.72",2024/06/20,entertainment
 5978 , 75  ,"1,492.19﻿",2024/08/20,entertainment
5154,  31,366.53,2024/08/07, entertainment
 1010  ,267,$1910.19,06/30/2024 , entertainment
1194,  34 , $49.41 , 05/07/2024,food
‍704,237,"‍1,197.38",2024/06/18,utilities  
4450,‍  251  ,658.72,2024/10/20‌,entertainment
‌  7194 ,  359,408.16,07/09/2024,‌refund
4194,17, 709.70,2024/10/29,utilities 
‍2318,  223 ‍, $893.21 ,  2024-01-17 ‍,utilities
2689,128,"1,480.50",08/27/2024,utilities
575,453,  $2315.79  ,2024-12-11  , entertainment  
1624‍,33,"  $1,148.57  ",  2024-11-22 ,food
6968,280  , $453.55 ,12/26/2024,chargeback﻿
4564,  412 ," $1,891.28 ", 2024/01/23 ​,shopping
﻿564,‍ 133,$400.36 ,10/15/2024,  entertainment
3521,‌326 ,2389.00,2024/01/29,  transport 
2064,131,$85.50 ,‍2024/09/06,﻿entertainment
6186,397 ‌, -127.65 ,08/25/2024,  food 
​  1164,496  ‍,$1682.46 ,2024/11/18‍,entertainment
5324, 359  ,1230.23‌,01/30/2024,‍utilities
  6896 ,  392,($155.02), 01/04/2024 ,transport
1138,85,  $2415.84 ,12/09/2024  ,entertainment 
3063,332,﻿$1230.96,2024/03/13 ,utilities
2620,377," $2,392.34 ",2024-01-01 ,transport‌
4633,350,  $2328.26,2024-10-19,food
7318 ,170, $230.28,  2024/02/15 ,​refund 
6552,51,($229.10),2024/09/06  ,entertainment
8070 ,10.5,abc​,  2024/07/18 ,​utilities 
2190,  26,$2458.17,  08/19/2024﻿,utilities‍
483  ,188,"2,157.02 ",06/19/2024,shopping
4234,136," 2,474.94  ",  2024/05/26  ,​ entertainment
4635,  167 ,$299.82‌,2024/03/04,food
6379,  61 ,-52.62, 2024/02/19,﻿refund
  4543 ,307,965.42,07/06/2024,transport 
1683‍,6,838.98,2024-10-06,entertainment
6980,140, $193.81 ,​2024/01/16,refund
5082,‌246,  $746.79,2024/11/06,  shopping  
4335  ,65,1772.92,08/31/2024,shopping
657,210,  $606.81,  01/06/2024,transport‍
  693  ,4,﻿  1200.92,2024/08/12  ,​utilities
  4567,9,850.33  ,02/21/2024 ,shopping
3676,126,"  $1,170.35 ​",01/09/2024,utilities
  6585 , 114 ,  -279.85  ,10/03/2024,transport
  5860,419,1233.36 ,​10/26/2024,​  transport
1645, 486  ,​$2136.08,‌ 2024-04-07, shopping
1680,174," $2,355.73 ",2024-05-24 ,‍food
5557​,351,162.97,‌  05/21/2024,shopping
5140  , 189,998.08,2024/02/15​,food
 6288  ,  424 ,  ($374.18)  ,  2024-06-24  ,‍transport 
6856,490,($345.70) ,‍2024-07-21,transport
‌ 6435,235,-223.33,12/20/2024,food
2425,497," $1,049.54 ",08/05/2024,utilities
2127  ,102,"1,661.96",2024-03-09,food 
7824,﻿ 370,432.09,2024/14/01,utilities
237, 217, 725.66  ,2024-01-09,‌shopping
1355,452,​835.36  ,2024/07/25,entertainment
 1548  ,451, $967.13 ,  2024-12-17,transport
1115,382‌,"‌  1,306.43  ",2024/08/31  ,food
748,327,  25.60  ,2024/06/29,transport
​4934 ,372,$267.42,  2024-07-17 , shopping  
7938,‌9999,abc,2024/09/10, entertainment 
1445,173‌,  2306.32  ﻿, 2024/12/16 ‍,  transport
 2923,32,1085.18, 07/18/2024 , shopping
1104,  118  ,457.49,‍01/30/2024  ,transport
5774,493  ,‍546.10,  02/02/2024 ,  transport  
2126,317, $40.55 ,‍2024-02-29,‌shopping
 7170  , 462,﻿ $65.87 ,  2024-12-03, refund
931,340  ,1376.13,2024-01-06  ,shopping 
  5520 ,271," $1,462.52 ",  2024/05/07 ,utilities
4847﻿,2,"1,739.15",  2024-01-05,transport
  1381  ,354‍," $2,235.63 ",2024-11-29‍, food
‌1348,462, $62.07 , 11/24/2024  ,  utilities 
1617,167,﻿481.67,06/14/2024,food
 1716 ,163,"   $1,111.16 ",07/04/2024, transport  
  3558,149,"1,600.18",2024/11/10,‌food
1105, 403  ,$1499.74 ,2024-05-12, utilities‍
3257,212,"  1,597.32",2024-03-08,  shopping 
1403,253,"1,047.54  ", 11/01/2024 ,transport
3221,  103  ﻿,"2,132.28",2024/10/25,transport 
3383,  433,  2480.51,09/09/2024,utilities 
‌  3374,20 , 1521.64 , 01/11/2024, entertainment 
5355,  305," $1,977.72 ",2024/07/18,utilities
7202,102‌,210.67,2024/10/27﻿,refund 
2440,352,638.10,  2024-07-10 ,utilities
5570,﻿  280," $1,848.33 ",2024/10/04,shopping
6500,192, -180.82 ,2024/07/06,﻿transport
  3407, 103  ,$1876.27,‍08/26/2024,entertainment  
4793, 432 ,232.12,06/02/2024  ‌,﻿shopping
42,141,"2,188.47",2024/05/28​,transport
 7921  ,NULL,‌ $ ,‍2024/11/24,transport
5133  , 388  ‍,2321.33,2024-11-01  ,  shopping
 5021  ,  245,"1,742.52 ",  2024-01-08,  utilities 
717,231,520.87  ,08/06/2024, shopping  
  211,114,1941.01,﻿2024-06-07, food
 2564 ,393,669.01,2024-01-28,food
‍1933,135,"1,414.11", 2024-05-18  ‌, utilities
2704,‌  159,30.04,01/08/2024,shopping
6360,  372 ,​ -304.21 ,10/25/2024 ,reversal 
3562﻿,479 ,"   $1,684.72  ",2024-06-15  ,shopping
‍188, 100  ,‌ $80.18 ,‌  2024-12-09,transport
  4101  ,23, $2200.23  ,2024-05-15,food  
7132, 183,‍$494.43,2024/11/13,  refund​
4777 ,425 ,298.32,10/30/2024,transport
3794,  417 ,"  $2,244.05 ",2024-03-01 ,entertainment
  2117 ,364,  $1004.21  ,2024/07/11,food
﻿8016,,$ ,‍ 2024/14/01 ,food
4356 ,145,$1412.71,09/27/2024,transport﻿
  6399,‌395,﻿-75.87,08/21/2024, entertainment
  4213,210,  151.38  ,2024/05/01,transport
623,376,876.53,2024-01-16,shopping
978,  91,​868.93 ,  2024/05/29 ,food
‍802,61,753.77,‍  2024/06/11 ,utilities
7714,﻿336, $263.83 ,,utilities
1414,2,​2148.65,2024-06-11 ,entertainment
582  ,​178 ,"​2,341.42", 2024/06/28 ,entertainment
 7201,‍223, $50.35,2024-01-25​,  refund 
 7538,  69,286.50,2023-12-31 ,transport
1190,​  426,1533.44,09/12/2024,  utilities 
4315,​99,  $1675.72 ,2024/05/14,utilities 
6005, 44  ,   -18.89  ,2024/10/02,  reversal  
 752  ,118,$1184.79 ,  2024-01-27  ,shopping‍
3066,138,$140.30,11/25/2024,transport
  2919,201, 1783.96﻿,11/01/2024,entertainment
3345 ,51,$577.07,2024-10-22,‌  shopping  
7537,  25  ﻿,351.15 ,2023-12-31,food
1972,104  ﻿,  $220.57  ,01/11/2024,utilities﻿
2641,​  237  ,$1875.47,  2024/07/12 ,utilities
 140,246,1695.97,‌ 2024-05-05,  shopping
1377  ​,  428, $270.85   ,2024/05/25﻿,utilities 
﻿2863,  341‌, $979.89 , 2024/11/10 ,transport
5672﻿,255,$1170.89,09/13/2024,transport
 155 , 388 ,$1181.86,04/15/2024 ,food
‌6338  ,  55  , -422.43  ,  2024/12/27 ﻿,  transport
2411  , 414 , $268.28 , 06/11/2024 ,‌shopping
  7334 ,189  ,﻿  160.62  ,2024/11/27,  refund 
5872,‌152,2419.88,06/11/2024‌,  shopping
5711,297,"1,243.21", 06/15/2024  ,﻿entertainment
​775,151," $1,832.24  ",2024-05-15,food  
‌1081,498,"1,536.03",09/02/2024​,food‌
4200,  55 ﻿,1230.79,﻿2024/04/30,food
2516, 160  ,$468.22,​05/05/2024,‌food
5120 ,477," $1,437.36 ", 06/15/2024 ,transport
7143  ,206,  279.50 ,09/25/2024‍,reversal
 3653 , 307,﻿505.92,2024/01/05,shopping
5153,90,​ $436.70 ,09/23/2024  ,utilities
  6754  ​,23,($92.79), 2024-07-13 ,  food 
7207,293,$76.30,2024-12-17,chargeback
5237,162 ," $2,078.35   ",03/02/2024,shopping​
 7965,, abc  ,2024-11-07,transport‍
1083,43,"1,859.50",2024-03-14,utilities
5249,﻿23,$156.70  ,2024-09-15‌,﻿entertainment
 2629  ‌, 228 ,"1,795.28",2024/03/18,food
5092,‌20,  $931.09   ,2024/09/22,food
3171,‌ 40  , 182.88 ,  2024-06-25 ,  utilities
4399,271 ,"2,397.97  ",2024/09/30,utilities
7087,314 ,342.58,10/09/2024 , reversal​
6889,453,   -144.38 ,10/13/2024, entertainment
4186, 159  ,163.50,  09/14/2024  ,﻿  food
6948﻿,318, 345.13 ,2024-01-06, reversal
642,320,  3.63  ,2024-01-15,food
  2400  ,﻿24,"1,768.99",  2024/09/27  ,entertainment
4621,‌97," $2,039.70 ",﻿2024-09-01, utilities﻿
5371,‍131,$2147.57, 12/03/2024  ,utilities  
  3468  ,166,2166.14,2024/09/07,﻿ shopping
3421,65,569.97 ,  2024-06-26 ,entertainment
2858,245,1056.74 ,06/21/2024  ,﻿utilities
543, 373 ,$1783.71, 05/14/2024  ,  shopping  
6687,‍199, ($425.29) ,  2024/01/15,‍entertainment
 4314,69,  $1198.26 ‍,2024-09-23,entertainment
 5853, 98,$12.64,03/31/2024,  shopping
  2909,192﻿," 1,020.91",  2024/11/19 ,transport
313 ,225,912.03, 2024/08/10  ,entertainment
7449,457,$376.86,‍2024-02-30 ,entertainment 
6577, 30 ,-349.86​,2024/07/08‌,  chargeback 
3999,‌465,975.63,2024-07-07,​entertainment
7607,440, $103.56 ‌,13/01/2024‍,entertainment
7209,97,​   $370.43  ,  2024-05-02,refund 
 1606  ,486," 1,095.66 ",05/03/2024,food
7425  ​,14﻿, $407.27 ,  2023-12-31  ,food
  6810,  127  ‍,﻿   -97.73   , 08/06/2024 ,shopping
388,386,"  1,610.63",​2024/08/02,food
4642,  490 ,$1828.71,2024-11-24, utilities
  6592 ,190,($199.66),2024/09/27,refund
5524,450‍,"1,645.41",10/06/2024,transport
 7925  ,  9999,None,  13/01/2024  ,food
2737​,302," $2,388.16  ",  2024/06/28,entertainment
3623  ,471,"2,262.99  ",2024-04-09  ,transport
7606, 236  ,  359.27 ,,food
5668  ,292,438.98,2024-11-16,shopping
﻿2014,‍343 , 585.25  ,03/12/2024,food
2699 ,317,1183.41 ,2024-09-10,food 
3150,471,"   $1,389.47   ",2024/01/06  , utilities  
  2311,  212  ,"   $1,260.18   ",2024-03-02,  entertainment  ﻿
‌6048, 454,($353.52),2024-07-16​, food 
 8220,,NA,  2024-02-27  ,food
 3410  ,96," $1,403.65 ​",  11/06/2024  ,transport
2616, 367 ,​1829.01,2024/11/23​,transport
1864,370,  2421.76 ,2024/08/02 ,  shopping  
6350,108,-143.15,07/07/2024,  refund 
  7158 ,162,179.51,2024-10-11,reversal
 7550  ,70,‌$125.84 ,‌2024/14/01,utilities 
  2728  ﻿,63, $528.17  ,2024-02-02,transport  
2169,‍ 227 ,"2,138.03﻿",09/22/2024 ,transport
191 ‌,  13 ,196.80 ,2024/08/23,  food  ‌
4798,  308  ,"﻿1,686.02",2024-07-08,​food
  1618,251,"2,491.72",2024-02-15  ,food
4677,103‌,1875.15,2024-04-24‌,  transport 
6621,50, -466.68 ,‌07/15/2024,chargeback
 889 ,58,"2,479.95",2024/08/25,food
 1485,﻿  219  ,"  1,659.13 ",‍2024/12/27  ,  food  
278,262,  $847.17   ,‌2024/06/16,entertainment
404,43,"2,355.96",06/09/2024,shopping
  4950  ,335,"1,163.70",07/22/2024‌,utilities  
1470,431 ,63.27,  2024/12/23  ,entertainment
  7836 ,271, 81.71  ‍,2023-12-31,‍shopping
1653, 173 ,$2394.95,  2024-09-26,utilities
4304,99,"  $2,357.26   ", 2024/05/30,  food  
30,228,724.44 ,2024/09/27,food
 6040  , 203  ,($32.10)  ,‍2024-02-04,transport
 7514 ,123, $49.67 , 2024-02-30 ,entertainment
7173,76, 256.16  ,05/05/2024,  refund  
 1836,258, $548.29 ,2024/10/19,transport
264,155,806.43,2024-05-03‍,utilities​
 8182 , 9999  ,12..34,2024/07/08,transport
6488, 313 ,-323.34,09/18/2024,food
 4212  ,62,  1822.93 ,‌2024-03-21,transport
4402,397 ,237.16,2024-09-07 ,entertainment
5112,  496 ,$2337.90,01/13/2024 ,transport
3797,446,52.03 , 07/15/2024 ‍,shopping
8235,  , abc ,  2023-12-31, shopping
5971 ,257,‍$1231.55,2024/11/30,​utilities
6084﻿,  205, -455.42 ,12/26/2024,shopping
2875‌,11,  634.04 ,10/01/2024,  utilities  
586 ,​273, $494.16 ,‌  10/23/2024 ,​entertainment
 3918  ,207,$260.86,  10/09/2024  ,  transport 
 5165, 104  ﻿,1089.08,01/13/2024,  transport 
‌2341,137 ,344.66,01/03/2024,﻿food
 7348 ,102  , $127.05 ,﻿2024-01-18  ,chargeback
‌4047,350,2302.23,01/10/2024,shopping
 7004,22,389.98 ​,2024/01/07,  reversal 
​3364,154,$745.63,2024/04/22,  shopping
​2623,342,$2000.93‍, 2024-02-20,food
3989,59,​$1292.70,2024/05/15  ,﻿shopping
1930,460,﻿ 1069.75  ,2024/04/30,  shopping  
540, 452 ,$218.02,2024/04/24,‍food
3697,61,$1606.22,05/01/2024,  transport  ﻿
3461  ,138,$834.84 , 06/12/2024, utilities 
  890  ,351 , $2108.27  ,2024/06/03,utilities
769,160, $48.31 ​,2024/07/29‌, transport ‌
1435, 71  ,$927.74,  11/02/2024 ,﻿entertainment
 4187, 204,  $452.68,﻿2024/05/14,  utilities
 4455​,243, $741.47 ,  2024-07-24,shopping
1833﻿,﻿482  , 719.09,08/23/2024,utilities​
3072,  254  ,$1259.78,  2024/09/02 ,entertainment
7339  ,293,157.59,  2024/08/19  ​,‌  refund
1726,369," $2,305.56 ",2024/02/27,utilities
 843 ,​350,  $753.66 , 2024-03-26,​utilities  
1305,22,288.25  ,‌ 2024-08-09, transport
1468,402,853.75,2024-04-26,utilities 
1439,  492,$990.72, 2024-02-26,shopping
 12 ,69, $128.70  ,2024-09-07,‍ food  
4770,404﻿,"1,185.77",‍2024-03-13, food
  2968,161,353.65,​  2024-10-26,shopping
  2512 ,33,2041.42  ,‌2024-12-08,transport
4225 , 41,2135.68,2024/03/14,utilities
7988,  ,﻿NA,2024/08/17, shopping  
  4428  ,​171,"2,051.32",2024/03/28 ,shopping
6454,119,  ($491.36) ​,‍ 08/21/2024,entertainment
‌7203,497, $389.77 ,07/13/2024, chargeback
5810,171,  $2069.03, 2024-06-30 ,shopping
 5097  ,13,$2192.09,‍2024-09-22,entertainment
 7902 ,NULL ,"​1,2,3",‌ 2024/11/15 ,transport
4347,  2,‍  1062.03 ,01/21/2024 ​,utilities 
‍ 1998,4 ,148.20,  2024/09/29,utilities﻿
  4623,412," $2,158.52 ", 03/23/2024  , utilities 
4975,268, 1731.85 ,01/24/2024,shopping
​8160,x,abc,‌ 2024/10/06, shopping
 1951 ,323,$54.32,2024/04/09‍,  food 
 1957,384," $1,290.53 ",  2024-01-28  , utilities  
  250  ‍,​26 , 1850.35​,2024/02/14‌,‌transport
1281, 186  ,$404.39,2024-10-16,‌transport
2642,17,"   $2,464.96   ",2024/09/25​,shopping 
1446,495, $2263.17  ‍,  04/20/2024  ,shopping
6601  ,9, -202.97 ,2024-04-07,​reversal
 4125  ,164,  2294.53 ,  07/20/2024 ,shopping  
3406,  84,$2218.64,‌2024/04/11,food
7748,​21, $355.05 ,  2024-02-30,utilities
6937,  172  ,  $193.57  ,  2024/01/21  , reversal 
6226,458, -40.49  ,  2024-03-26,transport
 8114  ,NULL,,2024/05/24,‍shopping
489, 68,﻿ $416.45 ,2024/07/28‌, transport 
7154,349,285.27,2024-03-09,refund‌
​6671 ,‌466,   -448.08 ,2024/12/18, food
3844,449,"  1,106.81",  2024/09/13  ,transport
3068,267​, 205.33  ,2024-12-15,​transport  
3228, 53  ,$1985.22, 2024-01-23 ,transport
 5658  ,‌302 ,"2,357.32",2024/08/15,food 
244, 191 ,‍$2383.85 ,2024-03-03,transport
6690,264,($437.44),2024-04-11,  refund 
  3176,403,"1,965.13",2024-11-20,entertainment
6280﻿,52,  -389.52  , 2024/11/27,reversal
1163, 337  ,"1,027.27",2024/10/13, transport
8026,  9999 ,  abc  ​,  2023-12-31 ,entertainment
 947  ,2,​$1839.37,09/03/2024,utilities
‍3898,226​,"2,096.56",09/04/2024‌,entertainment
5645, 173‍,"2,143.49",2024/08/06,food 
6728,87,‍ -489.43 ,  2024/03/24,entertainment
8158,‌10.5,"1,2,3",2024-08-29,‍ transport  
2390,244,"   $2,469.90  ", 2024/03/04,  food ​
2265  ,318, $685.72 ‍,2024/03/23‍,entertainment
 5529  ,335  , $641.59 ,  2024-11-14,﻿transport
 6389  ,397 ,  ($344.90)  , 2024-03-03,transport  
  6494  ,38,-326.87,2024-01-26  ,reversal
3136﻿,​ 69  ," $1,239.43 ",​2024-06-16,﻿ food 
955,353,‍1378.72,‍05/09/2024,  utilities 
4276,366,1083.40,2024/06/18,utilities
 2186, 464 ,"   $1,213.82   ",2024/05/18  ,transport
 4252  ﻿,475,"   $1,132.28 ",01/18/2024  ,  shopping  
  4892,67﻿,"2,114.19﻿",2024/10/02,‌utilities
5934,122,  $912.91,01/12/2024,​  utilities  
8100,‍x, NA,11/11/2024,transport
6808 ,​397  ,‌-473.72,2024-08-27,refund​
 5509,101,"  1,246.46 ",11/30/2024​,‍shopping
 8121,​,abc,  2024/14/01  ,shopping
218, 162  ,"1,815.30  ",2024/02/16,transport
  2988 ,328  ,783.09‌,08/22/2024,entertainment
7682,273,247.35‍,2023-12-31, food
5773, 109 ,1468.01​,﻿2024-11-23,entertainment
7395,‌ 119,340.16, 11/28/2024 ,  chargeback  
 6917 ,379,313.12, 2024-11-18  , chargeback  
5772,454  , $1092.66 ,06/12/2024, transport  
2782,  360,"1,004.49",  2024/04/12 ,  shopping 
6944  ,435,﻿320.66,  01/01/2024  ,refund
2854,  252,$141.85,2024-06-14, shopping  
  2583 ,162,1318.64,  2024-12-03 ,food
2308,101 ‍,‍$1991.75,‌07/18/2024,  entertainment ​
 6816  ,188,-456.85 ,2024/02/27,transport
5149,  131  , $573.86 ,  2024-10-13, food 
6450,‌450,   -221.72 ,﻿07/30/2024, reversal
​4708,224,  2068.53,2024/01/17,  utilities
﻿ 5661  ,‌348 , $599.58 ,2024-12-09  ,food
152,59, $1720.79  ,2024/10/01,utilities ‍
2283,323  , $334.49 ,2024-10-01 , transport
1480  ,  479 ,"‌ $1,498.27 ",2024/03/10  , transport  
4712, 89 ,​$1559.50,2024/12/06,utilities
3510,367,297.31,﻿ 09/08/2024  ,shopping
7255,  231,460.33,2024-08-17  ,reversal  
 6352  ,﻿229,-392.76,2024/10/24,﻿reversal
422,  113  ,"1,442.14‌",  2024-09-21  ,‍ shopping
4085,86,﻿$2011.96,﻿2024-06-22,shopping
1419,395‌,$2482.41 ,06/10/2024,shopping
4537,165,  $2128.15  ,2024-11-24  ‌,transport
4383, 369 , 297.20 ,05/05/2024,transport
5130,  449 ,639.28,06/29/2024  ,  entertainment
  8028  ,NULL,  12..34 ,‍  2024/05/06  ,shopping
5113,496, $367.62 , 2024/02/09  , shopping
885,285," 2,105.18 ",2024-02-01,utilities
1267,151," $1,941.93 ",‍2024/03/31,utilities
856,395,1675.61,2024-03-07,shopping
1426,  10 ,  $2279.03 ,2024/01/20,entertainment
2805 ,‌ 149  ," $1,854.52 ",  2024-09-18  ,shopping 
1324, 259  ,  388.27,2024/07/29,transport
 132  ,482, $787.94 ,2024-01-09, shopping 
6188,73,-85.85,2024/05/01  ,entertainment​
  1363  ,89,  $186.17  , 11/29/2024,shopping
5791,143,​   $657.45 ,12/26/2024,  food  
 3022,14﻿,  618.40  ,2024-03-03,utilities 
1169,137,"  $2,390.45 ",12/03/2024 ,﻿  entertainment
‍3493,  312 ,"​ $2,043.04 ",10/16/2024,  entertainment 
‌5765,  493  ," $1,180.63 ", 07/04/2024 ,transport
7315, 17 , $320.31 ,2024/05/19,chargeback
 3773,58,1592.71,02/16/2024,shopping​
1780,396,707.83,​ 2024-09-17  ,​transport
4726,‍406,‍714.33,2024/08/16,entertainment
  8060 ‌,   ,None,2024-05-25,utilities
  1088 ,108, $644.07   ,​ 2024/07/10 ,  entertainment
2007,  182, $786.80  ,‌2024/03/13,shopping
4693, 498  ,$2051.58 ,2024-04-12,  food﻿
﻿  4913,393,$1871.69,2024-09-24,utilities
7219,414,342.50,08/11/2024,reversal  
 1061  ,325,2478.26,2024/10/21,transport
4432  ,387‍," $1,785.11 ",2024/05/21,  shopping
930, 344​,"2,096.59",2024/01/11,‌transport
‍3320,‍  84," $2,432.44 ",  2024-01-14,‌food
2586,256 , $928.69 ,06/04/2024‍,  food
  1277  ,60,‍ 526.72,2024/01/24,entertainment
 4240,414 ,"1,060.59",  04/21/2024 ,shopping
  5728,154,  166.15  ,2024/06/07,utilities
3408  ,  173  ,"  $1,250.37 ",2024/10/05‍,entertainment
2130  ,‌284, 1496.24,2024/02/01,utilities
‍5812,398,"   $2,114.90 ",02/25/2024,entertainment
5900, 257 ,$723.21,10/29/2024‍, transport  
 3789,253,122.56,2024-03-29,shopping
‌5039,34,"   $1,605.02   ", 2024-06-23, food 
  3859 ,500,2494.28,  2024-05-22 ‌,transport 
 4819  ,  197," $1,093.49 ",08/10/2024, entertainment  
 1425  ,317,880.18,2024-01-18,  shopping
 3726 ,326‌,836.93 ,04/24/2024​,transport
2396,246,"‌2,254.99", 2024-01-21 ,food
4020,117,"  2,003.33 ", 2024/05/14,  utilities 
  3237 , 35 ,515.74  ,  02/10/2024,  transport 
  6748,127,($153.68),07/24/2024​,refund
 2255,  426,848.91,  2024/03/04  ,entertainment
 7891 ,254, 274.15,2025-01-01,shopping 
 2635  ‌,492,$22.48,﻿2024-12-04,transport
5158,187,"2,170.23",  03/27/2024, food  
3204‍,  403 ,  1313.06,2024-02-13,transport
‌209,382,"   $1,619.31   ",  09/07/2024  ,transport
563,444,"​ $2,432.12 ",‍12/21/2024,entertainment
4751,250  ," $1,675.33 ‍",2024/01/02,shopping
4482  , 43," $1,802.07 ‌",​2024/04/06,‌  utilities
4167,223," $1,064.22 ",2024-07-05,  entertainment‌
8191,x,  12..34,2024/14/01,entertainment
﻿8099,x,None,,  utilities
2908​,413,  $563.95 ,‌05/09/2024,utilities
​3484,470,‍177.03,02/15/2024,food
312,177," 2,051.67‍",2024/05/03,food‌
2666,147, $888.10 ‌,2024-05-01​,entertainment
​5056,‌322,1677.46,01/18/2024, transport  ‍
1064﻿,  380,793.24,‌  11/28/2024,food
6501,  113, ($315.15), 2024-03-26  , entertainment 
7439,125,  $185.57 ,   ,entertainment‌
 276  ,339,$364.13,03/24/2024,‌entertainment
​1054  ,379,2299.99,‍  2024-04-04 ,utilities
8197,  ,NA ,11/26/2024  ,entertainment
6068, 233 ,-460.33  ,11/02/2024,utilities
 7542  , 467‌,$73.30,2025-01-01‌,food
4939 , 26 ," $1,772.15 ",06/22/2024, entertainment  
  7784,120  ‌,  $219.43   ﻿,13/01/2024​, food‍
7310,​355,404.70, 2024/06/20  ,reversal
7057,235,51.94,2024-10-09 ‌,reversal
2454 ,  294,  254.26,2024/06/22,entertainment
4257, 399  ,980.46,  2024-03-18,transport
​2131,​  146  ,"  1,067.90  ",  12/01/2024 ,  shopping 
3343,458, 1840.04,2024/01/08,‌ transport
  8270,‌ 10.5 ,abc,‌03/27/2024,food
‌  5368  ,452,  $931.61 ,2024-12-21‍,shopping
  922,242,675.28,2024-03-04,utilities  
1257, 56  ,1329.69,2024-09-11,food
8119,,‍None,13/01/2024 ,utilities  
 234,  130 ,"1,979.90",2024-03-21,  transport  
6686,  319 , -63.45  ,2024/03/26‍,chargeback
3711,222," $1,550.99 ",11/07/2024, transport
 5925  ,129,$229.97, 2024-10-25  ,food
7866, 135​,  385.81,13/01/2024, utilities 
﻿4526, 421 ‍,414.47,07/01/2024,  transport
161,  299," $2,112.38 ",  2024/06/11,shopping
 1822,275,527.39,2024-01-12 ,utilities
 7878,  386 , $251.19 ,2024/14/01,transport
5549, 304 ,​$1453.63,2024/07/01,shopping  
 7336  ,450‍, $448.32 ,‍  2024-06-08,‌refund
4534 ,  418 ,1790.21​,08/07/2024 , food  ﻿
1285,139,$2015.62, 2024/03/29 ,shopping
  763  ,71," $2,369.83 ", 03/21/2024,utilities
‌5000,  276,"  $1,842.61   ",2024/01/29, utilities 
  581  , 67,217.42 , 09/04/2024  , food 
7350 ,170,423.12,  12/10/2024 ,refund 
6306‌, 197,‌($499.87),  11/14/2024  ,shopping
1788  ,420,"1,520.01",2024/11/10,utilities
  4457 ,373,$756.86,  2024-02-27 ,﻿food
 5754  ,67,806.31,2024/02/09,transport
95,119," $1,675.57 ",‌  08/24/2024  ,entertainment  
3117, 369,﻿$1802.74,2024/01/26,‍transport
 5970,241  ,‌2394.02,2024/06/21​,utilities
  2484 ,493,$2383.96, 2024-10-04, entertainment 
6637,  59,-493.38  ,2024/01/02,reversal
2532,  152 ,  $230.43  ,  2024/09/10,  entertainment
﻿ 4309,35‍,  $360.33 ﻿,2024-04-15  ,  transport  
2624,273," $1,242.84 ", 2024/05/23 ,‌transport
‍ 650  ,  178  , 2247.81 ​,2024/09/06  , food
4898,﻿329, 263.06,2024-09-05,  entertainment  
2052, 92 ,"  1,139.21 ﻿",07/10/2024,shopping‍
  5087  ,169,$384.24,2024/01/30,﻿transport 
  3938 ,407," 1,966.38 ", 2024-07-02  ,‍food
7798,‌463,$246.89,2024/14/01,food
 760,232,​101.04,  2024/06/25,‌transport
  3147 ,38,"1,884.28", 2024/09/17, food
4274,  114 ," $1,029.90  ",04/28/2024​, food
1875,  336  , $828.69  ,﻿ 2024/08/31  ,​food
423,209,"1,933.01",‍  06/05/2024 ,transport
‌2235,  97 ﻿,$1680.77,2024-09-01,shopping 
﻿3397,61," $1,865.47  ",07/08/2024,‌  entertainment  
4521﻿,241 ,  1906.66 ,‍2024/04/20,utilities
544,30‌,911.44, 07/27/2024 , entertainment 
5504  ,109, $526.78  ,​ 01/13/2024 ,  utilities  
‌ 3434,265,"1,386.24",  12/23/2024  ,  food 
600, 369,"1,111.08",2024/03/08,‌shopping
  7996,  ,12..34,not-a-date, shopping
279,228 ,"2,076.53",  2024/10/24,transport
3127,484  ," $2,196.48   ",  2024-09-06,transport
497,﻿  318 ," $1,176.50 ",06/19/2024 ,shopping
1940,221,$2356.40,2024/03/23,entertainment
  7104 ,82,   $339.85 ,﻿02/25/2024, refund  
 4414 ,229,  104.53  ,01/14/2024 ,utilities
 4084  ,246 , 1624.74‍,﻿  2024/07/09,​transport 
  6936  , 112 ,368.65,2024-08-12,refund‍
8067,x,12..34,2024/14/01, entertainment  
281,449﻿,2071.30, 01/13/2024,  food
 386  ,36,"1,983.03", 2024-06-02  , transport  
331,494,"2,478.06 ",2024/10/03,  food  
 5085  ,​223  ,537.31,2024-09-29,food
 5139 ,318,‌ $112.67 ,‍2024/06/02, utilities  
‍7572,28,489.71, ,transport
1196,﻿208,1567.03,‌2024-03-24, shopping  ‍
 1995 ,85,326.04,2024/11/23,‌ shopping  
7961,‍  ,$  ,  2024-07-08,  entertainment  
5862,98,  $1200.42,2024/07/12,  utilities  
﻿638, 86 ‌,837.95 ‌,2024/08/17 ,food
7376,215,257.03,2024/06/03,  chargeback  
6855,79﻿, -489.13  , 2024-10-02  , chargeback 
3003,231,$1054.77,2024/08/04,utilities
3902,407,  1036.82,2024/06/28,shopping
 5212 , 438, $43.30 ,2024-02-24,food‍
4007,215,"2,302.53 ",  05/14/2024 ,transport
  6443,  281, -299.57 ,02/15/2024﻿,utilities‌
4980,  44 ,‌  837.21  ,‍2024/07/13,entertainment‌
  3717 ,203,"  1,701.33  ", 2024/01/25 ,food
4023,18, 557.83 , 2024-04-13,entertainment
﻿1110  ,110, $1571.43,09/25/2024  ,‍transport
808,435,34.97,01/04/2024 ,food
138,  162 ,$1049.96,2024-07-21,shopping
‌2385,139,​$198.62,04/03/2024,‌food
1809,‍477,2224.94,2024/07/15,﻿  shopping 
5521,  146,"‌ $1,142.56   ",2024/11/15,shopping
6487 ,225,-66.62,  2024/10/27, refund ​
1669,387," $2,321.85 ", 2024-10-19‍,  food  
2529,271,  $993.26   ,​ 2024-12-12 ,﻿ food 
18,152,892.28, 2024/09/08 ,transport​
3546,416,$1628.26﻿,05/05/2024,food 
5461,334,$1760.23, 2024/08/06 ,  shopping
‌ 4236  , 408 ,$1736.41,  2024-05-13  ,entertainment
  6558  ,‌359, -137.90  , 2024/09/16‍,utilities 
4463  ,​  467,$1386.66,12/29/2024,transport
4329,229,1976.63,2024/06/29, food 
1080,  289  ,$1063.42,  11/27/2024 ,shopping
7872,304 ,289.31,,entertainment
3302, 48 ,334.45,07/16/2024,transport
1246,​465,​  $388.17  ,06/17/2024,shopping‍
2087, 210,  $816.32 ,  10/07/2024,food
‍5770 ,  105,"  $2,108.58   ",2024/12/21,entertainment  
 7354 ,281,$378.15​,﻿  03/19/2024  , reversal 
5166  ,  117‍, $7.26 ,07/24/2024,food 
  5332  , 153﻿,224.46,  08/12/2024  , food 
  5127 ,332,"1,000.46",07/21/2024,shopping
4596‌,  285,967.17, 2024/01/22,  transport 
1823  ,338,"  1,808.72﻿",05/13/2024,entertainment
6281,‍426,-171.55,  2024/09/22 ,reversal
7530,  497  ,312.01,13/01/2024,utilities
7286,‍225, 94.95  ,2024/03/15,reversal
 3674,238,  1551.20 ,06/21/2024,‍  utilities
1050,  476 ,598.18‍,  08/07/2024 , utilities
  5222 ,253 ,"1,033.94",‌2024-04-30,‍ shopping
4168,‍27, 2139.63 ,2024/08/11,  transport
‌1383, 290  ," $2,131.78 ",07/17/2024,entertainment
3678,313,  1034.34,02/10/2024, utilities 
4515  ,​27,$124.11,2024/12/12​,shopping
 1659  ,‌87,   $242.65  ,02/02/2024, shopping
5726,301,2066.13,2024/12/06,shopping
 105  ,  432, $257.47 ,06/10/2024,  utilities  
5109,‌70,$2346.83,2024/10/06 ,utilities
3847  ,254,83.27,05/20/2024,transport  
‍  2628,86, $677.95   ,2024/08/04,​shopping 
3095,‍334,$1807.19,2024-05-31  ,​  food  
4289,  228,246.54,01/02/2024, transport ﻿
 7363 ,57,$225.93, 2024/12/01  ,‍reversal
2833, 216 ,"2,054.83",2024/07/25, shopping 
5778,154,2158.55,﻿08/31/2024,  transport  
1563  ,455,192.00  ,  12/23/2024,​shopping
8202,  ,  12..34  ,2024-02-13,  entertainment 
8023,    ,NA,2024-05-28,transport
4974,460  ," $1,407.93 ",2024/01/10‌,transport
‍2219,295,  $1974.09, 09/07/2024, utilities  
4243,462,  155.99  ,06/10/2024﻿,shopping
6531,415, -424.48  ,  2024/05/06,‌  utilities
 6438  ,  391 ,-146.28,  2024/02/14  ,utilities
 4036 ,  5  ,"  2,480.55  ",10/31/2024,shopping
4604,62,"2,172.89",  02/06/2024 ,  shopping  ‍
‍  2732,451,"2,375.90", 2024-09-28  ,entertainment
4351,46,  $185.74‌,02/29/2024,entertainment​
﻿6626,76,($435.18),04/16/2024,  entertainment
 617  ,‍423  ,$1353.09,2024-06-09,shopping
‌6838,390,-64.19,2024-01-13,shopping
8110,  x,NA,  not-a-date ,transport
  5420 , 173 ,2371.24, 2024-02-25  ,shopping
3049,162,"‍ $1,602.53 ",2024/03/23  ,shopping
8231,,﻿  abc  ,10/02/2024 ,utilities
7308,190  ,  191.26,‌2024-04-20,refund
5270,344,"1,235.57",​2024-08-07,entertainment
  8208  ,9999,, 2024-09-10,entertainment
1076,387 ,"‍2,265.80",03/03/2024, shopping ‌
590,38,﻿ 983.05 ,  2024/09/27  ,food
1376,  312 ,$814.96,08/16/2024,entertainment
7338,​493,$482.35,  2024-04-29  ,chargeback
6624, 336,   -380.73   ,  2024-08-21,reversal
4431,262 ," 2,434.09 ",2024-09-11,﻿shopping 
6008,357,‍ -32.49 ,​08/27/2024,  chargeback
﻿2241,251,509.57,02/02/2024,‍ utilities 
7882, 191,275.63, 2023-12-31 ,food
2742,292 ,731.96,‌2024/12/12,food
﻿ 5406,‍306,"  1,437.80",07/18/2024‌,shopping
‍ 5157  ,316," $1,079.93 ", 2024/07/12,utilities
3108,446 , $1174.45,2024-01-22,shopping
  4471  ,204,  $1162.50 ,2024/06/06‌,  utilities  
980,66 ," $2,095.45 ",2024-09-22​,​entertainment 
4381,365," 2,467.56",2024-10-15,‍utilities
1958‍,154,‌ 837.66,  2024/01/21  ,utilities
 3334 ,332,658.29, 2024/09/21 ,entertainment 
6892,441,($102.21)‍,‍2024/11/06,chargeback 
‌5497, 349, 874.50 ‌, 2024/01/27  ,food  
347  ,36, 1731.88  ,‌2024-09-29,shopping  
3024,159,‌806.94,2024-11-16,shopping
  1086 ,176, $784.85 , 2024/10/25,utilities
  7503 ,154, $467.76 ,not-a-date, utilities
 6632 ,  109  ,($12.99)​,2024/10/22 ,utilities
975,  41  ,"​  1,670.73  ",2024-08-28  ,entertainment
​  1356  , 386,$1379.36,2024-11-28,​shopping
3764,236,  224.71  ,02/13/2024,food‍
‌2733,74,"1,246.72",2024/04/23,‍entertainment
213,400,223.87,2024-09-11,utilities  
 7055,169​, $263.01 ,‌10/12/2024,chargeback
8298,  x ,abc ,‌ 01/30/2024 ,transport
3416,197,"2,127.76",09/16/2024,transport  
  1043,117,552.46,12/15/2024,entertainment
7129,301,​ $353.54, 02/20/2024  ,reversal
 1850  ,395,"1,576.50",11/26/2024  ,shopping
‍  5449, 115 ,1137.63​,07/29/2024,entertainment 
2467  ,500 ,1354.64,2024-02-08, food  ​
 3528,  284 ," $1,969.37 ", 11/20/2024  ,food
597,​190,‍1901.05,​02/24/2024,shopping
5167,  310  ,"   $1,443.23 ",  06/30/2024  ,  shopping
 1876 ​, 3  ‍," $2,300.31   ",2024/12/04 ,entertainment  ‌
  3661  ,13,1015.23,2024/07/29 ,​food
3385,469," 1,766.27",  2024/03/28,shopping 
1849,238,2421.44,  2024/01/28 ,shopping
214,162,2183.72,09/05/2024​, transport 
  2090  ,492,$931.42,2024-03-11,  utilities 
  971  ,240," $1,951.41  ",  03/09/2024 , transport 
3199,‍207,1790.14,  2024-06-06,transport
  1835,438,1435.07,2024/04/11, utilities 
668,347,$337.77,2024/10/19, shopping
3634, 117 ,$394.96, 2024-03-06 , shopping 
2207,310,"1,239.56",09/18/2024,utilities​
6900,​  499 ,-452.67  ﻿,06/11/2024,  food
‌3845,  159," $1,736.91 ",2024-04-11,entertainment
 4603 , 419 ​, 2256.70 ,06/21/2024,entertainment
6185,370,‍-267.12,2024-02-28,refund
3963,313,"2,052.24",06/25/2024,food
7262‍, 433  ,$24.79​,  2024-08-01, chargeback
765,217,"‌ $2,187.49 ",​12/23/2024,entertainment
2660,385, 384.19  ,11/12/2024 ﻿,entertainment
7678,269,258.58,2025-01-01,transport
2237,137," 2,413.65  ",2024-05-13,utilities
  3900  ,  301,"‌1,814.50",﻿2024/03/09,transport
  7867 ,410,$169.16  ,  , utilities
3164, 351 ," $1,427.82 ", 2024/10/12  ,utilities‍
7611,  416  , $445.57 ,13/01/2024,utilities
  6212  ,439,-233.07,  03/11/2024 ,entertainment
6573,398  , -137.43 ,  2024-12-18 ,utilities
3728,226  ," $2,484.04 ",2024-03-08,shopping
541﻿,449," $1,197.43 ",2024/03/28,shopping
