transaction_id,date,salesperson,product,amount,region
1,2024-04-06,Iris Patel,SKU-0134,2308.00,Central
2,2024-11-18,Uma Hernandez,SKU-0107,17610.00,East
3,2024-02-04,Sam Allen,SKU-0071,15438.00,Central
4,2024-02-01,Tina Young,SKU-0049,17157.00,East
5,2024-03-02,Peter Robinson,SKU-0024,29938.00,North
6,2024-04-12,Vincent Reed,SKU-0085,23306.00,North
7,2024-04-18,Oscar Edwards,SKU-0157,10360.00,North
8,2024-08-01,Yara Scott,SKU-0009,5352.00,East
9,2024-01-27,Chloe Nelson,SKU-0200,9482.00,North
10,2024-08-02,Chloe Nelson,SKU-0042,4954.00,South
11,2024-01-10,Gina Mitchell,SKU-0076,2577.00,West
12,2024-09-01,Maya Harris,SKU-0035,3294.00,North
13,2024-01-06,Noah Clark,SKU-0029,19976.00,East
14,2024-01-20,Jack Anderson,SKU-0021,29626.00,South
15,2024-05-24,Amy Adams,SKU-0162,12247.00,East
16,2024-04-11,Iris Patel,SKU-0031,20695.00,Central
17,2024-03-06,Bob Martinez,SKU-0020,21484.00,Central
18,2024-08-16,Troy Morris,SKU-0117,6773.00,East
19,2024-10-27,Quinn Walker,SKU-0036,2365.00,West
20,2024-10-23,Alice Chen,SKU-0172,10799.00,Central
21,2024-07-22,Jack Anderson,SKU-0170,3230.00,North
22,2024-04-11,Uma Hernandez,SKU-0185,11149.00,Central
23,2024-05-26,Peter Robinson,SKU-0028,14741.00,West
24,2024-11-19,Whitney Cook,SKU-0100,4125.00,West
25,2024-01-26,Tina Young,SKU-0002,8505.00,South
26,2024-12-13,Troy Morris,SKU-0153,15930.00,North
27,2024-04-01,Ursula Rogers,SKU-0055,4835.00,East
28,2024-10-04,Peter Robinson,SKU-0082,28371.00,East
29,2024-11-17,Chloe Nelson,SKU-0102,5543.00,Central
30,2024-07-06,Kelly Evans,SKU-0151,1524.00,West
31,2024-08-17,Ursula Rogers,SKU-0103,7242.00,West
32,2024-06-16,Jake Phillips,SKU-0109,10359.00,South
33,2024-03-23,Nathan Parker,SKU-0047,14377.00,West
34,2024-12-19,Zach Green,SKU-0012,5855.00,Central
35,2024-02-26,David Kim,SKU-0111,6421.00,Central
36,2024-10-30,Frank Wilson,SKU-0179,6859.00,Central
37,2024-03-06,Quinn Walker,SKU-0076,26927.00,South
38,2024-11-12,Tina Young,SKU-0046,5790.00,Central
39,2024-05-14,Whitney Cook,SKU-0003,7182.00,South
40,2024-07-04,Sofia Sanchez,SKU-0096,4581.00,Central
41,2024-05-28,Paula Collins,SKU-0153,28077.00,East
42,2024-06-07,Brian Baker,SKU-0087,21332.00,Central
43,2024-09-07,Emma Brown,SKU-0168,6359.00,West
44,2024-04-28,Whitney Cook,SKU-0127,26554.00,East
45,2024-03-11,Brian Baker,SKU-0086,14914.00,North
46,2024-07-05,Leo Jackson,SKU-0064,9618.00,West
47,2024-03-24,Troy Morris,SKU-0007,27133.00,North
48,2024-04-24,Grace Liu,SKU-0146,17294.00,West
49,2024-01-13,Oscar Edwards,SKU-0098,25804.00,West
50,2024-08-13,Uma Hernandez,SKU-0011,10339.00,Central
51,2024-02-11,Peter Robinson,SKU-0189,28616.00,West
52,2024-03-19,Uma Hernandez,SKU-0176,24559.00,North
53,2024-03-02,Wendy Wright,SKU-0047,7548.00,East
54,2024-12-24,Derek Hill,SKU-0137,17165.00,South
55,2024-12-27,Paula Collins,SKU-0045,20473.00,West
56,2024-01-07,Sofia Sanchez,SKU-0142,15540.00,East
57,2024-06-05,Wendy Wright,SKU-0026,5503.00,South
58,2024-02-09,Jake Phillips,SKU-0107,5001.00,West
59,2024-05-31,Yara Scott,SKU-0138,7989.00,North
60,2024-07-02,Quinn Walker,SKU-0103,1373.00,South
61,2024-12-01,Vincent Reed,SKU-0118,25481.00,East
62,2024-02-13,Monica Torres,SKU-0176,27886.00,West
63,2024-09-03,Grace Liu,SKU-0042,12227.00,Central
64,2024-08-08,Emma Brown,SKU-0007,6032.00,West
65,2024-10-10,Ursula Rogers,SKU-0149,9355.00,East
66,2024-12-22,Felix Campbell,SKU-0192,1538.00,Central
67,2024-12-02,Tina Young,SKU-0091,26631.00,South
68,2024-08-24,Olivia Lewis,SKU-0014,7337.00,Central
69,2024-03-02,Amy Adams,SKU-0107,25651.00,Central
70,2024-11-30,Hugo Roberts,SKU-0003,8580.00,West
71,2024-05-19,Wendy Wright,SKU-0166,28528.00,North
72,2024-07-22,Kelly Evans,SKU-0052,6633.00,West
73,2024-08-02,Brian Baker,SKU-0074,11004.00,Central
74,2024-06-20,Emma Brown,SKU-0061,24110.00,East
75,2024-11-07,Maya Harris,SKU-0050,14732.00,North
76,2024-08-25,Xena Morgan,SKU-0105,9296.00,West
77,2024-07-11,Paula Collins,SKU-0012,6189.00,East
78,2024-07-09,Hugo Roberts,SKU-0195,6238.00,West
79,2024-05-02,Yusuf Bell,SKU-0046,25201.00,South
80,2024-11-24,Oscar Edwards,SKU-0033,21661.00,West
81,2024-11-16,Leo Jackson,SKU-0043,8505.00,Central
82,2024-06-23,Jake Phillips,SKU-0199,13667.00,West
83,2024-06-17,Victor King,SKU-0109,26091.00,West
84,2024-02-22,Ivy Carter,SKU-0165,21443.00,East
85,2024-09-28,Leo Jackson,SKU-0043,5257.00,West
86,2024-09-29,Carol White,SKU-0093,14266.00,Central
87,2024-10-27,Nathan Parker,SKU-0144,2135.00,South
88,2024-05-12,Yusuf Bell,SKU-0087,18805.00,Central
89,2024-06-27,Xavier Lopez,SKU-0122,23582.00,South
90,2024-12-31,Leo Jackson,SKU-0116,26695.00,West
91,2024-12-06,Tina Young,SKU-0165,9555.00,North
92,2024-06-23,Gina Mitchell,SKU-0001,27932.00,South
93,2024-11-19,Gina Mitchell,SKU-0089,1511.00,North
94,2024-07-03,Vincent Reed,SKU-0007,5197.00,West
95,2024-06-29,Noah Clark,SKU-0009,15592.00,Central
96,2024-06-30,Derek Hill,SKU-0117,7347.00,Central
97,2024-07-21,Iris Patel,SKU-0176,13142.00,East
98,2024-02-19,Ivy Carter,SKU-0168,7958.00,Central
99,2024-06-21,Sam Allen,SKU-0033,23559.00,Central
100,2024-04-28,Amy Adams,SKU-0191,21489.00,North
101,2024-02-20,Paula Collins,SKU-0170,24509.00,Central
102,2024-09-08,Jack Anderson,SKU-0167,12192.00,South
103,2024-07-18,Tina Young,SKU-0014,8254.00,South
104,2024-12-25,Olivia Lewis,SKU-0081,7602.00,South
105,2024-05-25,Kelly Evans,SKU-0099,21543.00,South
106,2024-08-11,Henry Taylor,SKU-0024,7251.00,South
107,2024-04-01,Sofia Sanchez,SKU-0002,16776.00,Central
108,2024-08-09,Monica Torres,SKU-0128,6640.00,East
109,2024-05-13,Bob Martinez,SKU-0165,4518.00,Central
110,2024-08-26,Chloe Nelson,SKU-0021,9112.00,East
111,2024-05-04,Frank Wilson,SKU-0196,19929.00,South
112,2024-03-13,Victor King,SKU-0126,14662.00,North
113,2024-06-24,Maya Harris,SKU-0188,29432.00,Central
114,2024-11-19,Derek Hill,SKU-0124,9554.00,Central
115,2024-05-16,Kate Thomas,SKU-0194,10281.00,South
116,2024-05-25,Whitney Cook,SKU-0166,25200.00,Central
117,2024-07-03,Kelly Evans,SKU-0076,6377.00,North
118,2024-08-19,Jake Phillips,SKU-0181,7345.00,South
119,2024-05-03,Kelly Evans,SKU-0155,29467.00,North
120,2024-08-18,Henry Taylor,SKU-0162,10224.00,South
121,2024-09-12,Brian Baker,SKU-0041,8717.00,North
122,2024-07-17,Noah Clark,SKU-0093,10567.00,West
123,2024-05-22,Leo Jackson,SKU-0196,27441.00,North
124,2024-10-25,Peter Robinson,SKU-0042,2211.00,South
125,2024-04-28,Kelly Evans,SKU-0062,11003.00,South
126,2024-07-07,Elena Ramirez,SKU-0066,4922.00,Central
127,2024-04-06,Monica Torres,SKU-0097,29245.00,West
128,2024-02-06,Hugo Roberts,SKU-0082,14554.00,South
129,2024-04-20,Ivy Carter,SKU-0183,5162.00,North
130,2024-04-22,Amy Adams,SKU-0147,18413.00,South
131,2024-12-18,Rachel Hall,SKU-0126,4248.00,Central
132,2024-03-23,Jack Anderson,SKU-0092,16850.00,South
133,2024-09-20,Chloe Nelson,SKU-0017,6167.00,South
134,2024-12-18,Jack Anderson,SKU-0116,18086.00,Central
135,2024-08-27,Nathan Parker,SKU-0196,6807.00,Central
136,2024-01-09,Tina Young,SKU-0037,13472.00,North
137,2024-01-18,Zach Green,SKU-0124,6156.00,South
138,2024-08-10,Emma Brown,SKU-0145,10255.00,East
139,2024-10-03,Vincent Reed,SKU-0055,28524.00,West
140,2024-03-19,Zach Green,SKU-0155,3140.00,South
141,2024-10-28,Henry Taylor,SKU-0109,11581.00,Central
142,2024-01-20,Chloe Nelson,SKU-0200,17991.00,South
143,2024-11-12,Paula Collins,SKU-0063,741.00,East
144,2024-07-06,Sam Allen,SKU-0161,4230.00,South
145,2024-01-30,Frank Wilson,SKU-0085,23131.00,West
146,2024-11-18,Sofia Sanchez,SKU-0015,14072.00,East
147,2024-09-29,Felix Campbell,SKU-0147,6061.00,South
148,2024-05-07,Xavier Lopez,SKU-0093,23039.00,North
149,2024-05-11,Yara Scott,SKU-0107,16510.00,South
150,2024-09-10,Olivia Lewis,SKU-0028,9354.00,East
151,2024-09-19,Grace Liu,SKU-0192,11492.00,East
152,2024-10-28,Leo Jackson,SKU-0113,4404.00,West
153,2024-01-31,Yara Scott,SKU-0112,8016.00,East
154,2024-09-10,David Kim,SKU-0160,16717.00,East
155,2024-01-23,Yara Scott,SKU-0020,7243.00,West
156,2024-05-17,Wendy Wright,SKU-0143,13866.00,South
157,2024-10-20,Carol White,SKU-0150,12703.00,West
158,2024-01-08,Rachel Hall,SKU-0090,24694.00,East
159,2024-11-22,Paula Collins,SKU-0193,24825.00,West
160,2024-05-10,Gina Mitchell,SKU-0083,19477.00,Central
161,2024-12-13,Frank Wilson,SKU-0163,9431.00,South
162,2024-01-17,Ivy Carter,SKU-0036,6711.00,East
163,2024-01-12,Victor King,SKU-0025,17362.00,West
164,2024-12-10,Xena Morgan,SKU-0009,22757.00,North
165,2024-02-13,Paula Collins,SKU-0114,21123.00,West
166,2024-03-27,Jack Anderson,SKU-0057,22554.00,East
167,2024-02-12,Whitney Cook,SKU-0108,10511.00,Central
168,2024-11-25,Jake Phillips,SKU-0171,13450.00,West
169,2024-05-17,Uma Hernandez,SKU-0067,26840.00,Central
170,2024-11-29,Wendy Wright,SKU-0121,24112.00,North
171,2024-08-11,Uma Hernandez,SKU-0022,5935.00,West
172,2024-08-16,Derek Hill,SKU-0021,7574.00,West
173,2024-02-15,Alice Chen,SKU-0135,3220.00,East
174,2024-06-04,Sofia Sanchez,SKU-0052,13510.00,East
175,2024-09-04,Elena Ramirez,SKU-0178,2594.00,South
176,2024-11-30,Whitney Cook,SKU-0063,20361.00,West
177,2024-02-28,Xena Morgan,SKU-0146,14549.00,West
178,2024-04-03,Quinn Walker,SKU-0162,12592.00,South
179,2024-10-24,Nathan Parker,SKU-0140,22585.00,North
180,2024-09-17,Olivia Lewis,SKU-0071,7164.00,Central
181,2024-12-21,Amy Adams,SKU-0086,10403.00,Central
182,2024-08-20,Zach Green,SKU-0137,3401.00,North
183,2024-03-02,Monica Torres,SKU-0036,3297.00,Central
184,2024-04-27,Bob Martinez,SKU-0190,18574.00,Central
185,2024-07-01,Jake Phillips,SKU-0158,5074.00,East
186,2024-06-04,Elena Ramirez,SKU-0035,29055.00,South
187,2024-07-14,Yusuf Bell,SKU-0117,6908.00,East
188,2024-10-20,Ursula Rogers,SKU-0125,18540.00,East
189,2024-04-06,Yusuf Bell,SKU-0151,29436.00,West
190,2024-07-11,Peter Robinson,SKU-0121,6421.00,West
191,2024-05-29,Sam Allen,SKU-0081,10992.00,South
192,2024-06-20,Jake Phillips,SKU-0016,17415.00,South
193,2024-08-25,Kelly Evans,SKU-0026,8297.00,West
194,2024-12-05,Leo Jackson,SKU-0099,14829.00,West
195,2024-08-14,Lucas Turner,SKU-0198,5268.00,North
196,2024-08-02,Vincent Reed,SKU-0076,10038.00,East
197,2024-09-11,Olivia Lewis,SKU-0143,9534.00,South
198,2024-06-09,Troy Morris,SKU-0009,18298.00,South
199,2024-09-25,Grace Liu,SKU-0073,11086.00,North
200,2024-07-22,Hugo Roberts,SKU-0113,7578.00,Central
201,2024-07-04,Noah Clark,SKU-0072,7509.00,Central
202,2024-03-02,Chloe Nelson,SKU-0095,9643.00,North
203,2024-09-01,Peter Robinson,SKU-0176,5273.00,West
204,2024-07-29,Victor King,SKU-0109,8027.00,South
205,2024-10-20,Ursula Rogers,SKU-0167,4433.00,Central
206,2024-11-16,Nathan Parker,SKU-0108,2555.00,West
207,2024-01-29,Wendy Wright,SKU-0053,8308.00,West
208,2024-07-17,Alice Chen,SKU-0173,14371.00,South
209,2024-09-09,Frank Wilson,SKU-0148,6647.00,West
210,2024-05-13,Frank Wilson,SKU-0020,9737.00,North
211,2024-03-25,Vincent Reed,SKU-0024,26473.00,West
212,2024-04-24,Leo Jackson,SKU-0050,21193.00,West
213,2024-03-14,Tina Young,SKU-0128,10971.00,West
214,2024-03-11,Lucas Turner,SKU-0084,3892.00,South
215,2024-10-21,Sofia Sanchez,SKU-0037,14901.00,North
216,2024-03-18,Elena Ramirez,SKU-0084,25338.00,East
217,2024-09-30,Gina Mitchell,SKU-0189,6217.00,South
218,2024-04-11,Kate Thomas,SKU-0069,7383.00,North
219,2024-11-07,Felix Campbell,SKU-0170,15379.00,East
220,2024-08-15,Carol White,SKU-0110,13876.00,Central
221,2024-06-26,Yara Scott,SKU-0072,25145.00,West
222,2024-07-28,Reed Stewart,SKU-0085,12368.00,Central
223,2024-01-14,Nathan Parker,SKU-0011,29479.00,South
224,2024-03-06,Jack Anderson,SKU-0137,2621.00,East
225,2024-06-27,Oscar Edwards,SKU-0187,26037.00,West
226,2024-12-12,Amy Adams,SKU-0090,10367.00,East
227,2024-02-13,Yara Scott,SKU-0092,27416.00,East
228,2024-02-27,Kelly Evans,SKU-0073,4375.00,West
229,2024-04-15,Yara Scott,SKU-0071,11328.00,South
230,2024-11-14,Reed Stewart,SKU-0011,26294.00,South
231,2024-02-10,Jack Anderson,SKU-0127,20134.00,North
232,2024-04-26,Jack Anderson,SKU-0070,6457.00,South
233,2024-01-30,Oscar Edwards,SKU-0176,8479.00,East
234,2024-04-12,Oscar Edwards,SKU-0167,24878.00,North
235,2024-04-03,Yara Scott,SKU-0145,28214.00,East
236,2024-05-08,Carol White,SKU-0061,17158.00,North
237,2024-11-11,Oscar Edwards,SKU-0072,17298.00,Central
238,2024-06-11,Sam Allen,SKU-0037,18173.00,West
239,2024-05-08,Vincent Reed,SKU-0139,21307.00,East
240,2024-09-11,Olivia Lewis,SKU-0171,5054.00,South
241,2024-08-12,Olivia Lewis,SKU-0034,8517.00,East
242,2024-05-07,Felix Campbell,SKU-0002,22100.00,Central
243,2024-02-22,Noah Clark,SKU-0191,10288.00,West
244,2024-03-25,Kelly Evans,SKU-0035,29501.00,South
245,2024-11-07,Victor King,SKU-0166,29087.00,East
246,2024-01-15,Iris Patel,SKU-0153,12362.00,North
247,2024-03-02,Kelly Evans,SKU-0118,24747.00,South
248,2024-12-24,Elena Ramirez,SKU-0137,23788.00,North
249,2024-05-07,Olivia Lewis,SKU-0173,6146.00,East
250,2024-11-12,Elena Ramirez,SKU-0109,27420.00,Central
251,2024-05-09,Oscar Edwards,SKU-0090,6027.00,East
252,2024-11-20,Grace Liu,SKU-0009,12233.00,West
253,2024-04-28,Jack Anderson,SKU-0160,8944.00,North
254,2024-11-03,Emma Brown,SKU-0116,21121.00,East
255,2024-06-24,Oscar Edwards,SKU-0142,2824.00,North
256,2024-10-08,Chloe Nelson,SKU-0087,24713.00,East
257,2024-09-10,Hugo Roberts,SKU-0050,6963.00,Central
258,2024-07-23,Ivy Carter,SKU-0074,5220.00,North
259,2024-11-01,Zach Green,SKU-0088,736.00,North
260,2024-08-14,Yara Scott,SKU-0046,5188.00,West
261,2024-06-20,Oscar Edwards,SKU-0191,6100.00,South
262,2024-01-11,Yara Scott,SKU-0194,8887.00,South
263,2024-04-10,Carol White,SKU-0170,16581.00,North
264,2024-01-05,Whitney Cook,SKU-0130,8864.00,North
265,2024-09-03,Frank Wilson,SKU-0123,10189.00,West
266,2024-05-30,Vincent Reed,SKU-0149,4732.00,Central
267,2024-05-22,Reed Stewart,SKU-0063,2672.00,East
268,2024-06-25,Derek Hill,SKU-0034,10592.00,West
269,2024-12-08,Elena Ramirez,SKU-0088,21235.00,West
270,2024-09-17,Brian Baker,SKU-0137,4298.00,North
271,2024-08-10,Oscar Edwards,SKU-0073,2062.00,West
272,2024-10-22,Troy Morris,SKU-0004,20573.00,South
273,2024-07-11,Leo Jackson,SKU-0039,4307.00,West
274,2024-09-05,Peter Robinson,SKU-0125,13269.00,Central
275,2024-09-14,Victor King,SKU-0035,7439.00,North
276,2024-08-30,Rachel Hall,SKU-0194,5776.00,North
277,2024-03-26,Troy Morris,SKU-0182,7432.00,West
278,2024-01-24,Frank Wilson,SKU-0163,3120.00,West
279,2024-07-24,Zach Green,SKU-0044,8534.00,West
280,2024-03-27,Reed Stewart,SKU-0019,18586.00,South
281,2024-10-25,Frank Wilson,SKU-0194,7609.00,West
282,2024-03-26,Gina Mitchell,SKU-0107,22669.00,West
283,2024-01-12,Peter Robinson,SKU-0195,11547.00,West
284,2024-01-29,David Kim,SKU-0148,6128.00,South
285,2024-10-08,Oscar Edwards,SKU-0009,1653.00,West
286,2024-08-22,Bob Martinez,SKU-0074,20386.00,South
287,2024-06-17,Chloe Nelson,SKU-0155,15240.00,North
288,2024-08-04,Gina Mitchell,SKU-0119,5758.00,South
289,2024-07-24,Chloe Nelson,SKU-0112,3926.00,West
290,2024-06-04,Xavier Lopez,SKU-0156,25269.00,North
291,2024-02-03,Whitney Cook,SKU-0048,6386.00,Central
292,2024-12-17,Whitney Cook,SKU-0051,10231.00,Central
293,2024-05-22,Uma Hernandez,SKU-0098,3097.00,South
294,2024-05-11,Olivia Lewis,SKU-0094,9990.00,East
295,2024-02-01,Xena Morgan,SKU-0083,9422.00,Central
296,2024-05-31,Uma Hernandez,SKU-0150,6137.00,East
297,2024-09-29,Frank Wilson,SKU-0125,13390.00,East
298,2024-02-13,Jake Phillips,SKU-0039,4376.00,North
299,2024-05-20,Emma Brown,SKU-0136,25317.00,North
300,2024-11-13,Elena Ramirez,SKU-0133,4369.00,North
301,2024-01-01,Jake Phillips,SKU-0117,16167.00,East
302,2024-07-30,Amy Adams,SKU-0021,15220.00,West
303,2024-09-16,Emma Brown,SKU-0199,10575.00,East
304,2024-07-21,Kelly Evans,SKU-0188,8660.00,Central
305,2024-03-11,Brian Baker,SKU-0038,22878.00,West
306,2024-06-22,Monica Torres,SKU-0161,16664.00,Central
307,2024-11-15,Elena Ramirez,SKU-0141,14886.00,North
308,2024-03-18,Felix Campbell,SKU-0103,14467.00,South
309,2024-03-13,Leo Jackson,SKU-0119,27877.00,South
310,2024-05-25,Elena Ramirez,SKU-0192,3244.00,South
311,2024-01-27,David Kim,SKU-0065,21726.00,South
312,2024-06-10,Carol White,SKU-0010,13884.00,East
313,2024-06-24,Reed Stewart,SKU-0160,16221.00,West
314,2024-04-09,Felix Campbell,SKU-0064,27615.00,South
315,2024-12-15,Yara Scott,SKU-0069,24356.00,North
316,2024-07-29,Ursula Rogers,SKU-0134,10356.00,South
317,2024-10-08,Whitney Cook,SKU-0105,13082.00,Central
318,2024-11-24,Victor King,SKU-0050,28119.00,South
319,2024-04-21,Derek Hill,SKU-0168,17070.00,West
320,2024-02-26,Vincent Reed,SKU-0030,17370.00,Central
321,2024-07-20,Oscar Edwards,SKU-0179,3554.00,North
322,2024-02-24,Reed Stewart,SKU-0179,10627.00,East
323,2024-04-17,Kate Thomas,SKU-0189,11832.00,West
324,2024-07-24,Emma Brown,SKU-0081,11976.00,North
325,2024-01-28,Kelly Evans,SKU-0026,15206.00,North
326,2024-02-19,Ivy Carter,SKU-0042,7915.00,Central
327,2024-04-12,Frank Wilson,SKU-0146,22365.00,Central
328,2024-04-30,Reed Stewart,SKU-0139,10673.00,South
329,2024-03-04,Gina Mitchell,SKU-0051,10138.00,West
330,2024-05-14,Wendy Wright,SKU-0152,2269.00,East
331,2024-05-15,Kate Thomas,SKU-0145,24172.00,East
332,2024-01-06,Sam Allen,SKU-0075,24447.00,West
333,2024-01-11,Wendy Wright,SKU-0180,5038.00,Central
334,2024-11-26,Sam Allen,SKU-0182,27915.00,West
335,2024-05-12,Zach Green,SKU-0163,22682.00,South
336,2024-09-02,Uma Hernandez,SKU-0123,2192.00,West
337,2024-12-02,Whitney Cook,SKU-0044,24268.00,Central
338,2024-02-19,Yara Scott,SKU-0185,17312.00,Central
339,2024-01-15,Carol White,SKU-0190,25107.00,South
340,2024-10-21,Reed Stewart,SKU-0005,24973.00,West
341,2024-04-19,Olivia Lewis,SKU-0066,10180.00,Central
342,2024-04-26,Uma Hernandez,SKU-0031,18319.00,West
343,2024-08-14,Ursula Rogers,SKU-0021,6893.00,North
344,2024-06-12,Paula Collins,SKU-0046,12989.00,East
345,2024-04-07,Derek Hill,SKU-0098,27998.00,West
346,2024-08-24,Brian Baker,SKU-0192,8951.00,Central
347,2024-10-02,Rachel Hall,SKU-0032,1076.00,West
348,2024-12-07,Uma Hernandez,SKU-0141,3673.00,North
349,2024-02-05,Tina Young,SKU-0155,10467.00,West
350,2024-12-01,Xavier Lopez,SKU-0188,15082.00,East
351,2024-11-03,Iris Patel,SKU-0098,4570.00,Central
352,2024-08-30,Victor King,SKU-0151,4612.00,South
353,2024-12-26,Yusuf Bell,SKU-0123,1441.00,North
354,2024-02-03,Frank Wilson,SKU-0130,17956.00,North
355,2024-01-29,Paula Collins,SKU-0098,17100.00,East
356,2024-03-15,Brian Baker,SKU-0047,4159.00,Central
357,2024-10-07,Oscar Edwards,SKU-0134,22288.00,East
358,2024-10-09,Rachel Hall,SKU-0086,20438.00,South
359,2024-08-16,Nathan Parker,SKU-0012,7742.00,South
360,2024-11-15,Grace Liu,SKU-0191,8110.00,South
361,2024-09-02,Olivia Lewis,SKU-0133,4643.00,South
362,2024-09-15,Kate Thomas,SKU-0112,9571.00,South
363,2024-10-27,Troy Morris,SKU-0128,29797.00,East
364,2024-05-18,Monica Torres,SKU-0056,21200.00,East
365,2024-10-11,Brian Baker,SKU-0107,23757.00,North
366,2024-05-01,Zach Green,SKU-0071,2231.00,East
367,2024-06-19,Jake Phillips,SKU-0068,7723.00,West
368,2024-02-25,Hugo Roberts,SKU-0181,12836.00,Central
369,2024-11-02,Bob Martinez,SKU-0037,24701.00,South
370,2024-09-03,Zach Green,SKU-0053,6299.00,North
371,2024-12-15,Leo Jackson,SKU-0009,9079.00,North
372,2024-03-11,Elena Ramirez,SKU-0145,27623.00,West
373,2024-03-31,Oscar Edwards,SKU-0041,9638.00,West
374,2024-03-23,Nathan Parker,SKU-0092,17967.00,East
375,2024-07-02,Noah Clark,SKU-0091,3255.00,West
376,2024-06-25,Sofia Sanchez,SKU-0196,16206.00,North
377,2024-01-04,Quinn Walker,SKU-0191,27352.00,South
378,2024-02-28,Oscar Edwards,SKU-0065,20523.00,East
379,2024-06-30,Uma Hernandez,SKU-0086,28881.00,East
380,2024-09-22,Brian Baker,SKU-0067,8505.00,South
381,2024-11-21,Reed Stewart,SKU-0173,14761.00,South
382,2024-01-06,Quinn Walker,SKU-0065,3700.00,South
383,2024-01-29,Chloe Nelson,SKU-0170,26515.00,South
384,2024-06-11,Olivia Lewis,SKU-0011,18515.00,West
385,2024-05-08,Brian Baker,SKU-0041,12277.00,Central
386,2024-11-19,Victor King,SKU-0072,24392.00,South
387,2024-02-29,Sam Allen,SKU-0196,9069.00,East
388,2024-10-02,Iris Patel,SKU-0077,2105.00,Central
389,2024-03-23,Quinn Walker,SKU-0149,11604.00,Central
390,2024-02-01,Bob Martinez,SKU-0198,25355.00,Central
391,2024-03-13,Alice Chen,SKU-0105,19254.00,West
392,2024-05-03,Chloe Nelson,SKU-0014,29961.00,South
393,2024-04-05,Sofia Sanchez,SKU-0189,28843.00,East
394,2024-10-23,Xena Morgan,SKU-0145,26482.00,West
395,2024-01-19,Maya Harris,SKU-0123,23918.00,East
396,2024-08-10,Xena Morgan,SKU-0108,13126.00,North
397,2024-05-12,Frank Wilson,SKU-0131,7063.00,North
398,2024-09-17,Sofia Sanchez,SKU-0027,2295.00,South
399,2024-07-31,Iris Patel,SKU-0124,13205.00,East
400,2024-08-25,Henry Taylor,SKU-0148,17419.00,West
401,2024-06-23,Sofia Sanchez,SKU-0195,20197.00,Central
402,2024-03-12,Yusuf Bell,SKU-0002,22895.00,West
403,2024-08-18,Grace Liu,SKU-0107,9876.00,Central
404,2024-09-08,Lucas Turner,SKU-0039,8245.00,West
405,2024-05-24,Carol White,SKU-0036,535.00,East
406,2024-08-04,Brian Baker,SKU-0030,5343.00,Central
407,2024-06-20,Maya Harris,SKU-0173,28442.00,East
408,2024-06-15,Alice Chen,SKU-0128,22863.00,South
409,2024-02-24,Wendy Wright,SKU-0105,13744.00,South
410,2024-04-03,Elena Ramirez,SKU-0097,23915.00,South
411,2024-07-14,Jake Phillips,SKU-0145,4160.00,Central
412,2024-08-12,Rachel Hall,SKU-0175,10188.00,South
413,2024-04-22,Xena Morgan,SKU-0047,6746.00,North
414,2024-07-12,Ivy Carter,SKU-0001,5553.00,South
415,2024-05-17,Frank Wilson,SKU-0001,18858.00,West
416,2024-08-19,Elena Ramirez,SKU-0051,3235.00,South
417,2024-10-19,Sofia Sanchez,SKU-0156,13363.00,Central
418,2024-03-09,Kelly Evans,SKU-0079,18965.00,South
419,2024-01-06,Olivia Lewis,SKU-0137,28677.00,South
420,2024-09-11,Sam Allen,SKU-0001,2167.00,North
421,2024-08-14,Alice Chen,SKU-0039,20339.00,North
422,2024-03-08,Kelly Evans,SKU-0149,13609.00,Central
423,2024-06-13,Derek Hill,SKU-0195,23688.00,South
424,2024-04-29,Yusuf Bell,SKU-0198,20734.00,North
425,2024-08-26,Wendy Wright,SKU-0041,4007.00,East
426,2024-03-29,Quinn Walker,SKU-0199,16199.00,East
427,2024-12-01,Sofia Sanchez,SKU-0024,17816.00,East
428,2024-08-20,Noah Clark,SKU-0132,7953.00,North
429,2024-08-05,Paula Collins,SKU-0187,6776.00,Central
430,2024-10-18,Vincent Reed,SKU-0018,794.00,East
431,2024-11-06,Zach Green,SKU-0047,10855.00,East
432,2024-04-19,Chloe Nelson,SKU-0057,757.00,Central
433,2024-02-08,Lucas Turner,SKU-0145,29261.00,North
434,2024-06-13,Brian Baker,SKU-0063,14178.00,West
435,2024-12-29,Lucas Turner,SKU-0152,18766.00,East
436,2024-11-12,Wendy Wright,SKU-0106,5156.00,Central
437,2024-09-22,Kate Thomas,SKU-0086,4847.00,Central
438,2024-12-11,Yara Scott,SKU-0011,22579.00,East
439,2024-10-09,Yara Scott,SKU-0066,15693.00,North
440,2024-08-25,Felix Campbell,SKU-0182,6055.00,Central
441,2024-05-23,Amy Adams,SKU-0051,18940.00,South
442,2024-08-19,Chloe Nelson,SKU-0042,5472.00,Central
443,2024-10-15,Amy Adams,SKU-0045,11685.00,East
444,2024-04-24,Peter Robinson,SKU-0153,28428.00,East
445,2024-08-30,Uma Hernandez,SKU-0004,5051.00,North
446,2024-07-15,Bob Martinez,SKU-0088,15085.00,East
447,2024-08-23,Yara Scott,SKU-0019,4310.00,East
448,2024-06-09,Henry Taylor,SKU-0190,20372.00,West
449,2024-05-28,Kelly Evans,SKU-0028,11128.00,Central
450,2024-12-20,Quinn Walker,SKU-0003,18345.00,West
451,2024-01-17,Iris Patel,SKU-0145,23336.00,West
452,2024-08-23,Jack Anderson,SKU-0013,8260.00,North
453,2024-07-27,Vincent Reed,SKU-0054,5891.00,Central
454,2024-08-19,Emma Brown,SKU-0177,5989.00,Central
455,2024-09-15,Victor King,SKU-0099,5947.00,North
456,2024-07-02,Xena Morgan,SKU-0162,5907.00,North
457,2024-11-25,Xavier Lopez,SKU-0149,9720.00,South
458,2024-07-24,Brian Baker,SKU-0040,3825.00,North
459,2024-11-18,Victor King,SKU-0187,18996.00,South
460,2024-05-08,Frank Wilson,SKU-0166,13556.00,East
461,2024-07-05,Ivy Carter,SKU-0055,4539.00,West
462,2024-11-26,Derek Hill,SKU-0018,28843.00,Central
463,2024-07-29,Elena Ramirez,SKU-0195,6454.00,South
464,2024-01-01,Xavier Lopez,SKU-0175,14782.00,South
465,2024-02-01,Reed Stewart,SKU-0164,29445.00,North
466,2024-10-05,Maya Harris,SKU-0102,25545.00,Central
467,2024-10-06,Gina Mitchell,SKU-0128,15257.00,South
468,2024-07-13,Carol White,SKU-0143,15181.00,East
469,2024-03-02,Jake Phillips,SKU-0019,1599.00,North
470,2024-05-31,Elena Ramirez,SKU-0090,6909.00,West
471,2024-12-23,Lucas Turner,SKU-0020,2175.00,West
472,2024-07-03,Derek Hill,SKU-0167,3531.00,South
473,2024-08-22,Zach Green,SKU-0181,7233.00,West
474,2024-06-28,Elena Ramirez,SKU-0172,1114.00,Central
475,2024-03-09,Noah Clark,SKU-0021,4033.00,Central
476,2024-09-22,Maya Harris,SKU-0154,6702.00,South
477,2024-06-20,Ivy Carter,SKU-0057,13459.00,West
478,2024-02-11,Ivy Carter,SKU-0059,15241.00,West
479,2024-11-28,David Kim,SKU-0171,10586.00,North
480,2024-08-17,Carol White,SKU-0031,13480.00,North
481,2024-04-29,Amy Adams,SKU-0107,6089.00,South
482,2024-02-10,Jack Anderson,SKU-0125,2224.00,West
483,2024-09-13,Xena Morgan,SKU-0096,6864.00,Central
484,2024-03-01,Yusuf Bell,SKU-0049,25253.00,East
485,2024-02-24,Zach Green,SKU-0026,7756.00,Central
486,2024-11-15,Uma Hernandez,SKU-0113,6619.00,West
487,2024-06-03,Troy Morris,SKU-0021,28527.00,South
488,2024-09-29,Hugo Roberts,SKU-0025,5929.00,Central
489,2024-09-20,Brian Baker,SKU-0145,5823.00,North
490,2024-05-27,Iris Patel,SKU-0108,21686.00,East
491,2024-03-02,Elena Ramirez,SKU-0089,18122.00,North
492,2024-12-10,Hugo Roberts,SKU-0014,10871.00,West
493,2024-01-06,Xavier Lopez,SKU-0102,9502.00,South
494,2024-04-13,Wendy Wright,SKU-0082,13910.00,South
495,2024-06-10,Nathan Parker,SKU-0178,21142.00,West
496,2024-11-06,Iris Patel,SKU-0192,19803.00,South
497,2024-01-30,Bob Martinez,SKU-0066,8767.00,North
498,2024-11-19,Brian Baker,SKU-0125,5098.00,East
499,2024-11-18,Jack Anderson,SKU-0052,9031.00,Central
500,2024-05-24,Yusuf Bell,SKU-0037,27772.00,Central
501,2024-04-04,Gina Mitchell,SKU-0106,9161.00,South
502,2024-09-09,Tina Young,SKU-0081,5072.00,West
503,2024-03-12,Victor King,SKU-0198,728.00,South
504,2024-10-31,Alice Chen,SKU-0065,16656.00,West
505,2024-04-17,Carol White,SKU-0076,15211.00,North
506,2024-08-21,Zach Green,SKU-0153,5506.00,South
507,2024-09-30,Peter Robinson,SKU-0143,5557.00,North
508,2024-12-08,Vincent Reed,SKU-0067,5922.00,North
509,2024-04-03,Ivy Carter,SKU-0161,15806.00,Central
510,2024-04-07,Felix Campbell,SKU-0041,14014.00,East
511,2024-05-12,Henry Taylor,SKU-0191,25769.00,Central
512,2024-08-30,Reed Stewart,SKU-0009,13219.00,West
513,2024-09-03,Iris Patel,SKU-0040,8981.00,Central
514,2024-10-06,Whitney Cook,SKU-0153,1559.00,North
515,2024-08-24,Tina Young,SKU-0025,8111.00,North
516,2024-05-07,Kelly Evans,SKU-0103,2179.00,North
517,2024-07-19,Paula Collins,SKU-0123,11498.00,West
518,2024-04-06,Zach Green,SKU-0046,876.00,West
519,2024-03-25,Lucas Turner,SKU-0104,3728.00,West
520,2024-10-17,Ivy Carter,SKU-0152,1574.00,South
521,2024-09-22,Frank Wilson,SKU-0088,7281.00,North
522,2024-08-31,Frank Wilson,SKU-0009,5920.00,East
523,2024-06-01,Reed Stewart,SKU-0115,4526.00,West
524,2024-07-02,Bob Martinez,SKU-0182,15311.00,North
525,2024-07-21,Sofia Sanchez,SKU-0093,2428.00,East
526,2024-05-24,David Kim,SKU-0192,11262.00,East
527,2024-04-11,Elena Ramirez,SKU-0166,18467.00,South
528,2024-09-07,Whitney Cook,SKU-0174,5776.00,North
529,2024-05-30,Troy Morris,SKU-0048,29167.00,Central
530,2024-03-17,Elena Ramirez,SKU-0019,20479.00,West
531,2024-06-23,Bob Martinez,SKU-0093,22687.00,South
532,2024-05-13,Jake Phillips,SKU-0075,29476.00,Central
533,2024-10-10,Brian Baker,SKU-0042,4979.00,Central
534,2024-02-09,Paula Collins,SKU-0133,2274.00,North
535,2024-08-23,Quinn Walker,SKU-0153,4625.00,Central
536,2024-11-27,Emma Brown,SKU-0035,6364.00,West
537,2024-12-18,Ursula Rogers,SKU-0030,29848.00,West
538,2024-03-25,Xena Morgan,SKU-0020,8382.00,South
539,2024-04-05,Monica Torres,SKU-0141,3470.00,West
540,2024-05-30,Lucas Turner,SKU-0024,12226.00,South
541,2024-10-25,Emma Brown,SKU-0024,6890.00,East
542,2024-04-09,Yusuf Bell,SKU-0043,10833.00,South
543,2024-04-28,Peter Robinson,SKU-0170,28949.00,West
544,2024-05-12,David Kim,SKU-0075,28709.00,West
545,2024-09-01,Alice Chen,SKU-0076,13161.00,Central
546,2024-09-25,Rachel Hall,SKU-0056,9684.00,Central
547,2024-12-07,David Kim,SKU-0009,5836.00,North
548,2024-09-09,Noah Clark,SKU-0064,7798.00,East
549,2024-01-25,Amy Adams,SKU-0113,7315.00,North
550,2024-06-10,Emma Brown,SKU-0052,15389.00,East
551,2024-07-11,Grace Liu,SKU-0007,5961.00,North
552,2024-10-24,Elena Ramirez,SKU-0016,11560.00,North
553,2024-02-15,Felix Campbell,SKU-0117,15662.00,South
554,2024-06-21,Felix Campbell,SKU-0181,10208.00,East
555,2024-01-24,Elena Ramirez,SKU-0170,12512.00,East
556,2024-03-14,Troy Morris,SKU-0103,19239.00,West
557,2024-09-25,Yara Scott,SKU-0055,5287.00,South
558,2024-02-10,Brian Baker,SKU-0112,25001.00,South
559,2024-10-01,Kate Thomas,SKU-0135,22645.00,Central
560,2024-05-27,Rachel Hall,SKU-0050,19247.00,South
561,2024-04-22,Carol White,SKU-0058,26087.00,Central
562,2024-07-25,David Kim,SKU-0122,10287.00,East
563,2024-03-29,Sam Allen,SKU-0120,11156.00,West
564,2024-03-04,Bob Martinez,SKU-0106,4117.00,Central
565,2024-04-08,Felix Campbell,SKU-0047,676.00,South
566,2024-05-10,Quinn Walker,SKU-0157,27398.00,South
567,2024-01-11,Reed Stewart,SKU-0023,28013.00,East
568,2024-09-10,Kate Thomas,SKU-0138,4644.00,North
569,2024-06-08,Brian Baker,SKU-0103,18237.00,Central
570,2024-01-28,Victor King,SKU-0174,23262.00,East
571,2024-03-25,Carol White,SKU-0033,5502.00,Central
572,2024-02-28,Ivy Carter,SKU-0082,8140.00,West
573,2024-06-24,Alice Chen,SKU-0088,23714.00,West
574,2024-01-09,Victor King,SKU-0018,28464.00,West
575,2024-09-30,Alice Chen,SKU-0093,19470.00,West
576,2024-08-02,Alice Chen,SKU-0007,10666.00,Central
577,2024-10-18,Iris Patel,SKU-0092,21708.00,East
578,2024-10-05,Hugo Roberts,SKU-0046,10981.00,South
579,2024-05-22,Wendy Wright,SKU-0086,18114.00,North
580,2024-08-13,David Kim,SKU-0035,12364.00,North
581,2024-12-05,Elena Ramirez,SKU-0046,15026.00,North
582,2024-11-23,Carol White,SKU-0153,15438.00,South
583,2024-01-11,Sam Allen,SKU-0097,24163.00,North
584,2024-07-17,Iris Patel,SKU-0089,13144.00,East
585,2024-12-07,Whitney Cook,SKU-0034,15413.00,West
586,2024-02-29,Kate Thomas,SKU-0024,9512.00,South
587,2024-07-06,Tina Young,SKU-0196,7299.00,East
588,2024-07-04,Frank Wilson,SKU-0080,13665.00,South
589,2024-07-06,Quinn Walker,SKU-0179,3695.00,South
590,2024-10-30,Rachel Hall,SKU-0084,2154.00,Central
591,2024-01-04,Quinn Walker,SKU-0171,29810.00,West
592,2024-10-10,Peter Robinson,SKU-0027,8973.00,North
593,2024-04-15,Emma Brown,SKU-0084,2877.00,West
594,2024-08-05,Rachel Hall,SKU-0023,11131.00,West
595,2024-12-17,Sam Allen,SKU-0195,25314.00,Central
596,2024-08-06,Nathan Parker,SKU-0111,4093.00,North
597,2024-07-15,Victor King,SKU-0100,8313.00,South
598,2024-09-14,Henry Taylor,SKU-0088,7413.00,South
599,2024-04-27,Rachel Hall,SKU-0061,25254.00,South
600,2024-08-09,Amy Adams,SKU-0052,9465.00,Central
601,2024-01-16,Gina Mitchell,SKU-0116,22587.00,East
602,2024-02-26,Zach Green,SKU-0019,3807.00,South
603,2024-08-04,Oscar Edwards,SKU-0099,3350.00,Central
604,2024-05-30,Paula Collins,SKU-0181,13309.00,North
605,2024-10-05,Quinn Walker,SKU-0113,21301.00,South
606,2024-07-17,Leo Jackson,SKU-0106,8949.00,West
607,2024-07-21,Lucas Turner,SKU-0148,6641.00,Central
608,2024-01-31,Lucas Turner,SKU-0006,10357.00,West
609,2024-06-22,Yara Scott,SKU-0168,27600.00,East
610,2024-08-13,Nathan Parker,SKU-0107,2741.00,West
611,2024-05-27,Ivy Carter,SKU-0176,21246.00,Central
612,2024-08-14,Carol White,SKU-0163,12782.00,North
613,2024-05-16,Hugo Roberts,SKU-0046,16073.00,East
614,2024-02-03,Paula Collins,SKU-0113,16280.00,Central
615,2024-07-17,Bob Martinez,SKU-0172,10183.00,West
616,2024-04-17,Yusuf Bell,SKU-0004,27932.00,South
617,2024-08-09,Kelly Evans,SKU-0063,8621.00,South
618,2024-02-07,Frank Wilson,SKU-0053,13437.00,West
619,2024-11-15,Lucas Turner,SKU-0188,4183.00,Central
620,2024-10-12,Maya Harris,SKU-0095,29851.00,North
621,2024-08-16,Uma Hernandez,SKU-0156,4287.00,East
622,2024-02-23,Chloe Nelson,SKU-0175,8841.00,West
623,2024-09-12,Wendy Wright,SKU-0069,4283.00,Central
624,2024-06-16,Brian Baker,SKU-0151,28263.00,West
625,2024-11-25,Maya Harris,SKU-0013,13245.00,South
626,2024-08-23,Carol White,SKU-0036,9480.00,South
627,2024-05-24,Quinn Walker,SKU-0022,17114.00,North
628,2024-04-01,Sam Allen,SKU-0095,21013.00,East
629,2024-12-09,Chloe Nelson,SKU-0083,552.00,West
630,2024-07-27,Felix Campbell,SKU-0163,4644.00,Central
631,2024-12-07,Nathan Parker,SKU-0010,3698.00,North
632,2024-11-21,Hugo Roberts,SKU-0198,2875.00,Central
633,2024-04-04,Victor King,SKU-0034,12315.00,East
634,2024-08-23,Xena Morgan,SKU-0152,9353.00,West
635,2024-01-11,Noah Clark,SKU-0178,27639.00,West
636,2024-09-11,Wendy Wright,SKU-0092,1839.00,Central
637,2024-03-01,Henry Taylor,SKU-0174,26324.00,West
638,2024-09-29,Elena Ramirez,SKU-0035,6998.00,North
639,2024-01-13,Maya Harris,SKU-0195,24109.00,West
640,2024-01-23,Leo Jackson,SKU-0194,9351.00,East
641,2024-09-18,Troy Morris,SKU-0183,8342.00,West
642,2024-04-25,Peter Robinson,SKU-0080,4539.00,North
643,2024-06-23,Paula Collins,SKU-0047,15050.00,Central
644,2024-07-21,Nathan Parker,SKU-0128,5244.00,West
645,2024-11-23,Paula Collins,SKU-0093,17271.00,South
646,2024-12-31,Oscar Edwards,SKU-0053,14830.00,East
647,2024-10-29,Bob Martinez,SKU-0193,1232.00,Central
648,2024-07-23,Peter Robinson,SKU-0002,7270.00,South
649,2024-08-21,Yusuf Bell,SKU-0025,12285.00,West
650,2024-03-12,Alice Chen,SKU-0028,6071.00,East
651,2024-04-19,Felix Campbell,SKU-0191,25828.00,West
652,2024-12-17,Brian Baker,SKU-0135,7110.00,East
653,2024-01-10,David Kim,SKU-0036,5394.00,South
654,2024-08-01,Carol White,SKU-0011,13377.00,South
655,2024-08-19,Ursula Rogers,SKU-0088,16140.00,Central
656,2024-07-11,Elena Ramirez,SKU-0029,5977.00,North
657,2024-10-13,Kelly Evans,SKU-0092,11606.00,East
658,2024-07-08,Lucas Turner,SKU-0112,8239.00,West
659,2024-08-08,David Kim,SKU-0059,12013.00,North
660,2024-05-08,Rachel Hall,SKU-0050,10986.00,West
661,2024-03-19,Whitney Cook,SKU-0174,14182.00,East
662,2024-05-04,Yara Scott,SKU-0109,10045.00,West
663,2024-01-15,Amy Adams,SKU-0119,25828.00,North
664,2024-06-26,Kelly Evans,SKU-0197,25907.00,South
665,2024-07-03,Tina Young,SKU-0073,9570.00,Central
666,2024-07-05,Olivia Lewis,SKU-0089,6652.00,Central
667,2024-07-22,Hugo Roberts,SKU-0138,6665.00,North
668,2024-09-11,Quinn Walker,SKU-0049,5306.00,East
669,2024-04-27,Kate Thomas,SKU-0111,25475.00,South
670,2024-12-08,Elena Ramirez,SKU-0066,25042.00,South
671,2024-01-21,Noah Clark,SKU-0181,17741.00,West
672,2024-01-28,Noah Clark,SKU-0194,23294.00,Central
673,2024-02-21,Chloe Nelson,SKU-0030,17349.00,Central
674,2024-07-06,Yara Scott,SKU-0088,5181.00,Central
675,2024-01-05,David Kim,SKU-0196,1015.00,West
676,2024-10-18,Vincent Reed,SKU-0137,16546.00,South
677,2024-03-22,Bob Martinez,SKU-0055,14210.00,South
678,2024-12-20,Gina Mitchell,SKU-0041,9285.00,East
679,2024-09-11,Uma Hernandez,SKU-0060,5325.00,East
680,2024-05-13,Monica Torres,SKU-0153,8424.00,East
681,2024-07-29,Lucas Turner,SKU-0028,6011.00,North
682,2024-02-29,Reed Stewart,SKU-0172,18987.00,West
683,2024-05-24,Xena Morgan,SKU-0166,2899.00,Central
684,2024-05-10,Henry Taylor,SKU-0005,20497.00,South
685,2024-07-15,Alice Chen,SKU-0109,11362.00,North
686,2024-10-22,Vincent Reed,SKU-0093,4466.00,Central
687,2024-09-17,Bob Martinez,SKU-0123,11099.00,South
688,2024-01-06,Victor King,SKU-0067,14636.00,North
689,2024-01-06,Noah Clark,SKU-0070,19712.00,East
690,2024-07-10,Kate Thomas,SKU-0036,4899.00,East
691,2024-02-11,Sam Allen,SKU-0170,8565.00,East
692,2024-07-28,Wendy Wright,SKU-0088,3876.00,South
693,2024-06-24,Sofia Sanchez,SKU-0197,26045.00,East
694,2024-10-05,Brian Baker,SKU-0049,4434.00,Central
695,2024-07-01,Monica Torres,SKU-0001,5870.00,North
696,2024-03-23,Henry Taylor,SKU-0163,11010.00,West
697,2024-06-16,Kelly Evans,SKU-0080,1170.00,North
698,2024-02-06,Brian Baker,SKU-0002,15241.00,East
699,2024-10-18,Victor King,SKU-0184,15909.00,West
700,2024-10-20,Troy Morris,SKU-0048,7050.00,East
701,2024-06-20,Gina Mitchell,SKU-0085,15745.00,Central
702,2024-04-10,Sam Allen,SKU-0059,10459.00,Central
703,2024-10-31,Brian Baker,SKU-0022,2863.00,East
704,2024-05-10,Yusuf Bell,SKU-0199,11538.00,South
705,2024-07-26,Jake Phillips,SKU-0130,3028.00,Central
706,2024-04-24,Kate Thomas,SKU-0151,28073.00,North
707,2024-01-27,Whitney Cook,SKU-0148,3575.00,North
708,2024-04-26,Alice Chen,SKU-0079,881.00,East
709,2024-01-14,Elena Ramirez,SKU-0042,18756.00,West
710,2024-07-26,Reed Stewart,SKU-0056,10298.00,West
711,2024-03-07,Frank Wilson,SKU-0133,8260.00,East
712,2024-01-11,Jack Anderson,SKU-0199,27382.00,Central
713,2024-08-11,Noah Clark,SKU-0021,8910.00,Central
714,2024-04-26,Felix Campbell,SKU-0028,18946.00,East
715,2024-03-16,Kate Thomas,SKU-0005,25881.00,North
716,2024-12-07,Olivia Lewis,SKU-0063,19567.00,West
717,2024-11-21,Carol White,SKU-0077,3950.00,West
718,2024-08-07,Henry Taylor,SKU-0009,8970.00,East
719,2024-09-22,Bob Martinez,SKU-0173,17029.00,North
720,2024-08-23,Wendy Wright,SKU-0019,5922.00,West
721,2024-07-30,Bob Martinez,SKU-0097,8930.00,South
722,2024-10-21,Elena Ramirez,SKU-0170,21106.00,Central
723,2024-07-01,Amy Adams,SKU-0004,14536.00,Central
724,2024-08-05,Victor King,SKU-0018,7436.00,South
725,2024-03-16,Tina Young,SKU-0190,21912.00,West
726,2024-07-31,Rachel Hall,SKU-0176,11009.00,West
727,2024-08-28,Quinn Walker,SKU-0060,3500.00,North
728,2024-09-02,Jack Anderson,SKU-0153,12618.00,South
729,2024-01-22,Elena Ramirez,SKU-0031,25028.00,South
730,2024-07-21,Felix Campbell,SKU-0142,8572.00,North
731,2024-12-23,Tina Young,SKU-0020,11484.00,East
732,2024-02-13,Grace Liu,SKU-0161,14950.00,West
733,2024-04-11,David Kim,SKU-0171,18188.00,South
734,2024-02-27,Zach Green,SKU-0162,27460.00,East
735,2024-08-26,Jake Phillips,SKU-0066,7052.00,North
736,2024-01-02,Kelly Evans,SKU-0004,14754.00,West
737,2024-07-16,Jake Phillips,SKU-0037,7711.00,South
738,2024-03-11,Gina Mitchell,SKU-0056,25962.00,West
739,2024-09-13,Kelly Evans,SKU-0052,4956.00,East
740,2024-09-28,Yusuf Bell,SKU-0034,11326.00,North
741,2024-07-29,Ivy Carter,SKU-0006,6127.00,Central
742,2024-12-10,Carol White,SKU-0185,29271.00,West
743,2024-01-13,Jack Anderson,SKU-0086,15886.00,South
744,2024-06-16,Quinn Walker,SKU-0056,26069.00,South
745,2024-12-31,Rachel Hall,SKU-0045,5290.00,East
746,2024-09-19,Iris Patel,SKU-0014,11078.00,West
747,2024-07-01,Amy Adams,SKU-0105,14513.00,South
748,2024-02-02,Noah Clark,SKU-0069,22782.00,North
749,2024-01-18,Whitney Cook,SKU-0113,12663.00,West
750,2024-07-16,Chloe Nelson,SKU-0094,5343.00,West
751,2024-09-04,Victor King,SKU-0111,8041.00,Central
752,2024-01-19,Troy Morris,SKU-0013,4072.00,East
753,2024-07-01,Brian Baker,SKU-0101,6750.00,Central
754,2024-11-20,Iris Patel,SKU-0018,18218.00,East
755,2024-06-18,Monica Torres,SKU-0088,19871.00,East
756,2024-10-01,Kate Thomas,SKU-0109,1398.00,South
757,2024-10-15,Tina Young,SKU-0111,21641.00,North
758,2024-02-08,Kate Thomas,SKU-0096,27560.00,Central
759,2024-05-23,Quinn Walker,SKU-0118,10284.00,North
760,2024-12-23,Felix Campbell,SKU-0110,14902.00,East
761,2024-04-07,Amy Adams,SKU-0100,27399.00,West
762,2024-08-23,Elena Ramirez,SKU-0020,2264.00,East
763,2024-03-18,Olivia Lewis,SKU-0140,16611.00,South
764,2024-03-26,Oscar Edwards,SKU-0151,5043.00,West
765,2024-02-17,Rachel Hall,SKU-0074,28599.00,South
766,2024-08-04,Victor King,SKU-0142,6262.00,South
767,2024-01-02,Brian Baker,SKU-0011,9386.00,North
768,2024-01-18,Ivy Carter,SKU-0182,26225.00,Central
769,2024-07-22,Kelly Evans,SKU-0108,4462.00,North
770,2024-02-01,Sam Allen,SKU-0118,8401.00,West
771,2024-08-09,Carol White,SKU-0117,18513.00,South
772,2024-04-28,Uma Hernandez,SKU-0006,20538.00,East
773,2024-03-16,Vincent Reed,SKU-0148,18123.00,Central
774,2024-11-02,Yusuf Bell,SKU-0186,5660.00,South
775,2024-06-02,Jake Phillips,SKU-0035,17083.00,Central
776,2024-10-21,Yara Scott,SKU-0149,4424.00,South
777,2024-07-06,Frank Wilson,SKU-0148,11377.00,East
778,2024-02-12,Derek Hill,SKU-0174,28515.00,West
779,2024-08-11,Derek Hill,SKU-0132,5680.00,West
780,2024-08-15,Sofia Sanchez,SKU-0154,4654.00,Central
781,2024-04-04,Kelly Evans,SKU-0023,15919.00,South
782,2024-06-20,Chloe Nelson,SKU-0031,17123.00,Central
783,2024-10-12,Wendy Wright,SKU-0098,24542.00,South
784,2024-12-10,Amy Adams,SKU-0010,14828.00,West
785,2024-10-16,Nathan Parker,SKU-0084,2245.00,South
786,2024-01-10,Carol White,SKU-0064,4665.00,North
787,2024-01-26,David Kim,SKU-0025,18560.00,Central
788,2024-12-16,Nathan Parker,SKU-0189,2475.00,North
789,2024-09-08,Emma Brown,SKU-0148,13918.00,Central
790,2024-06-26,Whitney Cook,SKU-0056,23703.00,Central
791,2024-08-19,Hugo Roberts,SKU-0108,5573.00,Central
792,2024-06-11,Peter Robinson,SKU-0132,5388.00,East
793,2024-06-29,Uma Hernandez,SKU-0118,20670.00,West
794,2024-08-17,Derek Hill,SKU-0196,6171.00,Central
795,2024-05-06,Tina Young,SKU-0109,18493.00,Central
796,2024-08-16,Noah Clark,SKU-0054,8050.00,North
797,2024-09-23,Vincent Reed,SKU-0086,8111.00,North
798,2024-03-20,Rachel Hall,SKU-0141,5808.00,East
799,2024-08-07,Oscar Edwards,SKU-0146,3733.00,North
800,2024-06-16,Victor King,SKU-0117,3941.00,North
801,2024-11-26,Xavier Lopez,SKU-0171,6027.00,South
802,2024-09-03,Henry Taylor,SKU-0048,9037.00,South
803,2024-06-29,Yusuf Bell,SKU-0107,23507.00,South
804,2024-04-24,Brian Baker,SKU-0199,15558.00,East
805,2024-06-06,Ivy Carter,SKU-0078,6760.00,East
806,2024-03-16,Whitney Cook,SKU-0062,4014.00,Central
807,2024-12-12,Yara Scott,SKU-0134,13705.00,North
808,2024-11-02,Vincent Reed,SKU-0106,22891.00,West
809,2024-07-05,Frank Wilson,SKU-0087,12066.00,East
810,2024-11-10,Elena Ramirez,SKU-0152,15701.00,East
811,2024-12-05,Sam Allen,SKU-0035,16292.00,North
812,2024-10-06,Jack Anderson,SKU-0047,28231.00,West
813,2024-11-05,Derek Hill,SKU-0045,16398.00,Central
814,2024-11-22,Monica Torres,SKU-0082,27102.00,East
815,2024-06-08,Bob Martinez,SKU-0126,23690.00,West
816,2024-11-27,Ursula Rogers,SKU-0067,29707.00,East
817,2024-03-04,David Kim,SKU-0134,23478.00,West
818,2024-07-17,Gina Mitchell,SKU-0041,10441.00,North
819,2024-01-13,Uma Hernandez,SKU-0117,4718.00,Central
820,2024-06-09,Derek Hill,SKU-0125,29756.00,Central
821,2024-05-29,Hugo Roberts,SKU-0135,4243.00,East
822,2024-01-26,Elena Ramirez,SKU-0140,5478.00,South
823,2024-09-26,Rachel Hall,SKU-0195,10218.00,Central
824,2024-05-02,Uma Hernandez,SKU-0179,4929.00,East
825,2024-09-18,Frank Wilson,SKU-0171,10163.00,Central
826,2024-12-31,Reed Stewart,SKU-0014,13686.00,South
827,2024-04-30,Paula Collins,SKU-0044,8509.00,South
828,2024-10-23,Hugo Roberts,SKU-0074,28280.00,North
829,2024-12-06,Zach Green,SKU-0178,8928.00,North
830,2024-10-11,Chloe Nelson,SKU-0071,11697.00,West
831,2024-08-13,Bob Martinez,SKU-0121,8605.00,South
832,2024-10-29,Monica Torres,SKU-0064,22937.00,East
833,2024-12-25,Whitney Cook,SKU-0018,8071.00,East
834,2024-06-30,Ivy Carter,SKU-0191,26400.00,North
835,2024-06-05,Reed Stewart,SKU-0166,28849.00,South
836,2024-04-17,Amy Adams,SKU-0181,16642.00,Central
837,2024-09-01,Rachel Hall,SKU-0066,9512.00,West
838,2024-07-30,Henry Taylor,SKU-0025,12118.00,East
839,2024-03-14,Rachel Hall,SKU-0179,9640.00,North
840,2024-11-03,Henry Taylor,SKU-0197,18597.00,North
841,2024-08-10,Amy Adams,SKU-0123,7218.00,North
842,2024-05-09,Reed Stewart,SKU-0112,27596.00,East
843,2024-02-20,Kate Thomas,SKU-0158,11376.00,West
844,2024-12-20,Vincent Reed,SKU-0185,24681.00,North
845,2024-01-18,Olivia Lewis,SKU-0081,4186.00,Central
846,2024-07-08,Chloe Nelson,SKU-0179,7501.00,North
847,2024-04-26,David Kim,SKU-0037,12410.00,North
848,2024-12-27,Yusuf Bell,SKU-0184,21124.00,South
849,2024-05-07,Monica Torres,SKU-0165,24944.00,West
850,2024-07-26,Yusuf Bell,SKU-0173,12376.00,East
851,2024-03-02,Hugo Roberts,SKU-0087,26141.00,South
852,2024-10-10,Kate Thomas,SKU-0011,16864.00,South
853,2024-05-07,Sam Allen,SKU-0184,2194.00,North
854,2024-03-02,Oscar Edwards,SKU-0154,23342.00,West
855,2024-12-30,Elena Ramirez,SKU-0112,7042.00,West
856,2024-09-03,Ursula Rogers,SKU-0038,7686.00,Central
857,2024-12-26,Rachel Hall,SKU-0177,14675.00,East
858,2024-07-15,Olivia Lewis,SKU-0016,4913.00,West
859,2024-11-03,Zach Green,SKU-0014,22294.00,Central
860,2024-12-24,Chloe Nelson,SKU-0165,6896.00,West
861,2024-09-26,Kate Thomas,SKU-0086,7095.00,West
862,2024-02-03,Frank Wilson,SKU-0090,9032.00,Central
863,2024-04-07,Paula Collins,SKU-0138,2390.00,South
864,2024-09-24,Whitney Cook,SKU-0042,8659.00,North
865,2024-02-01,Leo Jackson,SKU-0024,9033.00,East
866,2024-02-13,Reed Stewart,SKU-0063,520.00,North
867,2024-03-02,Lucas Turner,SKU-0085,27696.00,East
868,2024-11-05,Chloe Nelson,SKU-0057,12302.00,North
869,2024-03-28,Peter Robinson,SKU-0077,21555.00,Central
870,2024-08-18,Derek Hill,SKU-0161,6715.00,South
871,2024-07-10,Henry Taylor,SKU-0162,11354.00,West
872,2024-02-12,Noah Clark,SKU-0045,20114.00,Central
873,2024-07-31,Xena Morgan,SKU-0157,12215.00,East
874,2024-02-25,David Kim,SKU-0098,4607.00,South
875,2024-04-19,Rachel Hall,SKU-0033,10629.00,West
876,2024-12-26,Troy Morris,SKU-0022,28262.00,East
877,2024-04-02,Kelly Evans,SKU-0057,21898.00,North
878,2024-10-06,Jake Phillips,SKU-0090,18053.00,South
879,2024-02-05,Derek Hill,SKU-0035,21882.00,East
880,2024-04-07,Sam Allen,SKU-0104,29555.00,Central
881,2024-03-17,Whitney Cook,SKU-0089,22304.00,West
882,2024-12-10,Sofia Sanchez,SKU-0078,26233.00,West
883,2024-08-11,Zach Green,SKU-0118,11388.00,South
884,2024-04-27,Whitney Cook,SKU-0149,17203.00,West
885,2024-12-30,Iris Patel,SKU-0183,8853.00,East
886,2024-05-24,Amy Adams,SKU-0112,21594.00,North
887,2024-02-29,Carol White,SKU-0103,22045.00,South
888,2024-01-09,Vincent Reed,SKU-0191,2893.00,West
889,2024-09-06,Uma Hernandez,SKU-0180,7249.00,North
890,2024-05-27,Iris Patel,SKU-0040,13308.00,East
891,2024-08-26,Olivia Lewis,SKU-0033,8788.00,South
892,2024-04-19,Troy Morris,SKU-0105,20734.00,North
893,2024-06-13,Uma Hernandez,SKU-0090,22061.00,East
894,2024-07-09,Paula Collins,SKU-0133,9906.00,North
895,2024-05-08,Leo Jackson,SKU-0031,6326.00,South
896,2024-07-21,Nathan Parker,SKU-0177,5133.00,South
897,2024-02-17,Iris Patel,SKU-0041,12322.00,West
898,2024-11-27,Henry Taylor,SKU-0003,18696.00,South
899,2024-04-02,Bob Martinez,SKU-0016,14018.00,East
900,2024-10-25,Elena Ramirez,SKU-0040,22036.00,North
901,2024-09-19,Kelly Evans,SKU-0183,6756.00,West
902,2024-07-07,Bob Martinez,SKU-0131,17666.00,South
903,2024-05-05,Ivy Carter,SKU-0033,23783.00,Central
904,2024-05-28,Peter Robinson,SKU-0079,8320.00,South
905,2024-03-28,Bob Martinez,SKU-0096,5935.00,East
906,2024-11-29,Bob Martinez,SKU-0110,20208.00,West
907,2024-07-05,Gina Mitchell,SKU-0036,4488.00,North
908,2024-03-12,Sofia Sanchez,SKU-0138,10011.00,West
909,2024-07-30,Victor King,SKU-0106,10751.00,North
910,2024-04-23,Emma Brown,SKU-0135,14218.00,North
911,2024-02-15,Carol White,SKU-0107,25843.00,West
912,2024-05-16,Peter Robinson,SKU-0121,5890.00,South
913,2024-03-17,Oscar Edwards,SKU-0021,12955.00,South
914,2024-08-25,Iris Patel,SKU-0080,13647.00,West
915,2024-11-11,Emma Brown,SKU-0051,5743.00,North
916,2024-01-15,Frank Wilson,SKU-0103,8206.00,East
917,2024-04-13,Maya Harris,SKU-0058,16658.00,East
918,2024-03-04,Henry Taylor,SKU-0143,15228.00,West
919,2024-10-11,Nathan Parker,SKU-0059,28892.00,Central
920,2024-07-22,Grace Liu,SKU-0026,4562.00,West
921,2024-06-24,Derek Hill,SKU-0048,29853.00,East
922,2024-12-20,Kelly Evans,SKU-0053,4555.00,West
923,2024-02-03,Ivy Carter,SKU-0070,18828.00,Central
924,2024-05-27,Xavier Lopez,SKU-0189,1524.00,East
925,2024-03-09,Felix Campbell,SKU-0013,28012.00,East
926,2024-09-23,Bob Martinez,SKU-0007,2598.00,West
927,2024-10-18,Sofia Sanchez,SKU-0014,11361.00,South
928,2024-01-02,Frank Wilson,SKU-0004,26908.00,West
929,2024-06-20,Quinn Walker,SKU-0174,29034.00,West
930,2024-02-04,Kate Thomas,SKU-0124,29426.00,West
931,2024-03-28,Wendy Wright,SKU-0029,15937.00,South
932,2024-03-21,Bob Martinez,SKU-0128,29429.00,East
933,2024-08-14,Brian Baker,SKU-0200,9782.00,Central
934,2024-08-02,Iris Patel,SKU-0135,11364.00,East
935,2024-04-27,Felix Campbell,SKU-0191,21012.00,Central
936,2024-08-02,Brian Baker,SKU-0045,9712.00,North
937,2024-06-30,Kelly Evans,SKU-0196,15943.00,West
938,2024-01-04,Frank Wilson,SKU-0079,4366.00,South
939,2024-06-17,Bob Martinez,SKU-0073,10932.00,South
940,2024-11-23,Brian Baker,SKU-0073,24440.00,Central
941,2024-04-09,Quinn Walker,SKU-0094,9908.00,South
942,2024-09-23,Carol White,SKU-0110,18204.00,South
943,2024-06-11,Quinn Walker,SKU-0168,27713.00,North
944,2024-05-07,Hugo Roberts,SKU-0154,19515.00,East
945,2024-11-13,Sofia Sanchez,SKU-0111,24336.00,West
946,2024-07-04,Peter Robinson,SKU-0076,3579.00,West
947,2024-09-16,Paula Collins,SKU-0192,11819.00,East
948,2024-06-16,Kate Thomas,SKU-0027,13128.00,West
949,2024-01-19,Carol White,SKU-0106,3611.00,North
950,2024-08-25,Vincent Reed,SKU-0154,6831.00,West
951,2024-04-11,Paula Collins,SKU-0193,5670.00,North
952,2024-08-26,Alice Chen,SKU-0120,19250.00,East
953,2024-09-09,Yara Scott,SKU-0135,3429.00,North
954,2024-02-20,Derek Hill,SKU-0192,10090.00,South
955,2024-06-12,Vincent Reed,SKU-0094,29199.00,Central
956,2024-02-29,Monica Torres,SKU-0063,19928.00,South
957,2024-07-14,David Kim,SKU-0112,7574.00,Central
958,2024-08-12,Jake Phillips,SKU-0105,6002.00,Central
959,2024-09-15,Vincent Reed,SKU-0018,7947.00,East
960,2024-02-13,Monica Torres,SKU-0037,7356.00,Central
961,2024-02-18,Xavier Lopez,SKU-0032,29738.00,North
962,2024-03-03,Rachel Hall,SKU-0193,20404.00,Central
963,2024-03-18,Gina Mitchell,SKU-0024,19003.00,Central
964,2024-07-20,Derek Hill,SKU-0070,2734.00,North
965,2024-02-03,Noah Clark,SKU-0075,19507.00,North
966,2024-04-23,Ursula Rogers,SKU-0075,29239.00,East
967,2024-11-25,Bob Martinez,SKU-0176,15488.00,West
968,2024-07-24,Hugo Roberts,SKU-0069,9529.00,North
969,2024-10-10,Chloe Nelson,SKU-0011,14844.00,Central
970,2024-03-28,Ursula Rogers,SKU-0175,4083.00,Central
971,2024-05-08,Monica Torres,SKU-0171,15871.00,West
972,2024-02-15,Sofia Sanchez,SKU-0131,21092.00,East
973,2024-03-01,Carol White,SKU-0105,11907.00,East
974,2024-03-17,Carol White,SKU-0017,21944.00,Central
975,2024-01-21,Henry Taylor,SKU-0032,1948.00,Central
976,2024-09-22,Frank Wilson,SKU-0074,9550.00,North
977,2024-06-12,Felix Campbell,SKU-0171,25637.00,West
978,2024-07-17,David Kim,SKU-0108,10935.00,South
979,2024-11-06,Brian Baker,SKU-0134,12229.00,South
980,2024-08-26,Grace Liu,SKU-0003,6923.00,East
981,2024-01-13,Vincent Reed,SKU-0117,7604.00,West
982,2024-02-06,Derek Hill,SKU-0154,12296.00,East
983,2024-10-02,Victor King,SKU-0060,19913.00,West
984,2024-02-20,Oscar Edwards,SKU-0059,5192.00,North
985,2024-08-16,Sam Allen,SKU-0038,5694.00,East
986,2024-12-23,Felix Campbell,SKU-0087,27466.00,Central
987,2024-12-10,Xena Morgan,SKU-0070,12473.00,South
988,2024-10-28,Kate Thomas,SKU-0009,7591.00,Central
989,2024-06-17,Kelly Evans,SKU-0033,9550.00,North
990,2024-07-25,Rachel Hall,SKU-0199,7037.00,West
991,2024-08-09,Quinn Walker,SKU-0095,3004.00,West
992,2024-03-17,Bob Martinez,SKU-0182,7441.00,Central
993,2024-01-15,Brian Baker,SKU-0017,2183.00,East
994,2024-08-30,Noah Clark,SKU-0095,7879.00,East
995,2024-09-17,Elena Ramirez,SKU-0013,5451.00,West
996,2024-01-30,Alice Chen,SKU-0194,594.00,North
997,2024-01-19,Jake Phillips,SKU-0070,22719.00,West
998,2024-06-11,Peter Robinson,SKU-0007,29320.00,West
999,2024-08-20,David Kim,SKU-0097,17713.00,North
1000,2024-05-10,Nathan Parker,SKU-0108,9683.00,Central
1001,2024-12-06,Oscar Edwards,SKU-0199,27196.00,Central
1002,2024-07-15,Ursula Rogers,SKU-0033,8959.00,East
1003,2024-08-19,Gina Mitchell,SKU-0070,7857.00,North
1004,2024-02-22,Yusuf Bell,SKU-0190,18877.00,Central
1005,2024-01-31,Olivia Lewis,SKU-0058,2812.00,Central
1006,2024-03-03,Yusuf Bell,SKU-0074,7579.00,West
1007,2024-08-25,Ivy Carter,SKU-0030,3706.00,North
1008,2024-04-25,Tina Young,SKU-0014,17550.00,West
1009,2024-07-28,Wendy Wright,SKU-0189,4245.00,West
1010,2024-08-03,Quinn Walker,SKU-0093,2646.00,North
1011,2024-04-30,Leo Jackson,SKU-0189,28881.00,East
1012,2024-01-30,Henry Taylor,SKU-0119,3117.00,East
1013,2024-06-04,Hugo Roberts,SKU-0139,4963.00,East
1014,2024-10-31,Iris Patel,SKU-0163,6517.00,North
1015,2024-05-16,Carol White,SKU-0023,10790.00,East
1016,2024-12-27,Jack Anderson,SKU-0178,11248.00,East
1017,2024-03-19,Reed Stewart,SKU-0158,18832.00,West
1018,2024-08-15,Lucas Turner,SKU-0117,8988.00,West
1019,2024-04-14,Henry Taylor,SKU-0169,538.00,Central
1020,2024-11-18,Brian Baker,SKU-0121,17535.00,South
1021,2024-12-16,Chloe Nelson,SKU-0146,6666.00,East
1022,2024-07-20,David Kim,SKU-0168,11572.00,North
1023,2024-06-01,Lucas Turner,SKU-0103,4398.00,West
1024,2024-05-04,Rachel Hall,SKU-0027,14012.00,South
1025,2024-12-19,Vincent Reed,SKU-0094,28323.00,Central
1026,2024-03-19,Rachel Hall,SKU-0139,10506.00,Central
1027,2024-01-18,Derek Hill,SKU-0131,18396.00,East
1028,2024-12-16,Paula Collins,SKU-0089,10802.00,South
1029,2024-01-02,Amy Adams,SKU-0121,14795.00,Central
1030,2024-06-30,Troy Morris,SKU-0131,11521.00,East
1031,2024-07-30,Xavier Lopez,SKU-0166,8067.00,West
1032,2024-10-21,Ivy Carter,SKU-0036,17150.00,South
1033,2024-10-18,Alice Chen,SKU-0185,10507.00,North
1034,2024-06-10,Reed Stewart,SKU-0138,27836.00,East
1035,2024-02-04,Maya Harris,SKU-0126,21373.00,East
1036,2024-07-15,Carol White,SKU-0045,13456.00,East
1037,2024-01-25,Yusuf Bell,SKU-0004,10001.00,North
1038,2024-09-05,Alice Chen,SKU-0106,16068.00,West
1039,2024-01-06,Lucas Turner,SKU-0037,18447.00,East
1040,2024-06-13,Sam Allen,SKU-0182,4787.00,North
1041,2024-05-16,Troy Morris,SKU-0175,27134.00,East
1042,2024-04-24,Xena Morgan,SKU-0132,9032.00,West
1043,2024-01-01,Jake Phillips,SKU-0085,7544.00,East
1044,2024-03-10,Kate Thomas,SKU-0160,22730.00,South
1045,2024-03-06,Troy Morris,SKU-0198,17245.00,South
1046,2024-03-24,Uma Hernandez,SKU-0059,10472.00,West
1047,2024-06-20,Sofia Sanchez,SKU-0151,16440.00,North
1048,2024-05-16,Hugo Roberts,SKU-0008,8553.00,South
1049,2024-10-20,Ursula Rogers,SKU-0139,20014.00,North
1050,2024-06-02,Troy Morris,SKU-0017,28304.00,West
1051,2024-10-17,Monica Torres,SKU-0084,23902.00,Central
1052,2024-09-06,Peter Robinson,SKU-0126,3975.00,South
1053,2024-01-05,Whitney Cook,SKU-0019,19300.00,East
1054,2024-03-20,Xena Morgan,SKU-0109,29798.00,East
1055,2024-07-05,Lucas Turner,SKU-0045,8493.00,West
1056,2024-02-26,Olivia Lewis,SKU-0055,761.00,East
1057,2024-10-16,Carol White,SKU-0142,27177.00,South
1058,2024-11-08,Oscar Edwards,SKU-0042,28199.00,South
1059,2024-03-02,Uma Hernandez,SKU-0055,29769.00,Central
1060,2024-08-16,Reed Stewart,SKU-0158,9103.00,Central
1061,2024-02-18,Sam Allen,SKU-0081,24921.00,East
1062,2024-09-23,Sam Allen,SKU-0171,7639.00,South
1063,2024-06-28,Noah Clark,SKU-0012,27404.00,South
1064,2024-06-19,Sofia Sanchez,SKU-0138,28740.00,Central
1065,2024-06-11,Henry Taylor,SKU-0154,726.00,South
1066,2024-06-10,Olivia Lewis,SKU-0140,26012.00,South
1067,2024-05-15,Oscar Edwards,SKU-0074,2726.00,Central
1068,2024-10-08,Emma Brown,SKU-0179,27772.00,East
1069,2024-09-17,Uma Hernandez,SKU-0199,5792.00,North
1070,2024-08-04,Gina Mitchell,SKU-0097,6335.00,West
1071,2024-12-30,Maya Harris,SKU-0141,21744.00,South
1072,2024-04-01,Hugo Roberts,SKU-0062,11770.00,North
1073,2024-07-27,Kelly Evans,SKU-0098,4689.00,East
1074,2024-11-29,Frank Wilson,SKU-0018,9912.00,North
1075,2024-02-29,Vincent Reed,SKU-0126,10999.00,West
1076,2024-04-11,Elena Ramirez,SKU-0139,23324.00,Central
1077,2024-09-20,Olivia Lewis,SKU-0086,5501.00,North
1078,2024-08-13,Brian Baker,SKU-0132,6681.00,East
1079,2024-07-20,Kate Thomas,SKU-0198,11614.00,Central
1080,2024-10-05,Felix Campbell,SKU-0186,2374.00,Central
1081,2024-05-20,Rachel Hall,SKU-0099,24252.00,West
1082,2024-04-23,Uma Hernandez,SKU-0013,25344.00,West
1083,2024-12-15,Derek Hill,SKU-0189,7798.00,West
1084,2024-12-23,Felix Campbell,SKU-0198,17620.00,West
1085,2024-01-30,Gina Mitchell,SKU-0090,6714.00,North
1086,2024-11-05,Grace Liu,SKU-0168,7730.00,Central
1087,2024-09-21,Henry Taylor,SKU-0025,8483.00,South
1088,2024-12-20,Kelly Evans,SKU-0066,9887.00,Central
1089,2024-04-01,Victor King,SKU-0197,21716.00,North
1090,2024-02-19,Elena Ramirez,SKU-0133,5309.00,East
1091,2024-01-14,Grace Liu,SKU-0135,9662.00,East
1092,2024-02-27,Quinn Walker,SKU-0102,28338.00,North
1093,2024-02-20,Frank Wilson,SKU-0092,6224.00,Central
1094,2024-08-06,Carol White,SKU-0030,9923.00,West
1095,2024-06-28,Jake Phillips,SKU-0160,5897.00,West
1096,2024-04-19,Henry Taylor,SKU-0163,23108.00,West
1097,2024-09-28,Hugo Roberts,SKU-0069,4475.00,West
1098,2024-08-14,Gina Mitchell,SKU-0177,8164.00,East
1099,2024-02-16,Peter Robinson,SKU-0059,20930.00,South
1100,2024-03-18,Reed Stewart,SKU-0071,1454.00,North
1101,2024-03-31,Noah Clark,SKU-0055,19733.00,Central
1102,2024-11-24,Brian Baker,SKU-0011,22094.00,West
1103,2024-10-05,Elena Ramirez,SKU-0132,16531.00,South
1104,2024-03-04,Amy Adams,SKU-0102,1149.00,North
1105,2024-05-10,Peter Robinson,SKU-0131,24370.00,West
1106,2024-08-21,Elena Ramirez,SKU-0193,7970.00,South
1107,2024-02-03,Vincent Reed,SKU-0087,14488.00,East
1108,2024-01-08,Rachel Hall,SKU-0018,12418.00,West
1109,2024-04-10,Lucas Turner,SKU-0193,9166.00,South
1110,2024-03-10,Quinn Walker,SKU-0166,571.00,West
1111,2024-06-06,Reed Stewart,SKU-0087,6326.00,North
1112,2024-09-23,Noah Clark,SKU-0073,8569.00,South
1113,2024-02-19,Rachel Hall,SKU-0134,12997.00,East
1114,2024-05-29,Iris Patel,SKU-0149,21160.00,Central
1115,2024-03-30,Quinn Walker,SKU-0062,25234.00,West
1116,2024-07-16,Yara Scott,SKU-0141,4026.00,West
1117,2024-02-08,Maya Harris,SKU-0006,29934.00,East
1118,2024-06-15,Quinn Walker,SKU-0150,18881.00,South
1119,2024-06-15,Quinn Walker,SKU-0073,20329.00,West
1120,2024-10-14,Vincent Reed,SKU-0087,22723.00,South
1121,2024-07-07,Ursula Rogers,SKU-0109,12322.00,South
1122,2024-12-23,Kelly Evans,SKU-0070,3058.00,Central
1123,2024-12-08,Whitney Cook,SKU-0175,10920.00,West
1124,2024-07-31,Tina Young,SKU-0199,3901.00,West
1125,2024-05-15,Sofia Sanchez,SKU-0020,23642.00,West
1126,2024-01-16,Quinn Walker,SKU-0054,10949.00,North
1127,2024-10-05,Felix Campbell,SKU-0036,11083.00,South
1128,2024-08-20,Olivia Lewis,SKU-0049,7316.00,South
1129,2024-01-01,Ursula Rogers,SKU-0165,2089.00,West
1130,2024-08-14,Brian Baker,SKU-0011,10093.00,East
1131,2024-05-25,Leo Jackson,SKU-0051,28730.00,South
1132,2024-06-19,Brian Baker,SKU-0070,26226.00,West
1133,2024-07-02,Iris Patel,SKU-0123,13275.00,North
1134,2024-05-17,Rachel Hall,SKU-0091,1544.00,West
1135,2024-03-23,Yusuf Bell,SKU-0046,25031.00,East
1136,2024-11-22,Victor King,SKU-0015,28358.00,East
1137,2024-09-22,Alice Chen,SKU-0132,10327.00,East
1138,2024-05-15,Hugo Roberts,SKU-0072,17272.00,West
1139,2024-07-11,Elena Ramirez,SKU-0063,6282.00,North
1140,2024-04-19,Elena Ramirez,SKU-0126,5914.00,North
1141,2024-12-13,Vincent Reed,SKU-0125,29040.00,East
1142,2024-04-28,Sofia Sanchez,SKU-0079,6438.00,Central
1143,2024-02-06,Iris Patel,SKU-0089,17150.00,East
1144,2024-08-27,Jake Phillips,SKU-0151,9232.00,North
1145,2024-07-11,Xavier Lopez,SKU-0100,10512.00,North
1146,2024-03-31,Felix Campbell,SKU-0136,873.00,South
1147,2024-02-29,Reed Stewart,SKU-0122,5165.00,North
1148,2024-06-09,Vincent Reed,SKU-0019,14767.00,South
1149,2024-05-24,Grace Liu,SKU-0133,1660.00,West
1150,2024-07-04,Emma Brown,SKU-0057,9551.00,East
1151,2024-10-19,Uma Hernandez,SKU-0017,11456.00,North
1152,2024-08-14,Uma Hernandez,SKU-0106,4711.00,West
1153,2024-12-31,Jack Anderson,SKU-0199,17352.00,Central
1154,2024-08-02,Emma Brown,SKU-0154,10808.00,West
1155,2024-06-27,Jack Anderson,SKU-0128,14015.00,Central
1156,2024-11-03,Noah Clark,SKU-0020,14458.00,East
1157,2024-05-16,Lucas Turner,SKU-0037,17073.00,West
1158,2024-04-15,Vincent Reed,SKU-0073,26835.00,North
1159,2024-09-16,Peter Robinson,SKU-0012,5460.00,East
1160,2024-07-06,Henry Taylor,SKU-0030,5916.00,West
1161,2024-07-12,Ursula Rogers,SKU-0015,9612.00,North
1162,2024-07-29,Alice Chen,SKU-0194,19275.00,Central
1163,2024-09-12,Bob Martinez,SKU-0145,6214.00,West
1164,2024-07-03,Whitney Cook,SKU-0124,2076.00,East
1165,2024-08-06,Alice Chen,SKU-0194,15821.00,North
1166,2024-02-06,Maya Harris,SKU-0086,7637.00,West
1167,2024-02-12,Ivy Carter,SKU-0025,12501.00,Central
1168,2024-03-16,Brian Baker,SKU-0113,8792.00,South
1169,2024-02-15,Leo Jackson,SKU-0116,6191.00,West
1170,2024-07-04,Ivy Carter,SKU-0150,4354.00,North
1171,2024-04-11,Emma Brown,SKU-0028,12879.00,East
1172,2024-02-24,Kate Thomas,SKU-0080,3281.00,East
1173,2024-07-25,Carol White,SKU-0184,9985.00,North
1174,2024-03-30,Victor King,SKU-0117,11196.00,Central
1175,2024-01-30,Vincent Reed,SKU-0187,24803.00,East
1176,2024-08-13,Derek Hill,SKU-0061,7649.00,Central
1177,2024-12-16,Kate Thomas,SKU-0112,16919.00,Central
1178,2024-06-24,Victor King,SKU-0058,12129.00,South
1179,2024-03-06,Sam Allen,SKU-0074,28234.00,South
1180,2024-11-14,Sofia Sanchez,SKU-0123,17662.00,South
1181,2024-02-05,Whitney Cook,SKU-0157,15335.00,Central
1182,2024-09-03,Yusuf Bell,SKU-0129,9992.00,South
1183,2024-07-06,David Kim,SKU-0082,13014.00,Central
1184,2024-12-03,Victor King,SKU-0148,10269.00,Central
1185,2024-02-24,Zach Green,SKU-0172,3314.00,West
1186,2024-03-23,Monica Torres,SKU-0162,5065.00,East
1187,2024-10-29,Chloe Nelson,SKU-0035,20655.00,East
1188,2024-07-04,Emma Brown,SKU-0002,16131.00,Central
1189,2024-04-22,Paula Collins,SKU-0014,18743.00,East
1190,2024-08-31,Uma Hernandez,SKU-0140,15128.00,East
1191,2024-01-04,Troy Morris,SKU-0163,25445.00,South
1192,2024-02-02,Tina Young,SKU-0088,17989.00,West
1193,2024-04-10,Oscar Edwards,SKU-0075,19723.00,West
1194,2024-11-02,Monica Torres,SKU-0185,11201.00,West
1195,2024-02-04,Kelly Evans,SKU-0063,20902.00,North
1196,2024-06-24,Vincent Reed,SKU-0172,17883.00,Central
1197,2024-12-04,Jake Phillips,SKU-0024,3519.00,South
1198,2024-06-18,Ivy Carter,SKU-0040,672.00,North
1199,2024-09-19,Yara Scott,SKU-0186,4880.00,West
1200,2024-11-29,Vincent Reed,SKU-0167,1480.00,South
1201,2024-03-25,Frank Wilson,SKU-0086,4804.00,West
1202,2024-11-21,Yara Scott,SKU-0115,8043.00,South
1203,2024-04-14,Felix Campbell,SKU-0072,24749.00,South
1204,2024-03-28,Brian Baker,SKU-0124,28610.00,South
1205,2024-05-29,Alice Chen,SKU-0024,5381.00,East
1206,2024-09-16,Frank Wilson,SKU-0033,7890.00,South
1207,2024-07-27,Oscar Edwards,SKU-0099,1574.00,West
1208,2024-03-22,Whitney Cook,SKU-0142,20759.00,North
1209,2024-07-01,Olivia Lewis,SKU-0094,9459.00,North
1210,2024-07-13,Reed Stewart,SKU-0050,9933.00,North
1211,2024-12-10,Kate Thomas,SKU-0160,10829.00,West
1212,2024-12-11,Hugo Roberts,SKU-0047,21467.00,East
1213,2024-08-06,Troy Morris,SKU-0018,7522.00,East
1214,2024-06-07,Monica Torres,SKU-0120,22611.00,Central
1215,2024-08-19,Reed Stewart,SKU-0137,4543.00,Central
1216,2024-06-21,Lucas Turner,SKU-0025,1045.00,East
1217,2024-10-08,Yusuf Bell,SKU-0088,9575.00,North
1218,2024-03-07,Peter Robinson,SKU-0095,26201.00,West
1219,2024-03-29,Grace Liu,SKU-0019,4570.00,East
1220,2024-01-17,Xavier Lopez,SKU-0172,26176.00,Central
1221,2024-07-25,Jack Anderson,SKU-0007,12257.00,South
1222,2024-06-08,Reed Stewart,SKU-0074,1561.00,South
1223,2024-02-11,Felix Campbell,SKU-0084,11990.00,Central
1224,2024-05-16,Xena Morgan,SKU-0188,10836.00,South
1225,2024-11-19,Maya Harris,SKU-0127,2628.00,Central
1226,2024-08-04,Vincent Reed,SKU-0093,7631.00,East
1227,2024-03-07,Carol White,SKU-0066,12359.00,East
1228,2024-08-25,Reed Stewart,SKU-0021,8142.00,South
1229,2024-11-15,Olivia Lewis,SKU-0047,17276.00,South
1230,2024-09-01,Alice Chen,SKU-0094,11620.00,South
1231,2024-09-13,Kate Thomas,SKU-0187,11965.00,South
1232,2024-02-06,Rachel Hall,SKU-0109,26268.00,North
1233,2024-08-08,Yusuf Bell,SKU-0109,11075.00,West
1234,2024-07-25,Sofia Sanchez,SKU-0136,2783.00,East
1235,2024-01-01,Reed Stewart,SKU-0097,6374.00,East
1236,2024-07-29,Victor King,SKU-0188,4809.00,East
1237,2024-05-03,Victor King,SKU-0157,27225.00,South
1238,2024-02-06,Frank Wilson,SKU-0056,28140.00,East
1239,2024-06-21,Bob Martinez,SKU-0112,5472.00,North
1240,2024-12-22,Kate Thomas,SKU-0171,16564.00,North
1241,2024-05-28,Jack Anderson,SKU-0164,12325.00,South
1242,2024-04-29,Vincent Reed,SKU-0002,27594.00,North
1243,2024-10-09,Gina Mitchell,SKU-0183,15286.00,Central
1244,2024-01-13,Kate Thomas,SKU-0094,27212.00,West
1245,2024-03-30,Xena Morgan,SKU-0066,24499.00,West
1246,2024-12-01,Leo Jackson,SKU-0072,5943.00,South
1247,2024-11-14,Jack Anderson,SKU-0187,2017.00,Central
1248,2024-11-03,Reed Stewart,SKU-0177,28388.00,East
1249,2024-05-29,Reed Stewart,SKU-0007,24498.00,West
1250,2024-03-08,Wendy Wright,SKU-0166,24828.00,Central
1251,2024-10-19,Olivia Lewis,SKU-0141,14709.00,South
1252,2024-02-13,Monica Torres,SKU-0012,24881.00,East
1253,2024-08-01,Elena Ramirez,SKU-0130,5388.00,North
1254,2024-09-17,Sam Allen,SKU-0184,4239.00,South
1255,2024-01-17,Rachel Hall,SKU-0179,17875.00,North
1256,2024-03-11,Reed Stewart,SKU-0057,22817.00,North
1257,2024-05-02,Oscar Edwards,SKU-0189,11518.00,West
1258,2024-09-04,Leo Jackson,SKU-0089,3914.00,Central
1259,2024-09-24,Zach Green,SKU-0101,5291.00,Central
1260,2024-08-24,Lucas Turner,SKU-0122,8170.00,Central
1261,2024-08-30,Alice Chen,SKU-0040,12132.00,East
1262,2024-06-06,Yusuf Bell,SKU-0185,18864.00,South
1263,2024-07-31,Paula Collins,SKU-0136,8616.00,East
1264,2024-01-07,Sam Allen,SKU-0142,26643.00,Central
1265,2024-12-10,Ivy Carter,SKU-0100,12638.00,Central
1266,2024-01-23,David Kim,SKU-0011,22048.00,North
1267,2024-02-08,Tina Young,SKU-0043,21780.00,North
1268,2024-10-21,Ursula Rogers,SKU-0131,22028.00,West
1269,2024-01-08,Whitney Cook,SKU-0126,28573.00,Central
1270,2024-04-21,Quinn Walker,SKU-0162,28842.00,South
1271,2024-03-28,Reed Stewart,SKU-0040,15561.00,North
1272,2024-02-28,Troy Morris,SKU-0055,23168.00,West
1273,2024-08-27,Yara Scott,SKU-0137,5365.00,North
1274,2024-03-07,Grace Liu,SKU-0048,2178.00,West
1275,2024-07-25,Quinn Walker,SKU-0088,6119.00,Central
1276,2024-09-28,Zach Green,SKU-0096,8215.00,Central
1277,2024-01-21,Jake Phillips,SKU-0134,15167.00,North
1278,2024-07-28,Kate Thomas,SKU-0114,6946.00,Central
1279,2024-09-22,Troy Morris,SKU-0173,7901.00,West
1280,2024-10-13,Peter Robinson,SKU-0055,27202.00,South
1281,2024-09-23,Hugo Roberts,SKU-0131,4594.00,Central
1282,2024-12-07,Xena Morgan,SKU-0154,25175.00,Central
1283,2024-04-15,David Kim,SKU-0146,19108.00,South
1284,2024-07-21,Leo Jackson,SKU-0025,2240.00,South
1285,2024-03-03,Peter Robinson,SKU-0171,11810.00,South
1286,2024-07-23,Tina Young,SKU-0019,7595.00,Central
1287,2024-05-03,Lucas Turner,SKU-0044,18305.00,East
1288,2024-08-10,Grace Liu,SKU-0147,8925.00,West
1289,2024-06-18,Quinn Walker,SKU-0032,11239.00,South
1290,2024-04-12,Quinn Walker,SKU-0068,16042.00,South
1291,2024-07-14,Chloe Nelson,SKU-0120,4797.00,South
1292,2024-09-15,Yusuf Bell,SKU-0101,7191.00,West
1293,2024-07-09,Whitney Cook,SKU-0144,7259.00,West
1294,2024-07-10,Leo Jackson,SKU-0108,7200.00,South
1295,2024-09-07,Maya Harris,SKU-0047,4504.00,Central
1296,2024-07-18,Nathan Parker,SKU-0125,7084.00,East
1297,2024-08-22,Gina Mitchell,SKU-0012,7082.00,North
1298,2024-06-12,Reed Stewart,SKU-0144,29203.00,West
1299,2024-02-14,Xavier Lopez,SKU-0024,3978.00,North
1300,2024-01-11,Henry Taylor,SKU-0139,25317.00,Central
1301,2024-08-30,Tina Young,SKU-0091,11842.00,Central
1302,2024-02-05,Noah Clark,SKU-0039,5451.00,Central
1303,2024-03-11,Derek Hill,SKU-0012,16625.00,Central
1304,2024-07-07,Carol White,SKU-0130,10781.00,East
1305,2024-03-28,Kate Thomas,SKU-0194,12675.00,West
1306,2024-07-25,Leo Jackson,SKU-0079,4963.00,South
1307,2024-08-19,Wendy Wright,SKU-0042,3530.00,East
1308,2024-04-26,Jack Anderson,SKU-0024,28702.00,North
1309,2024-12-24,Bob Martinez,SKU-0040,5846.00,West
1310,2024-04-02,Elena Ramirez,SKU-0094,25404.00,Central
1311,2024-08-29,Jake Phillips,SKU-0182,4334.00,Central
1312,2024-02-20,Jack Anderson,SKU-0139,1256.00,North
1313,2024-01-13,Oscar Edwards,SKU-0125,17241.00,West
1314,2024-05-26,Jack Anderson,SKU-0195,25916.00,West
1315,2024-08-07,Carol White,SKU-0013,12352.00,Central
1316,2024-05-22,Gina Mitchell,SKU-0162,5423.00,Central
1317,2024-02-04,Maya Harris,SKU-0155,29730.00,West
1318,2024-01-18,Yara Scott,SKU-0159,17911.00,North
1319,2024-09-26,Xena Morgan,SKU-0119,7794.00,East
1320,2024-11-01,Chloe Nelson,SKU-0191,5480.00,South
1321,2024-03-18,Henry Taylor,SKU-0026,28708.00,West
1322,2024-01-15,David Kim,SKU-0012,6743.00,West
1323,2024-09-09,Sam Allen,SKU-0165,5720.00,West
1324,2024-05-19,Nathan Parker,SKU-0121,7864.00,Central
1325,2024-05-19,Victor King,SKU-0067,21643.00,West
1326,2024-03-29,Monica Torres,SKU-0089,4728.00,Central
1327,2024-10-14,Wendy Wright,SKU-0121,539.00,North
1328,2024-03-01,Vincent Reed,SKU-0199,21289.00,West
1329,2024-05-04,Vincent Reed,SKU-0042,9795.00,West
1330,2024-02-03,Frank Wilson,SKU-0032,25538.00,North
1331,2024-03-20,Peter Robinson,SKU-0153,3892.00,North
1332,2024-04-26,Ivy Carter,SKU-0199,27578.00,South
1333,2024-03-23,Henry Taylor,SKU-0013,5962.00,West
1334,2024-08-28,Noah Clark,SKU-0116,6088.00,North
1335,2024-01-19,Zach Green,SKU-0158,27818.00,West
1336,2024-07-06,Elena Ramirez,SKU-0057,4999.00,East
1337,2024-06-16,Sofia Sanchez,SKU-0040,15149.00,East
1338,2024-06-05,David Kim,SKU-0128,2595.00,South
1339,2024-01-30,Noah Clark,SKU-0142,2313.00,East
1340,2024-09-25,Carol White,SKU-0063,13267.00,East
1341,2024-03-14,Nathan Parker,SKU-0048,25343.00,South
1342,2024-06-14,Tina Young,SKU-0003,16867.00,Central
1343,2024-01-26,Zach Green,SKU-0166,28449.00,North
1344,2024-08-11,Henry Taylor,SKU-0008,12744.00,Central
1345,2024-02-19,Jake Phillips,SKU-0169,5445.00,Central
1346,2024-09-30,Kate Thomas,SKU-0098,6067.00,West
1347,2024-06-06,Maya Harris,SKU-0177,24072.00,South
1348,2024-01-12,Oscar Edwards,SKU-0050,8708.00,West
1349,2024-04-11,Grace Liu,SKU-0042,9042.00,West
1350,2024-05-28,Paula Collins,SKU-0150,17392.00,North
1351,2024-10-02,Olivia Lewis,SKU-0157,24819.00,West
1352,2024-08-01,Zach Green,SKU-0193,3823.00,East
1353,2024-01-15,Ivy Carter,SKU-0054,19027.00,North
1354,2024-03-10,Troy Morris,SKU-0085,13744.00,North
1355,2024-05-12,Noah Clark,SKU-0183,19420.00,Central
1356,2024-07-14,Whitney Cook,SKU-0120,4731.00,East
1357,2024-03-16,Derek Hill,SKU-0050,2346.00,South
1358,2024-05-24,Bob Martinez,SKU-0148,18814.00,East
1359,2024-11-14,Amy Adams,SKU-0163,10787.00,East
1360,2024-07-07,Sofia Sanchez,SKU-0199,2830.00,South
1361,2024-05-15,Henry Taylor,SKU-0171,10690.00,Central
1362,2024-04-11,Jack Anderson,SKU-0097,21016.00,East
1363,2024-03-10,Reed Stewart,SKU-0115,10334.00,East
1364,2024-07-04,Zach Green,SKU-0047,6355.00,East
1365,2024-07-24,Brian Baker,SKU-0097,9261.00,North
1366,2024-01-17,Ursula Rogers,SKU-0167,17239.00,Central
1367,2024-08-01,Lucas Turner,SKU-0172,10386.00,South
1368,2024-08-13,Zach Green,SKU-0064,6987.00,Central
1369,2024-03-06,Oscar Edwards,SKU-0161,17449.00,West
1370,2024-02-27,Leo Jackson,SKU-0173,13728.00,South
1371,2024-08-14,Iris Patel,SKU-0049,12626.00,Central
1372,2024-02-14,Zach Green,SKU-0047,20935.00,North
1373,2024-04-02,Emma Brown,SKU-0183,21510.00,North
1374,2024-05-31,Victor King,SKU-0155,7663.00,Central
1375,2024-09-12,Brian Baker,SKU-0035,6930.00,North
1376,2024-09-06,Gina Mitchell,SKU-0122,6940.00,East
1377,2024-12-11,Tina Young,SKU-0013,28736.00,North
1378,2024-06-27,Sofia Sanchez,SKU-0145,27424.00,West
1379,2024-05-19,Grace Liu,SKU-0168,7906.00,North
1380,2024-03-20,Henry Taylor,SKU-0162,24814.00,North
1381,2024-04-22,Xena Morgan,SKU-0041,14921.00,West
1382,2024-02-25,Reed Stewart,SKU-0018,27503.00,Central
1383,2024-04-19,Victor King,SKU-0060,1031.00,Central
1384,2024-03-17,Tina Young,SKU-0152,9394.00,South
1385,2024-04-10,Monica Torres,SKU-0019,27121.00,North
1386,2024-09-19,Rachel Hall,SKU-0037,8199.00,Central
1387,2024-04-28,Quinn Walker,SKU-0183,20633.00,Central
1388,2024-10-13,Victor King,SKU-0145,29131.00,Central
1389,2024-09-06,Grace Liu,SKU-0062,14756.00,Central
1390,2024-03-31,Tina Young,SKU-0103,16289.00,South
1391,2024-07-05,Monica Torres,SKU-0116,4183.00,Central
1392,2024-08-09,Maya Harris,SKU-0150,3604.00,South
1393,2024-11-24,Hugo Roberts,SKU-0149,27689.00,East
1394,2024-07-10,Xavier Lopez,SKU-0080,10383.00,North
1395,2024-09-16,Reed Stewart,SKU-0150,14910.00,East
1396,2024-07-12,Reed Stewart,SKU-0030,7050.00,West
1397,2024-03-16,Monica Torres,SKU-0156,14684.00,East
1398,2024-08-31,David Kim,SKU-0170,17434.00,West
1399,2024-02-01,Olivia Lewis,SKU-0195,9918.00,West
1400,2024-05-11,Jake Phillips,SKU-0051,25431.00,West
1401,2024-08-14,Quinn Walker,SKU-0030,3505.00,East
1402,2024-04-25,Sam Allen,SKU-0108,14163.00,Central
1403,2024-05-27,Victor King,SKU-0164,9010.00,West
1404,2024-10-01,Ursula Rogers,SKU-0061,22621.00,Central
1405,2024-04-24,Noah Clark,SKU-0169,16564.00,Central
1406,2024-01-02,Nathan Parker,SKU-0142,6261.00,North
1407,2024-09-28,Monica Torres,SKU-0038,5398.00,North
1408,2024-12-03,Brian Baker,SKU-0120,23963.00,West
1409,2024-05-23,Uma Hernandez,SKU-0182,7161.00,West
1410,2024-07-04,Hugo Roberts,SKU-0026,1330.00,North
1411,2024-06-15,Whitney Cook,SKU-0142,16301.00,South
1412,2024-03-06,Alice Chen,SKU-0138,25379.00,West
1413,2024-09-28,Henry Taylor,SKU-0013,8199.00,South
1414,2024-01-03,Bob Martinez,SKU-0013,24898.00,West
1415,2024-05-09,Emma Brown,SKU-0073,20135.00,South
1416,2024-05-19,Leo Jackson,SKU-0126,11323.00,Central
1417,2024-09-22,Olivia Lewis,SKU-0017,6092.00,West
1418,2024-09-20,Alice Chen,SKU-0068,14244.00,West
1419,2024-02-10,Yara Scott,SKU-0002,27482.00,North
1420,2024-03-13,Tina Young,SKU-0043,18213.00,West
1421,2024-03-02,Bob Martinez,SKU-0174,15681.00,South
1422,2024-10-03,Hugo Roberts,SKU-0051,28099.00,South
1423,2024-08-09,Felix Campbell,SKU-0163,6824.00,Central
1424,2024-06-04,Henry Taylor,SKU-0162,29648.00,South
1425,2024-01-22,Victor King,SKU-0089,19305.00,North
1426,2024-05-30,Monica Torres,SKU-0170,9307.00,West
1427,2024-10-28,Kate Thomas,SKU-0025,8241.00,Central
1428,2024-09-26,David Kim,SKU-0129,12881.00,Central
1429,2024-09-27,Xavier Lopez,SKU-0011,5219.00,South
1430,2024-09-21,Brian Baker,SKU-0167,8175.00,West
1431,2024-03-17,Amy Adams,SKU-0138,12501.00,East
1432,2024-01-17,Kelly Evans,SKU-0184,11407.00,South
1433,2024-04-30,Bob Martinez,SKU-0064,3025.00,West
1434,2024-02-19,Noah Clark,SKU-0070,8642.00,West
1435,2024-11-02,Zach Green,SKU-0156,17379.00,South
1436,2024-03-01,Sofia Sanchez,SKU-0015,6834.00,Central
1437,2024-04-16,Emma Brown,SKU-0128,11299.00,South
1438,2024-01-21,Hugo Roberts,SKU-0114,1610.00,East
1439,2024-10-11,Zach Green,SKU-0146,28615.00,North
1440,2024-03-31,Zach Green,SKU-0182,2413.00,Central
1441,2024-05-26,Olivia Lewis,SKU-0038,9950.00,West
1442,2024-09-13,Elena Ramirez,SKU-0040,6198.00,Central
1443,2024-06-11,Nathan Parker,SKU-0008,9262.00,Central
1444,2024-09-29,Whitney Cook,SKU-0056,7720.00,East
1445,2024-06-17,Reed Stewart,SKU-0060,22724.00,North
1446,2024-02-01,Amy Adams,SKU-0160,18827.00,West
1447,2024-07-21,Jack Anderson,SKU-0185,3486.00,West
1448,2024-08-29,Zach Green,SKU-0152,6201.00,North
1449,2024-02-26,Olivia Lewis,SKU-0029,20686.00,North
1450,2024-12-21,Henry Taylor,SKU-0190,12013.00,West
1451,2024-07-29,Monica Torres,SKU-0071,5198.00,West
1452,2024-04-18,Maya Harris,SKU-0022,10597.00,West
1453,2024-03-28,Chloe Nelson,SKU-0048,17137.00,South
1454,2024-01-20,Brian Baker,SKU-0053,24357.00,West
1455,2024-10-16,Nathan Parker,SKU-0154,16543.00,Central
1456,2024-03-18,Alice Chen,SKU-0103,20327.00,West
1457,2024-06-17,Derek Hill,SKU-0120,14839.00,Central
1458,2024-01-30,Grace Liu,SKU-0101,14346.00,East
1459,2024-05-19,Peter Robinson,SKU-0050,11417.00,Central
1460,2024-06-23,Emma Brown,SKU-0011,27292.00,East
1461,2024-10-29,Chloe Nelson,SKU-0071,1696.00,East
1462,2024-08-13,Lucas Turner,SKU-0110,6974.00,North
1463,2024-09-10,Kelly Evans,SKU-0042,6249.00,South
1464,2024-06-04,Henry Taylor,SKU-0162,21497.00,South
1465,2024-04-02,Iris Patel,SKU-0171,21995.00,Central
1466,2024-07-29,Victor King,SKU-0199,4013.00,North
1467,2024-01-18,Sam Allen,SKU-0040,28099.00,Central
1468,2024-12-11,Jake Phillips,SKU-0009,21638.00,South
1469,2024-09-17,Rachel Hall,SKU-0102,10510.00,Central
1470,2024-05-04,Wendy Wright,SKU-0198,29060.00,North
1471,2024-06-05,Reed Stewart,SKU-0057,16414.00,East
1472,2024-02-17,Henry Taylor,SKU-0179,8312.00,Central
1473,2024-12-02,Zach Green,SKU-0017,14956.00,Central
1474,2024-08-04,Grace Liu,SKU-0016,5871.00,West
1475,2024-03-19,Reed Stewart,SKU-0074,23634.00,East
1476,2024-06-16,Iris Patel,SKU-0168,27169.00,North
1477,2024-05-09,Olivia Lewis,SKU-0036,1145.00,Central
1478,2024-08-23,Hugo Roberts,SKU-0050,5698.00,East
1479,2024-02-22,Xena Morgan,SKU-0090,27806.00,West
1480,2024-02-23,Uma Hernandez,SKU-0140,4189.00,East
1481,2024-06-19,Vincent Reed,SKU-0073,20037.00,South
1482,2024-02-09,Victor King,SKU-0175,2181.00,East
1483,2024-01-02,Wendy Wright,SKU-0189,4963.00,South
1484,2024-03-07,Ivy Carter,SKU-0066,22377.00,West
1485,2024-12-09,Hugo Roberts,SKU-0020,27207.00,East
1486,2024-11-08,Victor King,SKU-0169,928.00,Central
1487,2024-12-10,David Kim,SKU-0086,26399.00,East
1488,2024-06-08,Iris Patel,SKU-0050,29603.00,West
1489,2024-11-08,Yara Scott,SKU-0017,8809.00,West
1490,2024-12-16,Ursula Rogers,SKU-0029,9726.00,Central
1491,2024-11-18,Uma Hernandez,SKU-0163,19029.00,East
1492,2024-03-10,Nathan Parker,SKU-0115,16033.00,East
1493,2024-04-20,Emma Brown,SKU-0181,6002.00,West
1494,2024-06-24,Elena Ramirez,SKU-0033,6412.00,West
1495,2024-03-01,Frank Wilson,SKU-0084,1702.00,South
1496,2024-02-11,Iris Patel,SKU-0004,7685.00,South
1497,2024-07-30,Wendy Wright,SKU-0077,5421.00,North
1498,2024-08-01,Paula Collins,SKU-0133,16069.00,Central
1499,2024-08-19,Reed Stewart,SKU-0051,12365.00,East
1500,2024-06-09,Zach Green,SKU-0035,6050.00,Central
1501,2024-06-25,Derek Hill,SKU-0108,29168.00,West
1502,2024-08-27,Leo Jackson,SKU-0103,5494.00,Central
1503,2024-03-03,Chloe Nelson,SKU-0030,8465.00,Central
1504,2024-03-04,Carol White,SKU-0045,28138.00,Central
1505,2024-02-23,Felix Campbell,SKU-0048,20831.00,Central
1506,2024-06-03,Grace Liu,SKU-0052,4752.00,North
1507,2024-01-10,Sofia Sanchez,SKU-0163,26838.00,South
1508,2024-07-01,Chloe Nelson,SKU-0154,7819.00,West
1509,2024-05-29,Grace Liu,SKU-0155,20815.00,West
1510,2024-06-13,Troy Morris,SKU-0144,6342.00,East
1511,2024-01-08,Emma Brown,SKU-0198,15751.00,South
1512,2024-03-02,Henry Taylor,SKU-0154,27436.00,Central
1513,2024-01-07,Henry Taylor,SKU-0027,2041.00,South
1514,2024-05-29,Peter Robinson,SKU-0190,7172.00,Central
1515,2024-04-28,Tina Young,SKU-0087,17642.00,North
1516,2024-08-07,Sam Allen,SKU-0007,4975.00,East
1517,2024-11-18,Sofia Sanchez,SKU-0068,756.00,Central
1518,2024-05-08,Wendy Wright,SKU-0172,13001.00,Central
1519,2024-05-03,Whitney Cook,SKU-0092,16949.00,North
1520,2024-01-30,Amy Adams,SKU-0180,3984.00,East
1521,2024-08-03,Peter Robinson,SKU-0133,3887.00,East
1522,2024-06-02,Chloe Nelson,SKU-0153,19103.00,South
1523,2024-02-24,Zach Green,SKU-0042,22803.00,South
1524,2024-01-15,Quinn Walker,SKU-0160,12399.00,North
1525,2024-08-25,Monica Torres,SKU-0147,7057.00,East
1526,2024-01-12,Brian Baker,SKU-0054,14473.00,South
1527,2024-12-03,Yara Scott,SKU-0112,15638.00,South
1528,2024-12-28,Whitney Cook,SKU-0081,27113.00,North
1529,2024-08-21,Zach Green,SKU-0035,4614.00,Central
1530,2024-11-18,Maya Harris,SKU-0046,20460.00,South
1531,2024-04-24,Derek Hill,SKU-0124,8623.00,East
1532,2024-09-16,Amy Adams,SKU-0132,11511.00,West
1533,2024-08-05,Felix Campbell,SKU-0096,5511.00,East
1534,2024-04-13,Jack Anderson,SKU-0193,12715.00,West
1535,2024-09-27,Elena Ramirez,SKU-0127,3534.00,Central
1536,2024-03-13,Whitney Cook,SKU-0074,18398.00,West
1537,2024-12-26,Monica Torres,SKU-0128,25515.00,South
1538,2024-04-03,Alice Chen,SKU-0052,20746.00,West
1539,2024-06-17,Monica Torres,SKU-0075,18472.00,North
1540,2024-04-29,Gina Mitchell,SKU-0033,990.00,North
1541,2024-07-16,Frank Wilson,SKU-0145,11604.00,South
1542,2024-11-23,Lucas Turner,SKU-0016,28381.00,East
1543,2024-05-08,Troy Morris,SKU-0047,25100.00,South
1544,2024-10-04,Nathan Parker,SKU-0082,6917.00,Central
1545,2024-05-07,Henry Taylor,SKU-0134,24628.00,West
1546,2024-05-22,Chloe Nelson,SKU-0054,3437.00,North
1547,2024-03-03,David Kim,SKU-0123,7227.00,West
1548,2024-03-10,Wendy Wright,SKU-0129,15882.00,North
1549,2024-02-01,Sam Allen,SKU-0067,25162.00,East
1550,2024-08-29,Xena Morgan,SKU-0131,15779.00,East
1551,2024-02-07,Maya Harris,SKU-0178,29184.00,Central
1552,2024-09-09,Victor King,SKU-0051,9140.00,East
1553,2024-08-15,Nathan Parker,SKU-0153,6672.00,Central
1554,2024-10-07,Bob Martinez,SKU-0169,13807.00,West
1555,2024-11-30,Elena Ramirez,SKU-0054,834.00,West
1556,2024-02-19,Olivia Lewis,SKU-0031,2780.00,South
1557,2024-02-02,David Kim,SKU-0157,17172.00,South
1558,2024-12-11,Amy Adams,SKU-0028,16324.00,East
1559,2024-10-16,Monica Torres,SKU-0014,25315.00,South
1560,2024-01-21,Sam Allen,SKU-0034,3839.00,South
1561,2024-12-17,Yara Scott,SKU-0123,22652.00,Central
1562,2024-11-23,Hugo Roberts,SKU-0062,12581.00,South
1563,2024-02-23,Emma Brown,SKU-0177,3643.00,North
1564,2024-05-11,Sam Allen,SKU-0004,21939.00,East
1565,2024-03-26,Troy Morris,SKU-0083,6433.00,Central
1566,2024-01-22,Leo Jackson,SKU-0135,6010.00,North
1567,2024-08-13,Oscar Edwards,SKU-0165,4669.00,North
1568,2024-01-01,Reed Stewart,SKU-0191,26894.00,West
1569,2024-01-22,Iris Patel,SKU-0149,20204.00,Central
1570,2024-06-11,Wendy Wright,SKU-0186,5881.00,South
1571,2024-04-11,Brian Baker,SKU-0044,2431.00,South
1572,2024-03-09,Victor King,SKU-0002,11670.00,Central
1573,2024-09-07,Maya Harris,SKU-0141,2871.00,West
1574,2024-08-07,Henry Taylor,SKU-0196,9634.00,East
1575,2024-01-30,Elena Ramirez,SKU-0165,24395.00,East
1576,2024-12-24,Jake Phillips,SKU-0196,22711.00,Central
1577,2024-01-31,Peter Robinson,SKU-0039,25461.00,Central
1578,2024-02-07,Yara Scott,SKU-0067,14933.00,East
1579,2024-04-04,Yara Scott,SKU-0016,23941.00,West
1580,2024-10-21,Olivia Lewis,SKU-0082,17012.00,South
1581,2024-03-25,Kate Thomas,SKU-0034,25710.00,South
1582,2024-02-08,Brian Baker,SKU-0108,16591.00,West
1583,2024-06-20,Kelly Evans,SKU-0115,16579.00,North
1584,2024-11-17,David Kim,SKU-0165,26585.00,West
1585,2024-08-05,Uma Hernandez,SKU-0063,8407.00,North
1586,2024-02-14,Ivy Carter,SKU-0096,29982.00,West
1587,2024-07-09,Frank Wilson,SKU-0086,9692.00,North
1588,2024-01-27,Elena Ramirez,SKU-0025,24137.00,East
1589,2024-04-03,Iris Patel,SKU-0154,21600.00,West
1590,2024-05-09,Yusuf Bell,SKU-0127,15421.00,South
1591,2024-06-19,Grace Liu,SKU-0165,19727.00,North
1592,2024-04-08,Gina Mitchell,SKU-0113,2283.00,North
1593,2024-05-05,Elena Ramirez,SKU-0068,2237.00,South
1594,2024-04-14,Peter Robinson,SKU-0068,14833.00,South
1595,2024-01-19,Whitney Cook,SKU-0136,25120.00,North
1596,2024-01-18,Sam Allen,SKU-0071,9874.00,East
1597,2024-08-29,Brian Baker,SKU-0129,9358.00,South
1598,2024-01-23,Brian Baker,SKU-0131,2770.00,North
1599,2024-02-20,Sam Allen,SKU-0166,12006.00,West
1600,2024-06-21,Jake Phillips,SKU-0044,21812.00,Central
1601,2024-03-04,Emma Brown,SKU-0161,20905.00,South
1602,2024-06-24,Leo Jackson,SKU-0122,14774.00,Central
1603,2024-04-23,Oscar Edwards,SKU-0095,15724.00,Central
1604,2024-09-16,Sofia Sanchez,SKU-0146,2673.00,South
1605,2024-08-08,Xena Morgan,SKU-0132,12359.00,North
1606,2024-07-22,Derek Hill,SKU-0157,4775.00,Central
1607,2024-05-29,Jack Anderson,SKU-0150,23698.00,Central
1608,2024-03-25,Rachel Hall,SKU-0130,27032.00,West
1609,2024-09-30,Wendy Wright,SKU-0178,4910.00,Central
1610,2024-07-14,Zach Green,SKU-0065,6973.00,South
1611,2024-08-31,Nathan Parker,SKU-0084,7226.00,Central
1612,2024-07-11,Ivy Carter,SKU-0028,3832.00,Central
1613,2024-09-06,Paula Collins,SKU-0078,14141.00,West
1614,2024-12-03,Iris Patel,SKU-0026,29962.00,South
1615,2024-07-25,Bob Martinez,SKU-0146,17038.00,East
1616,2024-03-27,Chloe Nelson,SKU-0058,17587.00,North
1617,2024-05-09,Grace Liu,SKU-0152,2769.00,West
1618,2024-08-24,Elena Ramirez,SKU-0140,4144.00,Central
1619,2024-05-06,Kelly Evans,SKU-0090,22868.00,North
1620,2024-05-25,Ursula Rogers,SKU-0140,8046.00,East
1621,2024-06-25,Hugo Roberts,SKU-0138,3204.00,North
1622,2024-09-11,Maya Harris,SKU-0142,2985.00,East
1623,2024-01-23,Ursula Rogers,SKU-0178,29708.00,South
1624,2024-06-14,Emma Brown,SKU-0006,11281.00,East
1625,2024-10-30,Kelly Evans,SKU-0168,14264.00,North
1626,2024-02-22,Wendy Wright,SKU-0022,23998.00,West
1627,2024-10-11,Tina Young,SKU-0038,25666.00,North
1628,2024-07-09,Yusuf Bell,SKU-0067,7330.00,East
1629,2024-12-22,David Kim,SKU-0080,4376.00,South
1630,2024-11-17,Tina Young,SKU-0189,18956.00,Central
1631,2024-12-30,Iris Patel,SKU-0074,5842.00,Central
1632,2024-09-20,Carol White,SKU-0069,19166.00,South
1633,2024-06-14,Leo Jackson,SKU-0013,13728.00,West
1634,2024-09-15,Yara Scott,SKU-0121,4324.00,Central
1635,2024-06-29,Brian Baker,SKU-0014,12898.00,East
1636,2024-06-07,Henry Taylor,SKU-0173,10092.00,South
1637,2024-02-18,Uma Hernandez,SKU-0106,16357.00,North
1638,2024-08-10,Reed Stewart,SKU-0019,9253.00,Central
1639,2024-06-21,Wendy Wright,SKU-0200,15542.00,South
1640,2024-05-05,Ursula Rogers,SKU-0149,1901.00,West
1641,2024-09-22,Wendy Wright,SKU-0046,3065.00,North
1642,2024-06-09,Iris Patel,SKU-0093,13889.00,South
1643,2024-10-06,Grace Liu,SKU-0125,24732.00,West
1644,2024-06-28,Alice Chen,SKU-0148,29881.00,East
1645,2024-03-30,Frank Wilson,SKU-0156,22602.00,Central
1646,2024-12-10,Grace Liu,SKU-0159,11114.00,West
1647,2024-04-21,Chloe Nelson,SKU-0128,902.00,North
1648,2024-09-11,Nathan Parker,SKU-0156,4419.00,West
1649,2024-06-16,Quinn Walker,SKU-0103,18732.00,South
1650,2024-01-15,Bob Martinez,SKU-0048,15552.00,Central
1651,2024-07-06,Chloe Nelson,SKU-0148,7423.00,South
1652,2024-08-23,Peter Robinson,SKU-0097,6661.00,North
1653,2024-09-04,Nathan Parker,SKU-0177,2064.00,East
1654,2024-05-18,Wendy Wright,SKU-0108,7783.00,South
1655,2024-01-02,Derek Hill,SKU-0038,7226.00,North
1656,2024-08-26,Kelly Evans,SKU-0035,7456.00,South
1657,2024-07-13,Alice Chen,SKU-0152,9411.00,East
1658,2024-02-18,Whitney Cook,SKU-0047,14102.00,Central
1659,2024-03-06,Yara Scott,SKU-0021,20163.00,East
1660,2024-09-18,Gina Mitchell,SKU-0014,7753.00,Central
1661,2024-04-05,Sofia Sanchez,SKU-0169,5876.00,Central
1662,2024-09-21,Sam Allen,SKU-0148,7003.00,North
1663,2024-12-08,Oscar Edwards,SKU-0189,10110.00,West
1664,2024-09-26,Peter Robinson,SKU-0067,7253.00,West
1665,2024-07-17,Rachel Hall,SKU-0011,6516.00,Central
1666,2024-10-13,Grace Liu,SKU-0180,9050.00,East
1667,2024-02-09,Peter Robinson,SKU-0037,26458.00,East
1668,2024-05-13,Zach Green,SKU-0036,21566.00,East
1669,2024-09-16,Chloe Nelson,SKU-0087,5175.00,North
1670,2024-08-18,Henry Taylor,SKU-0057,6979.00,North
1671,2024-01-12,Nathan Parker,SKU-0028,4280.00,East
1672,2024-01-10,Carol White,SKU-0057,3915.00,North
1673,2024-10-31,Olivia Lewis,SKU-0135,20785.00,West
1674,2024-01-17,Olivia Lewis,SKU-0125,6620.00,North
1675,2024-07-22,Gina Mitchell,SKU-0042,6535.00,North
1676,2024-08-29,Monica Torres,SKU-0195,6573.00,North
1677,2024-08-15,Noah Clark,SKU-0023,9051.00,West
1678,2024-11-04,Yara Scott,SKU-0131,18261.00,West
1679,2024-09-20,Paula Collins,SKU-0199,7885.00,South
1680,2024-04-17,Bob Martinez,SKU-0090,854.00,Central
1681,2024-09-24,Vincent Reed,SKU-0164,7521.00,South
1682,2024-02-20,Paula Collins,SKU-0147,25509.00,North
1683,2024-05-21,Zach Green,SKU-0034,10803.00,Central
1684,2024-05-03,Peter Robinson,SKU-0180,25247.00,South
1685,2024-06-21,Ivy Carter,SKU-0200,2061.00,South
1686,2024-09-26,Alice Chen,SKU-0028,11749.00,South
1687,2024-09-21,Lucas Turner,SKU-0027,7063.00,North
1688,2024-08-03,Derek Hill,SKU-0143,7731.00,East
1689,2024-05-14,Peter Robinson,SKU-0048,21964.00,North
1690,2024-07-28,Chloe Nelson,SKU-0181,4048.00,South
1691,2024-02-26,Tina Young,SKU-0020,14399.00,South
1692,2024-01-26,Xena Morgan,SKU-0136,21531.00,West
1693,2024-11-03,Xena Morgan,SKU-0032,22485.00,South
1694,2024-07-05,Jack Anderson,SKU-0139,13170.00,Central
1695,2024-07-27,Kelly Evans,SKU-0104,3449.00,South
1696,2024-07-27,Kate Thomas,SKU-0166,4710.00,East
1697,2024-05-30,Jake Phillips,SKU-0120,25018.00,North
1698,2024-07-31,Amy Adams,SKU-0100,10506.00,Central
1699,2024-01-24,Tina Young,SKU-0191,17762.00,West
1700,2024-09-04,Ursula Rogers,SKU-0131,9345.00,Central
1701,2024-01-05,Zach Green,SKU-0149,13011.00,Central
1702,2024-02-08,Peter Robinson,SKU-0108,18660.00,South
1703,2024-07-19,Uma Hernandez,SKU-0097,9399.00,West
1704,2024-10-12,Derek Hill,SKU-0144,25181.00,South
1705,2024-11-19,Sam Allen,SKU-0192,2328.00,South
1706,2024-11-11,Derek Hill,SKU-0012,14791.00,East
1707,2024-04-30,Rachel Hall,SKU-0158,8196.00,West
1708,2024-05-24,Whitney Cook,SKU-0036,8011.00,North
1709,2024-04-17,Kelly Evans,SKU-0167,13279.00,Central
1710,2024-09-10,Rachel Hall,SKU-0159,9505.00,South
1711,2024-01-13,Bob Martinez,SKU-0042,6138.00,North
1712,2024-12-28,Grace Liu,SKU-0022,28789.00,South
1713,2024-03-20,Jack Anderson,SKU-0126,23956.00,North
1714,2024-01-29,Ursula Rogers,SKU-0021,26579.00,North
1715,2024-01-16,Wendy Wright,SKU-0006,23094.00,South
1716,2024-06-12,Sofia Sanchez,SKU-0128,1714.00,Central
1717,2024-09-23,Sam Allen,SKU-0095,5256.00,West
1718,2024-05-31,Elena Ramirez,SKU-0177,27818.00,Central
1719,2024-05-07,David Kim,SKU-0036,25632.00,South
1720,2024-06-08,Carol White,SKU-0183,15994.00,North
1721,2024-04-19,Frank Wilson,SKU-0006,4842.00,East
1722,2024-03-02,Paula Collins,SKU-0156,21083.00,East
1723,2024-04-27,Maya Harris,SKU-0170,17599.00,North
1724,2024-12-29,Peter Robinson,SKU-0160,12152.00,South
1725,2024-07-06,Tina Young,SKU-0132,8653.00,South
1726,2024-07-08,Emma Brown,SKU-0112,9365.00,Central
1727,2024-08-14,Xavier Lopez,SKU-0133,7584.00,North
1728,2024-04-20,Whitney Cook,SKU-0111,27107.00,West
1729,2024-08-03,Tina Young,SKU-0017,9328.00,East
1730,2024-12-10,Vincent Reed,SKU-0003,27874.00,North
1731,2024-04-18,Carol White,SKU-0199,11849.00,East
1732,2024-05-20,Amy Adams,SKU-0182,27386.00,East
1733,2024-07-25,Troy Morris,SKU-0167,11844.00,West
1734,2024-06-21,Carol White,SKU-0039,8769.00,West
1735,2024-07-31,Vincent Reed,SKU-0045,8840.00,South
1736,2024-05-30,Peter Robinson,SKU-0075,9961.00,East
1737,2024-09-12,Gina Mitchell,SKU-0004,4657.00,North
1738,2024-08-29,Yusuf Bell,SKU-0121,7280.00,North
1739,2024-11-18,Oscar Edwards,SKU-0167,16915.00,Central
1740,2024-08-20,Bob Martinez,SKU-0183,6065.00,North
1741,2024-08-19,Derek Hill,SKU-0010,4366.00,East
1742,2024-03-04,Noah Clark,SKU-0151,26349.00,North
1743,2024-07-17,Noah Clark,SKU-0004,7129.00,East
1744,2024-03-18,Emma Brown,SKU-0086,19433.00,East
1745,2024-10-11,Yara Scott,SKU-0112,23315.00,North
1746,2024-04-05,Elena Ramirez,SKU-0185,2457.00,North
1747,2024-12-12,Zach Green,SKU-0038,860.00,Central
1748,2024-05-23,Jack Anderson,SKU-0024,695.00,East
1749,2024-08-23,Ivy Carter,SKU-0193,5954.00,Central
1750,2024-01-30,Ursula Rogers,SKU-0012,26114.00,North
1751,2024-04-13,Chloe Nelson,SKU-0066,7427.00,South
1752,2024-09-13,Xavier Lopez,SKU-0010,5031.00,West
1753,2024-05-14,Gina Mitchell,SKU-0071,6016.00,North
1754,2024-01-11,Xavier Lopez,SKU-0136,28898.00,North
1755,2024-02-09,Paula Collins,SKU-0114,4687.00,Central
1756,2024-05-18,Oscar Edwards,SKU-0089,2282.00,West
1757,2024-06-15,Alice Chen,SKU-0163,5093.00,South
1758,2024-04-23,Sam Allen,SKU-0109,28102.00,East
1759,2024-12-19,Elena Ramirez,SKU-0005,1843.00,North
1760,2024-01-29,Peter Robinson,SKU-0087,23183.00,North
1761,2024-03-11,Paula Collins,SKU-0148,18165.00,West
1762,2024-08-21,Jack Anderson,SKU-0103,12205.00,South
1763,2024-08-16,Amy Adams,SKU-0051,5861.00,Central
1764,2024-04-01,Olivia Lewis,SKU-0114,29493.00,West
1765,2024-07-29,Reed Stewart,SKU-0111,11750.00,West
1766,2024-06-20,Paula Collins,SKU-0150,17763.00,East
1767,2024-05-20,Sam Allen,SKU-0179,24609.00,East
1768,2024-12-28,Carol White,SKU-0032,14973.00,North
1769,2024-07-07,Hugo Roberts,SKU-0193,5268.00,Central
1770,2024-11-30,Henry Taylor,SKU-0100,24901.00,East
1771,2024-02-25,Bob Martinez,SKU-0073,5243.00,East
1772,2024-05-27,Chloe Nelson,SKU-0010,17367.00,South
1773,2024-09-03,Vincent Reed,SKU-0068,7569.00,West
1774,2024-03-27,Jake Phillips,SKU-0037,18409.00,Central
1775,2024-01-28,Whitney Cook,SKU-0002,10522.00,Central
1776,2024-11-21,Kelly Evans,SKU-0015,7762.00,Central
1777,2024-10-29,Hugo Roberts,SKU-0121,2893.00,South
1778,2024-01-12,Wendy Wright,SKU-0104,21105.00,East
1779,2024-08-10,Bob Martinez,SKU-0071,7789.00,North
1780,2024-06-11,Peter Robinson,SKU-0103,28289.00,South
1781,2024-06-28,Ursula Rogers,SKU-0194,1612.00,West
1782,2024-10-28,Troy Morris,SKU-0170,14377.00,West
1783,2024-02-08,Ursula Rogers,SKU-0060,13812.00,Central
1784,2024-12-03,Zach Green,SKU-0069,19752.00,West
1785,2024-01-05,Emma Brown,SKU-0172,7114.00,West
1786,2024-08-03,Noah Clark,SKU-0117,3772.00,West
1787,2024-05-11,Lucas Turner,SKU-0168,27895.00,South
1788,2024-07-16,Amy Adams,SKU-0162,9871.00,Central
1789,2024-07-28,Felix Campbell,SKU-0059,5607.00,South
1790,2024-06-09,Quinn Walker,SKU-0172,8070.00,East
1791,2024-09-24,Yara Scott,SKU-0031,2370.00,Central
1792,2024-03-19,Victor King,SKU-0173,11786.00,Central
1793,2024-01-28,Monica Torres,SKU-0193,13862.00,Central
1794,2024-10-07,Paula Collins,SKU-0160,22730.00,South
1795,2024-09-19,Jake Phillips,SKU-0032,6677.00,East
1796,2024-05-10,Nathan Parker,SKU-0164,19676.00,South
1797,2024-08-23,Frank Wilson,SKU-0069,15836.00,East
1798,2024-05-29,Derek Hill,SKU-0183,20664.00,North
1799,2024-01-31,David Kim,SKU-0021,21418.00,East
1800,2024-04-12,Henry Taylor,SKU-0068,16174.00,South
1801,2024-07-21,Troy Morris,SKU-0041,7093.00,Central
1802,2024-05-17,Nathan Parker,SKU-0164,27410.00,South
1803,2024-11-04,Brian Baker,SKU-0064,29523.00,South
1804,2024-02-15,Brian Baker,SKU-0053,20184.00,North
1805,2024-03-15,Emma Brown,SKU-0025,25721.00,West
1806,2024-02-15,Gina Mitchell,SKU-0095,1325.00,North
1807,2024-08-26,Frank Wilson,SKU-0197,12843.00,East
1808,2024-04-04,Nathan Parker,SKU-0178,22931.00,Central
1809,2024-12-31,Yusuf Bell,SKU-0033,19418.00,North
1810,2024-04-06,Amy Adams,SKU-0169,24106.00,West
1811,2024-10-04,Grace Liu,SKU-0046,28076.00,North
1812,2024-09-24,Gina Mitchell,SKU-0151,6029.00,Central
1813,2024-12-20,Wendy Wright,SKU-0119,23227.00,Central
1814,2024-11-27,Derek Hill,SKU-0182,12600.00,South
1815,2024-11-09,Nathan Parker,SKU-0124,22037.00,Central
1816,2024-03-24,Maya Harris,SKU-0184,28358.00,West
1817,2024-08-14,Vincent Reed,SKU-0106,7108.00,Central
1818,2024-07-20,Iris Patel,SKU-0186,12374.00,South
1819,2024-09-20,Tina Young,SKU-0053,6560.00,East
1820,2024-02-07,Kate Thomas,SKU-0032,13719.00,South
1821,2024-06-26,Ivy Carter,SKU-0117,25420.00,North
1822,2024-09-29,Sam Allen,SKU-0114,4054.00,South
1823,2024-05-24,Yusuf Bell,SKU-0170,26064.00,North
1824,2024-07-13,Ursula Rogers,SKU-0174,7478.00,South
1825,2024-08-10,Peter Robinson,SKU-0012,4843.00,Central
1826,2024-05-15,Wendy Wright,SKU-0174,2511.00,Central
1827,2024-08-10,Leo Jackson,SKU-0195,6748.00,South
1828,2024-01-28,Hugo Roberts,SKU-0034,22961.00,Central
1829,2024-06-06,Peter Robinson,SKU-0155,5246.00,North
1830,2024-01-29,Elena Ramirez,SKU-0114,24172.00,North
1831,2024-09-04,David Kim,SKU-0126,10680.00,East
1832,2024-05-24,Oscar Edwards,SKU-0012,18913.00,North
1833,2024-04-25,Zach Green,SKU-0030,22181.00,South
1834,2024-11-11,Olivia Lewis,SKU-0041,6792.00,Central
1835,2024-08-25,Grace Liu,SKU-0183,19880.00,West
1836,2024-11-11,Jake Phillips,SKU-0021,23678.00,Central
1837,2024-12-07,Monica Torres,SKU-0196,25631.00,South
1838,2024-01-28,Peter Robinson,SKU-0096,5460.00,Central
1839,2024-08-20,Xena Morgan,SKU-0169,14950.00,West
1840,2024-07-11,Olivia Lewis,SKU-0021,5744.00,South
1841,2024-03-09,Amy Adams,SKU-0053,24975.00,Central
1842,2024-12-07,Tina Young,SKU-0123,18323.00,East
1843,2024-07-10,Xena Morgan,SKU-0130,11566.00,East
1844,2024-05-24,Elena Ramirez,SKU-0001,24694.00,West
1845,2024-11-25,Xena Morgan,SKU-0102,2336.00,East
1846,2024-04-27,Zach Green,SKU-0078,23644.00,East
1847,2024-07-10,Tina Young,SKU-0081,6970.00,Central
1848,2024-05-18,Chloe Nelson,SKU-0027,24407.00,East
1849,2024-10-12,Oscar Edwards,SKU-0195,26822.00,Central
1850,2024-07-02,Noah Clark,SKU-0181,4412.00,South
1851,2024-12-19,David Kim,SKU-0198,25113.00,Central
1852,2024-01-20,Xena Morgan,SKU-0182,28757.00,West
1853,2024-07-01,Quinn Walker,SKU-0120,4821.00,Central
1854,2024-01-16,Quinn Walker,SKU-0130,11257.00,North
1855,2024-04-04,Yusuf Bell,SKU-0029,6358.00,South
1856,2024-09-14,Noah Clark,SKU-0194,4010.00,South
1857,2024-10-04,Derek Hill,SKU-0197,22794.00,East
1858,2024-09-01,Felix Campbell,SKU-0065,5117.00,South
1859,2024-11-07,Yara Scott,SKU-0094,5082.00,East
1860,2024-02-22,Olivia Lewis,SKU-0162,28498.00,South
1861,2024-06-15,Leo Jackson,SKU-0089,5281.00,North
1862,2024-09-27,Emma Brown,SKU-0115,4597.00,Central
1863,2024-09-07,Zach Green,SKU-0035,4793.00,Central
1864,2024-06-18,Noah Clark,SKU-0140,912.00,Central
1865,2024-09-27,Maya Harris,SKU-0053,3552.00,West
1866,2024-08-16,Uma Hernandez,SKU-0002,8377.00,Central
1867,2024-12-29,Elena Ramirez,SKU-0173,5176.00,Central
1868,2024-10-31,Amy Adams,SKU-0194,25993.00,West
1869,2024-08-31,Xavier Lopez,SKU-0173,6791.00,North
1870,2024-02-19,Uma Hernandez,SKU-0077,19001.00,North
1871,2024-08-21,Ivy Carter,SKU-0135,3111.00,West
1872,2024-02-09,Oscar Edwards,SKU-0196,20784.00,West
1873,2024-03-06,Whitney Cook,SKU-0171,4836.00,East
1874,2024-05-27,Paula Collins,SKU-0083,13280.00,Central
1875,2024-04-05,Amy Adams,SKU-0023,26965.00,South
1876,2024-05-07,Ursula Rogers,SKU-0178,28293.00,West
1877,2024-11-26,David Kim,SKU-0181,12858.00,West
1878,2024-10-13,Hugo Roberts,SKU-0087,27147.00,South
1879,2024-10-08,Uma Hernandez,SKU-0031,26078.00,Central
1880,2024-08-17,Reed Stewart,SKU-0024,8829.00,South
1881,2024-04-08,Zach Green,SKU-0166,3799.00,Central
1882,2024-09-14,Carol White,SKU-0025,10526.00,North
1883,2024-10-21,Troy Morris,SKU-0068,24406.00,West
1884,2024-03-16,Rachel Hall,SKU-0033,6831.00,West
1885,2024-04-26,Elena Ramirez,SKU-0149,4001.00,Central
1886,2024-01-20,Frank Wilson,SKU-0139,7801.00,West
1887,2024-05-22,Hugo Roberts,SKU-0033,4350.00,Central
1888,2024-05-14,Amy Adams,SKU-0081,22713.00,East
1889,2024-08-04,Whitney Cook,SKU-0051,7842.00,North
1890,2024-12-24,Brian Baker,SKU-0029,6104.00,South
1891,2024-10-20,Derek Hill,SKU-0066,4841.00,West
1892,2024-11-29,Hugo Roberts,SKU-0098,15025.00,North
1893,2024-01-11,Victor King,SKU-0200,23189.00,Central
1894,2024-09-13,Kate Thomas,SKU-0103,6170.00,North
1895,2024-04-16,Noah Clark,SKU-0073,1622.00,East
1896,2024-08-14,Quinn Walker,SKU-0026,4291.00,North
1897,2024-03-28,Quinn Walker,SKU-0065,27470.00,Central
1898,2024-05-30,Olivia Lewis,SKU-0142,20711.00,Central
1899,2024-07-05,Vincent Reed,SKU-0079,2133.00,Central
1900,2024-03-30,Monica Torres,SKU-0041,18079.00,East
1901,2024-07-25,Yusuf Bell,SKU-0071,11432.00,East
1902,2024-02-21,Lucas Turner,SKU-0130,15081.00,East
1903,2024-07-25,Kate Thomas,SKU-0170,5873.00,North
1904,2024-03-24,Oscar Edwards,SKU-0139,18161.00,North
1905,2024-11-16,Hugo Roberts,SKU-0144,21219.00,South
1906,2024-01-02,Zach Green,SKU-0113,5300.00,North
1907,2024-12-24,Peter Robinson,SKU-0061,11252.00,North
1908,2024-10-12,Olivia Lewis,SKU-0048,8761.00,Central
1909,2024-02-24,Jack Anderson,SKU-0050,21457.00,South
1910,2024-10-09,Nathan Parker,SKU-0008,7013.00,South
1911,2024-11-17,Paula Collins,SKU-0143,14675.00,East
1912,2024-11-16,Olivia Lewis,SKU-0138,28836.00,South
1913,2024-04-25,Noah Clark,SKU-0184,25611.00,Central
1914,2024-01-28,Wendy Wright,SKU-0005,24621.00,Central
1915,2024-07-09,Leo Jackson,SKU-0153,6971.00,South
1916,2024-06-22,Nathan Parker,SKU-0043,10869.00,East
1917,2024-01-28,Nathan Parker,SKU-0173,6526.00,West
1918,2024-08-27,Kelly Evans,SKU-0087,5998.00,Central
1919,2024-04-02,Chloe Nelson,SKU-0122,9734.00,South
1920,2024-11-09,Hugo Roberts,SKU-0137,13690.00,West
1921,2024-07-04,Frank Wilson,SKU-0052,7272.00,North
1922,2024-06-10,Hugo Roberts,SKU-0094,9804.00,South
1923,2024-08-13,Alice Chen,SKU-0106,21062.00,East
1924,2024-07-08,Whitney Cook,SKU-0039,5388.00,East
1925,2024-04-10,Xavier Lopez,SKU-0160,24282.00,East
1926,2024-01-09,Ursula Rogers,SKU-0090,6125.00,Central
1927,2024-04-16,Wendy Wright,SKU-0075,14649.00,North
1928,2024-03-05,Sam Allen,SKU-0002,21125.00,West
1929,2024-10-02,Zach Green,SKU-0169,22680.00,East
1930,2024-05-01,Iris Patel,SKU-0199,22648.00,South
1931,2024-10-20,Elena Ramirez,SKU-0047,4072.00,South
1932,2024-08-30,Ursula Rogers,SKU-0040,9570.00,North
1933,2024-03-27,Reed Stewart,SKU-0113,11711.00,West
1934,2024-10-20,Tina Young,SKU-0071,13891.00,West
1935,2024-10-14,Rachel Hall,SKU-0185,21746.00,East
1936,2024-05-05,Paula Collins,SKU-0017,14630.00,Central
1937,2024-05-06,Brian Baker,SKU-0066,12088.00,Central
1938,2024-09-21,Henry Taylor,SKU-0017,16785.00,South
1939,2024-04-14,Wendy Wright,SKU-0018,27936.00,South
1940,2024-04-19,Xavier Lopez,SKU-0186,13919.00,South
1941,2024-11-11,Tina Young,SKU-0001,12643.00,South
1942,2024-10-17,Lucas Turner,SKU-0154,23947.00,East
1943,2024-08-05,Olivia Lewis,SKU-0133,7577.00,North
1944,2024-08-23,Grace Liu,SKU-0151,9462.00,North
1945,2024-10-21,Tina Young,SKU-0132,13308.00,South
1946,2024-09-22,Ursula Rogers,SKU-0118,7673.00,North
1947,2024-01-01,Emma Brown,SKU-0183,24057.00,South
1948,2024-05-17,Emma Brown,SKU-0126,21143.00,East
1949,2024-01-25,Uma Hernandez,SKU-0155,14742.00,South
1950,2024-04-01,Henry Taylor,SKU-0012,20502.00,South
1951,2024-10-03,Sam Allen,SKU-0154,26270.00,Central
1952,2024-01-13,Wendy Wright,SKU-0038,2638.00,West
1953,2024-12-10,Chloe Nelson,SKU-0108,27309.00,South
1954,2024-08-23,Iris Patel,SKU-0157,13175.00,East
1955,2024-11-07,Frank Wilson,SKU-0196,26130.00,East
1956,2024-08-18,Elena Ramirez,SKU-0012,5385.00,East
1957,2024-10-25,Amy Adams,SKU-0153,8235.00,East
1958,2024-03-16,Bob Martinez,SKU-0002,9932.00,Central
1959,2024-05-26,Victor King,SKU-0130,18741.00,North
1960,2024-05-27,Maya Harris,SKU-0170,14198.00,North
1961,2024-04-30,Olivia Lewis,SKU-0197,5189.00,East
1962,2024-02-13,Yara Scott,SKU-0095,2007.00,West
1963,2024-04-12,Kelly Evans,SKU-0126,1839.00,North
1964,2024-03-19,Carol White,SKU-0143,27631.00,South
1965,2024-07-26,Zach Green,SKU-0083,7297.00,East
1966,2024-03-14,Sam Allen,SKU-0086,17309.00,North
1967,2024-08-24,Brian Baker,SKU-0138,9270.00,South
1968,2024-06-07,Sam Allen,SKU-0180,2980.00,East
1969,2024-11-26,Lucas Turner,SKU-0126,13841.00,West
1970,2024-09-05,Yara Scott,SKU-0187,5848.00,Central
1971,2024-01-21,Troy Morris,SKU-0073,1241.00,South
1972,2024-04-12,Rachel Hall,SKU-0060,14356.00,West
1973,2024-07-18,Felix Campbell,SKU-0062,4361.00,North
1974,2024-05-25,Felix Campbell,SKU-0092,7146.00,South
1975,2024-04-14,Alice Chen,SKU-0005,11586.00,North
1976,2024-06-19,Alice Chen,SKU-0200,12420.00,Central
1977,2024-04-26,Nathan Parker,SKU-0196,25198.00,West
1978,2024-07-19,Henry Taylor,SKU-0004,17189.00,Central
1979,2024-05-12,Kate Thomas,SKU-0197,11369.00,North
1980,2024-09-17,Leo Jackson,SKU-0141,5059.00,East
1981,2024-05-12,Leo Jackson,SKU-0177,2828.00,West
1982,2024-03-12,Hugo Roberts,SKU-0027,14562.00,South
1983,2024-05-02,Kelly Evans,SKU-0139,18786.00,Central
1984,2024-03-07,Monica Torres,SKU-0129,3004.00,South
1985,2024-11-22,Kate Thomas,SKU-0147,9751.00,North
1986,2024-04-11,Rachel Hall,SKU-0138,18376.00,North
1987,2024-01-05,Paula Collins,SKU-0007,21760.00,East
1988,2024-05-30,Gina Mitchell,SKU-0144,8393.00,Central
1989,2024-07-17,Hugo Roberts,SKU-0014,6782.00,West
1990,2024-12-05,Chloe Nelson,SKU-0090,27066.00,North
1991,2024-07-11,Emma Brown,SKU-0194,11566.00,South
1992,2024-09-22,Reed Stewart,SKU-0070,11723.00,North
1993,2024-02-04,Wendy Wright,SKU-0063,16113.00,South
1994,2024-01-26,Emma Brown,SKU-0063,26151.00,East
1995,2024-11-25,Nathan Parker,SKU-0154,16792.00,East
1996,2024-02-21,Emma Brown,SKU-0096,25407.00,South
1997,2024-10-07,Ursula Rogers,SKU-0086,9077.00,Central
1998,2024-02-05,Hugo Roberts,SKU-0096,10932.00,Central
1999,2024-03-12,Jack Anderson,SKU-0032,5283.00,East
2000,2024-05-10,Peter Robinson,SKU-0020,12820.00,North
2001,2024-06-16,Whitney Cook,SKU-0044,19456.00,Central
2002,2024-01-29,Gina Mitchell,SKU-0191,1481.00,East
2003,2024-09-18,Carol White,SKU-0055,3596.00,Central
2004,2024-06-18,Quinn Walker,SKU-0150,26010.00,East
2005,2024-09-05,Jack Anderson,SKU-0104,7732.00,North
2006,2024-07-10,Bob Martinez,SKU-0163,17832.00,North
2007,2024-07-24,Leo Jackson,SKU-0079,4988.00,Central
2008,2024-02-09,Jack Anderson,SKU-0186,9630.00,South
2009,2024-04-08,Felix Campbell,SKU-0157,19852.00,South
2010,2024-12-25,Carol White,SKU-0041,19560.00,West
2011,2024-10-21,Elena Ramirez,SKU-0154,1702.00,South
2012,2024-12-11,Xena Morgan,SKU-0077,22430.00,East
2013,2024-07-24,Derek Hill,SKU-0060,3896.00,West
2014,2024-03-19,David Kim,SKU-0099,24120.00,South
2015,2024-11-07,Peter Robinson,SKU-0193,10580.00,Central
2016,2024-12-26,Nathan Parker,SKU-0031,8933.00,East
2017,2024-08-10,Olivia Lewis,SKU-0016,8568.00,East
2018,2024-10-12,Zach Green,SKU-0103,24146.00,North
2019,2024-08-09,Jake Phillips,SKU-0046,7237.00,South
2020,2024-06-19,Jack Anderson,SKU-0195,5602.00,Central
2021,2024-07-22,Kate Thomas,SKU-0127,8021.00,West
2022,2024-12-14,Gina Mitchell,SKU-0075,24418.00,North
2023,2024-02-08,Oscar Edwards,SKU-0118,22902.00,West
2024,2024-09-01,Reed Stewart,SKU-0150,7920.00,West
2025,2024-06-06,Elena Ramirez,SKU-0022,25187.00,South
2026,2024-07-18,Carol White,SKU-0050,26937.00,North
2027,2024-04-21,Vincent Reed,SKU-0169,18742.00,South
2028,2024-10-15,Xena Morgan,SKU-0161,26504.00,South
2029,2024-06-02,Olivia Lewis,SKU-0146,16559.00,North
2030,2024-07-22,Ursula Rogers,SKU-0077,9000.00,East
2031,2024-05-11,Paula Collins,SKU-0022,14001.00,West
2032,2024-08-25,Leo Jackson,SKU-0053,5907.00,South
2033,2024-02-19,Whitney Cook,SKU-0190,12536.00,East
2034,2024-03-10,Amy Adams,SKU-0028,22820.00,Central
2035,2024-08-19,Monica Torres,SKU-0143,4391.00,Central
2036,2024-03-20,Paula Collins,SKU-0130,15020.00,East
2037,2024-01-19,Noah Clark,SKU-0165,17541.00,East
2038,2024-03-13,Xavier Lopez,SKU-0155,28716.00,West
2039,2024-01-23,Bob Martinez,SKU-0080,16140.00,North
2040,2024-02-15,Felix Campbell,SKU-0122,25784.00,North
2041,2024-06-15,Paula Collins,SKU-0165,10414.00,Central
2042,2024-11-21,Noah Clark,SKU-0056,23214.00,South
2043,2024-06-11,Frank Wilson,SKU-0056,12245.00,West
2044,2024-08-30,Alice Chen,SKU-0183,6685.00,South
2045,2024-01-30,Jack Anderson,SKU-0172,12492.00,East
2046,2024-03-15,Brian Baker,SKU-0139,16905.00,North
2047,2024-01-26,Maya Harris,SKU-0184,14194.00,West
2048,2024-11-29,Oscar Edwards,SKU-0162,28376.00,East
2049,2024-08-10,Lucas Turner,SKU-0061,7322.00,South
2050,2024-11-25,Alice Chen,SKU-0017,13398.00,North
2051,2024-03-15,Kelly Evans,SKU-0172,1458.00,South
2052,2024-04-12,Tina Young,SKU-0192,2483.00,North
2053,2024-04-19,Xena Morgan,SKU-0120,578.00,South
2054,2024-07-30,Vincent Reed,SKU-0094,5736.00,South
2055,2024-01-06,Monica Torres,SKU-0164,8619.00,Central
2056,2024-03-15,Nathan Parker,SKU-0148,29269.00,South
2057,2024-07-10,Bob Martinez,SKU-0110,11788.00,Central
2058,2024-07-05,Leo Jackson,SKU-0074,4555.00,North
2059,2024-07-20,David Kim,SKU-0181,18941.00,West
2060,2024-06-18,Monica Torres,SKU-0164,5697.00,West
2061,2024-04-24,Yusuf Bell,SKU-0065,13263.00,Central
2062,2024-02-01,Uma Hernandez,SKU-0078,16451.00,North
2063,2024-01-13,Kelly Evans,SKU-0038,28180.00,South
2064,2024-09-03,Carol White,SKU-0076,13833.00,South
2065,2024-06-24,Sam Allen,SKU-0007,24455.00,North
2066,2024-01-30,Emma Brown,SKU-0181,2535.00,West
2067,2024-05-19,Frank Wilson,SKU-0067,25176.00,East
2068,2024-08-18,Xena Morgan,SKU-0164,10982.00,South
2069,2024-11-09,Jack Anderson,SKU-0042,12436.00,West
2070,2024-07-29,Sam Allen,SKU-0152,5064.00,East
2071,2024-04-21,Reed Stewart,SKU-0107,26108.00,West
2072,2024-02-17,Troy Morris,SKU-0008,7792.00,East
2073,2024-03-31,Rachel Hall,SKU-0124,28234.00,North
2074,2024-05-06,Leo Jackson,SKU-0174,7403.00,North
2075,2024-02-13,Quinn Walker,SKU-0155,9148.00,West
2076,2024-12-30,Paula Collins,SKU-0040,9543.00,West
2077,2024-02-08,Noah Clark,SKU-0028,2201.00,North
2078,2024-04-13,Emma Brown,SKU-0137,12837.00,East
2079,2024-02-06,Uma Hernandez,SKU-0051,14560.00,North
2080,2024-09-13,Bob Martinez,SKU-0037,14315.00,South
2081,2024-06-05,Henry Taylor,SKU-0064,21964.00,East
2082,2024-04-24,Maya Harris,SKU-0038,23742.00,South
2083,2024-09-01,Quinn Walker,SKU-0040,2660.00,Central
2084,2024-05-13,Brian Baker,SKU-0163,24183.00,North
2085,2024-07-13,Jake Phillips,SKU-0166,4320.00,East
2086,2024-09-22,Grace Liu,SKU-0152,15851.00,West
2087,2024-08-09,Bob Martinez,SKU-0018,11456.00,North
2088,2024-04-03,Xena Morgan,SKU-0172,28328.00,Central
2089,2024-09-02,Carol White,SKU-0085,6219.00,South
2090,2024-10-24,Frank Wilson,SKU-0147,1439.00,East
2091,2024-02-23,Bob Martinez,SKU-0073,26292.00,North
2092,2024-02-27,Troy Morris,SKU-0056,8131.00,Central
2093,2024-08-10,Brian Baker,SKU-0136,9655.00,South
2094,2024-08-10,Paula Collins,SKU-0101,11679.00,West
2095,2024-07-29,Sam Allen,SKU-0057,7571.00,South
2096,2024-10-14,Kate Thomas,SKU-0070,17225.00,West
2097,2024-10-27,Yara Scott,SKU-0021,27315.00,South
2098,2024-03-27,Derek Hill,SKU-0064,8626.00,North
2099,2024-08-18,Lucas Turner,SKU-0138,12323.00,Central
2100,2024-08-19,Kate Thomas,SKU-0093,6787.00,Central
2101,2024-08-21,Tina Young,SKU-0014,9013.00,South
2102,2024-01-13,Jack Anderson,SKU-0006,28152.00,Central
2103,2024-08-13,Grace Liu,SKU-0043,7574.00,East
2104,2024-08-07,Gina Mitchell,SKU-0155,2798.00,West
2105,2024-03-08,Iris Patel,SKU-0196,6802.00,South
2106,2024-12-29,Monica Torres,SKU-0194,19171.00,West
2107,2024-04-19,Peter Robinson,SKU-0036,11903.00,South
2108,2024-02-05,David Kim,SKU-0169,25483.00,East
2109,2024-02-27,Henry Taylor,SKU-0070,20968.00,West
2110,2024-01-31,Peter Robinson,SKU-0127,22808.00,West
2111,2024-01-14,Maya Harris,SKU-0042,23936.00,South
2112,2024-06-20,Hugo Roberts,SKU-0058,21112.00,West
2113,2024-02-26,Yara Scott,SKU-0013,1276.00,West
2114,2024-10-28,Nathan Parker,SKU-0100,5651.00,West
2115,2024-07-06,Troy Morris,SKU-0069,12654.00,South
2116,2024-01-01,Yara Scott,SKU-0138,4656.00,West
2117,2024-10-12,Amy Adams,SKU-0144,18107.00,Central
2118,2024-05-23,Zach Green,SKU-0166,19352.00,North
2119,2024-06-18,Elena Ramirez,SKU-0081,27913.00,North
2120,2024-05-27,Jake Phillips,SKU-0119,3730.00,East
2121,2024-11-26,Carol White,SKU-0172,27077.00,West
2122,2024-04-14,Xavier Lopez,SKU-0030,19053.00,Central
2123,2024-12-15,Rachel Hall,SKU-0055,29002.00,Central
2124,2024-03-15,Whitney Cook,SKU-0106,27332.00,North
2125,2024-11-28,Maya Harris,SKU-0071,16579.00,North
2126,2024-02-20,Whitney Cook,SKU-0185,9748.00,North
2127,2024-01-05,Zach Green,SKU-0094,5670.00,West
2128,2024-09-03,Jake Phillips,SKU-0059,2067.00,South
2129,2024-03-15,Chloe Nelson,SKU-0131,24236.00,North
2130,2024-07-26,Jack Anderson,SKU-0166,8495.00,South
2131,2024-08-24,Kate Thomas,SKU-0128,9648.00,Central
2132,2024-06-28,Emma Brown,SKU-0137,28528.00,West
2133,2024-07-11,Wendy Wright,SKU-0164,4734.00,Central
2134,2024-10-10,Zach Green,SKU-0046,28182.00,Central
2135,2024-09-03,Jack Anderson,SKU-0029,11698.00,Central
2136,2024-01-18,Peter Robinson,SKU-0075,29947.00,South
2137,2024-01-12,Jake Phillips,SKU-0037,20078.00,East
2138,2024-09-27,Jack Anderson,SKU-0081,7855.00,East
2139,2024-12-18,Nathan Parker,SKU-0040,12746.00,Central
2140,2024-05-03,Brian Baker,SKU-0009,10297.00,South
2141,2024-07-14,Paula Collins,SKU-0162,11489.00,West
2142,2024-04-03,Peter Robinson,SKU-0017,22605.00,Central
2143,2024-03-28,Wendy Wright,SKU-0138,5951.00,East
2144,2024-03-08,Ivy Carter,SKU-0111,23194.00,North
2145,2024-09-14,Jake Phillips,SKU-0180,7057.00,East
2146,2024-07-18,Hugo Roberts,SKU-0068,4285.00,East
2147,2024-08-24,Hugo Roberts,SKU-0122,5679.00,Central
2148,2024-02-07,Brian Baker,SKU-0019,2546.00,West
2149,2024-04-07,Kelly Evans,SKU-0123,28015.00,Central
2150,2024-08-03,Gina Mitchell,SKU-0146,14400.00,East
2151,2024-12-29,Noah Clark,SKU-0171,10906.00,West
2152,2024-03-31,Emma Brown,SKU-0156,5444.00,East
2153,2024-07-20,Monica Torres,SKU-0160,5745.00,Central
2154,2024-02-07,Hugo Roberts,SKU-0036,5376.00,South
2155,2024-01-31,Emma Brown,SKU-0044,26597.00,North
2156,2024-06-20,Quinn Walker,SKU-0048,29551.00,South
2157,2024-07-23,Ursula Rogers,SKU-0066,6526.00,East
2158,2024-10-08,Victor King,SKU-0132,2347.00,North
2159,2024-01-13,Monica Torres,SKU-0113,22924.00,Central
2160,2024-10-24,Xavier Lopez,SKU-0189,16000.00,East
2161,2024-08-23,Victor King,SKU-0019,8359.00,South
2162,2024-05-27,Victor King,SKU-0104,12867.00,West
2163,2024-02-02,Lucas Turner,SKU-0171,9764.00,Central
2164,2024-12-22,Jake Phillips,SKU-0114,27497.00,Central
2165,2024-04-18,Kelly Evans,SKU-0063,13807.00,Central
2166,2024-09-11,Felix Campbell,SKU-0150,6132.00,East
2167,2024-06-30,Tina Young,SKU-0093,19982.00,East
2168,2024-04-06,Hugo Roberts,SKU-0187,16184.00,North
2169,2024-07-30,Grace Liu,SKU-0017,3849.00,South
2170,2024-09-10,Uma Hernandez,SKU-0035,1956.00,West
2171,2024-12-01,Leo Jackson,SKU-0008,28180.00,East
2172,2024-08-08,Frank Wilson,SKU-0058,11912.00,Central
2173,2024-05-10,Kate Thomas,SKU-0146,9169.00,Central
2174,2024-04-18,Chloe Nelson,SKU-0122,11337.00,West
2175,2024-10-24,Amy Adams,SKU-0144,10410.00,Central
2176,2024-03-06,Rachel Hall,SKU-0083,20097.00,Central
2177,2024-09-29,Uma Hernandez,SKU-0063,9841.00,East
2178,2024-12-03,Whitney Cook,SKU-0127,25919.00,Central
2179,2024-08-16,Yara Scott,SKU-0039,5247.00,Central
2180,2024-10-25,Leo Jackson,SKU-0018,13566.00,North
2181,2024-02-11,Peter Robinson,SKU-0075,9841.00,South
2182,2024-10-06,Derek Hill,SKU-0014,4860.00,Central
2183,2024-09-09,Maya Harris,SKU-0087,2454.00,Central
2184,2024-03-08,Lucas Turner,SKU-0200,17328.00,Central
2185,2024-02-12,Troy Morris,SKU-0133,5688.00,South
2186,2024-06-18,Zach Green,SKU-0075,18899.00,East
2187,2024-05-16,Yusuf Bell,SKU-0200,3816.00,North
2188,2024-02-27,Gina Mitchell,SKU-0005,12055.00,South
2189,2024-09-06,Yara Scott,SKU-0070,5600.00,South
2190,2024-08-09,Sofia Sanchez,SKU-0190,3673.00,North
2191,2024-05-30,Iris Patel,SKU-0155,17991.00,South
2192,2024-03-23,Alice Chen,SKU-0186,13841.00,West
2193,2024-08-05,Iris Patel,SKU-0158,9616.00,Central
2194,2024-08-12,Paula Collins,SKU-0190,11530.00,South
2195,2024-08-13,Peter Robinson,SKU-0155,8094.00,East
2196,2024-06-02,Kelly Evans,SKU-0156,9331.00,West
2197,2024-06-26,Hugo Roberts,SKU-0196,8470.00,North
2198,2024-03-01,Henry Taylor,SKU-0129,3960.00,Central
2199,2024-08-12,Jack Anderson,SKU-0019,11145.00,West
2200,2024-10-03,Yusuf Bell,SKU-0162,25355.00,Central
2201,2024-11-19,Peter Robinson,SKU-0188,25742.00,West
2202,2024-07-31,Alice Chen,SKU-0043,14024.00,East
2203,2024-03-22,Uma Hernandez,SKU-0038,29408.00,South
2204,2024-08-27,Jack Anderson,SKU-0172,4938.00,Central
2205,2024-09-17,Jack Anderson,SKU-0075,11282.00,South
2206,2024-02-29,Sam Allen,SKU-0093,27776.00,South
2207,2024-11-07,Reed Stewart,SKU-0048,10496.00,West
2208,2024-07-13,Brian Baker,SKU-0140,7247.00,North
2209,2024-09-08,Victor King,SKU-0018,7887.00,Central
2210,2024-11-03,Chloe Nelson,SKU-0013,7476.00,South
2211,2024-05-19,Jake Phillips,SKU-0005,11309.00,East
2212,2024-04-24,Grace Liu,SKU-0187,28573.00,East
2213,2024-06-24,Gina Mitchell,SKU-0111,4087.00,West
2214,2024-09-22,Frank Wilson,SKU-0123,12943.00,North
2215,2024-06-16,Kate Thomas,SKU-0060,19470.00,East
2216,2024-02-28,Xena Morgan,SKU-0191,26361.00,Central
2217,2024-03-16,Iris Patel,SKU-0162,28947.00,East
2218,2024-08-07,Ivy Carter,SKU-0072,4566.00,South
2219,2024-04-22,Amy Adams,SKU-0056,10679.00,West
2220,2024-11-17,Amy Adams,SKU-0117,29567.00,North
2221,2024-07-14,Xena Morgan,SKU-0149,11582.00,East
2222,2024-06-20,Peter Robinson,SKU-0109,13684.00,South
2223,2024-01-16,David Kim,SKU-0047,26102.00,South
2224,2024-08-20,Lucas Turner,SKU-0197,6470.00,North
2225,2024-04-03,Amy Adams,SKU-0129,24465.00,East
2226,2024-11-02,Elena Ramirez,SKU-0053,5455.00,West
2227,2024-02-13,Wendy Wright,SKU-0041,3610.00,North
2228,2024-07-24,Grace Liu,SKU-0194,13743.00,North
2229,2024-11-30,Amy Adams,SKU-0115,27725.00,North
2230,2024-08-25,Victor King,SKU-0100,6417.00,South
2231,2024-08-14,Victor King,SKU-0074,6007.00,East
2232,2024-05-31,Brian Baker,SKU-0146,7273.00,East
2233,2024-12-09,Peter Robinson,SKU-0124,15135.00,South
2234,2024-06-18,Emma Brown,SKU-0044,17082.00,Central
2235,2024-09-16,Nathan Parker,SKU-0141,4602.00,South
2236,2024-12-28,Wendy Wright,SKU-0143,2006.00,Central
2237,2024-04-25,Sam Allen,SKU-0194,19314.00,East
2238,2024-09-11,Whitney Cook,SKU-0029,5838.00,North
2239,2024-04-29,Reed Stewart,SKU-0023,2343.00,Central
2240,2024-06-02,Tina Young,SKU-0133,13302.00,Central
2241,2024-10-25,Yusuf Bell,SKU-0160,27154.00,East
2242,2024-06-12,Jake Phillips,SKU-0042,26074.00,North
2243,2024-06-28,David Kim,SKU-0066,26821.00,East
2244,2024-11-05,Alice Chen,SKU-0192,7615.00,East
2245,2024-10-23,Yusuf Bell,SKU-0080,22750.00,East
2246,2024-03-13,Wendy Wright,SKU-0163,20084.00,West
2247,2024-02-05,Ursula Rogers,SKU-0118,3781.00,East
2248,2024-10-29,Xavier Lopez,SKU-0195,3946.00,East
2249,2024-02-29,Sofia Sanchez,SKU-0141,11027.00,East
2250,2024-11-06,Chloe Nelson,SKU-0198,3129.00,Central
2251,2024-07-29,Kate Thomas,SKU-0165,10610.00,East
2252,2024-08-03,Reed Stewart,SKU-0175,11818.00,East
2253,2024-02-01,Olivia Lewis,SKU-0043,1791.00,East
2254,2024-08-15,Zach Green,SKU-0163,2305.00,South
2255,2024-09-10,Quinn Walker,SKU-0171,3113.00,Central
2256,2024-11-16,Felix Campbell,SKU-0027,23709.00,East
2257,2024-03-19,Paula Collins,SKU-0022,13322.00,West
2258,2024-10-23,Oscar Edwards,SKU-0103,8000.00,South
2259,2024-01-14,Paula Collins,SKU-0140,970.00,East
2260,2024-07-09,Yusuf Bell,SKU-0181,10387.00,South
2261,2024-02-10,Iris Patel,SKU-0169,15539.00,East
2262,2024-07-10,Yusuf Bell,SKU-0014,11522.00,South
2263,2024-07-16,Henry Taylor,SKU-0040,10940.00,East
2264,2024-10-31,Ursula Rogers,SKU-0166,27158.00,East
2265,2024-07-28,Ursula Rogers,SKU-0188,8477.00,West
2266,2024-08-06,Hugo Roberts,SKU-0137,8584.00,East
2267,2024-03-06,Paula Collins,SKU-0024,10490.00,South
2268,2024-04-24,Lucas Turner,SKU-0112,4874.00,West
2269,2024-11-10,Xena Morgan,SKU-0141,16155.00,Central
2270,2024-01-30,Maya Harris,SKU-0195,17960.00,West
2271,2024-03-22,Oscar Edwards,SKU-0135,27294.00,South
2272,2024-05-30,Frank Wilson,SKU-0047,15316.00,South
2273,2024-07-31,Amy Adams,SKU-0047,9638.00,South
2274,2024-06-20,Bob Martinez,SKU-0106,16194.00,North
2275,2024-06-04,Oscar Edwards,SKU-0076,10731.00,West
2276,2024-05-06,Emma Brown,SKU-0066,12704.00,North
2277,2024-11-12,Monica Torres,SKU-0157,13773.00,North
2278,2024-05-21,Grace Liu,SKU-0020,25292.00,North
2279,2024-05-11,Victor King,SKU-0029,15701.00,South
2280,2024-03-02,Yara Scott,SKU-0062,22251.00,North
2281,2024-02-25,Jack Anderson,SKU-0024,8134.00,Central
2282,2024-07-25,Peter Robinson,SKU-0128,5008.00,North
2283,2024-08-03,Zach Green,SKU-0027,5942.00,West
2284,2024-07-03,Olivia Lewis,SKU-0033,5747.00,South
2285,2024-08-14,Tina Young,SKU-0003,9449.00,Central
2286,2024-11-30,Oscar Edwards,SKU-0069,20181.00,East
2287,2024-01-04,Peter Robinson,SKU-0089,13839.00,Central
2288,2024-07-12,Olivia Lewis,SKU-0076,8153.00,North
2289,2024-05-29,Ursula Rogers,SKU-0179,23262.00,Central
2290,2024-06-25,Sam Allen,SKU-0070,15900.00,West
2291,2024-08-22,Paula Collins,SKU-0055,11610.00,North
2292,2024-10-11,Iris Patel,SKU-0137,23558.00,North
2293,2024-09-10,Kate Thomas,SKU-0077,7549.00,North
2294,2024-02-27,Rachel Hall,SKU-0112,27621.00,West
2295,2024-10-23,David Kim,SKU-0161,17923.00,West
2296,2024-09-18,Alice Chen,SKU-0002,14146.00,South
2297,2024-03-20,Brian Baker,SKU-0143,25556.00,North
2298,2024-06-17,Oscar Edwards,SKU-0097,28202.00,Central
2299,2024-01-19,Brian Baker,SKU-0083,15207.00,East
2300,2024-09-23,Reed Stewart,SKU-0089,9740.00,South
2301,2024-07-24,Tina Young,SKU-0038,12051.00,South
2302,2024-01-28,Noah Clark,SKU-0041,10399.00,East
2303,2024-11-02,Wendy Wright,SKU-0070,12494.00,East
2304,2024-01-11,Chloe Nelson,SKU-0008,2097.00,South
2305,2024-02-25,Maya Harris,SKU-0047,28964.00,North
2306,2024-07-19,Yusuf Bell,SKU-0100,7990.00,South
2307,2024-08-02,Sam Allen,SKU-0130,5925.00,North
2308,2024-11-19,Maya Harris,SKU-0146,24635.00,North
2309,2024-08-22,Brian Baker,SKU-0053,5857.00,North
2310,2024-11-29,Amy Adams,SKU-0173,8373.00,East
2311,2024-04-10,Yara Scott,SKU-0169,12075.00,West
2312,2024-09-02,Reed Stewart,SKU-0180,7672.00,West
2313,2024-11-13,Maya Harris,SKU-0092,15900.00,South
2314,2024-05-30,Bob Martinez,SKU-0168,1910.00,East
2315,2024-09-15,Leo Jackson,SKU-0103,4026.00,East
2316,2024-07-25,Monica Torres,SKU-0127,6978.00,Central
2317,2024-12-20,Monica Torres,SKU-0085,9222.00,East
2318,2024-01-20,Ivy Carter,SKU-0130,24651.00,East
2319,2024-07-14,Bob Martinez,SKU-0176,17231.00,South
2320,2024-08-27,Zach Green,SKU-0155,3957.00,Central
2321,2024-04-18,Felix Campbell,SKU-0196,27035.00,Central
2322,2024-07-24,Maya Harris,SKU-0080,3267.00,East
2323,2024-05-07,Hugo Roberts,SKU-0070,9045.00,Central
2324,2024-01-02,Amy Adams,SKU-0161,14428.00,Central
2325,2024-05-25,Oscar Edwards,SKU-0091,1091.00,North
2326,2024-12-24,Jake Phillips,SKU-0130,22848.00,Central
2327,2024-05-02,Grace Liu,SKU-0089,21623.00,East
2328,2024-01-12,Troy Morris,SKU-0006,2844.00,East
2329,2024-01-01,Quinn Walker,SKU-0009,27640.00,East
2330,2024-07-17,Whitney Cook,SKU-0129,10135.00,North
2331,2024-02-17,Yara Scott,SKU-0075,5758.00,North
2332,2024-12-01,Frank Wilson,SKU-0131,3337.00,West
2333,2024-03-31,Bob Martinez,SKU-0048,14060.00,Central
2334,2024-09-20,Alice Chen,SKU-0093,10979.00,Central
2335,2024-09-28,Sofia Sanchez,SKU-0134,3322.00,North
2336,2024-07-14,Felix Campbell,SKU-0070,4259.00,North
2337,2024-05-05,Vincent Reed,SKU-0103,18385.00,North
2338,2024-01-25,Uma Hernandez,SKU-0025,3868.00,West
2339,2024-10-09,Uma Hernandez,SKU-0083,22868.00,North
2340,2024-08-14,Henry Taylor,SKU-0135,15068.00,South
2341,2024-06-02,Xavier Lopez,SKU-0055,26474.00,South
2342,2024-10-31,Wendy Wright,SKU-0199,20422.00,South
2343,2024-03-29,Quinn Walker,SKU-0102,12930.00,West
2344,2024-01-21,Chloe Nelson,SKU-0103,28834.00,North
2345,2024-12-14,Troy Morris,SKU-0123,4007.00,West
2346,2024-08-31,Hugo Roberts,SKU-0074,8422.00,North
2347,2024-02-13,Elena Ramirez,SKU-0172,10052.00,East
2348,2024-05-06,Ursula Rogers,SKU-0179,7298.00,East
2349,2024-05-24,Kate Thomas,SKU-0176,8774.00,North
2350,2024-09-16,Grace Liu,SKU-0167,8839.00,Central
2351,2024-06-29,Frank Wilson,SKU-0054,27872.00,South
2352,2024-09-24,Alice Chen,SKU-0164,11078.00,East
2353,2024-06-02,Paula Collins,SKU-0113,2682.00,North
2354,2024-05-07,Bob Martinez,SKU-0023,7513.00,West
2355,2024-01-03,Vincent Reed,SKU-0064,16687.00,South
2356,2024-01-30,Leo Jackson,SKU-0040,4092.00,East
2357,2024-09-03,Reed Stewart,SKU-0107,14811.00,West
2358,2024-05-23,Kate Thomas,SKU-0172,24651.00,East
2359,2024-01-14,David Kim,SKU-0065,4617.00,South
2360,2024-09-14,Emma Brown,SKU-0190,11802.00,East
2361,2024-11-24,Uma Hernandez,SKU-0106,3437.00,South
2362,2024-12-09,Jake Phillips,SKU-0169,25509.00,Central
2363,2024-12-13,Alice Chen,SKU-0022,8094.00,Central
2364,2024-01-13,Gina Mitchell,SKU-0073,5143.00,North
2365,2024-01-19,Peter Robinson,SKU-0154,10026.00,North
2366,2024-05-08,Uma Hernandez,SKU-0194,7530.00,East
2367,2024-02-18,Paula Collins,SKU-0099,27509.00,Central
2368,2024-05-25,Chloe Nelson,SKU-0006,10965.00,Central
2369,2024-03-28,Henry Taylor,SKU-0168,7338.00,South
2370,2024-01-12,Yara Scott,SKU-0084,16348.00,East
2371,2024-09-28,Tina Young,SKU-0058,7977.00,Central
2372,2024-04-17,Jack Anderson,SKU-0105,12678.00,East
2373,2024-07-14,Ursula Rogers,SKU-0151,8907.00,West
2374,2024-12-01,Chloe Nelson,SKU-0012,5924.00,Central
2375,2024-11-24,Chloe Nelson,SKU-0090,22034.00,West
2376,2024-10-11,Xavier Lopez,SKU-0189,28972.00,East
2377,2024-07-02,Tina Young,SKU-0159,10320.00,North
2378,2024-03-05,Troy Morris,SKU-0002,27463.00,East
2379,2024-09-26,Kelly Evans,SKU-0132,5024.00,South
2380,2024-08-08,Rachel Hall,SKU-0108,9498.00,West
2381,2024-07-22,Carol White,SKU-0176,14194.00,Central
2382,2024-01-21,Leo Jackson,SKU-0035,800.00,North
2383,2024-08-10,Ivy Carter,SKU-0036,5423.00,Central
2384,2024-06-07,Amy Adams,SKU-0180,9370.00,South
2385,2024-01-04,Iris Patel,SKU-0088,20729.00,South
2386,2024-04-28,Troy Morris,SKU-0124,5231.00,East
2387,2024-12-28,Grace Liu,SKU-0197,21266.00,North
2388,2024-08-16,Carol White,SKU-0024,13842.00,North
2389,2024-11-06,Iris Patel,SKU-0015,10380.00,North
2390,2024-10-06,Yara Scott,SKU-0068,27190.00,East
2391,2024-03-14,David Kim,SKU-0079,8574.00,Central
2392,2024-09-28,Lucas Turner,SKU-0108,10092.00,Central
2393,2024-12-27,Sofia Sanchez,SKU-0100,2657.00,Central
2394,2024-12-26,Yara Scott,SKU-0160,4006.00,Central
2395,2024-11-10,Derek Hill,SKU-0016,21980.00,South
2396,2024-12-25,Sofia Sanchez,SKU-0010,13664.00,East
2397,2024-11-27,Tina Young,SKU-0010,24921.00,West
2398,2024-07-12,Jack Anderson,SKU-0176,5244.00,North
2399,2024-11-29,Zach Green,SKU-0089,15659.00,West
2400,2024-11-12,Henry Taylor,SKU-0019,4946.00,North
2401,2024-09-05,Noah Clark,SKU-0038,6367.00,North
2402,2024-01-20,Bob Martinez,SKU-0015,27572.00,North
2403,2024-02-22,Jack Anderson,SKU-0107,13801.00,Central
2404,2024-11-15,Maya Harris,SKU-0144,20812.00,East
2405,2024-09-26,Zach Green,SKU-0142,7912.00,Central
2406,2024-08-02,Quinn Walker,SKU-0114,5206.00,South
2407,2024-04-02,Iris Patel,SKU-0083,661.00,North
2408,2024-06-24,Maya Harris,SKU-0029,15002.00,South
2409,2024-08-03,Felix Campbell,SKU-0104,7821.00,East
2410,2024-08-21,Vincent Reed,SKU-0189,8193.00,West
2411,2024-03-04,Zach Green,SKU-0090,22174.00,East
2412,2024-06-21,Henry Taylor,SKU-0146,23880.00,South
2413,2024-08-17,Noah Clark,SKU-0115,5947.00,South
2414,2024-12-04,Peter Robinson,SKU-0050,6358.00,North
2415,2024-04-02,Reed Stewart,SKU-0007,11911.00,North
2416,2024-12-04,Iris Patel,SKU-0004,3216.00,East
2417,2024-06-03,Uma Hernandez,SKU-0190,5865.00,East
2418,2024-09-22,Carol White,SKU-0178,18299.00,Central
2419,2024-02-06,Jack Anderson,SKU-0129,24776.00,Central
2420,2024-01-24,Nathan Parker,SKU-0045,13933.00,North
2421,2024-02-29,Amy Adams,SKU-0179,12365.00,West
2422,2024-01-10,Grace Liu,SKU-0103,6874.00,Central
2423,2024-01-02,Kelly Evans,SKU-0003,10244.00,Central
2424,2024-03-23,Leo Jackson,SKU-0113,22903.00,West
2425,2024-06-15,Troy Morris,SKU-0115,5223.00,Central
2426,2024-06-25,Gina Mitchell,SKU-0007,17180.00,North
2427,2024-01-01,Gina Mitchell,SKU-0038,10818.00,East
2428,2024-03-22,Troy Morris,SKU-0026,27103.00,West
2429,2024-05-07,Quinn Walker,SKU-0151,6630.00,North
2430,2024-01-24,Oscar Edwards,SKU-0053,15376.00,Central
2431,2024-02-27,Peter Robinson,SKU-0158,9874.00,North
2432,2024-09-07,Olivia Lewis,SKU-0122,4285.00,South
2433,2024-07-03,Quinn Walker,SKU-0082,5070.00,North
2434,2024-09-29,Vincent Reed,SKU-0057,8391.00,West
2435,2024-08-14,Henry Taylor,SKU-0192,11594.00,East
2436,2024-11-03,Xavier Lopez,SKU-0154,4744.00,South
2437,2024-07-12,Zach Green,SKU-0095,6435.00,East
2438,2024-07-30,Sofia Sanchez,SKU-0131,2477.00,East
2439,2024-09-16,Nathan Parker,SKU-0024,7737.00,North
2440,2024-12-25,Jack Anderson,SKU-0162,3762.00,Central
2441,2024-04-07,Whitney Cook,SKU-0104,13130.00,East
2442,2024-12-15,Reed Stewart,SKU-0155,15425.00,South
2443,2024-03-21,Yusuf Bell,SKU-0041,13447.00,South
2444,2024-09-10,Emma Brown,SKU-0122,7097.00,West
2445,2024-12-06,Sam Allen,SKU-0168,15331.00,South
2446,2024-03-19,Troy Morris,SKU-0099,824.00,West
2447,2024-08-31,Quinn Walker,SKU-0162,4168.00,Central
2448,2024-10-28,Rachel Hall,SKU-0181,16395.00,Central
2449,2024-05-06,Amy Adams,SKU-0033,7429.00,Central
2450,2024-04-12,Yara Scott,SKU-0192,8497.00,North
2451,2024-01-22,Leo Jackson,SKU-0063,4804.00,South
2452,2024-06-04,Nathan Parker,SKU-0104,28178.00,Central
2453,2024-03-27,Bob Martinez,SKU-0112,4361.00,Central
2454,2024-04-20,Reed Stewart,SKU-0129,13344.00,West
2455,2024-02-14,Sofia Sanchez,SKU-0131,16980.00,Central
2456,2024-07-26,Yusuf Bell,SKU-0017,8370.00,Central
2457,2024-08-28,Xena Morgan,SKU-0087,10950.00,South
2458,2024-09-10,Oscar Edwards,SKU-0075,2806.00,North
2459,2024-03-08,Chloe Nelson,SKU-0024,11992.00,Central
2460,2024-11-15,Jack Anderson,SKU-0195,2449.00,Central
2461,2024-11-18,Nathan Parker,SKU-0192,24554.00,North
2462,2024-11-03,Paula Collins,SKU-0154,7811.00,South
2463,2024-09-26,Jake Phillips,SKU-0049,5479.00,West
2464,2024-02-25,Carol White,SKU-0105,27309.00,West
2465,2024-12-22,Bob Martinez,SKU-0084,2971.00,South
2466,2024-09-15,Tina Young,SKU-0113,3067.00,North
2467,2024-07-25,Frank Wilson,SKU-0174,16387.00,East
2468,2024-03-12,Kelly Evans,SKU-0169,16085.00,North
2469,2024-02-25,David Kim,SKU-0078,24261.00,Central
2470,2024-04-28,Felix Campbell,SKU-0198,28465.00,South
2471,2024-03-31,Troy Morris,SKU-0080,15867.00,North
2472,2024-05-22,Wendy Wright,SKU-0103,27793.00,North
2473,2024-08-15,Whitney Cook,SKU-0149,7237.00,North
2474,2024-07-30,Felix Campbell,SKU-0065,7806.00,North
2475,2024-12-02,Zach Green,SKU-0125,21975.00,North
2476,2024-01-04,Felix Campbell,SKU-0200,5267.00,South
2477,2024-07-15,Felix Campbell,SKU-0125,4816.00,West
2478,2024-10-15,Paula Collins,SKU-0151,15502.00,East
2479,2024-12-01,Uma Hernandez,SKU-0089,29682.00,West
2480,2024-12-02,Monica Torres,SKU-0068,26988.00,West
2481,2024-05-03,Ursula Rogers,SKU-0117,9722.00,South
2482,2024-01-23,Frank Wilson,SKU-0137,8207.00,South
2483,2024-05-18,Oscar Edwards,SKU-0141,20413.00,Central
2484,2024-01-30,Ursula Rogers,SKU-0004,25236.00,North
2485,2024-03-12,Lucas Turner,SKU-0079,25616.00,Central
2486,2024-02-29,Elena Ramirez,SKU-0148,27805.00,West
2487,2024-04-10,Monica Torres,SKU-0030,976.00,North
2488,2024-02-13,Whitney Cook,SKU-0167,22450.00,North
2489,2024-03-30,Maya Harris,SKU-0025,1741.00,Central
2490,2024-02-09,Ivy Carter,SKU-0014,18105.00,North
2491,2024-07-22,Brian Baker,SKU-0083,5903.00,West
2492,2024-03-23,Vincent Reed,SKU-0191,13688.00,South
2493,2024-09-28,Victor King,SKU-0025,8928.00,East
2494,2024-03-27,Gina Mitchell,SKU-0162,21458.00,South
2495,2024-09-29,Kate Thomas,SKU-0003,9782.00,Central
2496,2024-02-11,Vincent Reed,SKU-0142,13408.00,East
2497,2024-06-17,Emma Brown,SKU-0062,27184.00,North
2498,2024-06-21,Troy Morris,SKU-0036,24227.00,Central
2499,2024-06-23,Frank Wilson,SKU-0074,14731.00,West
2500,2024-01-05,Rachel Hall,SKU-0193,12333.00,East
2501,2024-04-04,Xena Morgan,SKU-0133,28197.00,Central
2502,2024-03-29,Vincent Reed,SKU-0171,27820.00,West
2503,2024-06-10,Emma Brown,SKU-0161,2709.00,West
2504,2024-09-29,Elena Ramirez,SKU-0141,2851.00,South
2505,2024-03-29,Whitney Cook,SKU-0018,17462.00,South
2506,2024-11-12,Monica Torres,SKU-0053,16580.00,West
2507,2024-08-16,Noah Clark,SKU-0163,5741.00,West
2508,2024-12-05,Ursula Rogers,SKU-0042,18647.00,South
2509,2024-02-24,Zach Green,SKU-0032,22438.00,Central
2510,2024-07-20,Vincent Reed,SKU-0036,8045.00,East
2511,2024-10-28,Jack Anderson,SKU-0027,28431.00,Central
2512,2024-09-07,Tina Young,SKU-0179,5552.00,East
2513,2024-08-02,Alice Chen,SKU-0085,3543.00,North
2514,2024-10-03,Kelly Evans,SKU-0075,19083.00,East
2515,2024-05-24,Ivy Carter,SKU-0121,7250.00,South
2516,2024-07-29,Tina Young,SKU-0032,5762.00,South
2517,2024-08-03,Paula Collins,SKU-0110,5168.00,Central
2518,2024-02-27,Xena Morgan,SKU-0137,3148.00,North
2519,2024-08-27,Rachel Hall,SKU-0198,10447.00,West
2520,2024-06-06,Amy Adams,SKU-0159,14863.00,South
2521,2024-02-03,Reed Stewart,SKU-0075,6902.00,Central
2522,2024-05-13,Paula Collins,SKU-0037,9190.00,South
2523,2024-01-07,Sofia Sanchez,SKU-0153,16941.00,Central
2524,2024-03-30,Sam Allen,SKU-0158,20230.00,Central
2525,2024-04-15,Quinn Walker,SKU-0019,27214.00,South
2526,2024-08-16,Frank Wilson,SKU-0185,8611.00,East
2527,2024-05-15,Emma Brown,SKU-0184,18770.00,North
2528,2024-04-27,Alice Chen,SKU-0073,21583.00,West
2529,2024-09-30,Henry Taylor,SKU-0128,10934.00,North
2530,2024-08-23,Leo Jackson,SKU-0141,3633.00,South
2531,2024-02-08,Jake Phillips,SKU-0103,1035.00,East
2532,2024-09-17,Vincent Reed,SKU-0162,5092.00,Central
2533,2024-09-27,Elena Ramirez,SKU-0092,5181.00,East
2534,2024-07-14,Jake Phillips,SKU-0081,2897.00,Central
2535,2024-12-04,Olivia Lewis,SKU-0168,25932.00,Central
2536,2024-05-03,Iris Patel,SKU-0194,18927.00,East
2537,2024-09-14,Peter Robinson,SKU-0076,1334.00,North
2538,2024-02-02,Zach Green,SKU-0007,27815.00,South
2539,2024-06-14,David Kim,SKU-0153,3297.00,East
2540,2024-09-28,Noah Clark,SKU-0024,8055.00,South
2541,2024-11-10,Quinn Walker,SKU-0163,22541.00,South
2542,2024-12-31,Emma Brown,SKU-0132,6334.00,Central
2543,2024-06-01,Yusuf Bell,SKU-0015,8336.00,East
2544,2024-11-24,Quinn Walker,SKU-0072,11207.00,West
2545,2024-04-23,Victor King,SKU-0101,19076.00,East
2546,2024-04-14,Wendy Wright,SKU-0092,10434.00,South
2547,2024-04-28,Elena Ramirez,SKU-0188,24946.00,West
2548,2024-12-01,Kelly Evans,SKU-0020,19930.00,North
2549,2024-12-10,Jack Anderson,SKU-0093,13298.00,North
2550,2024-08-17,Oscar Edwards,SKU-0011,1321.00,Central
2551,2024-03-08,Ursula Rogers,SKU-0119,845.00,South
2552,2024-01-18,Frank Wilson,SKU-0130,24211.00,West
2553,2024-12-27,Sofia Sanchez,SKU-0164,19181.00,South
2554,2024-04-23,Ivy Carter,SKU-0105,4470.00,South
2555,2024-06-02,Lucas Turner,SKU-0181,20572.00,North
2556,2024-08-16,Rachel Hall,SKU-0014,6789.00,South
2557,2024-02-11,Nathan Parker,SKU-0032,16325.00,South
2558,2024-08-22,Jack Anderson,SKU-0158,12799.00,South
2559,2024-05-04,Vincent Reed,SKU-0069,28480.00,North
2560,2024-08-06,Henry Taylor,SKU-0049,6816.00,West
2561,2024-05-14,Felix Campbell,SKU-0031,10203.00,Central
2562,2024-06-30,Kate Thomas,SKU-0040,9805.00,South
2563,2024-02-07,Jake Phillips,SKU-0185,3565.00,South
2564,2024-12-13,Alice Chen,SKU-0105,24541.00,North
2565,2024-03-24,Reed Stewart,SKU-0175,20309.00,North
2566,2024-07-02,Grace Liu,SKU-0024,10734.00,Central
2567,2024-07-08,Kate Thomas,SKU-0014,6823.00,West
2568,2024-05-07,Kate Thomas,SKU-0123,8394.00,East
2569,2024-06-22,Gina Mitchell,SKU-0088,17043.00,South
2570,2024-05-24,Oscar Edwards,SKU-0076,21742.00,West
2571,2024-05-15,Jake Phillips,SKU-0037,4800.00,Central
2572,2024-01-13,Sofia Sanchez,SKU-0162,10055.00,West
2573,2024-02-25,Iris Patel,SKU-0195,29623.00,Central
2574,2024-08-25,Uma Hernandez,SKU-0066,8624.00,West
2575,2024-07-31,Xena Morgan,SKU-0090,13446.00,Central
2576,2024-11-15,Ivy Carter,SKU-0121,18997.00,West
2577,2024-02-22,Noah Clark,SKU-0078,25686.00,North
2578,2024-05-13,Rachel Hall,SKU-0065,15500.00,Central
2579,2024-03-29,Noah Clark,SKU-0039,12987.00,South
2580,2024-07-03,Elena Ramirez,SKU-0007,5791.00,West
2581,2024-09-11,Kate Thomas,SKU-0198,5863.00,North
2582,2024-08-26,Whitney Cook,SKU-0156,4220.00,South
2583,2024-10-25,Iris Patel,SKU-0152,15329.00,East
2584,2024-03-07,Xena Morgan,SKU-0190,14178.00,South
2585,2024-06-02,Chloe Nelson,SKU-0131,21083.00,West
2586,2024-03-12,Amy Adams,SKU-0006,12256.00,South
2587,2024-03-03,David Kim,SKU-0026,13627.00,Central
2588,2024-01-01,Frank Wilson,SKU-0188,16159.00,Central
2589,2024-04-26,Vincent Reed,SKU-0062,11742.00,North
2590,2024-03-17,Derek Hill,SKU-0189,19000.00,Central
2591,2024-10-25,Olivia Lewis,SKU-0132,27379.00,West
2592,2024-07-27,Wendy Wright,SKU-0040,4857.00,North
2593,2024-07-02,Amy Adams,SKU-0087,15007.00,West
2594,2024-04-24,Elena Ramirez,SKU-0090,701.00,South
2595,2024-03-04,Iris Patel,SKU-0043,7946.00,West
2596,2024-11-03,Jack Anderson,SKU-0145,24022.00,Central
2597,2024-07-13,Kate Thomas,SKU-0197,6619.00,Central
2598,2024-03-10,Oscar Edwards,SKU-0129,24140.00,North
2599,2024-03-21,Noah Clark,SKU-0047,6602.00,West
2600,2024-06-09,Whitney Cook,SKU-0037,19867.00,East
2601,2024-06-19,Troy Morris,SKU-0151,6640.00,North
2602,2024-07-18,Elena Ramirez,SKU-0110,9575.00,West
2603,2024-08-25,Tina Young,SKU-0133,6145.00,Central
2604,2024-06-12,Reed Stewart,SKU-0080,12815.00,South
2605,2024-10-09,Olivia Lewis,SKU-0161,4085.00,North
2606,2024-07-03,Alice Chen,SKU-0155,16904.00,East
2607,2024-08-13,Whitney Cook,SKU-0020,6699.00,North
2608,2024-02-11,Whitney Cook,SKU-0175,27262.00,South
2609,2024-10-21,Sam Allen,SKU-0036,13870.00,West
2610,2024-02-20,Amy Adams,SKU-0193,23544.00,South
2611,2024-11-08,Rachel Hall,SKU-0037,1205.00,North
2612,2024-05-02,Derek Hill,SKU-0039,29385.00,West
2613,2024-01-04,Quinn Walker,SKU-0126,26549.00,North
2614,2024-02-29,Uma Hernandez,SKU-0098,21318.00,South
2615,2024-08-30,Bob Martinez,SKU-0108,14618.00,Central
2616,2024-05-23,Gina Mitchell,SKU-0097,7459.00,West
2617,2024-11-30,Tina Young,SKU-0036,13526.00,North
2618,2024-07-21,Sam Allen,SKU-0005,6402.00,East
2619,2024-07-25,David Kim,SKU-0168,17225.00,Central
2620,2024-03-30,Grace Liu,SKU-0010,23391.00,North
2621,2024-07-26,Emma Brown,SKU-0003,10229.00,North
2622,2024-10-03,Elena Ramirez,SKU-0071,11685.00,West
2623,2024-03-26,Lucas Turner,SKU-0187,25695.00,South
2624,2024-06-12,Wendy Wright,SKU-0104,13407.00,Central
2625,2024-12-18,Uma Hernandez,SKU-0002,5438.00,North
2626,2024-08-24,Kate Thomas,SKU-0087,11079.00,West
2627,2024-01-15,Hugo Roberts,SKU-0152,25267.00,East
2628,2024-04-02,Kate Thomas,SKU-0023,6533.00,Central
2629,2024-06-28,Jake Phillips,SKU-0178,8621.00,East
2630,2024-09-15,Lucas Turner,SKU-0007,12086.00,East
2631,2024-03-20,Victor King,SKU-0090,28136.00,East
2632,2024-07-05,Ursula Rogers,SKU-0077,9331.00,West
2633,2024-07-20,Kate Thomas,SKU-0152,9167.00,West
2634,2024-09-20,Wendy Wright,SKU-0027,2443.00,Central
2635,2024-01-28,Tina Young,SKU-0177,24846.00,North
2636,2024-02-06,David Kim,SKU-0079,2969.00,East
2637,2024-06-11,Oscar Edwards,SKU-0017,9030.00,Central
2638,2024-03-06,Quinn Walker,SKU-0052,4894.00,East
2639,2024-01-26,Derek Hill,SKU-0091,2129.00,West
2640,2024-08-11,Paula Collins,SKU-0139,8798.00,North
2641,2024-09-26,Wendy Wright,SKU-0024,3704.00,East
2642,2024-11-20,Hugo Roberts,SKU-0192,21669.00,North
2643,2024-08-18,Reed Stewart,SKU-0022,6164.00,East
2644,2024-03-23,Bob Martinez,SKU-0158,625.00,Central
2645,2024-07-25,Troy Morris,SKU-0044,6634.00,Central
2646,2024-02-13,Noah Clark,SKU-0189,16961.00,East
2647,2024-10-14,Carol White,SKU-0085,7136.00,North
2648,2024-04-08,Bob Martinez,SKU-0137,23601.00,East
2649,2024-06-29,Bob Martinez,SKU-0194,10866.00,South
2650,2024-03-10,Oscar Edwards,SKU-0157,21863.00,East
2651,2024-11-11,Victor King,SKU-0105,15552.00,North
2652,2024-11-08,Sam Allen,SKU-0069,8509.00,North
2653,2024-07-14,Tina Young,SKU-0014,10668.00,North
2654,2024-06-13,Ivy Carter,SKU-0141,2215.00,North
2655,2024-04-08,Sam Allen,SKU-0166,20560.00,East
2656,2024-09-25,Alice Chen,SKU-0149,11246.00,West
2657,2024-07-14,Tina Young,SKU-0018,8663.00,Central
2658,2024-12-06,Troy Morris,SKU-0131,18431.00,South
2659,2024-06-27,Kelly Evans,SKU-0110,9201.00,South
2660,2024-12-03,Troy Morris,SKU-0107,15492.00,South
2661,2024-01-09,Frank Wilson,SKU-0194,19736.00,South
2662,2024-11-13,Noah Clark,SKU-0020,6998.00,South
2663,2024-06-09,Alice Chen,SKU-0141,21162.00,North
2664,2024-06-03,Jake Phillips,SKU-0030,7029.00,Central
2665,2024-03-30,Zach Green,SKU-0097,21885.00,North
2666,2024-06-11,Monica Torres,SKU-0013,28636.00,East
2667,2024-08-09,Whitney Cook,SKU-0015,6828.00,West
2668,2024-06-21,Xena Morgan,SKU-0165,4805.00,South
2669,2024-10-18,Frank Wilson,SKU-0063,10141.00,South
2670,2024-06-19,Leo Jackson,SKU-0063,15442.00,Central
2671,2024-04-23,Leo Jackson,SKU-0113,21138.00,South
2672,2024-09-13,Zach Green,SKU-0088,8236.00,North
2673,2024-06-17,Bob Martinez,SKU-0110,8148.00,West
2674,2024-10-01,Nathan Parker,SKU-0160,27744.00,East
2675,2024-05-19,Henry Taylor,SKU-0153,18946.00,North
2676,2024-08-27,Uma Hernandez,SKU-0066,3739.00,North
2677,2024-09-19,Kate Thomas,SKU-0024,5316.00,East
2678,2024-02-13,Xena Morgan,SKU-0166,21908.00,North
2679,2024-01-19,Rachel Hall,SKU-0046,29279.00,North
2680,2024-04-22,Iris Patel,SKU-0026,12268.00,Central
2681,2024-06-14,Olivia Lewis,SKU-0046,4222.00,Central
2682,2024-07-24,Victor King,SKU-0174,5575.00,North
2683,2024-10-16,Kate Thomas,SKU-0143,9586.00,West
2684,2024-03-12,Grace Liu,SKU-0099,26549.00,North
2685,2024-03-22,Alice Chen,SKU-0187,4369.00,East
2686,2024-04-16,Ursula Rogers,SKU-0046,7646.00,South
2687,2024-02-08,Jake Phillips,SKU-0019,15474.00,South
2688,2024-05-20,Monica Torres,SKU-0121,19814.00,South
2689,2024-05-21,Zach Green,SKU-0186,24924.00,North
2690,2024-02-02,Xavier Lopez,SKU-0167,16018.00,Central
2691,2024-03-19,Noah Clark,SKU-0185,11491.00,North
2692,2024-02-11,Yara Scott,SKU-0027,26136.00,Central
2693,2024-11-05,Amy Adams,SKU-0155,583.00,West
2694,2024-11-07,Carol White,SKU-0010,12233.00,Central
2695,2024-05-15,Vincent Reed,SKU-0153,18626.00,West
2696,2024-09-14,Xavier Lopez,SKU-0179,10235.00,North
2697,2024-12-05,Hugo Roberts,SKU-0157,29600.00,South
2698,2024-04-27,Carol White,SKU-0168,11482.00,East
2699,2024-12-02,Leo Jackson,SKU-0154,9501.00,North
2700,2024-10-01,Yusuf Bell,SKU-0190,29015.00,West
2701,2024-04-14,Jack Anderson,SKU-0066,27272.00,West
2702,2024-06-26,Lucas Turner,SKU-0013,7074.00,West
2703,2024-04-24,Oscar Edwards,SKU-0136,22462.00,Central
2704,2024-07-31,Kate Thomas,SKU-0025,4564.00,East
2705,2024-11-18,Noah Clark,SKU-0083,8293.00,East
2706,2024-07-19,Monica Torres,SKU-0179,4614.00,North
2707,2024-12-28,Iris Patel,SKU-0180,13062.00,West
2708,2024-11-19,Tina Young,SKU-0012,26878.00,East
2709,2024-07-03,Noah Clark,SKU-0199,5709.00,West
2710,2024-01-20,Troy Morris,SKU-0113,29797.00,West
2711,2024-07-22,Sam Allen,SKU-0179,10295.00,Central
2712,2024-04-09,Vincent Reed,SKU-0054,21019.00,South
2713,2024-06-06,Xena Morgan,SKU-0124,13601.00,West
2714,2024-09-26,Peter Robinson,SKU-0053,4237.00,East
2715,2024-02-11,Monica Torres,SKU-0167,9513.00,Central
2716,2024-01-25,Victor King,SKU-0043,27683.00,South
2717,2024-06-01,Jack Anderson,SKU-0065,13478.00,West
2718,2024-04-17,Felix Campbell,SKU-0002,6017.00,West
2719,2024-09-04,Elena Ramirez,SKU-0194,6133.00,Central
2720,2024-07-28,Emma Brown,SKU-0070,10518.00,West
2721,2024-05-25,Tina Young,SKU-0024,26281.00,Central
2722,2024-03-01,Ursula Rogers,SKU-0127,25065.00,East
2723,2024-08-29,Yara Scott,SKU-0092,5790.00,North
2724,2024-12-02,Hugo Roberts,SKU-0059,1461.00,Central
2725,2024-05-06,Quinn Walker,SKU-0173,27182.00,North
2726,2024-01-02,Brian Baker,SKU-0095,3394.00,North
2727,2024-07-31,Felix Campbell,SKU-0051,3006.00,Central
2728,2024-01-13,Troy Morris,SKU-0195,24167.00,North
2729,2024-07-31,Carol White,SKU-0178,12692.00,East
2730,2024-01-15,Maya Harris,SKU-0192,29357.00,Central
2731,2024-10-01,Uma Hernandez,SKU-0043,29949.00,North
2732,2024-02-24,Paula Collins,SKU-0148,11998.00,West
2733,2024-08-05,Leo Jackson,SKU-0084,4887.00,East
2734,2024-08-13,Hugo Roberts,SKU-0116,2540.00,South
2735,2024-01-31,Reed Stewart,SKU-0103,5698.00,South
2736,2024-02-24,David Kim,SKU-0141,13214.00,Central
2737,2024-11-23,Derek Hill,SKU-0067,26957.00,South
2738,2024-11-24,Iris Patel,SKU-0177,1734.00,East
2739,2024-08-18,Lucas Turner,SKU-0072,2856.00,Central
2740,2024-07-09,Elena Ramirez,SKU-0181,5115.00,North
2741,2024-07-17,Frank Wilson,SKU-0029,8020.00,Central
2742,2024-09-19,Reed Stewart,SKU-0135,8718.00,Central
2743,2024-10-07,Oscar Edwards,SKU-0181,9529.00,Central
2744,2024-06-13,Uma Hernandez,SKU-0143,5952.00,North
2745,2024-09-04,Grace Liu,SKU-0093,12325.00,North
2746,2024-05-26,Iris Patel,SKU-0118,11107.00,West
2747,2024-04-13,Peter Robinson,SKU-0151,7829.00,West
2748,2024-02-27,Bob Martinez,SKU-0058,3650.00,Central
2749,2024-11-17,Vincent Reed,SKU-0007,22190.00,North
2750,2024-12-03,Sam Allen,SKU-0151,13034.00,Central
2751,2024-01-22,Whitney Cook,SKU-0049,28560.00,Central
2752,2024-06-19,Brian Baker,SKU-0041,27245.00,North
2753,2024-01-26,Victor King,SKU-0060,15454.00,North
2754,2024-01-24,Quinn Walker,SKU-0138,20695.00,Central
2755,2024-10-08,Alice Chen,SKU-0088,2570.00,North
2756,2024-05-02,Emma Brown,SKU-0031,27752.00,West
2757,2024-11-29,Emma Brown,SKU-0094,11199.00,South
2758,2024-06-13,Reed Stewart,SKU-0162,26132.00,West
2759,2024-10-31,Amy Adams,SKU-0107,6552.00,South
2760,2024-03-22,Whitney Cook,SKU-0049,5475.00,North
2761,2024-10-11,Henry Taylor,SKU-0190,14198.00,Central
2762,2024-01-26,Whitney Cook,SKU-0090,7162.00,North
2763,2024-06-02,Monica Torres,SKU-0150,604.00,Central
2764,2024-03-19,Kate Thomas,SKU-0095,2545.00,South
2765,2024-01-29,Whitney Cook,SKU-0025,29631.00,North
2766,2024-04-09,Derek Hill,SKU-0126,17325.00,West
2767,2024-08-20,Bob Martinez,SKU-0011,9418.00,West
2768,2024-01-10,Emma Brown,SKU-0096,13929.00,North
2769,2024-09-26,Alice Chen,SKU-0035,11833.00,South
2770,2024-07-26,Amy Adams,SKU-0180,16600.00,West
2771,2024-02-04,Troy Morris,SKU-0100,24692.00,Central
2772,2024-04-04,Kate Thomas,SKU-0072,15340.00,Central
2773,2024-04-10,Victor King,SKU-0167,4482.00,Central
2774,2024-08-04,Emma Brown,SKU-0083,8714.00,West
2775,2024-01-15,Frank Wilson,SKU-0193,21014.00,Central
2776,2024-09-17,Ursula Rogers,SKU-0059,4524.00,East
2777,2024-06-23,Uma Hernandez,SKU-0130,3537.00,Central
2778,2024-11-08,Henry Taylor,SKU-0106,19955.00,South
2779,2024-07-31,Troy Morris,SKU-0080,8314.00,Central
2780,2024-02-20,Gina Mitchell,SKU-0030,20206.00,East
2781,2024-01-01,Reed Stewart,SKU-0103,18589.00,West
2782,2024-02-05,Rachel Hall,SKU-0056,12864.00,West
2783,2024-04-09,Lucas Turner,SKU-0147,17316.00,West
2784,2024-01-12,Oscar Edwards,SKU-0123,2311.00,East
2785,2024-07-19,Jake Phillips,SKU-0015,4321.00,South
2786,2024-10-30,Sofia Sanchez,SKU-0079,4342.00,East
2787,2024-08-21,Frank Wilson,SKU-0130,13412.00,East
2788,2024-03-24,Derek Hill,SKU-0016,19997.00,West
2789,2024-03-24,Whitney Cook,SKU-0058,25454.00,Central
2790,2024-04-20,Jake Phillips,SKU-0055,20785.00,Central
2791,2024-07-21,Frank Wilson,SKU-0197,11276.00,West
2792,2024-03-28,Reed Stewart,SKU-0157,12014.00,South
2793,2024-09-27,Elena Ramirez,SKU-0066,1752.00,South
2794,2024-05-22,Reed Stewart,SKU-0091,18037.00,West
2795,2024-02-01,Chloe Nelson,SKU-0117,20102.00,East
2796,2024-02-12,Carol White,SKU-0133,9468.00,East
2797,2024-02-11,Amy Adams,SKU-0027,2318.00,East
2798,2024-09-14,Kate Thomas,SKU-0088,6286.00,Central
2799,2024-02-09,Bob Martinez,SKU-0182,3084.00,West
2800,2024-02-13,Rachel Hall,SKU-0193,4880.00,North
2801,2024-09-10,Maya Harris,SKU-0019,2444.00,West
2802,2024-08-07,Tina Young,SKU-0037,10976.00,West
2803,2024-05-13,Monica Torres,SKU-0040,23771.00,West
2804,2024-01-06,Sam Allen,SKU-0073,22025.00,North
2805,2024-05-21,Maya Harris,SKU-0162,3048.00,North
2806,2024-12-05,Tina Young,SKU-0060,6565.00,South
2807,2024-02-24,Sofia Sanchez,SKU-0163,16270.00,South
2808,2024-08-20,Xavier Lopez,SKU-0132,4949.00,East
2809,2024-06-19,Elena Ramirez,SKU-0172,6826.00,Central
2810,2024-09-03,Rachel Hall,SKU-0114,10536.00,East
2811,2024-11-30,Xena Morgan,SKU-0161,3297.00,East
2812,2024-08-09,Sofia Sanchez,SKU-0043,4074.00,East
2813,2024-01-25,Peter Robinson,SKU-0173,19942.00,South
2814,2024-09-02,Kelly Evans,SKU-0161,4360.00,Central
2815,2024-12-18,Kate Thomas,SKU-0018,16280.00,North
2816,2024-03-25,Tina Young,SKU-0095,14683.00,Central
2817,2024-03-20,Jake Phillips,SKU-0037,27190.00,Central
2818,2024-02-06,Rachel Hall,SKU-0181,13687.00,West
2819,2024-04-12,Uma Hernandez,SKU-0054,20937.00,North
2820,2024-05-03,Vincent Reed,SKU-0020,19657.00,East
2821,2024-07-28,Uma Hernandez,SKU-0108,11779.00,East
2822,2024-03-04,Carol White,SKU-0074,17609.00,South
2823,2024-03-11,Tina Young,SKU-0194,7192.00,Central
2824,2024-03-16,Chloe Nelson,SKU-0008,6070.00,South
2825,2024-03-25,Nathan Parker,SKU-0126,27612.00,South
2826,2024-03-14,Whitney Cook,SKU-0109,18015.00,South
2827,2024-11-13,Maya Harris,SKU-0142,23903.00,West
2828,2024-10-02,Grace Liu,SKU-0059,9323.00,East
2829,2024-01-13,Iris Patel,SKU-0055,26924.00,South
2830,2024-10-21,Peter Robinson,SKU-0046,22627.00,East
2831,2024-03-06,Lucas Turner,SKU-0022,5900.00,South
2832,2024-01-16,Hugo Roberts,SKU-0172,21789.00,West
2833,2024-06-02,Sam Allen,SKU-0049,9399.00,East
2834,2024-05-13,Elena Ramirez,SKU-0117,12837.00,Central
2835,2024-02-03,Troy Morris,SKU-0046,2628.00,Central
2836,2024-03-19,David Kim,SKU-0050,15196.00,North
2837,2024-04-08,Emma Brown,SKU-0093,16810.00,South
2838,2024-06-16,Emma Brown,SKU-0085,10882.00,South
2839,2024-05-28,Alice Chen,SKU-0132,3087.00,North
2840,2024-11-10,Oscar Edwards,SKU-0192,4401.00,Central
2841,2024-12-17,Elena Ramirez,SKU-0187,4932.00,South
2842,2024-02-21,Oscar Edwards,SKU-0189,18522.00,North
2843,2024-12-30,Whitney Cook,SKU-0041,16479.00,North
2844,2024-09-16,Kelly Evans,SKU-0024,4645.00,South
2845,2024-03-25,Ursula Rogers,SKU-0088,7532.00,South
2846,2024-10-18,Frank Wilson,SKU-0121,19601.00,Central
2847,2024-01-24,Xena Morgan,SKU-0051,18544.00,Central
2848,2024-04-27,Yara Scott,SKU-0143,2476.00,East
2849,2024-08-03,Zach Green,SKU-0038,7376.00,West
2850,2024-07-19,Reed Stewart,SKU-0138,6371.00,North
2851,2024-11-30,Frank Wilson,SKU-0171,3605.00,West
2852,2024-01-30,Frank Wilson,SKU-0099,21698.00,West
2853,2024-09-27,Victor King,SKU-0092,7872.00,Central
2854,2024-06-04,Jack Anderson,SKU-0195,24921.00,South
2855,2024-08-08,Reed Stewart,SKU-0129,6715.00,East
2856,2024-02-25,Elena Ramirez,SKU-0105,27212.00,East
2857,2024-08-06,Sam Allen,SKU-0171,5199.00,South
2858,2024-03-21,Elena Ramirez,SKU-0043,2395.00,North
2859,2024-12-25,Sofia Sanchez,SKU-0022,10163.00,North
2860,2024-05-30,Brian Baker,SKU-0047,8517.00,South
2861,2024-01-01,Felix Campbell,SKU-0165,20028.00,West
2862,2024-11-04,Ursula Rogers,SKU-0036,20765.00,North
2863,2024-02-06,Kate Thomas,SKU-0092,8138.00,West
2864,2024-07-07,Emma Brown,SKU-0002,11657.00,East
2865,2024-07-03,Sam Allen,SKU-0061,4967.00,West
2866,2024-11-11,Yusuf Bell,SKU-0048,12861.00,West
2867,2024-11-26,Bob Martinez,SKU-0025,28630.00,Central
2868,2024-06-29,Amy Adams,SKU-0101,15216.00,North
2869,2024-03-22,Iris Patel,SKU-0012,16105.00,Central
2870,2024-10-06,Whitney Cook,SKU-0110,27479.00,West
2871,2024-08-16,Jake Phillips,SKU-0094,8693.00,East
2872,2024-09-19,Xena Morgan,SKU-0179,4206.00,West
2873,2024-07-02,Maya Harris,SKU-0009,3648.00,South
2874,2024-12-03,Hugo Roberts,SKU-0008,27073.00,West
2875,2024-09-16,Sam Allen,SKU-0175,2686.00,North
2876,2024-05-21,Ursula Rogers,SKU-0160,1259.00,Central
2877,2024-04-23,Emma Brown,SKU-0065,11996.00,Central
2878,2024-05-20,Gina Mitchell,SKU-0185,11605.00,South
2879,2024-11-05,Ivy Carter,SKU-0178,8666.00,West
2880,2024-09-03,Jake Phillips,SKU-0005,6256.00,West
2881,2024-04-17,Chloe Nelson,SKU-0090,15139.00,Central
2882,2024-02-02,Uma Hernandez,SKU-0156,4571.00,East
2883,2024-07-22,Amy Adams,SKU-0128,10471.00,West
2884,2024-10-15,Derek Hill,SKU-0021,24533.00,East
2885,2024-05-03,Brian Baker,SKU-0127,9711.00,East
2886,2024-09-22,Bob Martinez,SKU-0068,16358.00,Central
2887,2024-01-03,Jack Anderson,SKU-0003,24545.00,East
2888,2024-11-18,Uma Hernandez,SKU-0185,11837.00,South
2889,2024-10-11,Reed Stewart,SKU-0077,10118.00,West
2890,2024-07-24,Uma Hernandez,SKU-0174,10675.00,North
2891,2024-06-16,Vincent Reed,SKU-0183,26271.00,West
2892,2024-05-26,Noah Clark,SKU-0099,6717.00,North
2893,2024-01-19,Peter Robinson,SKU-0068,19741.00,West
2894,2024-05-22,Paula Collins,SKU-0116,18007.00,West
2895,2024-02-03,Frank Wilson,SKU-0148,7242.00,West
2896,2024-11-20,Noah Clark,SKU-0147,21053.00,North
2897,2024-07-11,Lucas Turner,SKU-0042,5367.00,Central
2898,2024-10-16,Nathan Parker,SKU-0027,8668.00,North
2899,2024-02-18,Kelly Evans,SKU-0149,16058.00,South
2900,2024-07-25,Olivia Lewis,SKU-0112,5325.00,West
2901,2024-06-02,Xena Morgan,SKU-0124,14468.00,Central
2902,2024-04-16,Monica Torres,SKU-0072,16218.00,North
2903,2024-05-23,Sam Allen,SKU-0189,13229.00,East
2904,2024-06-07,Xena Morgan,SKU-0176,945.00,North
2905,2024-11-24,Tina Young,SKU-0011,2245.00,West
2906,2024-03-22,Emma Brown,SKU-0168,27821.00,West
2907,2024-02-15,Jake Phillips,SKU-0089,21881.00,Central
2908,2024-01-20,Quinn Walker,SKU-0164,5447.00,South
2909,2024-08-12,Lucas Turner,SKU-0083,10852.00,West
2910,2024-06-13,Amy Adams,SKU-0073,26086.00,West
2911,2024-10-27,Troy Morris,SKU-0108,8597.00,West
2912,2024-08-10,Derek Hill,SKU-0164,6372.00,West
2913,2024-01-21,Grace Liu,SKU-0072,12297.00,Central
2914,2024-07-27,Kelly Evans,SKU-0176,5022.00,North
2915,2024-09-09,Iris Patel,SKU-0147,12384.00,South
2916,2024-06-13,Sofia Sanchez,SKU-0063,29746.00,West
2917,2024-12-09,Elena Ramirez,SKU-0184,21619.00,South
2918,2024-07-01,Hugo Roberts,SKU-0018,6362.00,East
2919,2024-03-17,Quinn Walker,SKU-0136,3120.00,South
2920,2024-06-25,Lucas Turner,SKU-0178,29252.00,Central
2921,2024-02-16,Hugo Roberts,SKU-0007,19278.00,Central
2922,2024-05-19,Reed Stewart,SKU-0134,11585.00,East
2923,2024-02-23,Peter Robinson,SKU-0130,17390.00,West
2924,2024-01-12,Ivy Carter,SKU-0150,28630.00,South
2925,2024-10-07,Hugo Roberts,SKU-0147,24884.00,South
2926,2024-05-19,Sam Allen,SKU-0100,915.00,East
2927,2024-09-14,Elena Ramirez,SKU-0136,1539.00,Central
2928,2024-05-31,Kelly Evans,SKU-0176,9661.00,East
2929,2024-11-06,Yusuf Bell,SKU-0186,18306.00,West
2930,2024-09-21,Carol White,SKU-0197,14955.00,West
2931,2024-02-11,Peter Robinson,SKU-0097,16387.00,North
2932,2024-06-14,Xena Morgan,SKU-0106,28383.00,North
2933,2024-11-09,Zach Green,SKU-0144,28756.00,East
2934,2024-04-27,Bob Martinez,SKU-0150,1978.00,South
2935,2024-11-08,Amy Adams,SKU-0125,16801.00,North
2936,2024-06-11,Monica Torres,SKU-0162,18419.00,South
2937,2024-01-11,Jack Anderson,SKU-0074,12904.00,West
2938,2024-06-11,Gina Mitchell,SKU-0134,16796.00,West
2939,2024-10-29,Sam Allen,SKU-0124,6492.00,Central
2940,2024-08-17,Xavier Lopez,SKU-0118,6628.00,East
2941,2024-07-29,Zach Green,SKU-0101,6056.00,North
2942,2024-04-12,Derek Hill,SKU-0012,16193.00,North
2943,2024-09-26,Nathan Parker,SKU-0151,4444.00,North
2944,2024-03-31,Bob Martinez,SKU-0170,2907.00,North
2945,2024-10-13,Yusuf Bell,SKU-0030,17707.00,East
2946,2024-03-19,Rachel Hall,SKU-0046,28372.00,North
2947,2024-03-16,Iris Patel,SKU-0028,13033.00,Central
2948,2024-05-24,Peter Robinson,SKU-0098,22314.00,West
2949,2024-08-11,Nathan Parker,SKU-0001,5000.00,Central
2950,2024-08-02,Ivy Carter,SKU-0036,4126.00,West
2951,2024-08-29,Olivia Lewis,SKU-0074,3487.00,Central
2952,2024-07-20,Whitney Cook,SKU-0093,2929.00,North
2953,2024-12-18,Reed Stewart,SKU-0195,19434.00,East
2954,2024-01-13,Henry Taylor,SKU-0135,1138.00,East
2955,2024-10-14,David Kim,SKU-0050,24911.00,West
2956,2024-12-23,Leo Jackson,SKU-0142,17817.00,Central
2957,2024-06-05,Yara Scott,SKU-0080,3370.00,West
2958,2024-01-27,Brian Baker,SKU-0189,8617.00,North
2959,2024-09-12,Kate Thomas,SKU-0123,4511.00,Central
2960,2024-11-07,Yusuf Bell,SKU-0173,24263.00,Central
2961,2024-04-12,Rachel Hall,SKU-0052,12876.00,South
2962,2024-10-17,Wendy Wright,SKU-0168,6010.00,North
2963,2024-09-13,Gina Mitchell,SKU-0091,11337.00,Central
2964,2024-09-06,Rachel Hall,SKU-0190,8772.00,Central
2965,2024-10-24,Noah Clark,SKU-0103,13874.00,South
2966,2024-07-13,Grace Liu,SKU-0188,11631.00,East
2967,2024-01-07,Oscar Edwards,SKU-0014,24669.00,South
2968,2024-10-10,Leo Jackson,SKU-0074,25491.00,Central
2969,2024-10-02,Carol White,SKU-0165,7943.00,Central
2970,2024-09-30,Sam Allen,SKU-0160,6887.00,South
2971,2024-08-22,Nathan Parker,SKU-0150,5028.00,West
2972,2024-07-28,David Kim,SKU-0174,7449.00,West
2973,2024-09-20,David Kim,SKU-0107,11014.00,West
2974,2024-12-20,David Kim,SKU-0162,18959.00,South
2975,2024-08-28,Vincent Reed,SKU-0018,4624.00,East
2976,2024-02-16,David Kim,SKU-0051,21684.00,South
2977,2024-03-18,Olivia Lewis,SKU-0035,29753.00,East
2978,2024-01-11,Amy Adams,SKU-0004,22774.00,West
2979,2024-05-11,Xena Morgan,SKU-0002,16891.00,West
2980,2024-02-14,Yusuf Bell,SKU-0139,15037.00,North
2981,2024-08-31,David Kim,SKU-0071,14166.00,East
2982,2024-12-07,Carol White,SKU-0050,14115.00,North
2983,2024-05-30,Ursula Rogers,SKU-0146,12645.00,West
2984,2024-11-23,Yara Scott,SKU-0089,8305.00,West
2985,2024-10-03,Ursula Rogers,SKU-0135,11901.00,West
2986,2024-03-12,Grace Liu,SKU-0167,9684.00,West
2987,2024-06-20,Quinn Walker,SKU-0063,4325.00,West
2988,2024-07-26,Alice Chen,SKU-0033,9641.00,North
2989,2024-01-22,Whitney Cook,SKU-0021,15809.00,Central
2990,2024-08-02,Peter Robinson,SKU-0183,4659.00,East
2991,2024-11-02,Henry Taylor,SKU-0132,14130.00,South
2992,2024-02-13,Kelly Evans,SKU-0079,16598.00,Central
2993,2024-08-12,Elena Ramirez,SKU-0167,4043.00,West
2994,2024-05-25,Olivia Lewis,SKU-0068,4328.00,Central
2995,2024-03-09,Frank Wilson,SKU-0051,18360.00,West
2996,2024-06-02,Emma Brown,SKU-0064,15318.00,South
2997,2024-09-29,Vincent Reed,SKU-0058,6991.00,South
2998,2024-06-14,Elena Ramirez,SKU-0049,5150.00,South
2999,2024-08-07,Amy Adams,SKU-0007,14695.00,West
3000,2024-02-08,Rachel Hall,SKU-0086,25497.00,East
3001,2024-01-11,Whitney Cook,SKU-0169,5255.00,East
3002,2024-05-26,Sofia Sanchez,SKU-0045,614.00,East
3003,2024-12-21,Jake Phillips,SKU-0007,7101.00,Central
3004,2024-05-31,Vincent Reed,SKU-0200,16730.00,North
3005,2024-08-27,Whitney Cook,SKU-0122,10480.00,East
3006,2024-01-19,David Kim,SKU-0166,10428.00,South
3007,2024-09-04,Grace Liu,SKU-0179,10459.00,West
3008,2024-07-23,Emma Brown,SKU-0161,6153.00,North
3009,2024-01-01,Maya Harris,SKU-0111,17728.00,East
3010,2024-06-09,Sofia Sanchez,SKU-0188,18371.00,Central
3011,2024-10-10,Kelly Evans,SKU-0022,19617.00,North
3012,2024-12-04,Zach Green,SKU-0148,23746.00,Central
3013,2024-08-14,Hugo Roberts,SKU-0189,6718.00,East
3014,2024-02-11,Leo Jackson,SKU-0167,2242.00,East
3015,2024-11-26,Leo Jackson,SKU-0183,1138.00,South
3016,2024-09-16,Brian Baker,SKU-0003,4941.00,North
3017,2024-08-29,Wendy Wright,SKU-0136,3549.00,South
3018,2024-09-27,Victor King,SKU-0161,9651.00,North
3019,2024-11-03,Amy Adams,SKU-0158,18013.00,North
3020,2024-07-31,Maya Harris,SKU-0099,4860.00,South
3021,2024-07-06,Alice Chen,SKU-0179,11498.00,West
3022,2024-01-16,Reed Stewart,SKU-0095,22900.00,North
3023,2024-11-04,Carol White,SKU-0123,13831.00,East
3024,2024-09-27,Grace Liu,SKU-0198,13038.00,South
3025,2024-07-24,Sofia Sanchez,SKU-0043,3665.00,South
3026,2024-10-23,Emma Brown,SKU-0004,21588.00,South
3027,2024-11-23,Frank Wilson,SKU-0072,26421.00,East
3028,2024-02-08,Brian Baker,SKU-0024,14930.00,North
3029,2024-11-20,Grace Liu,SKU-0014,29814.00,East
3030,2024-01-01,Jack Anderson,SKU-0158,2120.00,East
3031,2024-07-09,Alice Chen,SKU-0130,14658.00,Central
3032,2024-06-18,Alice Chen,SKU-0061,17673.00,South
3033,2024-05-28,Kate Thomas,SKU-0078,15181.00,East
3034,2024-04-23,Brian Baker,SKU-0060,22191.00,East
3035,2024-03-08,Victor King,SKU-0071,11225.00,North
3036,2024-08-04,Alice Chen,SKU-0044,12672.00,Central
3037,2024-08-12,Oscar Edwards,SKU-0182,2070.00,East
3038,2024-11-27,Amy Adams,SKU-0001,18821.00,South
3039,2024-05-06,Elena Ramirez,SKU-0011,15051.00,Central
3040,2024-06-03,Jake Phillips,SKU-0053,25242.00,East
3041,2024-02-16,Maya Harris,SKU-0181,8430.00,Central
3042,2024-06-16,Yara Scott,SKU-0066,29873.00,South
3043,2024-07-22,Brian Baker,SKU-0005,4070.00,South
3044,2024-01-08,Derek Hill,SKU-0035,22955.00,Central
3045,2024-08-31,Kelly Evans,SKU-0004,4933.00,East
3046,2024-07-09,Emma Brown,SKU-0082,10459.00,East
3047,2024-01-03,Elena Ramirez,SKU-0054,17916.00,Central
3048,2024-09-25,Jake Phillips,SKU-0039,5742.00,South
3049,2024-08-25,Xena Morgan,SKU-0193,9229.00,East
3050,2024-06-13,Monica Torres,SKU-0084,4916.00,West
3051,2024-04-19,Zach Green,SKU-0157,21305.00,East
3052,2024-06-28,Oscar Edwards,SKU-0046,3973.00,West
3053,2024-05-01,Xena Morgan,SKU-0085,19402.00,East
3054,2024-02-17,Reed Stewart,SKU-0049,8008.00,West
3055,2024-10-19,Xena Morgan,SKU-0162,27110.00,East
3056,2024-11-03,Xavier Lopez,SKU-0159,4160.00,West
3057,2024-08-25,Tina Young,SKU-0179,2252.00,South
3058,2024-04-02,Bob Martinez,SKU-0140,27266.00,South
3059,2024-01-31,Emma Brown,SKU-0144,13784.00,South
3060,2024-10-31,Jake Phillips,SKU-0162,25375.00,East
3061,2024-01-08,Yara Scott,SKU-0154,14560.00,Central
3062,2024-03-22,Carol White,SKU-0180,19981.00,South
3063,2024-04-24,Xena Morgan,SKU-0113,6369.00,South
3064,2024-05-29,Peter Robinson,SKU-0126,2929.00,East
3065,2024-04-22,Olivia Lewis,SKU-0100,21729.00,North
3066,2024-03-30,Frank Wilson,SKU-0174,26394.00,West
3067,2024-08-30,Zach Green,SKU-0081,11040.00,South
3068,2024-09-09,Gina Mitchell,SKU-0196,5533.00,Central
3069,2024-05-06,Monica Torres,SKU-0086,21614.00,Central
3070,2024-03-12,Henry Taylor,SKU-0128,8198.00,South
3071,2024-03-28,Tina Young,SKU-0180,4399.00,East
3072,2024-12-30,Lucas Turner,SKU-0131,10886.00,North
3073,2024-10-14,Felix Campbell,SKU-0176,8659.00,South
3074,2024-08-31,Frank Wilson,SKU-0048,8296.00,West
3075,2024-08-31,Sofia Sanchez,SKU-0020,2363.00,East
3076,2024-12-17,Jack Anderson,SKU-0179,4063.00,North
3077,2024-11-29,Nathan Parker,SKU-0110,14927.00,West
3078,2024-04-04,Ursula Rogers,SKU-0109,24293.00,East
3079,2024-09-16,Reed Stewart,SKU-0128,9505.00,East
3080,2024-09-24,Zach Green,SKU-0138,4378.00,North
3081,2024-09-24,David Kim,SKU-0157,15239.00,South
3082,2024-02-22,Sam Allen,SKU-0106,12833.00,East
3083,2024-07-22,Zach Green,SKU-0062,4003.00,North
3084,2024-04-05,Brian Baker,SKU-0020,2090.00,Central
3085,2024-11-04,David Kim,SKU-0127,18448.00,East
3086,2024-05-25,Monica Torres,SKU-0102,10135.00,Central
3087,2024-01-09,Rachel Hall,SKU-0102,29961.00,West
3088,2024-06-12,Amy Adams,SKU-0055,25008.00,East
3089,2024-02-16,Yara Scott,SKU-0124,25873.00,North
3090,2024-07-05,Frank Wilson,SKU-0173,6862.00,West
3091,2024-04-19,Xena Morgan,SKU-0075,6195.00,West
3092,2024-06-30,Ursula Rogers,SKU-0121,8313.00,West
3093,2024-01-06,Oscar Edwards,SKU-0101,26751.00,West
3094,2024-01-25,Grace Liu,SKU-0197,9594.00,East
3095,2024-10-31,Bob Martinez,SKU-0020,10899.00,West
3096,2024-02-08,Ivy Carter,SKU-0152,21657.00,East
3097,2024-06-07,Paula Collins,SKU-0200,28928.00,East
3098,2024-08-12,Yara Scott,SKU-0107,7559.00,East
3099,2024-08-17,Sam Allen,SKU-0007,5630.00,West
3100,2024-05-27,Vincent Reed,SKU-0103,17294.00,North
3101,2024-06-25,Tina Young,SKU-0089,10417.00,West
3102,2024-07-08,Sam Allen,SKU-0151,2946.00,North
3103,2024-06-05,Alice Chen,SKU-0050,15584.00,West
3104,2024-05-15,Vincent Reed,SKU-0130,28616.00,Central
3105,2024-10-09,Bob Martinez,SKU-0145,754.00,West
3106,2024-05-18,Uma Hernandez,SKU-0042,21691.00,West
3107,2024-05-24,Yara Scott,SKU-0005,17440.00,Central
3108,2024-08-19,Peter Robinson,SKU-0058,7533.00,Central
3109,2024-01-15,Sam Allen,SKU-0017,1260.00,South
3110,2024-02-20,Sam Allen,SKU-0043,6749.00,Central
3111,2024-04-27,Nathan Parker,SKU-0019,3014.00,North
3112,2024-08-13,Rachel Hall,SKU-0167,12476.00,West
3113,2024-10-02,Oscar Edwards,SKU-0146,25525.00,North
3114,2024-03-04,Frank Wilson,SKU-0018,10717.00,North
3115,2024-09-27,Quinn Walker,SKU-0141,4678.00,North
3116,2024-03-11,Jake Phillips,SKU-0048,26095.00,North
3117,2024-09-07,Carol White,SKU-0189,13651.00,West
3118,2024-10-18,Uma Hernandez,SKU-0023,11694.00,East
3119,2024-04-16,Jake Phillips,SKU-0155,14337.00,North
3120,2024-08-12,Quinn Walker,SKU-0187,2764.00,South
3121,2024-11-29,Wendy Wright,SKU-0120,4640.00,South
3122,2024-02-15,Jake Phillips,SKU-0107,760.00,North
3123,2024-05-05,Lucas Turner,SKU-0077,12444.00,Central
3124,2024-11-19,Iris Patel,SKU-0022,7454.00,South
3125,2024-08-15,Chloe Nelson,SKU-0033,8207.00,Central
3126,2024-08-17,Frank Wilson,SKU-0150,8443.00,North
3127,2024-01-28,Gina Mitchell,SKU-0163,3521.00,Central
3128,2024-07-25,Yara Scott,SKU-0149,4735.00,West
3129,2024-01-24,Peter Robinson,SKU-0177,26318.00,East
3130,2024-06-08,Rachel Hall,SKU-0101,19411.00,North
3131,2024-06-09,Uma Hernandez,SKU-0044,1762.00,Central
3132,2024-02-24,Lucas Turner,SKU-0133,10584.00,Central
3133,2024-12-23,Victor King,SKU-0146,2357.00,West
3134,2024-05-29,Leo Jackson,SKU-0115,2307.00,North
3135,2024-02-23,Xavier Lopez,SKU-0117,8309.00,South
3136,2024-08-24,Lucas Turner,SKU-0193,8251.00,South
3137,2024-05-22,Lucas Turner,SKU-0166,4889.00,South
3138,2024-11-24,Lucas Turner,SKU-0120,23773.00,West
3139,2024-07-03,David Kim,SKU-0086,17542.00,Central
3140,2024-01-18,Frank Wilson,SKU-0090,29021.00,East
3141,2024-02-08,Oscar Edwards,SKU-0195,29138.00,West
3142,2024-11-20,Noah Clark,SKU-0179,27697.00,West
3143,2024-11-06,Bob Martinez,SKU-0003,18920.00,Central
3144,2024-07-13,Carol White,SKU-0177,13341.00,North
3145,2024-11-03,Yusuf Bell,SKU-0069,26171.00,South
3146,2024-08-02,Gina Mitchell,SKU-0200,7796.00,North
3147,2024-09-06,Ursula Rogers,SKU-0123,8877.00,East
3148,2024-01-15,Bob Martinez,SKU-0100,5217.00,North
3149,2024-05-10,Leo Jackson,SKU-0117,4594.00,North
3150,2024-12-09,Hugo Roberts,SKU-0049,24254.00,West
3151,2024-03-25,Elena Ramirez,SKU-0200,19368.00,South
3152,2024-05-07,Peter Robinson,SKU-0159,4899.00,West
3153,2024-11-13,Kelly Evans,SKU-0115,22703.00,East
3154,2024-06-13,Yusuf Bell,SKU-0154,29710.00,South
3155,2024-03-29,Lucas Turner,SKU-0148,10392.00,Central
3156,2024-06-20,Ivy Carter,SKU-0160,11333.00,North
3157,2024-01-30,Bob Martinez,SKU-0013,10357.00,North
3158,2024-09-20,Bob Martinez,SKU-0137,6576.00,North
3159,2024-06-12,Kelly Evans,SKU-0082,14735.00,South
3160,2024-12-25,Amy Adams,SKU-0106,6923.00,North
3161,2024-03-09,Wendy Wright,SKU-0115,11192.00,East
3162,2024-02-04,Alice Chen,SKU-0195,29930.00,North
3163,2024-03-27,Vincent Reed,SKU-0124,2020.00,West
3164,2024-04-08,Peter Robinson,SKU-0045,16593.00,East
3165,2024-08-12,Grace Liu,SKU-0070,5404.00,East
3166,2024-10-27,Amy Adams,SKU-0197,14394.00,West
3167,2024-03-04,Paula Collins,SKU-0189,5595.00,East
3168,2024-06-12,Lucas Turner,SKU-0178,16324.00,Central
3169,2024-09-17,Derek Hill,SKU-0006,6672.00,South
3170,2024-08-21,Felix Campbell,SKU-0139,3968.00,West
3171,2024-10-18,Frank Wilson,SKU-0167,25145.00,West
3172,2024-02-02,David Kim,SKU-0144,9442.00,North
3173,2024-08-10,Vincent Reed,SKU-0134,7492.00,North
3174,2024-09-27,Derek Hill,SKU-0199,9114.00,South
3175,2024-06-17,Gina Mitchell,SKU-0116,21829.00,East
3176,2024-10-19,Maya Harris,SKU-0081,21189.00,Central
3177,2024-12-08,Wendy Wright,SKU-0007,12731.00,West
3178,2024-01-05,Reed Stewart,SKU-0121,3173.00,South
3179,2024-02-15,Maya Harris,SKU-0139,28490.00,Central
3180,2024-08-19,Yusuf Bell,SKU-0002,10236.00,South
3181,2024-12-13,Frank Wilson,SKU-0090,25365.00,South
3182,2024-12-10,Kate Thomas,SKU-0112,1063.00,East
3183,2024-10-18,Lucas Turner,SKU-0121,1783.00,Central
3184,2024-12-01,Alice Chen,SKU-0112,12674.00,West
3185,2024-06-05,Ursula Rogers,SKU-0024,27348.00,South
3186,2024-09-25,Brian Baker,SKU-0157,3830.00,South
3187,2024-11-25,Peter Robinson,SKU-0133,22291.00,Central
3188,2024-12-06,Tina Young,SKU-0034,3067.00,Central
3189,2024-02-13,Gina Mitchell,SKU-0194,17375.00,Central
3190,2024-08-16,Carol White,SKU-0166,7792.00,South
3191,2024-09-03,Sofia Sanchez,SKU-0017,6360.00,East
3192,2024-09-30,Frank Wilson,SKU-0015,8430.00,North
3193,2024-08-10,Monica Torres,SKU-0011,7649.00,Central
3194,2024-01-29,Gina Mitchell,SKU-0151,8644.00,Central
3195,2024-12-04,Emma Brown,SKU-0118,29179.00,North
3196,2024-11-28,Victor King,SKU-0088,19684.00,Central
3197,2024-07-07,Kate Thomas,SKU-0131,2298.00,West
3198,2024-06-03,Leo Jackson,SKU-0078,3869.00,North
3199,2024-07-30,Monica Torres,SKU-0075,6153.00,West
3200,2024-01-09,Rachel Hall,SKU-0116,28217.00,South
3201,2024-12-01,Xavier Lopez,SKU-0045,17614.00,North
3202,2024-06-03,Vincent Reed,SKU-0143,4061.00,Central
3203,2024-06-30,Xena Morgan,SKU-0107,18519.00,South
3204,2024-06-03,Peter Robinson,SKU-0091,23497.00,West
3205,2024-11-02,Whitney Cook,SKU-0121,24056.00,West
3206,2024-05-14,Paula Collins,SKU-0096,17999.00,South
3207,2024-06-04,Sam Allen,SKU-0089,13547.00,North
3208,2024-12-18,Derek Hill,SKU-0174,26296.00,North
3209,2024-05-02,Grace Liu,SKU-0048,24025.00,North
3210,2024-09-03,Emma Brown,SKU-0052,16088.00,West
3211,2024-07-03,Maya Harris,SKU-0162,4116.00,North
3212,2024-07-12,Sofia Sanchez,SKU-0143,3200.00,East
3213,2024-07-16,Monica Torres,SKU-0101,6147.00,East
3214,2024-06-29,Carol White,SKU-0145,21542.00,South
3215,2024-03-13,Zach Green,SKU-0036,9076.00,Central
3216,2024-11-25,Grace Liu,SKU-0104,21913.00,Central
3217,2024-02-21,Wendy Wright,SKU-0121,9179.00,North
3218,2024-09-06,Kelly Evans,SKU-0016,6206.00,East
3219,2024-10-25,Gina Mitchell,SKU-0007,28364.00,North
3220,2024-12-18,Peter Robinson,SKU-0071,14730.00,West
3221,2024-01-11,Felix Campbell,SKU-0131,21949.00,Central
3222,2024-08-28,Grace Liu,SKU-0032,8015.00,Central
3223,2024-05-18,Wendy Wright,SKU-0178,4179.00,North
3224,2024-09-30,Maya Harris,SKU-0100,3429.00,East
3225,2024-05-01,Kate Thomas,SKU-0170,10598.00,West
3226,2024-01-19,Kelly Evans,SKU-0057,16956.00,East
3227,2024-03-12,Amy Adams,SKU-0109,25637.00,North
3228,2024-09-22,Whitney Cook,SKU-0012,5111.00,South
3229,2024-07-15,Ivy Carter,SKU-0067,2523.00,West
3230,2024-02-15,Sam Allen,SKU-0190,8187.00,North
3231,2024-09-27,Wendy Wright,SKU-0186,3877.00,Central
3232,2024-09-04,Troy Morris,SKU-0058,15414.00,West
3233,2024-05-22,Bob Martinez,SKU-0035,18605.00,West
3234,2024-08-12,Hugo Roberts,SKU-0110,2288.00,North
3235,2024-10-27,Peter Robinson,SKU-0061,12230.00,East
3236,2024-08-08,Tina Young,SKU-0111,7214.00,South
3237,2024-02-29,Sofia Sanchez,SKU-0050,6751.00,North
3238,2024-01-16,Sofia Sanchez,SKU-0152,5476.00,North
3239,2024-07-16,Yusuf Bell,SKU-0136,10967.00,North
3240,2024-04-08,Noah Clark,SKU-0078,23526.00,Central
3241,2024-02-03,Rachel Hall,SKU-0190,4909.00,Central
3242,2024-09-12,Zach Green,SKU-0126,4908.00,West
3243,2024-08-02,Elena Ramirez,SKU-0177,4528.00,South
3244,2024-04-30,Carol White,SKU-0053,24803.00,Central
3245,2024-09-25,Noah Clark,SKU-0163,6556.00,West
3246,2024-08-04,Chloe Nelson,SKU-0092,7725.00,East
3247,2024-06-08,Maya Harris,SKU-0143,18975.00,Central
3248,2024-11-24,Emma Brown,SKU-0200,1746.00,Central
3249,2024-09-12,Derek Hill,SKU-0118,3179.00,South
3250,2024-08-20,Kate Thomas,SKU-0176,8739.00,South
3251,2024-02-09,Troy Morris,SKU-0014,11099.00,Central
3252,2024-09-03,Wendy Wright,SKU-0085,6699.00,East
3253,2024-07-17,Grace Liu,SKU-0037,7145.00,North
3254,2024-02-11,Iris Patel,SKU-0199,10494.00,Central
3255,2024-06-11,Felix Campbell,SKU-0168,23791.00,North
3256,2024-11-06,Oscar Edwards,SKU-0012,21207.00,South
3257,2024-11-20,Yusuf Bell,SKU-0044,11264.00,Central
3258,2024-12-15,Bob Martinez,SKU-0147,23669.00,East
3259,2024-10-06,Troy Morris,SKU-0062,14457.00,East
3260,2024-08-04,Gina Mitchell,SKU-0137,6692.00,North
3261,2024-09-17,Carol White,SKU-0139,9607.00,Central
3262,2024-11-11,Carol White,SKU-0187,10706.00,West
3263,2024-01-28,Tina Young,SKU-0092,26165.00,South
3264,2024-04-17,Kelly Evans,SKU-0161,9553.00,East
3265,2024-07-30,Paula Collins,SKU-0164,8166.00,West
3266,2024-01-04,Xena Morgan,SKU-0137,22069.00,West
3267,2024-05-04,Amy Adams,SKU-0070,13112.00,North
3268,2024-10-19,Rachel Hall,SKU-0002,13846.00,Central
3269,2024-09-24,Iris Patel,SKU-0062,10889.00,East
3270,2024-04-04,Tina Young,SKU-0050,6579.00,West
3271,2024-05-09,Troy Morris,SKU-0021,24448.00,West
3272,2024-02-07,Henry Taylor,SKU-0135,3337.00,Central
3273,2024-04-21,Monica Torres,SKU-0023,18012.00,Central
3274,2024-03-22,Leo Jackson,SKU-0105,12725.00,North
3275,2024-05-23,Felix Campbell,SKU-0162,18021.00,Central
3276,2024-01-10,Brian Baker,SKU-0017,29391.00,West
3277,2024-07-02,Bob Martinez,SKU-0062,7357.00,South
3278,2024-01-05,Chloe Nelson,SKU-0188,26556.00,Central
3279,2024-04-03,Whitney Cook,SKU-0162,21756.00,East
3280,2024-09-22,Gina Mitchell,SKU-0055,8391.00,East
3281,2024-05-18,Frank Wilson,SKU-0084,8737.00,North
3282,2024-10-21,Derek Hill,SKU-0073,25080.00,West
3283,2024-02-13,Uma Hernandez,SKU-0071,12121.00,South
3284,2024-06-11,Alice Chen,SKU-0153,8115.00,Central
3285,2024-06-03,Iris Patel,SKU-0125,5361.00,West
3286,2024-04-03,Jack Anderson,SKU-0191,24884.00,North
3287,2024-06-12,Iris Patel,SKU-0004,10164.00,Central
3288,2024-06-09,Victor King,SKU-0178,22928.00,South
3289,2024-01-09,Ursula Rogers,SKU-0171,8855.00,North
3290,2024-05-29,Zach Green,SKU-0033,25954.00,North
3291,2024-10-26,Rachel Hall,SKU-0040,7435.00,North
3292,2024-10-21,Troy Morris,SKU-0169,25461.00,North
3293,2024-07-03,Maya Harris,SKU-0166,3492.00,West
3294,2024-04-28,Hugo Roberts,SKU-0193,18973.00,East
3295,2024-05-28,Uma Hernandez,SKU-0198,16397.00,West
3296,2024-02-02,Ursula Rogers,SKU-0107,9714.00,North
3297,2024-06-13,Grace Liu,SKU-0172,15733.00,South
3298,2024-04-03,Yusuf Bell,SKU-0058,12569.00,North
3299,2024-07-29,Olivia Lewis,SKU-0033,7930.00,East
3300,2024-07-02,Maya Harris,SKU-0174,3068.00,East
3301,2024-12-31,Maya Harris,SKU-0153,18595.00,Central
3302,2024-08-27,Zach Green,SKU-0139,7243.00,East
3303,2024-06-20,Kate Thomas,SKU-0040,3994.00,Central
3304,2024-12-20,Vincent Reed,SKU-0120,25086.00,South
3305,2024-08-21,Quinn Walker,SKU-0022,5097.00,South
3306,2024-08-13,Quinn Walker,SKU-0004,5973.00,East
3307,2024-05-21,Brian Baker,SKU-0030,28869.00,North
3308,2024-06-06,Nathan Parker,SKU-0093,6392.00,North
3309,2024-01-15,Yara Scott,SKU-0116,16926.00,Central
3310,2024-03-12,Jack Anderson,SKU-0042,7087.00,Central
3311,2024-07-05,Tina Young,SKU-0153,7128.00,North
3312,2024-04-13,Olivia Lewis,SKU-0046,21728.00,South
3313,2024-08-26,Chloe Nelson,SKU-0057,4781.00,North
3314,2024-06-08,Bob Martinez,SKU-0159,5986.00,West
3315,2024-12-13,Oscar Edwards,SKU-0125,28133.00,South
3316,2024-07-13,Rachel Hall,SKU-0128,8287.00,West
3317,2024-08-11,Sofia Sanchez,SKU-0140,3339.00,North
3318,2024-09-08,Troy Morris,SKU-0056,14230.00,Central
3319,2024-07-17,Victor King,SKU-0051,9279.00,South
3320,2024-04-19,David Kim,SKU-0116,27065.00,West
3321,2024-06-11,Derek Hill,SKU-0076,15141.00,East
3322,2024-09-14,Wendy Wright,SKU-0164,3592.00,East
3323,2024-05-26,Whitney Cook,SKU-0098,3545.00,South
3324,2024-09-02,Nathan Parker,SKU-0085,4676.00,South
3325,2024-07-05,Troy Morris,SKU-0031,9100.00,East
3326,2024-06-27,Ursula Rogers,SKU-0034,23797.00,West
3327,2024-04-25,Paula Collins,SKU-0199,630.00,Central
3328,2024-12-31,Xena Morgan,SKU-0144,5109.00,East
3329,2024-05-09,Oscar Edwards,SKU-0194,7098.00,North
3330,2024-11-20,Uma Hernandez,SKU-0164,10456.00,Central
3331,2024-09-28,Sam Allen,SKU-0019,3882.00,East
3332,2024-03-27,Jack Anderson,SKU-0080,27047.00,East
3333,2024-05-21,Maya Harris,SKU-0198,22173.00,North
3334,2024-07-21,Vincent Reed,SKU-0082,9462.00,West
3335,2024-01-12,Hugo Roberts,SKU-0167,25209.00,Central
3336,2024-02-21,Brian Baker,SKU-0008,12773.00,South
3337,2024-06-10,Tina Young,SKU-0125,5848.00,North
3338,2024-02-11,Chloe Nelson,SKU-0152,3871.00,South
3339,2024-10-24,Yusuf Bell,SKU-0181,21038.00,West
3340,2024-02-27,Maya Harris,SKU-0122,26676.00,East
3341,2024-05-13,Ivy Carter,SKU-0053,28592.00,Central
3342,2024-07-21,Ivy Carter,SKU-0130,8421.00,East
3343,2024-11-07,Felix Campbell,SKU-0007,29051.00,Central
3344,2024-08-14,Felix Campbell,SKU-0057,5964.00,West
3345,2024-07-12,Henry Taylor,SKU-0186,9479.00,South
3346,2024-02-04,Iris Patel,SKU-0018,13947.00,Central
3347,2024-06-29,Sofia Sanchez,SKU-0174,22217.00,North
3348,2024-05-26,Quinn Walker,SKU-0186,2050.00,North
3349,2024-10-02,Hugo Roberts,SKU-0182,28574.00,North
3350,2024-02-09,Amy Adams,SKU-0119,21664.00,North
3351,2024-12-05,Jake Phillips,SKU-0136,29435.00,North
3352,2024-07-24,Grace Liu,SKU-0073,5945.00,East
3353,2024-10-18,Nathan Parker,SKU-0125,10824.00,North
3354,2024-02-21,Nathan Parker,SKU-0118,27064.00,East
3355,2024-09-22,Paula Collins,SKU-0034,5283.00,North
3356,2024-01-05,Monica Torres,SKU-0185,8528.00,North
3357,2024-02-03,Jack Anderson,SKU-0050,26842.00,East
3358,2024-11-22,Yusuf Bell,SKU-0028,3005.00,South
3359,2024-07-16,Lucas Turner,SKU-0144,11304.00,West
3360,2024-06-28,Quinn Walker,SKU-0172,3204.00,South
3361,2024-01-02,Bob Martinez,SKU-0042,23867.00,West
3362,2024-11-24,Iris Patel,SKU-0145,17631.00,West
3363,2024-08-11,Elena Ramirez,SKU-0180,5767.00,West
3364,2024-09-19,Gina Mitchell,SKU-0112,7984.00,South
3365,2024-06-06,Grace Liu,SKU-0164,14246.00,Central
3366,2024-04-09,Jack Anderson,SKU-0090,27467.00,East
3367,2024-05-06,Uma Hernandez,SKU-0145,15872.00,North
3368,2024-10-15,Brian Baker,SKU-0163,29888.00,Central
3369,2024-07-09,Leo Jackson,SKU-0025,4977.00,West
3370,2024-03-01,Jake Phillips,SKU-0110,26133.00,Central
3371,2024-08-25,Troy Morris,SKU-0086,7738.00,East
3372,2024-12-24,Carol White,SKU-0071,13401.00,East
3373,2024-02-12,Olivia Lewis,SKU-0139,2031.00,South
3374,2024-08-20,Leo Jackson,SKU-0015,2663.00,South
3375,2024-06-27,Sam Allen,SKU-0103,9035.00,South
3376,2024-09-22,Leo Jackson,SKU-0013,6950.00,East
3377,2024-01-29,Xavier Lopez,SKU-0133,24190.00,West
3378,2024-12-27,Bob Martinez,SKU-0136,14878.00,Central
3379,2024-07-25,Jack Anderson,SKU-0030,10580.00,East
3380,2024-01-30,Tina Young,SKU-0173,9159.00,Central
3381,2024-01-22,Iris Patel,SKU-0058,18342.00,Central
3382,2024-05-12,Henry Taylor,SKU-0157,21199.00,West
3383,2024-10-18,Jack Anderson,SKU-0063,20427.00,South
3384,2024-11-05,Yusuf Bell,SKU-0064,29918.00,Central
3385,2024-10-26,Lucas Turner,SKU-0131,14658.00,East
3386,2024-02-05,Ursula Rogers,SKU-0133,4238.00,Central
3387,2024-04-19,Sam Allen,SKU-0054,6715.00,North
3388,2024-08-13,Kelly Evans,SKU-0050,3177.00,South
3389,2024-11-13,Frank Wilson,SKU-0009,19612.00,Central
3390,2024-01-14,Gina Mitchell,SKU-0030,22593.00,Central
3391,2024-11-20,Ivy Carter,SKU-0041,13628.00,West
3392,2024-01-06,Chloe Nelson,SKU-0141,4479.00,North
3393,2024-08-23,Olivia Lewis,SKU-0114,8864.00,West
3394,2024-10-05,Elena Ramirez,SKU-0067,13089.00,South
3395,2024-06-27,Carol White,SKU-0066,25371.00,North
3396,2024-09-09,Sofia Sanchez,SKU-0084,3273.00,East
3397,2024-06-29,Jake Phillips,SKU-0175,10398.00,East
3398,2024-09-25,Leo Jackson,SKU-0096,7181.00,West
3399,2024-06-10,Henry Taylor,SKU-0112,21036.00,Central
3400,2024-01-21,Frank Wilson,SKU-0183,14472.00,East
3401,2024-01-12,Lucas Turner,SKU-0040,13025.00,Central
3402,2024-02-15,Whitney Cook,SKU-0087,17907.00,East
3403,2024-08-01,Monica Torres,SKU-0194,5320.00,North
3404,2024-05-18,Sam Allen,SKU-0027,8149.00,North
3405,2024-09-23,Brian Baker,SKU-0027,7912.00,North
3406,2024-02-27,Jake Phillips,SKU-0043,5583.00,South
3407,2024-08-13,Xena Morgan,SKU-0181,10561.00,East
3408,2024-07-08,Wendy Wright,SKU-0156,1972.00,South
3409,2024-05-06,Rachel Hall,SKU-0086,4816.00,West
3410,2024-01-23,Amy Adams,SKU-0013,5694.00,South
3411,2024-09-22,Lucas Turner,SKU-0007,7091.00,South
3412,2024-10-19,Kate Thomas,SKU-0191,29393.00,East
3413,2024-06-22,Wendy Wright,SKU-0032,28757.00,South
3414,2024-02-12,Henry Taylor,SKU-0133,25134.00,South
3415,2024-05-10,Monica Torres,SKU-0100,24312.00,North
3416,2024-08-05,Hugo Roberts,SKU-0106,9206.00,North
3417,2024-10-31,Sam Allen,SKU-0093,28797.00,South
3418,2024-07-24,Grace Liu,SKU-0003,14095.00,Central
3419,2024-08-31,Emma Brown,SKU-0031,22516.00,West
3420,2024-03-14,Quinn Walker,SKU-0130,16971.00,North
3421,2024-06-03,Yara Scott,SKU-0145,15135.00,North
3422,2024-10-02,Nathan Parker,SKU-0045,26920.00,South
3423,2024-01-30,Iris Patel,SKU-0076,25892.00,North
3424,2024-09-16,Vincent Reed,SKU-0101,6712.00,West
3425,2024-03-13,Leo Jackson,SKU-0041,6200.00,South
3426,2024-02-05,Kate Thomas,SKU-0049,5692.00,East
3427,2024-07-03,Chloe Nelson,SKU-0138,7360.00,South
3428,2024-11-01,Uma Hernandez,SKU-0072,11235.00,North
3429,2024-08-03,Yara Scott,SKU-0112,3888.00,Central
3430,2024-09-10,Kelly Evans,SKU-0046,9538.00,South
3431,2024-06-06,Maya Harris,SKU-0143,3004.00,South
3432,2024-04-24,Gina Mitchell,SKU-0157,22487.00,East
3433,2024-03-12,Ivy Carter,SKU-0186,20065.00,South
3434,2024-03-18,Maya Harris,SKU-0108,11526.00,North
3435,2024-04-24,Uma Hernandez,SKU-0107,5574.00,North
3436,2024-12-02,Zach Green,SKU-0046,17337.00,South
3437,2024-08-19,Oscar Edwards,SKU-0116,2208.00,West
3438,2024-05-04,Whitney Cook,SKU-0055,9802.00,East
3439,2024-10-30,Sam Allen,SKU-0108,2968.00,Central
3440,2024-03-25,Maya Harris,SKU-0188,5714.00,East
3441,2024-06-30,Reed Stewart,SKU-0097,12283.00,South
3442,2024-05-15,Xavier Lopez,SKU-0186,22447.00,Central
3443,2024-06-18,Victor King,SKU-0125,16005.00,East
3444,2024-07-26,Alice Chen,SKU-0048,16620.00,East
3445,2024-01-22,Henry Taylor,SKU-0187,22485.00,South
3446,2024-09-19,Kelly Evans,SKU-0067,3258.00,South
3447,2024-06-18,Felix Campbell,SKU-0190,18875.00,West
3448,2024-08-11,Frank Wilson,SKU-0197,10533.00,North
3449,2024-10-16,Leo Jackson,SKU-0124,27081.00,South
3450,2024-11-10,Oscar Edwards,SKU-0141,19254.00,North
3451,2024-09-23,Jake Phillips,SKU-0127,4600.00,West
3452,2024-06-28,Wendy Wright,SKU-0048,5594.00,North
3453,2024-04-30,Uma Hernandez,SKU-0109,5302.00,North
3454,2024-10-07,Xavier Lopez,SKU-0142,23034.00,North
3455,2024-07-19,Uma Hernandez,SKU-0200,6362.00,Central
3456,2024-12-15,Nathan Parker,SKU-0074,4280.00,West
3457,2024-06-25,Olivia Lewis,SKU-0143,6979.00,West
3458,2024-08-16,Sofia Sanchez,SKU-0159,4458.00,West
3459,2024-12-05,Peter Robinson,SKU-0083,24568.00,West
3460,2024-09-18,Tina Young,SKU-0126,5551.00,South
3461,2024-06-14,Xavier Lopez,SKU-0175,26064.00,Central
3462,2024-05-02,Yusuf Bell,SKU-0074,14193.00,North
3463,2024-05-06,Noah Clark,SKU-0064,25638.00,East
3464,2024-12-23,Kate Thomas,SKU-0074,5833.00,Central
3465,2024-05-10,Troy Morris,SKU-0124,28269.00,North
3466,2024-03-30,Grace Liu,SKU-0145,18748.00,East
3467,2024-02-17,Iris Patel,SKU-0094,25844.00,West
3468,2024-03-07,Amy Adams,SKU-0059,28068.00,Central
3469,2024-08-14,Kate Thomas,SKU-0195,7267.00,East
3470,2024-01-11,Maya Harris,SKU-0176,17460.00,North
3471,2024-08-16,Noah Clark,SKU-0109,4938.00,South
3472,2024-11-08,Victor King,SKU-0164,14408.00,Central
3473,2024-08-14,Noah Clark,SKU-0176,6010.00,East
3474,2024-10-29,Felix Campbell,SKU-0095,26904.00,Central
3475,2024-08-21,Quinn Walker,SKU-0107,2904.00,West
3476,2024-02-12,Ursula Rogers,SKU-0031,2021.00,East
3477,2024-03-21,Oscar Edwards,SKU-0138,1572.00,West
3478,2024-07-03,Sam Allen,SKU-0171,5258.00,South
3479,2024-03-22,Jack Anderson,SKU-0195,22970.00,Central
3480,2024-12-20,Rachel Hall,SKU-0030,18659.00,North
3481,2024-06-18,Grace Liu,SKU-0052,14751.00,West
3482,2024-04-01,Uma Hernandez,SKU-0166,20146.00,East
3483,2024-09-08,Alice Chen,SKU-0049,21018.00,South
3484,2024-06-02,Yara Scott,SKU-0031,29983.00,South
3485,2024-10-23,Zach Green,SKU-0018,26532.00,North
3486,2024-04-24,Tina Young,SKU-0146,23240.00,East
3487,2024-09-28,Felix Campbell,SKU-0188,2876.00,East
3488,2024-10-26,Grace Liu,SKU-0033,18554.00,Central
3489,2024-10-06,Vincent Reed,SKU-0134,24524.00,West
3490,2024-11-17,Sam Allen,SKU-0107,1865.00,South
3491,2024-12-24,Elena Ramirez,SKU-0103,20765.00,East
3492,2024-03-25,Xena Morgan,SKU-0113,10004.00,East
3493,2024-12-28,Sam Allen,SKU-0027,27311.00,East
3494,2024-05-21,Peter Robinson,SKU-0154,6671.00,South
3495,2024-08-06,Emma Brown,SKU-0068,12274.00,West
3496,2024-02-10,Leo Jackson,SKU-0070,843.00,Central
3497,2024-07-05,Maya Harris,SKU-0178,3094.00,Central
3498,2024-04-24,Troy Morris,SKU-0079,1575.00,Central
3499,2024-02-21,Troy Morris,SKU-0048,15104.00,South
3500,2024-11-09,Hugo Roberts,SKU-0161,25870.00,East
3501,2024-12-10,Rachel Hall,SKU-0102,14790.00,East
3502,2024-09-13,Whitney Cook,SKU-0033,9096.00,North
3503,2024-07-27,Brian Baker,SKU-0101,6635.00,South
3504,2024-07-18,Zach Green,SKU-0036,3540.00,East
3505,2024-10-02,Peter Robinson,SKU-0045,26751.00,East
3506,2024-05-24,Tina Young,SKU-0038,27866.00,South
3507,2024-09-29,Uma Hernandez,SKU-0124,7132.00,West
3508,2024-03-08,Paula Collins,SKU-0013,1011.00,South
3509,2024-02-17,Gina Mitchell,SKU-0105,8374.00,South
3510,2024-08-27,Quinn Walker,SKU-0183,3979.00,North
3511,2024-08-12,Ivy Carter,SKU-0157,5763.00,South
3512,2024-07-20,Wendy Wright,SKU-0125,5684.00,Central
3513,2024-06-21,Uma Hernandez,SKU-0022,18565.00,East
3514,2024-08-30,Monica Torres,SKU-0025,4803.00,East
3515,2024-01-22,Carol White,SKU-0104,28769.00,West
3516,2024-11-20,Maya Harris,SKU-0171,12712.00,South
3517,2024-01-27,Yara Scott,SKU-0027,21743.00,North
3518,2024-06-15,Xena Morgan,SKU-0052,10980.00,West
3519,2024-03-11,Reed Stewart,SKU-0071,18794.00,Central
3520,2024-12-03,Whitney Cook,SKU-0166,28954.00,North
3521,2024-06-20,Vincent Reed,SKU-0126,18332.00,East
3522,2024-05-14,Hugo Roberts,SKU-0155,23451.00,West
3523,2024-08-25,Monica Torres,SKU-0065,5617.00,North
3524,2024-08-21,Lucas Turner,SKU-0003,5981.00,East
3525,2024-09-06,Xena Morgan,SKU-0005,9119.00,Central
3526,2024-03-26,Lucas Turner,SKU-0056,883.00,North
3527,2024-12-15,Reed Stewart,SKU-0171,27180.00,East
3528,2024-03-25,Jake Phillips,SKU-0180,10230.00,Central
3529,2024-06-24,Tina Young,SKU-0015,8511.00,Central
3530,2024-02-11,Wendy Wright,SKU-0180,21481.00,Central
3531,2024-12-02,Chloe Nelson,SKU-0083,12241.00,South
3532,2024-03-05,Chloe Nelson,SKU-0055,10401.00,West
3533,2024-04-23,Rachel Hall,SKU-0033,11314.00,Central
3534,2024-02-28,Zach Green,SKU-0090,1518.00,West
3535,2024-01-08,Ivy Carter,SKU-0039,26891.00,West
3536,2024-05-26,Lucas Turner,SKU-0156,12955.00,South
3537,2024-01-08,Grace Liu,SKU-0060,21268.00,North
3538,2024-12-26,Oscar Edwards,SKU-0112,8911.00,North
3539,2024-08-16,Olivia Lewis,SKU-0185,7237.00,Central
3540,2024-01-27,Iris Patel,SKU-0114,20742.00,South
3541,2024-02-03,Paula Collins,SKU-0080,2395.00,South
3542,2024-03-19,Whitney Cook,SKU-0166,19791.00,East
3543,2024-08-11,Victor King,SKU-0179,6706.00,Central
3544,2024-11-10,Emma Brown,SKU-0147,27985.00,West
3545,2024-09-28,Emma Brown,SKU-0141,5713.00,East
3546,2024-02-26,Whitney Cook,SKU-0158,26850.00,West
3547,2024-11-11,Quinn Walker,SKU-0150,15693.00,Central
3548,2024-08-24,Bob Martinez,SKU-0159,10734.00,West
3549,2024-04-07,Paula Collins,SKU-0192,19696.00,North
3550,2024-09-03,Uma Hernandez,SKU-0045,4868.00,West
3551,2024-08-17,Chloe Nelson,SKU-0081,6962.00,Central
3552,2024-04-28,Olivia Lewis,SKU-0114,6682.00,West
3553,2024-03-15,Kelly Evans,SKU-0079,6837.00,East
3554,2024-08-26,Maya Harris,SKU-0033,4019.00,West
3555,2024-04-17,Jack Anderson,SKU-0002,4037.00,South
3556,2024-09-04,Carol White,SKU-0060,2384.00,East
3557,2024-03-10,Troy Morris,SKU-0066,28614.00,North
3558,2024-10-01,Lucas Turner,SKU-0040,28079.00,West
3559,2024-06-04,Peter Robinson,SKU-0131,16138.00,North
3560,2024-03-19,Bob Martinez,SKU-0025,23039.00,Central
3561,2024-02-01,Kelly Evans,SKU-0011,11311.00,Central
3562,2024-03-11,Bob Martinez,SKU-0053,15167.00,North
3563,2024-08-16,Frank Wilson,SKU-0171,10603.00,South
3564,2024-06-19,Amy Adams,SKU-0098,4628.00,East
3565,2024-07-30,Emma Brown,SKU-0158,11702.00,South
3566,2024-08-03,Yusuf Bell,SKU-0036,14155.00,East
3567,2024-12-20,Nathan Parker,SKU-0013,17583.00,East
3568,2024-04-04,Brian Baker,SKU-0064,7308.00,North
3569,2024-01-12,Leo Jackson,SKU-0040,17912.00,West
3570,2024-12-02,Tina Young,SKU-0065,27792.00,Central
3571,2024-12-07,Maya Harris,SKU-0055,1101.00,West
3572,2024-09-07,Hugo Roberts,SKU-0180,6888.00,West
3573,2024-05-26,Reed Stewart,SKU-0072,14030.00,South
3574,2024-12-17,Paula Collins,SKU-0111,9492.00,Central
3575,2024-07-04,Amy Adams,SKU-0028,10927.00,East
3576,2024-07-05,Vincent Reed,SKU-0108,10024.00,South
3577,2024-12-15,Zach Green,SKU-0131,13229.00,South
3578,2024-05-03,Kate Thomas,SKU-0169,13143.00,West
3579,2024-01-01,Yara Scott,SKU-0153,16497.00,North
3580,2024-06-29,Frank Wilson,SKU-0067,19526.00,South
3581,2024-08-09,Victor King,SKU-0070,7832.00,Central
3582,2024-09-18,Kelly Evans,SKU-0169,5683.00,West
3583,2024-03-26,David Kim,SKU-0059,10449.00,East
3584,2024-07-14,Zach Green,SKU-0190,6140.00,South
3585,2024-03-04,Chloe Nelson,SKU-0096,13847.00,West
3586,2024-11-28,Noah Clark,SKU-0134,4128.00,North
3587,2024-09-28,Monica Torres,SKU-0165,6109.00,East
3588,2024-12-12,Oscar Edwards,SKU-0018,29400.00,East
3589,2024-04-20,Brian Baker,SKU-0149,20615.00,East
3590,2024-06-18,Peter Robinson,SKU-0141,28432.00,North
3591,2024-10-15,Whitney Cook,SKU-0133,22507.00,Central
3592,2024-09-08,Brian Baker,SKU-0100,8016.00,Central
3593,2024-05-01,Chloe Nelson,SKU-0143,21188.00,South
3594,2024-09-04,Bob Martinez,SKU-0028,8771.00,West
3595,2024-12-04,Whitney Cook,SKU-0169,1638.00,Central
3596,2024-06-24,Bob Martinez,SKU-0169,27551.00,South
3597,2024-07-02,Rachel Hall,SKU-0061,13686.00,Central
3598,2024-01-09,Tina Young,SKU-0061,25764.00,North
3599,2024-10-14,Jake Phillips,SKU-0123,13725.00,North
3600,2024-05-08,Bob Martinez,SKU-0128,26500.00,West
3601,2024-06-28,Maya Harris,SKU-0029,8039.00,North
3602,2024-08-30,David Kim,SKU-0107,14830.00,Central
3603,2024-06-30,Rachel Hall,SKU-0071,12039.00,North
3604,2024-09-08,Quinn Walker,SKU-0056,2608.00,East
3605,2024-09-12,Victor King,SKU-0045,10333.00,East
3606,2024-11-21,Noah Clark,SKU-0014,23522.00,South
3607,2024-06-27,Hugo Roberts,SKU-0050,687.00,West
3608,2024-08-05,Olivia Lewis,SKU-0089,10441.00,South
3609,2024-02-03,Wendy Wright,SKU-0154,24145.00,West
3610,2024-06-26,Iris Patel,SKU-0069,2167.00,North
3611,2024-11-07,Peter Robinson,SKU-0163,7496.00,North
3612,2024-08-20,Rachel Hall,SKU-0092,8935.00,Central
3613,2024-12-12,Lucas Turner,SKU-0102,23200.00,Central
3614,2024-08-15,Sam Allen,SKU-0149,4659.00,North
3615,2024-11-05,Lucas Turner,SKU-0039,25016.00,West
3616,2024-05-17,Brian Baker,SKU-0055,21996.00,South
3617,2024-02-06,Sam Allen,SKU-0102,5426.00,South
3618,2024-04-02,Amy Adams,SKU-0036,14278.00,North
3619,2024-07-28,Vincent Reed,SKU-0157,9440.00,South
3620,2024-05-08,Xena Morgan,SKU-0132,14298.00,West
3621,2024-12-14,Monica Torres,SKU-0058,24316.00,East
3622,2024-06-26,Emma Brown,SKU-0142,22923.00,East
3623,2024-01-09,Derek Hill,SKU-0025,1834.00,Central
3624,2024-10-12,Lucas Turner,SKU-0080,17787.00,North
3625,2024-10-02,Maya Harris,SKU-0162,18371.00,West
3626,2024-11-30,Elena Ramirez,SKU-0035,25342.00,South
3627,2024-01-25,Xavier Lopez,SKU-0106,9058.00,North
3628,2024-02-27,Kelly Evans,SKU-0198,6890.00,Central
3629,2024-02-26,Vincent Reed,SKU-0126,8767.00,East
3630,2024-05-31,Xavier Lopez,SKU-0171,10227.00,West
3631,2024-07-28,Elena Ramirez,SKU-0066,5226.00,South
3632,2024-08-27,Victor King,SKU-0181,11603.00,Central
3633,2024-05-23,Kelly Evans,SKU-0016,9134.00,East
3634,2024-07-24,Jack Anderson,SKU-0021,7431.00,Central
3635,2024-11-22,Kelly Evans,SKU-0045,27893.00,Central
3636,2024-04-29,Yara Scott,SKU-0021,8949.00,South
3637,2024-05-12,Sam Allen,SKU-0106,21256.00,West
3638,2024-08-06,Derek Hill,SKU-0151,6213.00,West
3639,2024-11-02,Amy Adams,SKU-0146,9492.00,Central
3640,2024-03-06,Wendy Wright,SKU-0081,11234.00,East
3641,2024-04-06,Uma Hernandez,SKU-0020,15156.00,North
3642,2024-05-04,Noah Clark,SKU-0032,5036.00,North
3643,2024-01-04,Sofia Sanchez,SKU-0066,22357.00,South
3644,2024-02-02,Sam Allen,SKU-0093,25671.00,Central
3645,2024-02-03,David Kim,SKU-0037,17685.00,West
3646,2024-03-24,Alice Chen,SKU-0195,14184.00,Central
3647,2024-12-27,Victor King,SKU-0088,15704.00,West
3648,2024-07-25,Gina Mitchell,SKU-0001,6236.00,West
3649,2024-07-04,Rachel Hall,SKU-0023,16988.00,West
3650,2024-07-01,Gina Mitchell,SKU-0043,10323.00,East
3651,2024-10-01,Ursula Rogers,SKU-0097,10912.00,Central
3652,2024-09-24,Kate Thomas,SKU-0140,6308.00,Central
3653,2024-06-23,David Kim,SKU-0054,22353.00,North
3654,2024-06-10,Wendy Wright,SKU-0003,14353.00,North
3655,2024-01-25,Xena Morgan,SKU-0013,8672.00,West
3656,2024-11-28,Kelly Evans,SKU-0095,29040.00,South
3657,2024-02-23,Maya Harris,SKU-0093,11600.00,East
3658,2024-06-10,Maya Harris,SKU-0173,6907.00,South
3659,2024-04-21,Troy Morris,SKU-0015,9430.00,North
3660,2024-05-27,Quinn Walker,SKU-0078,9195.00,West
3661,2024-06-28,Felix Campbell,SKU-0117,27171.00,North
3662,2024-11-07,Vincent Reed,SKU-0191,23119.00,South
3663,2024-04-11,Alice Chen,SKU-0048,27222.00,North
3664,2024-09-19,Henry Taylor,SKU-0106,9848.00,Central
3665,2024-11-26,Yusuf Bell,SKU-0006,24809.00,East
3666,2024-06-29,Rachel Hall,SKU-0083,8932.00,East
3667,2024-11-10,Troy Morris,SKU-0103,22981.00,West
3668,2024-05-24,Monica Torres,SKU-0124,17083.00,West
3669,2024-02-20,Jack Anderson,SKU-0171,26014.00,West
3670,2024-11-13,Sam Allen,SKU-0013,18952.00,East
3671,2024-02-22,Xena Morgan,SKU-0158,21668.00,West
3672,2024-08-10,Leo Jackson,SKU-0199,5741.00,Central
3673,2024-09-05,Maya Harris,SKU-0005,3051.00,East
3674,2024-09-09,Grace Liu,SKU-0048,13613.00,East
3675,2024-11-10,Tina Young,SKU-0084,5801.00,South
3676,2024-11-27,Alice Chen,SKU-0106,21724.00,East
3677,2024-08-25,Gina Mitchell,SKU-0126,13480.00,North
3678,2024-03-13,Reed Stewart,SKU-0132,26962.00,West
3679,2024-03-27,Uma Hernandez,SKU-0141,25993.00,West
3680,2024-06-23,Whitney Cook,SKU-0158,22231.00,Central
3681,2024-08-16,Nathan Parker,SKU-0193,6005.00,North
3682,2024-05-11,Wendy Wright,SKU-0032,8983.00,South
3683,2024-08-14,Elena Ramirez,SKU-0139,2301.00,Central
3684,2024-12-15,Jake Phillips,SKU-0023,4539.00,Central
3685,2024-02-14,Derek Hill,SKU-0066,17963.00,North
3686,2024-07-06,Oscar Edwards,SKU-0063,1588.00,West
3687,2024-04-06,Amy Adams,SKU-0114,19711.00,West
3688,2024-08-15,Emma Brown,SKU-0162,15767.00,West
3689,2024-04-11,David Kim,SKU-0057,16568.00,South
3690,2024-06-22,Chloe Nelson,SKU-0103,29838.00,Central
3691,2024-10-01,Yara Scott,SKU-0028,20696.00,South
3692,2024-01-23,Uma Hernandez,SKU-0150,798.00,North
3693,2024-09-21,Sofia Sanchez,SKU-0100,1641.00,Central
3694,2024-07-24,Vincent Reed,SKU-0011,6155.00,Central
3695,2024-06-27,Yara Scott,SKU-0119,17731.00,North
3696,2024-01-13,Victor King,SKU-0122,26175.00,North
3697,2024-12-16,Ivy Carter,SKU-0133,18371.00,North
3698,2024-09-03,Vincent Reed,SKU-0131,8772.00,West
3699,2024-02-10,Carol White,SKU-0169,17437.00,Central
3700,2024-09-21,Iris Patel,SKU-0156,13431.00,South
3701,2024-11-09,Henry Taylor,SKU-0167,3950.00,Central
3702,2024-01-30,Frank Wilson,SKU-0176,27867.00,North
3703,2024-08-05,Whitney Cook,SKU-0140,7789.00,West
3704,2024-07-15,Jack Anderson,SKU-0085,7910.00,Central
3705,2024-12-17,Noah Clark,SKU-0161,929.00,Central
3706,2024-07-05,Brian Baker,SKU-0145,9072.00,South
3707,2024-06-18,Frank Wilson,SKU-0043,5538.00,North
3708,2024-01-12,Peter Robinson,SKU-0070,26873.00,West
3709,2024-09-19,Leo Jackson,SKU-0150,8220.00,East
3710,2024-07-18,Leo Jackson,SKU-0034,6782.00,East
3711,2024-12-18,Xena Morgan,SKU-0115,13340.00,South
3712,2024-03-06,David Kim,SKU-0122,20110.00,East
3713,2024-06-07,Victor King,SKU-0169,25036.00,North
3714,2024-01-15,Kate Thomas,SKU-0130,13006.00,East
3715,2024-06-27,Brian Baker,SKU-0047,6524.00,East
3716,2024-08-29,Xavier Lopez,SKU-0184,8874.00,North
3717,2024-07-25,Zach Green,SKU-0170,4564.00,East
3718,2024-06-26,Kate Thomas,SKU-0110,4133.00,West
3719,2024-03-10,Felix Campbell,SKU-0028,23858.00,East
3720,2024-11-05,Elena Ramirez,SKU-0194,5236.00,North
3721,2024-08-22,Zach Green,SKU-0195,7948.00,Central
3722,2024-07-02,Nathan Parker,SKU-0116,8913.00,South
3723,2024-10-05,Wendy Wright,SKU-0013,22779.00,West
3724,2024-06-17,Monica Torres,SKU-0038,11106.00,South
3725,2024-08-01,Oscar Edwards,SKU-0021,3344.00,North
3726,2024-04-29,Quinn Walker,SKU-0087,28338.00,Central
3727,2024-09-11,Frank Wilson,SKU-0157,10417.00,South
3728,2024-06-29,Henry Taylor,SKU-0105,6248.00,South
3729,2024-01-14,Iris Patel,SKU-0049,10823.00,North
3730,2024-08-29,Emma Brown,SKU-0055,10961.00,Central
3731,2024-04-07,Grace Liu,SKU-0027,28527.00,West
3732,2024-08-11,Victor King,SKU-0023,6364.00,East
3733,2024-06-03,Lucas Turner,SKU-0082,3328.00,Central
3734,2024-08-24,Oscar Edwards,SKU-0043,1946.00,Central
3735,2024-06-14,Bob Martinez,SKU-0199,3827.00,South
3736,2024-10-31,Bob Martinez,SKU-0158,2986.00,Central
3737,2024-12-24,Troy Morris,SKU-0032,679.00,West
3738,2024-06-02,Vincent Reed,SKU-0118,28410.00,West
3739,2024-10-13,Nathan Parker,SKU-0136,9311.00,West
3740,2024-02-25,Brian Baker,SKU-0148,28094.00,North
3741,2024-08-07,Bob Martinez,SKU-0024,14691.00,South
3742,2024-01-06,Sofia Sanchez,SKU-0067,26877.00,Central
3743,2024-08-10,Sam Allen,SKU-0050,5278.00,West
3744,2024-06-06,Ivy Carter,SKU-0196,27961.00,North
3745,2024-01-08,Xena Morgan,SKU-0078,20040.00,North
3746,2024-07-18,Victor King,SKU-0098,8371.00,South
3747,2024-03-24,Derek Hill,SKU-0161,12499.00,East
3748,2024-07-13,Victor King,SKU-0159,7684.00,East
3749,2024-09-26,Gina Mitchell,SKU-0133,5801.00,East
3750,2024-04-24,Jack Anderson,SKU-0010,5138.00,West
3751,2024-12-25,Carol White,SKU-0118,23817.00,North
3752,2024-11-08,Emma Brown,SKU-0002,14495.00,South
3753,2024-05-02,Nathan Parker,SKU-0194,20842.00,North
3754,2024-11-08,Gina Mitchell,SKU-0088,1196.00,South
3755,2024-02-14,Troy Morris,SKU-0012,11498.00,East
3756,2024-08-26,Elena Ramirez,SKU-0040,2949.00,West
3757,2024-10-29,Quinn Walker,SKU-0148,6756.00,North
3758,2024-07-08,Victor King,SKU-0027,9410.00,South
3759,2024-08-11,Whitney Cook,SKU-0168,8929.00,West
3760,2024-02-01,Peter Robinson,SKU-0093,15313.00,West
3761,2024-06-13,Oscar Edwards,SKU-0032,17395.00,South
3762,2024-11-20,Xavier Lopez,SKU-0020,28566.00,Central
3763,2024-11-22,Tina Young,SKU-0127,3123.00,North
3764,2024-01-09,Peter Robinson,SKU-0082,27550.00,Central
3765,2024-10-24,Emma Brown,SKU-0007,8481.00,Central
3766,2024-08-13,Carol White,SKU-0038,18221.00,North
3767,2024-04-27,Leo Jackson,SKU-0010,10125.00,North
3768,2024-12-28,Yusuf Bell,SKU-0043,14844.00,West
3769,2024-04-14,Oscar Edwards,SKU-0150,3697.00,West
3770,2024-01-21,Kelly Evans,SKU-0056,12667.00,North
3771,2024-02-19,Alice Chen,SKU-0069,17611.00,South
3772,2024-01-10,Derek Hill,SKU-0148,18902.00,West
3773,2024-08-24,Grace Liu,SKU-0083,10519.00,West
3774,2024-01-22,Maya Harris,SKU-0188,7338.00,North
3775,2024-12-10,Felix Campbell,SKU-0098,14336.00,West
3776,2024-02-21,Emma Brown,SKU-0070,3449.00,South
3777,2024-04-26,Brian Baker,SKU-0189,20687.00,North
3778,2024-03-10,David Kim,SKU-0068,18725.00,East
3779,2024-06-25,Ivy Carter,SKU-0090,11730.00,South
3780,2024-05-26,Sofia Sanchez,SKU-0130,2895.00,North
3781,2024-05-29,Wendy Wright,SKU-0017,2851.00,North
3782,2024-10-18,Frank Wilson,SKU-0021,12757.00,South
3783,2024-12-12,Noah Clark,SKU-0059,15002.00,East
3784,2024-01-02,Grace Liu,SKU-0164,29331.00,East
3785,2024-03-11,Monica Torres,SKU-0001,5141.00,South
3786,2024-03-21,Ivy Carter,SKU-0171,20473.00,Central
3787,2024-10-10,Bob Martinez,SKU-0187,2816.00,East
3788,2024-09-10,Xena Morgan,SKU-0163,11933.00,South
3789,2024-08-08,Paula Collins,SKU-0043,10381.00,North
3790,2024-06-09,Henry Taylor,SKU-0057,17046.00,North
3791,2024-01-09,Henry Taylor,SKU-0056,28030.00,West
3792,2024-06-04,Olivia Lewis,SKU-0108,28516.00,South
3793,2024-10-31,Iris Patel,SKU-0119,24838.00,East
3794,2024-07-04,Kelly Evans,SKU-0155,5771.00,East
3795,2024-02-27,Jack Anderson,SKU-0003,17314.00,North
3796,2024-11-22,Paula Collins,SKU-0057,13287.00,East
3797,2024-08-03,Whitney Cook,SKU-0029,5220.00,West
3798,2024-12-25,Iris Patel,SKU-0192,17787.00,West
3799,2024-07-06,Derek Hill,SKU-0084,6942.00,West
3800,2024-05-08,Derek Hill,SKU-0041,2794.00,South
3801,2024-08-22,Derek Hill,SKU-0165,7911.00,North
3802,2024-04-29,Amy Adams,SKU-0053,13681.00,South
3803,2024-02-28,Felix Campbell,SKU-0045,16114.00,Central
3804,2024-06-09,Grace Liu,SKU-0127,12612.00,West
3805,2024-05-17,Olivia Lewis,SKU-0141,29537.00,North
3806,2024-10-04,Ursula Rogers,SKU-0141,15631.00,East
3807,2024-04-11,Wendy Wright,SKU-0057,16660.00,South
3808,2024-07-18,Troy Morris,SKU-0130,11462.00,Central
3809,2024-01-09,Ivy Carter,SKU-0138,2075.00,South
3810,2024-12-24,Gina Mitchell,SKU-0112,8761.00,South
3811,2024-01-05,Lucas Turner,SKU-0083,25006.00,South
3812,2024-01-11,Alice Chen,SKU-0127,11862.00,North
3813,2024-05-30,Wendy Wright,SKU-0086,10733.00,West
3814,2024-03-27,Lucas Turner,SKU-0147,15696.00,North
3815,2024-04-05,Xavier Lopez,SKU-0191,7253.00,South
3816,2024-03-18,Yusuf Bell,SKU-0134,2143.00,East
3817,2024-12-11,Emma Brown,SKU-0107,15874.00,East
3818,2024-06-10,Yara Scott,SKU-0081,20719.00,South
3819,2024-06-01,David Kim,SKU-0159,13228.00,South
3820,2024-02-24,Yara Scott,SKU-0149,26451.00,Central
3821,2024-05-14,Hugo Roberts,SKU-0110,6059.00,Central
3822,2024-07-27,Whitney Cook,SKU-0149,5556.00,South
3823,2024-08-14,Peter Robinson,SKU-0146,6034.00,Central
3824,2024-01-05,Reed Stewart,SKU-0178,29967.00,South
3825,2024-01-19,Yara Scott,SKU-0174,8100.00,South
3826,2024-09-06,Yusuf Bell,SKU-0012,5874.00,North
3827,2024-03-21,Derek Hill,SKU-0104,20014.00,North
3828,2024-07-19,Iris Patel,SKU-0098,11303.00,West
3829,2024-07-22,Reed Stewart,SKU-0190,6887.00,East
3830,2024-08-02,Yara Scott,SKU-0003,4010.00,Central
3831,2024-12-22,Leo Jackson,SKU-0157,4713.00,South
3832,2024-10-29,Uma Hernandez,SKU-0148,9332.00,North
3833,2024-10-10,Grace Liu,SKU-0138,16743.00,South
3834,2024-09-28,Bob Martinez,SKU-0172,13847.00,North
3835,2024-01-01,Xavier Lopez,SKU-0015,28906.00,West
3836,2024-08-17,Olivia Lewis,SKU-0077,5362.00,West
3837,2024-05-21,Elena Ramirez,SKU-0020,17662.00,South
3838,2024-02-10,Hugo Roberts,SKU-0071,27288.00,North
3839,2024-10-30,Xavier Lopez,SKU-0054,23029.00,Central
3840,2024-07-18,Xavier Lopez,SKU-0016,8838.00,North
3841,2024-05-22,Kate Thomas,SKU-0120,14655.00,West
3842,2024-02-20,Yara Scott,SKU-0061,6200.00,North
3843,2024-02-05,Emma Brown,SKU-0083,4409.00,West
3844,2024-01-15,Kelly Evans,SKU-0056,3762.00,North
3845,2024-06-27,Jack Anderson,SKU-0146,11859.00,East
3846,2024-01-28,Kelly Evans,SKU-0020,11455.00,West
3847,2024-02-10,David Kim,SKU-0070,19619.00,Central
3848,2024-01-27,Monica Torres,SKU-0122,22902.00,East
3849,2024-08-25,Kelly Evans,SKU-0157,5071.00,East
3850,2024-01-29,Zach Green,SKU-0140,27097.00,Central
3851,2024-02-24,Noah Clark,SKU-0048,11601.00,Central
3852,2024-05-29,Ursula Rogers,SKU-0010,20200.00,Central
3853,2024-03-22,David Kim,SKU-0192,15826.00,West
3854,2024-05-03,Lucas Turner,SKU-0186,11442.00,North
3855,2024-07-03,Ivy Carter,SKU-0166,6078.00,North
3856,2024-07-07,Iris Patel,SKU-0091,11918.00,East
3857,2024-09-13,Grace Liu,SKU-0139,11871.00,West
3858,2024-09-08,Leo Jackson,SKU-0044,6318.00,Central
3859,2024-03-20,Yara Scott,SKU-0162,10093.00,East
3860,2024-06-02,Oscar Edwards,SKU-0182,6846.00,East
3861,2024-08-20,Chloe Nelson,SKU-0047,3105.00,Central
3862,2024-11-17,Sofia Sanchez,SKU-0008,27988.00,South
3863,2024-08-02,Derek Hill,SKU-0115,6467.00,Central
3864,2024-07-12,Kelly Evans,SKU-0054,3932.00,East
3865,2024-08-26,Sofia Sanchez,SKU-0002,2733.00,Central
3866,2024-08-23,Xena Morgan,SKU-0087,9639.00,North
3867,2024-08-29,Sam Allen,SKU-0180,5872.00,West
3868,2024-11-21,Grace Liu,SKU-0175,9333.00,West
3869,2024-06-30,Rachel Hall,SKU-0014,26979.00,West
3870,2024-08-12,Olivia Lewis,SKU-0179,6000.00,West
3871,2024-01-04,Felix Campbell,SKU-0194,2689.00,North
3872,2024-08-04,Xavier Lopez,SKU-0098,6417.00,East
3873,2024-01-19,Hugo Roberts,SKU-0157,26643.00,Central
3874,2024-09-01,Frank Wilson,SKU-0079,15060.00,South
3875,2024-04-26,Oscar Edwards,SKU-0089,24900.00,East
3876,2024-07-02,Emma Brown,SKU-0188,12748.00,West
3877,2024-06-03,Vincent Reed,SKU-0068,12043.00,North
3878,2024-07-03,David Kim,SKU-0003,9700.00,East
3879,2024-04-22,Sofia Sanchez,SKU-0191,11543.00,Central
3880,2024-03-27,Yara Scott,SKU-0066,3369.00,South
3881,2024-10-06,Rachel Hall,SKU-0138,6581.00,South
3882,2024-03-28,Felix Campbell,SKU-0192,25624.00,East
3883,2024-09-27,Leo Jackson,SKU-0194,4399.00,Central
3884,2024-01-13,Whitney Cook,SKU-0119,18629.00,West
3885,2024-09-02,Xena Morgan,SKU-0006,11286.00,West
3886,2024-09-19,Brian Baker,SKU-0124,10108.00,Central
3887,2024-06-13,Quinn Walker,SKU-0143,22848.00,South
3888,2024-10-29,Tina Young,SKU-0031,5893.00,Central
3889,2024-03-12,Vincent Reed,SKU-0047,16340.00,East
3890,2024-10-15,Oscar Edwards,SKU-0028,5493.00,Central
3891,2024-01-22,Gina Mitchell,SKU-0087,28002.00,East
3892,2024-09-05,Peter Robinson,SKU-0161,5003.00,West
3893,2024-03-28,Xena Morgan,SKU-0067,4660.00,East
3894,2024-04-08,Victor King,SKU-0159,16610.00,East
3895,2024-09-16,Frank Wilson,SKU-0071,10522.00,West
3896,2024-04-26,Bob Martinez,SKU-0191,24148.00,East
3897,2024-05-11,Alice Chen,SKU-0139,13833.00,South
3898,2024-10-09,Whitney Cook,SKU-0137,17770.00,East
3899,2024-04-02,Xavier Lopez,SKU-0133,28837.00,West
3900,2024-01-01,Frank Wilson,SKU-0026,1747.00,South
3901,2024-05-14,Yusuf Bell,SKU-0126,6045.00,North
3902,2024-09-05,Rachel Hall,SKU-0051,8323.00,North
3903,2024-10-29,Chloe Nelson,SKU-0124,6626.00,East
3904,2024-05-25,Sam Allen,SKU-0144,26253.00,North
3905,2024-08-24,Amy Adams,SKU-0041,11660.00,West
3906,2024-04-11,Troy Morris,SKU-0164,23601.00,West
3907,2024-04-18,Uma Hernandez,SKU-0025,2997.00,South
3908,2024-03-15,Alice Chen,SKU-0033,6779.00,Central
3909,2024-06-03,Rachel Hall,SKU-0124,21431.00,South
3910,2024-08-22,Gina Mitchell,SKU-0176,5560.00,West
3911,2024-06-06,Chloe Nelson,SKU-0192,24720.00,North
3912,2024-02-20,Hugo Roberts,SKU-0026,26318.00,West
3913,2024-04-07,Troy Morris,SKU-0100,27894.00,East
3914,2024-09-22,Sam Allen,SKU-0192,2942.00,West
3915,2024-02-04,Peter Robinson,SKU-0163,8100.00,West
3916,2024-02-11,Grace Liu,SKU-0154,3523.00,South
3917,2024-07-14,Derek Hill,SKU-0125,6462.00,West
3918,2024-10-10,Victor King,SKU-0175,4874.00,North
3919,2024-05-06,Leo Jackson,SKU-0014,28779.00,West
3920,2024-02-22,Olivia Lewis,SKU-0131,22191.00,East
3921,2024-07-08,Iris Patel,SKU-0124,11950.00,West
3922,2024-05-08,Derek Hill,SKU-0158,25594.00,North
3923,2024-02-17,Uma Hernandez,SKU-0022,22434.00,West
3924,2024-05-27,Nathan Parker,SKU-0199,2540.00,South
3925,2024-04-20,Gina Mitchell,SKU-0069,18807.00,West
3926,2024-07-21,Olivia Lewis,SKU-0041,5553.00,North
3927,2024-12-31,Brian Baker,SKU-0074,18911.00,West
3928,2024-07-01,Uma Hernandez,SKU-0002,8601.00,Central
3929,2024-05-02,Ursula Rogers,SKU-0198,15033.00,East
3930,2024-06-21,Kate Thomas,SKU-0023,20248.00,Central
3931,2024-04-10,Jack Anderson,SKU-0100,2888.00,North
3932,2024-04-25,Felix Campbell,SKU-0138,25957.00,East
3933,2024-09-05,Jack Anderson,SKU-0110,11678.00,North
3934,2024-11-29,Rachel Hall,SKU-0082,17443.00,South
3935,2024-05-14,Carol White,SKU-0018,24917.00,South
3936,2024-01-23,Paula Collins,SKU-0198,12106.00,Central
3937,2024-09-13,Elena Ramirez,SKU-0093,5492.00,South
3938,2024-02-02,Kelly Evans,SKU-0195,5549.00,South
3939,2024-04-22,Brian Baker,SKU-0016,4507.00,West
3940,2024-07-15,Chloe Nelson,SKU-0039,3144.00,East
3941,2024-07-31,Kelly Evans,SKU-0195,5958.00,South
3942,2024-01-31,Ursula Rogers,SKU-0006,16188.00,Central
3943,2024-09-19,Bob Martinez,SKU-0096,16436.00,Central
3944,2024-09-22,Emma Brown,SKU-0093,14442.00,South
3945,2024-01-21,Monica Torres,SKU-0143,18039.00,Central
3946,2024-04-21,Derek Hill,SKU-0055,14348.00,South
3947,2024-08-24,Jack Anderson,SKU-0072,7659.00,West
3948,2024-08-17,Emma Brown,SKU-0019,14267.00,West
3949,2024-05-30,Vincent Reed,SKU-0165,21671.00,East
3950,2024-01-05,Sofia Sanchez,SKU-0124,20320.00,North
3951,2024-01-25,Reed Stewart,SKU-0011,7687.00,West
3952,2024-04-30,Monica Torres,SKU-0040,21052.00,West
3953,2024-06-11,Leo Jackson,SKU-0011,18337.00,South
3954,2024-03-15,Frank Wilson,SKU-0027,24849.00,West
3955,2024-03-08,Grace Liu,SKU-0100,22840.00,Central
3956,2024-09-14,Leo Jackson,SKU-0199,5138.00,West
3957,2024-05-16,Jack Anderson,SKU-0124,17301.00,North
3958,2024-02-22,Frank Wilson,SKU-0170,1524.00,East
3959,2024-07-23,Kelly Evans,SKU-0168,6279.00,Central
3960,2024-10-29,Amy Adams,SKU-0038,1528.00,West
3961,2024-03-23,Carol White,SKU-0092,5472.00,East
3962,2024-01-01,Leo Jackson,SKU-0077,12563.00,South
3963,2024-12-05,David Kim,SKU-0170,26373.00,North
3964,2024-10-30,Lucas Turner,SKU-0028,12863.00,South
3965,2024-11-01,Xavier Lopez,SKU-0003,11609.00,West
3966,2024-03-15,Frank Wilson,SKU-0184,25029.00,Central
3967,2024-08-12,Bob Martinez,SKU-0081,15341.00,North
3968,2024-04-13,Zach Green,SKU-0001,18760.00,West
3969,2024-12-24,Quinn Walker,SKU-0124,22485.00,North
3970,2024-03-26,Vincent Reed,SKU-0095,25171.00,North
3971,2024-12-09,Paula Collins,SKU-0167,12034.00,South
3972,2024-08-24,Carol White,SKU-0072,7533.00,East
3973,2024-11-02,Wendy Wright,SKU-0012,22654.00,West
3974,2024-12-14,Kate Thomas,SKU-0039,28597.00,South
3975,2024-04-10,Vincent Reed,SKU-0114,2618.00,East
3976,2024-08-15,Sofia Sanchez,SKU-0182,3851.00,North
3977,2024-12-10,Henry Taylor,SKU-0154,3120.00,West
3978,2024-11-06,Amy Adams,SKU-0198,13975.00,East
3979,2024-12-05,Frank Wilson,SKU-0007,24323.00,South
3980,2024-08-18,Maya Harris,SKU-0174,4465.00,South
3981,2024-03-25,Chloe Nelson,SKU-0053,10058.00,East
3982,2024-07-09,Maya Harris,SKU-0184,3860.00,North
3983,2024-09-07,Kate Thomas,SKU-0113,7828.00,North
3984,2024-06-01,Gina Mitchell,SKU-0050,9059.00,East
3985,2024-02-24,Reed Stewart,SKU-0142,3161.00,East
3986,2024-08-22,Quinn Walker,SKU-0177,3817.00,North
3987,2024-05-07,Monica Torres,SKU-0089,2238.00,Central
3988,2024-04-19,Kelly Evans,SKU-0132,10602.00,East
3989,2024-03-09,Yara Scott,SKU-0079,2086.00,North
3990,2024-03-22,Noah Clark,SKU-0044,12537.00,Central
3991,2024-11-10,Grace Liu,SKU-0120,9638.00,East
3992,2024-12-05,Paula Collins,SKU-0129,10829.00,North
3993,2024-02-13,Sam Allen,SKU-0057,14976.00,North
3994,2024-10-31,Alice Chen,SKU-0187,22093.00,East
3995,2024-05-11,Oscar Edwards,SKU-0064,21898.00,Central
3996,2024-05-17,Chloe Nelson,SKU-0145,29767.00,North
3997,2024-06-02,Felix Campbell,SKU-0165,5111.00,South
3998,2024-09-29,Tina Young,SKU-0005,11179.00,Central
3999,2024-07-22,Ivy Carter,SKU-0160,7944.00,East
4000,2024-07-06,Gina Mitchell,SKU-0011,6766.00,West
4001,2024-09-09,Yara Scott,SKU-0109,5319.00,Central
4002,2024-10-10,Bob Martinez,SKU-0121,26017.00,Central
4003,2024-04-27,Brian Baker,SKU-0099,3308.00,Central
4004,2024-11-09,Peter Robinson,SKU-0072,29871.00,West
4005,2024-03-27,Yara Scott,SKU-0026,8736.00,South
4006,2024-04-05,Victor King,SKU-0042,23250.00,West
4007,2024-11-25,Leo Jackson,SKU-0046,2476.00,East
4008,2024-10-28,Wendy Wright,SKU-0077,5150.00,South
4009,2024-01-18,Ivy Carter,SKU-0097,25069.00,South
4010,2024-10-15,David Kim,SKU-0051,2274.00,Central
4011,2024-12-06,Alice Chen,SKU-0045,28895.00,Central
4012,2024-10-01,Kate Thomas,SKU-0032,1151.00,South
4013,2024-02-04,Quinn Walker,SKU-0045,22321.00,South
4014,2024-08-13,Rachel Hall,SKU-0179,11777.00,South
4015,2024-08-11,Rachel Hall,SKU-0034,9155.00,Central
4016,2024-08-11,Xena Morgan,SKU-0081,4679.00,West
4017,2024-08-07,Reed Stewart,SKU-0009,9446.00,Central
4018,2024-10-18,Reed Stewart,SKU-0002,28952.00,South
4019,2024-04-12,Hugo Roberts,SKU-0141,26489.00,East
4020,2024-04-11,Peter Robinson,SKU-0165,28192.00,Central
4021,2024-11-14,Xena Morgan,SKU-0004,3404.00,East
4022,2024-02-19,Monica Torres,SKU-0133,3823.00,East
4023,2024-04-13,Paula Collins,SKU-0186,7547.00,North
4024,2024-05-01,Bob Martinez,SKU-0133,10565.00,West
4025,2024-07-30,Troy Morris,SKU-0086,10552.00,West
4026,2024-10-23,Felix Campbell,SKU-0186,19384.00,West
4027,2024-12-04,Kelly Evans,SKU-0142,15793.00,North
4028,2024-01-06,Xavier Lopez,SKU-0151,19245.00,East
4029,2024-05-04,Sam Allen,SKU-0033,16123.00,West
4030,2024-11-09,Felix Campbell,SKU-0057,19419.00,East
4031,2024-09-10,Xena Morgan,SKU-0056,10172.00,South
4032,2024-04-24,Oscar Edwards,SKU-0100,21263.00,North
4033,2024-06-10,Frank Wilson,SKU-0033,15670.00,South
4034,2024-05-17,Gina Mitchell,SKU-0122,12535.00,South
4035,2024-08-01,Noah Clark,SKU-0144,4585.00,North
4036,2024-12-21,Yusuf Bell,SKU-0069,6936.00,East
4037,2024-08-11,Maya Harris,SKU-0151,3303.00,South
4038,2024-12-11,Wendy Wright,SKU-0111,15023.00,North
4039,2024-05-12,Chloe Nelson,SKU-0170,10760.00,East
4040,2024-12-04,Amy Adams,SKU-0104,24837.00,South
4041,2024-11-21,Sofia Sanchez,SKU-0002,18894.00,South
4042,2024-03-29,Xena Morgan,SKU-0052,26817.00,Central
4043,2024-12-07,Henry Taylor,SKU-0075,23406.00,South
4044,2024-09-25,Victor King,SKU-0035,6930.00,West
4045,2024-11-23,Quinn Walker,SKU-0001,16187.00,South
4046,2024-08-08,Brian Baker,SKU-0114,9574.00,West
4047,2024-06-17,Ursula Rogers,SKU-0133,25272.00,South
4048,2024-11-01,Rachel Hall,SKU-0128,10129.00,Central
4049,2024-08-09,Kelly Evans,SKU-0105,3958.00,West
4050,2024-09-03,Wendy Wright,SKU-0089,3871.00,Central
4051,2024-03-21,Sofia Sanchez,SKU-0093,4837.00,Central
4052,2024-12-02,Ursula Rogers,SKU-0032,6726.00,South
4053,2024-02-12,Kelly Evans,SKU-0064,13703.00,West
4054,2024-09-25,Alice Chen,SKU-0187,21877.00,Central
4055,2024-08-09,Leo Jackson,SKU-0030,7510.00,Central
4056,2024-07-27,Wendy Wright,SKU-0052,3258.00,South
4057,2024-06-02,Iris Patel,SKU-0097,16790.00,North
4058,2024-01-17,Grace Liu,SKU-0027,29432.00,Central
4059,2024-04-01,Wendy Wright,SKU-0078,14545.00,Central
4060,2024-08-11,Carol White,SKU-0080,18670.00,North
4061,2024-05-21,Wendy Wright,SKU-0164,10552.00,West
4062,2024-08-06,Wendy Wright,SKU-0109,4583.00,North
4063,2024-11-13,Wendy Wright,SKU-0047,28315.00,West
4064,2024-05-31,Xavier Lopez,SKU-0101,8192.00,South
4065,2024-07-11,Whitney Cook,SKU-0185,6919.00,South
4066,2024-09-27,Vincent Reed,SKU-0009,4830.00,Central
4067,2024-03-12,Jake Phillips,SKU-0088,16509.00,South
4068,2024-04-05,Xena Morgan,SKU-0197,27801.00,Central
4069,2024-03-28,Ursula Rogers,SKU-0150,6502.00,East
4070,2024-10-23,Uma Hernandez,SKU-0014,11263.00,East
4071,2024-05-02,Yara Scott,SKU-0034,13061.00,Central
4072,2024-01-28,Yusuf Bell,SKU-0114,14466.00,West
4073,2024-02-03,Reed Stewart,SKU-0191,26393.00,Central
4074,2024-05-19,Olivia Lewis,SKU-0052,23715.00,South
4075,2024-03-24,Ivy Carter,SKU-0044,21225.00,East
4076,2024-06-16,Monica Torres,SKU-0098,1994.00,North
4077,2024-09-21,Rachel Hall,SKU-0096,7361.00,South
4078,2024-10-05,Sam Allen,SKU-0108,18357.00,West
4079,2024-04-07,Amy Adams,SKU-0053,7068.00,North
4080,2024-02-29,Jack Anderson,SKU-0018,12246.00,South
4081,2024-01-13,Emma Brown,SKU-0041,11527.00,West
4082,2024-03-06,Hugo Roberts,SKU-0162,3343.00,North
4083,2024-05-17,Emma Brown,SKU-0168,3067.00,Central
4084,2024-01-07,Bob Martinez,SKU-0029,15335.00,North
4085,2024-03-05,Kelly Evans,SKU-0025,1145.00,North
4086,2024-08-17,Brian Baker,SKU-0027,7232.00,South
4087,2024-07-24,Sam Allen,SKU-0074,4821.00,North
4088,2024-09-27,David Kim,SKU-0088,13859.00,Central
4089,2024-10-28,Whitney Cook,SKU-0161,24457.00,East
4090,2024-06-24,Emma Brown,SKU-0140,3769.00,Central
4091,2024-06-05,Henry Taylor,SKU-0023,20384.00,Central
4092,2024-12-03,Amy Adams,SKU-0126,18038.00,South
4093,2024-03-23,Oscar Edwards,SKU-0144,10349.00,South
4094,2024-08-21,Emma Brown,SKU-0181,12215.00,West
4095,2024-07-29,Kate Thomas,SKU-0166,11354.00,East
4096,2024-01-22,Felix Campbell,SKU-0102,21006.00,Central
4097,2024-11-23,Chloe Nelson,SKU-0042,9354.00,North
4098,2024-04-13,Gina Mitchell,SKU-0178,17881.00,South
4099,2024-04-11,Jake Phillips,SKU-0189,5761.00,East
4100,2024-09-09,Zach Green,SKU-0021,5694.00,East
4101,2024-03-16,Kelly Evans,SKU-0004,28769.00,Central
4102,2024-03-02,Elena Ramirez,SKU-0103,9753.00,West
4103,2024-12-14,Oscar Edwards,SKU-0115,21564.00,East
4104,2024-12-31,Alice Chen,SKU-0143,3735.00,Central
4105,2024-07-12,Maya Harris,SKU-0144,5894.00,East
4106,2024-06-11,Leo Jackson,SKU-0052,1199.00,East
4107,2024-02-24,Nathan Parker,SKU-0195,1670.00,South
4108,2024-02-05,Kelly Evans,SKU-0108,25913.00,Central
4109,2024-01-06,Quinn Walker,SKU-0123,5676.00,West
4110,2024-02-04,Quinn Walker,SKU-0093,28095.00,East
4111,2024-12-18,Yara Scott,SKU-0034,29737.00,South
4112,2024-12-18,Zach Green,SKU-0091,3807.00,East
4113,2024-08-27,Jack Anderson,SKU-0093,7471.00,South
4114,2024-01-11,Amy Adams,SKU-0010,28739.00,South
4115,2024-07-26,Leo Jackson,SKU-0034,3176.00,North
4116,2024-06-02,Grace Liu,SKU-0115,27135.00,North
4117,2024-12-16,Alice Chen,SKU-0021,28685.00,South
4118,2024-04-07,Henry Taylor,SKU-0128,9009.00,East
4119,2024-08-23,Elena Ramirez,SKU-0161,4005.00,North
4120,2024-12-21,Elena Ramirez,SKU-0145,11514.00,East
4121,2024-11-09,Henry Taylor,SKU-0048,6830.00,West
4122,2024-01-31,Vincent Reed,SKU-0065,15655.00,Central
4123,2024-07-07,Kelly Evans,SKU-0064,4516.00,North
4124,2024-02-09,Xavier Lopez,SKU-0043,28199.00,North
4125,2024-08-09,Frank Wilson,SKU-0195,7383.00,North
4126,2024-05-10,Sam Allen,SKU-0121,13358.00,West
4127,2024-07-22,Kelly Evans,SKU-0040,7693.00,North
4128,2024-07-16,Sam Allen,SKU-0198,5468.00,East
4129,2024-04-26,Amy Adams,SKU-0085,15856.00,Central
4130,2024-07-14,Hugo Roberts,SKU-0109,6270.00,West
4131,2024-02-03,Ursula Rogers,SKU-0053,16464.00,Central
4132,2024-09-21,Ivy Carter,SKU-0136,5660.00,West
4133,2024-03-15,Whitney Cook,SKU-0103,1292.00,East
4134,2024-05-02,Gina Mitchell,SKU-0180,11420.00,West
4135,2024-05-17,Zach Green,SKU-0103,5185.00,West
4136,2024-06-09,Derek Hill,SKU-0104,25674.00,North
4137,2024-09-13,Maya Harris,SKU-0100,4405.00,Central
4138,2024-02-01,Nathan Parker,SKU-0116,18105.00,South
4139,2024-04-07,Sam Allen,SKU-0124,4181.00,South
4140,2024-08-06,Paula Collins,SKU-0115,7315.00,West
4141,2024-12-08,Chloe Nelson,SKU-0182,26915.00,West
4142,2024-02-01,Reed Stewart,SKU-0135,10099.00,East
4143,2024-04-14,Rachel Hall,SKU-0083,1507.00,South
4144,2024-11-04,Jake Phillips,SKU-0131,776.00,East
4145,2024-05-27,Ivy Carter,SKU-0152,4254.00,West
4146,2024-02-10,Ursula Rogers,SKU-0012,6430.00,West
4147,2024-01-07,Amy Adams,SKU-0016,8482.00,West
4148,2024-08-31,Ivy Carter,SKU-0198,7535.00,South
4149,2024-11-07,Felix Campbell,SKU-0053,14352.00,Central
4150,2024-04-12,Grace Liu,SKU-0171,18019.00,Central
4151,2024-06-15,Kate Thomas,SKU-0185,9921.00,South
4152,2024-06-22,Frank Wilson,SKU-0076,9916.00,South
4153,2024-08-27,Carol White,SKU-0113,12351.00,South
4154,2024-03-08,Emma Brown,SKU-0025,8366.00,Central
4155,2024-01-31,Oscar Edwards,SKU-0125,25386.00,South
4156,2024-06-04,Xena Morgan,SKU-0137,11878.00,Central
4157,2024-02-11,Carol White,SKU-0137,8364.00,South
4158,2024-08-19,Xena Morgan,SKU-0009,12008.00,North
4159,2024-05-12,Ursula Rogers,SKU-0150,28090.00,West
4160,2024-08-11,Yusuf Bell,SKU-0130,12248.00,Central
4161,2024-03-08,Peter Robinson,SKU-0150,20909.00,East
4162,2024-04-10,Iris Patel,SKU-0157,19040.00,West
4163,2024-08-01,Peter Robinson,SKU-0103,7712.00,North
4164,2024-06-08,Lucas Turner,SKU-0028,24131.00,West
4165,2024-01-16,David Kim,SKU-0037,7042.00,West
4166,2024-12-16,Xavier Lopez,SKU-0152,982.00,West
4167,2024-12-30,Gina Mitchell,SKU-0100,20434.00,South
4168,2024-01-07,Henry Taylor,SKU-0184,12540.00,Central
4169,2024-12-04,Troy Morris,SKU-0168,12322.00,East
4170,2024-11-06,Reed Stewart,SKU-0102,17475.00,North
4171,2024-02-06,Wendy Wright,SKU-0011,10527.00,Central
4172,2024-02-13,Olivia Lewis,SKU-0060,29379.00,West
4173,2024-12-13,Jack Anderson,SKU-0065,12466.00,West
4174,2024-06-13,Elena Ramirez,SKU-0071,9978.00,Central
4175,2024-01-05,Yusuf Bell,SKU-0082,12424.00,West
4176,2024-10-14,Olivia Lewis,SKU-0147,15093.00,Central
4177,2024-08-14,Amy Adams,SKU-0035,10859.00,South
4178,2024-08-05,Nathan Parker,SKU-0192,4453.00,South
4179,2024-06-14,Victor King,SKU-0008,10599.00,North
4180,2024-04-06,Paula Collins,SKU-0176,26978.00,North
4181,2024-08-18,Whitney Cook,SKU-0088,8512.00,South
4182,2024-04-15,Carol White,SKU-0104,11865.00,South
4183,2024-09-05,Noah Clark,SKU-0101,8031.00,Central
4184,2024-12-23,Monica Torres,SKU-0057,7721.00,West
4185,2024-09-16,Xavier Lopez,SKU-0144,10128.00,East
4186,2024-07-25,Kelly Evans,SKU-0041,2024.00,Central
4187,2024-08-14,Brian Baker,SKU-0186,8057.00,East
4188,2024-06-15,Ivy Carter,SKU-0151,14758.00,Central
4189,2024-07-29,David Kim,SKU-0015,4606.00,Central
4190,2024-12-29,Jake Phillips,SKU-0030,14549.00,East
4191,2024-03-06,Amy Adams,SKU-0141,6435.00,West
4192,2024-02-22,Grace Liu,SKU-0064,18142.00,Central
4193,2024-03-10,Uma Hernandez,SKU-0192,1438.00,West
4194,2024-05-04,Carol White,SKU-0087,4691.00,Central
4195,2024-02-20,Maya Harris,SKU-0115,29159.00,South
4196,2024-08-12,Wendy Wright,SKU-0141,3593.00,South
4197,2024-05-08,Jake Phillips,SKU-0185,22400.00,East
4198,2024-09-28,Zach Green,SKU-0020,6613.00,East
4199,2024-10-19,Olivia Lewis,SKU-0179,5069.00,North
4200,2024-09-20,Brian Baker,SKU-0107,6091.00,North
4201,2024-05-03,Wendy Wright,SKU-0064,13874.00,South
4202,2024-11-30,Monica Torres,SKU-0014,17136.00,Central
4203,2024-09-05,Nathan Parker,SKU-0064,10855.00,East
4204,2024-09-05,Nathan Parker,SKU-0029,6349.00,Central
4205,2024-08-13,Noah Clark,SKU-0013,7597.00,East
4206,2024-02-03,Amy Adams,SKU-0061,20118.00,West
4207,2024-11-23,Elena Ramirez,SKU-0116,12965.00,Central
4208,2024-08-08,Reed Stewart,SKU-0052,12625.00,South
4209,2024-12-12,Xena Morgan,SKU-0152,19633.00,North
4210,2024-05-23,Leo Jackson,SKU-0135,25579.00,North
4211,2024-08-30,Xena Morgan,SKU-0082,13361.00,South
4212,2024-05-13,Sofia Sanchez,SKU-0160,29819.00,North
4213,2024-03-07,Oscar Edwards,SKU-0049,13744.00,West
4214,2024-05-25,Yara Scott,SKU-0116,22666.00,Central
4215,2024-10-20,Quinn Walker,SKU-0016,23659.00,South
4216,2024-06-27,Jake Phillips,SKU-0157,16048.00,East
4217,2024-02-03,Henry Taylor,SKU-0097,25190.00,West
4218,2024-04-17,Vincent Reed,SKU-0095,21092.00,Central
4219,2024-07-24,Troy Morris,SKU-0098,11737.00,Central
4220,2024-09-16,Tina Young,SKU-0023,11523.00,North
4221,2024-01-02,Iris Patel,SKU-0190,29012.00,North
4222,2024-11-05,Quinn Walker,SKU-0190,8645.00,East
4223,2024-07-28,Leo Jackson,SKU-0032,4350.00,Central
4224,2024-04-14,Rachel Hall,SKU-0109,18111.00,Central
4225,2024-06-16,Carol White,SKU-0159,10804.00,North
4226,2024-05-31,Monica Torres,SKU-0085,21912.00,East
4227,2024-01-28,Oscar Edwards,SKU-0200,29902.00,North
4228,2024-02-19,Emma Brown,SKU-0171,1815.00,North
4229,2024-08-04,Henry Taylor,SKU-0132,8521.00,South
4230,2024-07-11,Bob Martinez,SKU-0150,13444.00,North
4231,2024-06-18,Troy Morris,SKU-0173,25452.00,Central
4232,2024-04-05,David Kim,SKU-0066,10655.00,North
4233,2024-07-31,Sofia Sanchez,SKU-0034,3801.00,North
4234,2024-10-09,Olivia Lewis,SKU-0080,28186.00,East
4235,2024-07-26,Henry Taylor,SKU-0188,7357.00,North
4236,2024-06-23,Uma Hernandez,SKU-0175,1629.00,West
4237,2024-05-03,Noah Clark,SKU-0004,27184.00,East
4238,2024-03-10,Paula Collins,SKU-0095,20279.00,North
4239,2024-11-30,Brian Baker,SKU-0133,23514.00,Central
4240,2024-05-25,Chloe Nelson,SKU-0142,21791.00,South
4241,2024-02-17,Oscar Edwards,SKU-0091,20662.00,Central
4242,2024-05-06,Hugo Roberts,SKU-0049,27758.00,East
4243,2024-02-05,Sam Allen,SKU-0195,14284.00,Central
4244,2024-09-16,Carol White,SKU-0024,13864.00,South
4245,2024-09-29,Ursula Rogers,SKU-0166,7384.00,North
4246,2024-10-25,Xavier Lopez,SKU-0167,3485.00,West
4247,2024-12-19,Xavier Lopez,SKU-0148,21332.00,West
4248,2024-04-07,Whitney Cook,SKU-0186,23780.00,Central
4249,2024-10-25,Xena Morgan,SKU-0014,1484.00,West
4250,2024-07-05,Uma Hernandez,SKU-0122,8152.00,West
4251,2024-09-17,Troy Morris,SKU-0184,6441.00,South
4252,2024-04-27,Vincent Reed,SKU-0040,28051.00,East
4253,2024-04-03,Victor King,SKU-0192,17001.00,South
4254,2024-03-12,Reed Stewart,SKU-0155,21049.00,South
4255,2024-01-23,Quinn Walker,SKU-0171,25914.00,West
4256,2024-12-03,Xavier Lopez,SKU-0053,19172.00,West
4257,2024-08-10,Uma Hernandez,SKU-0131,7647.00,Central
4258,2024-10-13,Whitney Cook,SKU-0030,26943.00,North
4259,2024-06-17,Brian Baker,SKU-0184,24637.00,South
4260,2024-04-19,Hugo Roberts,SKU-0074,21842.00,West
4261,2024-07-20,Monica Torres,SKU-0190,4280.00,East
4262,2024-08-30,Elena Ramirez,SKU-0178,3191.00,East
4263,2024-01-06,Sofia Sanchez,SKU-0166,26585.00,East
4264,2024-11-02,Kate Thomas,SKU-0098,16695.00,South
4265,2024-07-04,Maya Harris,SKU-0127,3258.00,North
4266,2024-08-16,Felix Campbell,SKU-0151,5364.00,North
4267,2024-12-19,Chloe Nelson,SKU-0070,20057.00,South
4268,2024-08-25,Iris Patel,SKU-0099,12418.00,East
4269,2024-07-26,Sofia Sanchez,SKU-0194,5145.00,Central
4270,2024-09-06,Ivy Carter,SKU-0089,5266.00,North
4271,2024-08-02,Paula Collins,SKU-0076,9496.00,South
4272,2024-03-21,Maya Harris,SKU-0009,2222.00,North
4273,2024-02-21,Sam Allen,SKU-0184,3213.00,East
4274,2024-01-08,Bob Martinez,SKU-0186,24530.00,East
4275,2024-03-07,Yusuf Bell,SKU-0188,12184.00,South
4276,2024-03-03,Lucas Turner,SKU-0013,8822.00,East
4277,2024-12-06,Uma Hernandez,SKU-0103,1913.00,East
4278,2024-04-17,Reed Stewart,SKU-0156,25062.00,West
4279,2024-06-05,Brian Baker,SKU-0043,6702.00,West
4280,2024-01-14,Monica Torres,SKU-0115,14850.00,East
4281,2024-02-17,Frank Wilson,SKU-0122,2355.00,Central
4282,2024-05-26,Bob Martinez,SKU-0017,3423.00,West
4283,2024-09-20,Tina Young,SKU-0191,8429.00,West
4284,2024-01-15,Vincent Reed,SKU-0196,3353.00,West
4285,2024-07-22,Monica Torres,SKU-0071,3342.00,East
4286,2024-02-12,Kate Thomas,SKU-0074,9746.00,West
4287,2024-03-09,Jack Anderson,SKU-0171,17720.00,North
4288,2024-04-13,Frank Wilson,SKU-0031,5047.00,East
4289,2024-09-08,Maya Harris,SKU-0050,5007.00,North
4290,2024-07-02,David Kim,SKU-0050,9950.00,North
4291,2024-12-09,Rachel Hall,SKU-0023,11619.00,Central
4292,2024-08-16,Wendy Wright,SKU-0004,3421.00,West
4293,2024-10-05,Noah Clark,SKU-0187,9858.00,North
4294,2024-12-17,Victor King,SKU-0041,10093.00,West
4295,2024-10-05,Wendy Wright,SKU-0074,7619.00,North
4296,2024-07-26,Tina Young,SKU-0090,9174.00,North
4297,2024-10-29,David Kim,SKU-0077,29777.00,East
4298,2024-06-27,Ursula Rogers,SKU-0105,5729.00,Central
4299,2024-01-12,Henry Taylor,SKU-0166,23933.00,East
4300,2024-11-21,Hugo Roberts,SKU-0122,7931.00,North
4301,2024-11-10,Grace Liu,SKU-0078,15087.00,West
4302,2024-08-22,Felix Campbell,SKU-0098,4670.00,South
4303,2024-07-23,Noah Clark,SKU-0123,4454.00,Central
4304,2024-06-19,Xena Morgan,SKU-0077,13930.00,East
4305,2024-07-17,Olivia Lewis,SKU-0127,5496.00,West
4306,2024-01-06,Nathan Parker,SKU-0148,4303.00,East
4307,2024-03-13,Emma Brown,SKU-0053,2107.00,Central
4308,2024-07-20,Oscar Edwards,SKU-0135,2751.00,North
4309,2024-12-12,Amy Adams,SKU-0107,24280.00,South
4310,2024-02-09,Ursula Rogers,SKU-0117,21451.00,West
4311,2024-09-12,Zach Green,SKU-0115,4754.00,Central
4312,2024-09-20,Derek Hill,SKU-0111,8350.00,Central
4313,2024-06-07,Xena Morgan,SKU-0054,14820.00,Central
4314,2024-08-03,Frank Wilson,SKU-0188,9480.00,East
4315,2024-10-30,Whitney Cook,SKU-0028,14213.00,West
4316,2024-07-25,Troy Morris,SKU-0196,9707.00,North
4317,2024-02-10,Gina Mitchell,SKU-0083,3149.00,South
4318,2024-01-25,Elena Ramirez,SKU-0007,2263.00,South
4319,2024-10-19,Yara Scott,SKU-0033,5593.00,Central
4320,2024-02-14,Leo Jackson,SKU-0023,13055.00,South
4321,2024-01-05,Lucas Turner,SKU-0138,9456.00,Central
4322,2024-06-02,Reed Stewart,SKU-0197,26641.00,South
4323,2024-06-20,Troy Morris,SKU-0040,18946.00,East
4324,2024-08-02,Paula Collins,SKU-0136,5671.00,Central
4325,2024-09-30,Amy Adams,SKU-0054,5155.00,West
4326,2024-07-23,Henry Taylor,SKU-0135,7980.00,West
4327,2024-08-20,Victor King,SKU-0115,7112.00,Central
4328,2024-04-27,Paula Collins,SKU-0104,2811.00,Central
4329,2024-07-15,Zach Green,SKU-0099,5105.00,West
4330,2024-02-07,Maya Harris,SKU-0063,27417.00,East
4331,2024-04-28,Ivy Carter,SKU-0084,17917.00,West
4332,2024-10-21,Monica Torres,SKU-0186,24716.00,West
4333,2024-11-30,Derek Hill,SKU-0078,13797.00,West
4334,2024-07-30,Reed Stewart,SKU-0087,7361.00,South
4335,2024-10-18,Victor King,SKU-0029,17196.00,North
4336,2024-09-03,Zach Green,SKU-0176,6727.00,East
4337,2024-05-26,Felix Campbell,SKU-0088,14278.00,South
4338,2024-01-25,Tina Young,SKU-0079,20958.00,North
4339,2024-05-13,Whitney Cook,SKU-0020,26307.00,East
4340,2024-08-08,Elena Ramirez,SKU-0186,6497.00,Central
4341,2024-09-07,Carol White,SKU-0146,13976.00,South
4342,2024-01-16,Xavier Lopez,SKU-0136,27829.00,North
4343,2024-09-19,Bob Martinez,SKU-0160,15430.00,North
4344,2024-02-14,Paula Collins,SKU-0011,8633.00,North
4345,2024-10-01,Brian Baker,SKU-0149,6143.00,West
4346,2024-11-25,Felix Campbell,SKU-0150,12778.00,East
4347,2024-11-25,Chloe Nelson,SKU-0107,10485.00,Central
4348,2024-02-07,Gina Mitchell,SKU-0109,28424.00,Central
4349,2024-01-22,Monica Torres,SKU-0145,21487.00,South
4350,2024-09-06,Sofia Sanchez,SKU-0147,5906.00,North
4351,2024-05-08,Xavier Lopez,SKU-0125,28445.00,South
4352,2024-05-12,Whitney Cook,SKU-0035,16862.00,East
4353,2024-05-03,Whitney Cook,SKU-0070,7129.00,Central
4354,2024-02-14,Yusuf Bell,SKU-0069,29780.00,West
4355,2024-05-23,Frank Wilson,SKU-0059,512.00,East
4356,2024-07-10,Iris Patel,SKU-0115,9314.00,North
4357,2024-06-01,Henry Taylor,SKU-0128,29124.00,West
4358,2024-09-11,Lucas Turner,SKU-0066,5242.00,South
4359,2024-07-30,Hugo Roberts,SKU-0070,6813.00,Central
4360,2024-12-02,Iris Patel,SKU-0115,15155.00,North
4361,2024-02-12,Kelly Evans,SKU-0030,17054.00,North
4362,2024-11-14,Maya Harris,SKU-0083,1089.00,North
4363,2024-02-24,Victor King,SKU-0022,10018.00,East
4364,2024-09-23,Kelly Evans,SKU-0050,3709.00,North
4365,2024-11-22,Sofia Sanchez,SKU-0126,24032.00,Central
4366,2024-01-05,Brian Baker,SKU-0198,2473.00,Central
4367,2024-06-16,Emma Brown,SKU-0106,26655.00,West
4368,2024-03-17,Gina Mitchell,SKU-0111,13770.00,North
4369,2024-07-06,Xena Morgan,SKU-0079,10295.00,North
4370,2024-01-07,Noah Clark,SKU-0149,24945.00,East
4371,2024-04-21,Oscar Edwards,SKU-0124,11554.00,West
4372,2024-11-24,Grace Liu,SKU-0093,22548.00,East
4373,2024-04-18,Derek Hill,SKU-0100,3526.00,Central
4374,2024-10-02,Brian Baker,SKU-0070,24535.00,West
4375,2024-07-17,Ursula Rogers,SKU-0151,5863.00,East
4376,2024-01-10,Kate Thomas,SKU-0050,16550.00,North
4377,2024-12-02,Vincent Reed,SKU-0079,27145.00,South
4378,2024-09-09,Noah Clark,SKU-0020,9238.00,Central
4379,2024-04-04,Sam Allen,SKU-0156,14568.00,South
4380,2024-11-14,Gina Mitchell,SKU-0105,13528.00,West
4381,2024-11-23,Nathan Parker,SKU-0020,14340.00,East
4382,2024-08-16,Leo Jackson,SKU-0136,6121.00,East
4383,2024-05-22,Noah Clark,SKU-0191,2388.00,South
4384,2024-02-21,Elena Ramirez,SKU-0159,16027.00,East
4385,2024-09-11,Ursula Rogers,SKU-0026,1820.00,Central
4386,2024-04-15,Yusuf Bell,SKU-0100,20760.00,Central
4387,2024-05-30,Henry Taylor,SKU-0175,25061.00,East
4388,2024-08-26,Olivia Lewis,SKU-0067,5489.00,East
4389,2024-05-23,Reed Stewart,SKU-0140,29530.00,West
4390,2024-06-10,Carol White,SKU-0123,9696.00,South
4391,2024-08-23,Vincent Reed,SKU-0034,5142.00,West
4392,2024-02-05,Victor King,SKU-0001,15830.00,South
4393,2024-06-22,Elena Ramirez,SKU-0190,11976.00,Central
4394,2024-01-24,Brian Baker,SKU-0004,21385.00,North
4395,2024-07-29,Xavier Lopez,SKU-0182,8060.00,North
4396,2024-08-19,Brian Baker,SKU-0106,6333.00,Central
4397,2024-08-27,Oscar Edwards,SKU-0047,2841.00,South
4398,2024-02-27,Gina Mitchell,SKU-0167,2514.00,West
4399,2024-06-02,Peter Robinson,SKU-0058,26869.00,East
4400,2024-09-16,Sofia Sanchez,SKU-0065,4525.00,North
4401,2024-03-07,Olivia Lewis,SKU-0015,15323.00,Central
4402,2024-04-29,Emma Brown,SKU-0075,7723.00,West
4403,2024-04-26,Ursula Rogers,SKU-0085,17724.00,South
4404,2024-03-16,Kelly Evans,SKU-0119,14820.00,Central
4405,2024-10-01,Jack Anderson,SKU-0152,14827.00,South
4406,2024-11-05,Quinn Walker,SKU-0083,9957.00,East
4407,2024-12-26,Wendy Wright,SKU-0135,8271.00,Central
4408,2024-06-22,Kelly Evans,SKU-0037,21190.00,North
4409,2024-12-12,Sam Allen,SKU-0141,20873.00,Central
4410,2024-09-02,Ursula Rogers,SKU-0043,6477.00,Central
4411,2024-06-30,Peter Robinson,SKU-0199,18751.00,Central
4412,2024-01-25,Yara Scott,SKU-0177,27727.00,Central
4413,2024-07-20,Ursula Rogers,SKU-0138,11395.00,East
4414,2024-12-17,Yara Scott,SKU-0108,9552.00,South
4415,2024-10-30,Henry Taylor,SKU-0018,23452.00,Central
4416,2024-01-07,Lucas Turner,SKU-0185,25453.00,Central
4417,2024-09-03,Monica Torres,SKU-0137,5856.00,South
4418,2024-09-24,Noah Clark,SKU-0039,6507.00,South
4419,2024-05-08,Felix Campbell,SKU-0106,19652.00,West
4420,2024-12-08,Kelly Evans,SKU-0015,21903.00,East
4421,2024-09-17,Elena Ramirez,SKU-0004,5024.00,North
4422,2024-09-19,Victor King,SKU-0167,7731.00,East
4423,2024-03-15,Rachel Hall,SKU-0105,17620.00,South
4424,2024-08-12,Amy Adams,SKU-0007,8079.00,East
4425,2024-08-11,Sam Allen,SKU-0023,3344.00,West
4426,2024-05-27,Whitney Cook,SKU-0008,8579.00,Central
4427,2024-01-15,Whitney Cook,SKU-0152,29199.00,North
4428,2024-05-23,Emma Brown,SKU-0042,26788.00,Central
4429,2024-08-04,Uma Hernandez,SKU-0055,11445.00,East
4430,2024-06-17,Wendy Wright,SKU-0161,15194.00,Central
4431,2024-07-23,Elena Ramirez,SKU-0052,2394.00,South
4432,2024-02-05,Vincent Reed,SKU-0080,23008.00,East
4433,2024-05-02,Troy Morris,SKU-0085,9119.00,West
4434,2024-02-27,Wendy Wright,SKU-0031,26400.00,East
4435,2024-08-29,Kelly Evans,SKU-0038,5680.00,South
4436,2024-06-23,Uma Hernandez,SKU-0015,4813.00,North
4437,2024-05-29,Sofia Sanchez,SKU-0033,11465.00,West
4438,2024-07-05,Brian Baker,SKU-0139,11861.00,West
4439,2024-10-14,Maya Harris,SKU-0089,26493.00,East
4440,2024-10-21,Chloe Nelson,SKU-0192,11811.00,Central
4441,2024-04-13,Chloe Nelson,SKU-0080,985.00,North
4442,2024-08-25,Gina Mitchell,SKU-0081,6598.00,South
4443,2024-07-08,Victor King,SKU-0043,6061.00,Central
4444,2024-08-14,Vincent Reed,SKU-0100,8818.00,East
4445,2024-11-30,Oscar Edwards,SKU-0176,10826.00,Central
4446,2024-01-04,Ursula Rogers,SKU-0097,4013.00,East
4447,2024-07-13,Peter Robinson,SKU-0116,7113.00,Central
4448,2024-12-04,Frank Wilson,SKU-0062,15948.00,East
4449,2024-06-22,Alice Chen,SKU-0042,24976.00,South
4450,2024-06-05,Whitney Cook,SKU-0169,25424.00,East
4451,2024-09-08,Monica Torres,SKU-0050,4996.00,South
4452,2024-02-01,Alice Chen,SKU-0190,12330.00,South
4453,2024-09-20,Victor King,SKU-0088,4495.00,East
4454,2024-11-06,Oscar Edwards,SKU-0005,14956.00,South
4455,2024-06-02,Sam Allen,SKU-0030,11527.00,South
4456,2024-05-11,Kate Thomas,SKU-0198,16990.00,West
4457,2024-04-08,Kate Thomas,SKU-0144,25587.00,North
4458,2024-10-05,Wendy Wright,SKU-0109,12045.00,West
4459,2024-06-09,Oscar Edwards,SKU-0071,20696.00,East
4460,2024-02-09,Felix Campbell,SKU-0028,6958.00,North
4461,2024-10-30,Chloe Nelson,SKU-0057,1204.00,South
4462,2024-01-10,Yusuf Bell,SKU-0045,27410.00,Central
4463,2024-03-29,Xena Morgan,SKU-0132,18055.00,East
4464,2024-02-12,Oscar Edwards,SKU-0162,27241.00,North
4465,2024-02-10,Wendy Wright,SKU-0151,24379.00,South
4466,2024-10-07,Whitney Cook,SKU-0096,1346.00,North
4467,2024-03-08,Sofia Sanchez,SKU-0114,25733.00,West
4468,2024-09-28,Hugo Roberts,SKU-0062,5217.00,South
4469,2024-04-25,Frank Wilson,SKU-0016,16850.00,West
4470,2024-01-12,Ivy Carter,SKU-0030,8596.00,North
4471,2024-12-25,Uma Hernandez,SKU-0153,2122.00,South
4472,2024-08-10,Rachel Hall,SKU-0102,6913.00,West
4473,2024-01-10,Derek Hill,SKU-0177,853.00,West
4474,2024-01-22,Uma Hernandez,SKU-0052,25047.00,West
4475,2024-11-02,Sam Allen,SKU-0008,22596.00,Central
4476,2024-02-24,Amy Adams,SKU-0058,20441.00,West
4477,2024-02-25,Zach Green,SKU-0134,21598.00,East
4478,2024-06-29,Wendy Wright,SKU-0138,20364.00,East
4479,2024-02-10,Noah Clark,SKU-0103,5663.00,Central
4480,2024-07-20,Iris Patel,SKU-0101,14056.00,South
4481,2024-10-30,Yara Scott,SKU-0090,7509.00,Central
4482,2024-08-03,Carol White,SKU-0036,12944.00,Central
4483,2024-10-18,Oscar Edwards,SKU-0160,1432.00,Central
4484,2024-06-03,Sam Allen,SKU-0031,2844.00,West
4485,2024-10-05,Emma Brown,SKU-0184,8635.00,West
4486,2024-09-23,Wendy Wright,SKU-0155,2673.00,South
4487,2024-12-22,Reed Stewart,SKU-0081,1446.00,North
4488,2024-08-27,Paula Collins,SKU-0034,6999.00,West
4489,2024-11-16,Tina Young,SKU-0009,20432.00,Central
4490,2024-08-03,Sam Allen,SKU-0103,5107.00,West
4491,2024-09-30,Jake Phillips,SKU-0157,4690.00,Central
4492,2024-09-24,Tina Young,SKU-0185,11856.00,South
4493,2024-04-09,Monica Torres,SKU-0125,5513.00,South
4494,2024-09-04,Peter Robinson,SKU-0093,6264.00,South
4495,2024-10-28,Whitney Cook,SKU-0120,15061.00,South
4496,2024-06-15,Rachel Hall,SKU-0141,3811.00,East
4497,2024-11-22,Sam Allen,SKU-0126,29382.00,West
4498,2024-01-02,Henry Taylor,SKU-0091,17574.00,North
4499,2024-06-14,Olivia Lewis,SKU-0080,13719.00,East
4500,2024-07-05,Uma Hernandez,SKU-0036,7501.00,South
4501,2024-12-08,Tina Young,SKU-0109,17611.00,North
4502,2024-04-04,Iris Patel,SKU-0028,23621.00,North
4503,2024-05-24,Monica Torres,SKU-0032,1774.00,Central
4504,2024-08-25,Noah Clark,SKU-0173,7480.00,South
4505,2024-07-15,Victor King,SKU-0101,10370.00,Central
4506,2024-08-20,Peter Robinson,SKU-0157,7317.00,East
4507,2024-10-06,Jake Phillips,SKU-0031,28450.00,North
4508,2024-05-31,Amy Adams,SKU-0133,15619.00,Central
4509,2024-07-03,Lucas Turner,SKU-0010,11452.00,East
4510,2024-03-01,Lucas Turner,SKU-0196,17114.00,North
4511,2024-04-04,Xena Morgan,SKU-0171,17596.00,South
4512,2024-09-14,Elena Ramirez,SKU-0028,4945.00,East
4513,2024-11-15,Troy Morris,SKU-0013,20003.00,East
4514,2024-10-21,Vincent Reed,SKU-0083,13126.00,East
4515,2024-06-17,Paula Collins,SKU-0181,24612.00,South
4516,2024-08-16,Maya Harris,SKU-0171,3400.00,North
4517,2024-02-21,Maya Harris,SKU-0131,9574.00,North
4518,2024-06-27,Monica Torres,SKU-0054,19722.00,Central
4519,2024-07-21,Victor King,SKU-0006,4083.00,Central
4520,2024-02-10,Elena Ramirez,SKU-0138,27293.00,West
4521,2024-09-19,Zach Green,SKU-0168,4539.00,West
4522,2024-05-01,Amy Adams,SKU-0176,13489.00,West
4523,2024-04-16,Lucas Turner,SKU-0031,28330.00,Central
4524,2024-09-08,Yara Scott,SKU-0077,6518.00,North
4525,2024-04-21,Whitney Cook,SKU-0175,14230.00,North
4526,2024-02-15,Wendy Wright,SKU-0022,20361.00,Central
4527,2024-10-25,Ivy Carter,SKU-0039,22014.00,South
4528,2024-04-29,Quinn Walker,SKU-0006,29921.00,East
4529,2024-12-24,Frank Wilson,SKU-0005,7480.00,West
4530,2024-03-26,Quinn Walker,SKU-0069,1141.00,South
4531,2024-02-01,Bob Martinez,SKU-0070,5773.00,East
4532,2024-11-16,Sam Allen,SKU-0151,1318.00,North
4533,2024-05-16,Iris Patel,SKU-0060,29670.00,West
4534,2024-04-07,Bob Martinez,SKU-0117,18828.00,West
4535,2024-07-28,Ursula Rogers,SKU-0088,4393.00,West
4536,2024-01-02,Yusuf Bell,SKU-0187,16521.00,South
4537,2024-05-19,David Kim,SKU-0018,26128.00,Central
4538,2024-06-26,Quinn Walker,SKU-0110,5485.00,North
4539,2024-05-14,Olivia Lewis,SKU-0054,16230.00,West
4540,2024-10-11,Elena Ramirez,SKU-0156,5858.00,West
4541,2024-08-26,Ivy Carter,SKU-0134,4233.00,East
4542,2024-04-01,Kelly Evans,SKU-0077,23193.00,South
4543,2024-02-09,Hugo Roberts,SKU-0028,6565.00,Central
4544,2024-02-20,Tina Young,SKU-0195,21132.00,South
4545,2024-01-26,Sofia Sanchez,SKU-0192,29776.00,East
4546,2024-01-16,Yara Scott,SKU-0143,9216.00,South
4547,2024-06-30,Ivy Carter,SKU-0123,2627.00,South
4548,2024-05-31,Lucas Turner,SKU-0019,10596.00,East
4549,2024-01-11,Chloe Nelson,SKU-0154,18579.00,West
4550,2024-11-27,Henry Taylor,SKU-0125,6494.00,North
4551,2024-06-23,Carol White,SKU-0056,26272.00,East
4552,2024-01-18,Felix Campbell,SKU-0021,14774.00,West
4553,2024-01-26,Paula Collins,SKU-0191,26203.00,South
4554,2024-03-13,Uma Hernandez,SKU-0119,20186.00,North
4555,2024-11-14,Xavier Lopez,SKU-0200,28892.00,West
4556,2024-02-02,Ivy Carter,SKU-0078,6733.00,West
4557,2024-02-17,Victor King,SKU-0024,5728.00,South
4558,2024-04-06,Monica Torres,SKU-0102,2213.00,North
4559,2024-05-13,Sam Allen,SKU-0102,17403.00,North
4560,2024-06-18,Victor King,SKU-0073,12282.00,Central
4561,2024-03-18,Frank Wilson,SKU-0154,24813.00,South
4562,2024-08-09,Ivy Carter,SKU-0114,4429.00,South
4563,2024-08-14,Kate Thomas,SKU-0123,3542.00,East
4564,2024-02-14,Ivy Carter,SKU-0045,12203.00,North
4565,2024-11-24,Jake Phillips,SKU-0008,27146.00,West
4566,2024-08-18,Jack Anderson,SKU-0028,12442.00,West
4567,2024-04-06,Ursula Rogers,SKU-0090,15950.00,Central
4568,2024-11-27,Alice Chen,SKU-0056,20787.00,North
4569,2024-11-23,Xena Morgan,SKU-0045,7691.00,North
4570,2024-01-16,Reed Stewart,SKU-0070,28242.00,East
4571,2024-11-13,Whitney Cook,SKU-0061,5237.00,North
4572,2024-12-11,Victor King,SKU-0111,29645.00,North
4573,2024-11-11,Sofia Sanchez,SKU-0007,5415.00,East
4574,2024-08-03,Victor King,SKU-0141,12401.00,East
4575,2024-09-26,Lucas Turner,SKU-0004,10741.00,East
4576,2024-03-28,Kelly Evans,SKU-0038,9144.00,Central
4577,2024-09-22,Zach Green,SKU-0182,3927.00,South
4578,2024-07-13,Vincent Reed,SKU-0037,8369.00,West
4579,2024-07-22,Sofia Sanchez,SKU-0082,2633.00,South
4580,2024-08-29,Hugo Roberts,SKU-0050,5354.00,West
4581,2024-09-17,Peter Robinson,SKU-0162,4390.00,West
4582,2024-10-20,Rachel Hall,SKU-0140,18083.00,North
4583,2024-06-01,Henry Taylor,SKU-0055,12707.00,North
4584,2024-11-06,Elena Ramirez,SKU-0078,20655.00,North
4585,2024-02-11,Peter Robinson,SKU-0048,2243.00,Central
4586,2024-02-03,Gina Mitchell,SKU-0134,2720.00,West
4587,2024-05-20,Yusuf Bell,SKU-0078,598.00,North
4588,2024-05-29,Hugo Roberts,SKU-0018,17598.00,North
4589,2024-07-17,Quinn Walker,SKU-0181,3393.00,East
4590,2024-03-21,Hugo Roberts,SKU-0033,18912.00,Central
4591,2024-05-03,Leo Jackson,SKU-0078,9700.00,South
4592,2024-08-06,Zach Green,SKU-0078,4550.00,Central
4593,2024-06-21,Monica Torres,SKU-0025,2125.00,West
4594,2024-05-24,Grace Liu,SKU-0198,29272.00,North
4595,2024-10-16,Tina Young,SKU-0101,10601.00,South
4596,2024-04-28,Maya Harris,SKU-0130,1359.00,South
4597,2024-05-20,Yusuf Bell,SKU-0190,10624.00,South
4598,2024-01-03,Yusuf Bell,SKU-0199,1253.00,West
4599,2024-05-19,Emma Brown,SKU-0110,4427.00,West
4600,2024-08-03,Zach Green,SKU-0029,4171.00,South
4601,2024-05-06,Sam Allen,SKU-0166,24830.00,Central
4602,2024-11-17,Lucas Turner,SKU-0191,26056.00,South
4603,2024-07-01,Emma Brown,SKU-0023,8455.00,South
4604,2024-08-17,Xavier Lopez,SKU-0178,9315.00,South
4605,2024-02-17,Kelly Evans,SKU-0016,10611.00,Central
4606,2024-12-31,Nathan Parker,SKU-0007,11563.00,East
4607,2024-07-15,Peter Robinson,SKU-0200,5116.00,North
4608,2024-05-29,Troy Morris,SKU-0062,22055.00,Central
4609,2024-09-10,Olivia Lewis,SKU-0194,3632.00,West
4610,2024-04-02,Ivy Carter,SKU-0165,23653.00,Central
4611,2024-04-24,Ursula Rogers,SKU-0081,14152.00,South
4612,2024-07-08,Monica Torres,SKU-0019,5333.00,East
4613,2024-02-05,Whitney Cook,SKU-0156,28271.00,West
4614,2024-01-14,Chloe Nelson,SKU-0121,25245.00,West
4615,2024-12-01,Tina Young,SKU-0102,23692.00,West
4616,2024-11-16,Tina Young,SKU-0151,13089.00,South
4617,2024-02-26,Tina Young,SKU-0140,18945.00,South
4618,2024-08-14,Paula Collins,SKU-0180,5712.00,South
4619,2024-05-23,Henry Taylor,SKU-0067,2990.00,East
4620,2024-09-15,Wendy Wright,SKU-0032,4269.00,West
4621,2024-02-15,Gina Mitchell,SKU-0196,18897.00,North
4622,2024-07-30,Felix Campbell,SKU-0146,5704.00,South
4623,2024-08-08,Yusuf Bell,SKU-0134,10546.00,Central
4624,2024-07-29,Nathan Parker,SKU-0150,8303.00,North
4625,2024-02-14,Lucas Turner,SKU-0025,1999.00,South
4626,2024-03-20,Amy Adams,SKU-0061,13989.00,North
4627,2024-07-07,Hugo Roberts,SKU-0019,6877.00,West
4628,2024-02-10,Peter Robinson,SKU-0113,28015.00,North
4629,2024-03-15,Tina Young,SKU-0017,1320.00,East
4630,2024-12-17,Zach Green,SKU-0131,14916.00,Central
4631,2024-08-15,Derek Hill,SKU-0092,3442.00,West
4632,2024-08-10,Xena Morgan,SKU-0073,1695.00,North
4633,2024-05-30,Felix Campbell,SKU-0116,16456.00,East
4634,2024-08-21,Sofia Sanchez,SKU-0141,3161.00,West
4635,2024-02-27,Alice Chen,SKU-0193,20851.00,South
4636,2024-12-22,Iris Patel,SKU-0194,13866.00,Central
4637,2024-05-07,Peter Robinson,SKU-0118,21702.00,South
4638,2024-11-04,Tina Young,SKU-0188,26224.00,East
4639,2024-08-26,Jack Anderson,SKU-0147,6959.00,East
4640,2024-05-29,Henry Taylor,SKU-0184,29023.00,West
4641,2024-02-02,Alice Chen,SKU-0004,26195.00,Central
4642,2024-08-27,Zach Green,SKU-0085,7011.00,North
4643,2024-01-05,Emma Brown,SKU-0189,7412.00,South
4644,2024-10-07,Frank Wilson,SKU-0124,6953.00,South
4645,2024-04-28,Frank Wilson,SKU-0031,5344.00,South
4646,2024-07-25,Uma Hernandez,SKU-0139,6917.00,East
4647,2024-06-06,Whitney Cook,SKU-0050,23449.00,West
4648,2024-04-18,Troy Morris,SKU-0100,11475.00,Central
4649,2024-11-06,Jack Anderson,SKU-0095,17636.00,West
4650,2024-03-11,Uma Hernandez,SKU-0177,11479.00,East
4651,2024-01-09,Gina Mitchell,SKU-0024,26321.00,Central
4652,2024-05-24,Uma Hernandez,SKU-0106,23379.00,West
4653,2024-01-29,Iris Patel,SKU-0193,11455.00,West
4654,2024-01-06,Jack Anderson,SKU-0051,9313.00,East
4655,2024-04-19,Felix Campbell,SKU-0136,13055.00,West
4656,2024-01-27,Maya Harris,SKU-0100,29192.00,Central
4657,2024-11-06,Monica Torres,SKU-0053,971.00,Central
4658,2024-10-19,Oscar Edwards,SKU-0181,20900.00,East
4659,2024-08-18,Brian Baker,SKU-0053,6771.00,West
4660,2024-06-03,Ursula Rogers,SKU-0169,16308.00,West
4661,2024-12-09,Elena Ramirez,SKU-0154,23981.00,West
4662,2024-04-16,Brian Baker,SKU-0182,22652.00,Central
4663,2024-05-12,Hugo Roberts,SKU-0092,18277.00,West
4664,2024-12-22,Olivia Lewis,SKU-0104,14656.00,Central
4665,2024-10-05,Brian Baker,SKU-0160,17408.00,Central
4666,2024-11-09,Brian Baker,SKU-0120,1716.00,North
4667,2024-01-22,Sam Allen,SKU-0187,13836.00,Central
4668,2024-01-01,Carol White,SKU-0148,19616.00,North
4669,2024-10-19,Chloe Nelson,SKU-0155,8488.00,South
4670,2024-01-10,Yusuf Bell,SKU-0036,13874.00,Central
4671,2024-05-26,Wendy Wright,SKU-0178,19400.00,East
4672,2024-10-13,Noah Clark,SKU-0001,9195.00,Central
4673,2024-03-26,Maya Harris,SKU-0004,15298.00,East
4674,2024-01-10,Bob Martinez,SKU-0109,2367.00,North
4675,2024-01-31,Zach Green,SKU-0144,8930.00,North
4676,2024-08-23,Jake Phillips,SKU-0031,2722.00,South
4677,2024-12-20,Sam Allen,SKU-0127,13474.00,South
4678,2024-04-10,Uma Hernandez,SKU-0056,6833.00,North
4679,2024-10-09,Kate Thomas,SKU-0088,25878.00,East
4680,2024-02-20,Xavier Lopez,SKU-0064,4304.00,Central
4681,2024-09-04,Sam Allen,SKU-0169,2162.00,North
4682,2024-10-13,Zach Green,SKU-0051,16090.00,North
4683,2024-01-23,Victor King,SKU-0001,6223.00,South
4684,2024-06-09,Grace Liu,SKU-0097,11608.00,Central
4685,2024-02-01,Zach Green,SKU-0094,21167.00,North
4686,2024-06-19,Oscar Edwards,SKU-0102,25418.00,Central
4687,2024-05-02,Jake Phillips,SKU-0075,695.00,South
4688,2024-08-22,David Kim,SKU-0067,12319.00,North
4689,2024-04-02,Hugo Roberts,SKU-0111,21528.00,North
4690,2024-08-16,Jake Phillips,SKU-0100,3912.00,East
4691,2024-12-08,Hugo Roberts,SKU-0077,26941.00,West
4692,2024-06-24,Gina Mitchell,SKU-0189,2405.00,North
4693,2024-01-13,Whitney Cook,SKU-0003,13961.00,Central
4694,2024-01-07,Frank Wilson,SKU-0008,26190.00,South
4695,2024-10-16,Jack Anderson,SKU-0091,28637.00,South
4696,2024-09-04,Yara Scott,SKU-0150,2725.00,North
4697,2024-04-24,Sam Allen,SKU-0078,14023.00,Central
4698,2024-06-10,Iris Patel,SKU-0022,9601.00,West
4699,2024-09-23,Bob Martinez,SKU-0137,20756.00,West
4700,2024-01-31,Whitney Cook,SKU-0046,3618.00,South
4701,2024-01-18,Jack Anderson,SKU-0009,24110.00,West
4702,2024-09-01,Hugo Roberts,SKU-0174,4267.00,North
4703,2024-07-10,Noah Clark,SKU-0089,12674.00,Central
4704,2024-10-22,Henry Taylor,SKU-0142,8117.00,Central
4705,2024-09-16,Noah Clark,SKU-0072,9195.00,East
4706,2024-08-30,Ursula Rogers,SKU-0051,6430.00,Central
4707,2024-01-21,Alice Chen,SKU-0120,21130.00,South
4708,2024-05-16,Elena Ramirez,SKU-0175,25121.00,Central
4709,2024-04-23,Wendy Wright,SKU-0096,6606.00,East
4710,2024-09-07,Sofia Sanchez,SKU-0198,1974.00,East
4711,2024-02-12,Felix Campbell,SKU-0086,13901.00,North
4712,2024-01-06,Hugo Roberts,SKU-0073,17386.00,North
4713,2024-09-28,Emma Brown,SKU-0093,8074.00,North
4714,2024-01-15,Whitney Cook,SKU-0079,7639.00,West
4715,2024-09-07,Carol White,SKU-0168,18606.00,North
4716,2024-01-15,Olivia Lewis,SKU-0053,6767.00,East
4717,2024-02-25,Xavier Lopez,SKU-0019,25515.00,South
4718,2024-04-04,Victor King,SKU-0080,17569.00,West
4719,2024-07-31,Sofia Sanchez,SKU-0042,2649.00,South
4720,2024-06-07,Noah Clark,SKU-0152,21872.00,East
4721,2024-11-24,Henry Taylor,SKU-0096,19502.00,Central
4722,2024-08-22,Rachel Hall,SKU-0195,11229.00,West
4723,2024-04-01,Ivy Carter,SKU-0143,24317.00,North
4724,2024-04-30,Xena Morgan,SKU-0046,18118.00,North
4725,2024-12-20,Paula Collins,SKU-0185,28709.00,South
4726,2024-05-03,Rachel Hall,SKU-0182,1017.00,North
4727,2024-02-27,Nathan Parker,SKU-0127,11025.00,East
4728,2024-10-31,Iris Patel,SKU-0142,3947.00,Central
4729,2024-08-06,Nathan Parker,SKU-0170,3285.00,East
4730,2024-06-17,Brian Baker,SKU-0056,27824.00,Central
4731,2024-07-22,Felix Campbell,SKU-0066,3284.00,North
4732,2024-08-06,Lucas Turner,SKU-0067,5065.00,East
4733,2024-01-15,Rachel Hall,SKU-0012,29315.00,South
4734,2024-09-20,Ivy Carter,SKU-0010,2938.00,West
4735,2024-05-10,Xavier Lopez,SKU-0040,19386.00,South
4736,2024-01-08,Lucas Turner,SKU-0011,18673.00,Central
4737,2024-06-14,Yara Scott,SKU-0016,16750.00,South
4738,2024-11-03,Bob Martinez,SKU-0114,28547.00,East
4739,2024-11-14,Emma Brown,SKU-0161,15118.00,West
4740,2024-07-16,Grace Liu,SKU-0090,8661.00,Central
4741,2024-03-25,Leo Jackson,SKU-0104,9924.00,South
4742,2024-09-24,Iris Patel,SKU-0108,10040.00,West
4743,2024-10-07,Xena Morgan,SKU-0115,6275.00,East
4744,2024-07-29,Lucas Turner,SKU-0086,8670.00,Central
4745,2024-02-04,Xavier Lopez,SKU-0029,21711.00,South
4746,2024-04-05,Ivy Carter,SKU-0104,19370.00,South
4747,2024-02-04,Chloe Nelson,SKU-0003,10869.00,East
4748,2024-06-26,Noah Clark,SKU-0143,21529.00,East
4749,2024-09-27,Paula Collins,SKU-0175,8701.00,East
4750,2024-08-29,Ursula Rogers,SKU-0200,7619.00,East
4751,2024-07-19,Peter Robinson,SKU-0045,7005.00,West
4752,2024-08-01,Paula Collins,SKU-0030,9002.00,South
4753,2024-01-19,David Kim,SKU-0141,20498.00,North
4754,2024-08-12,Noah Clark,SKU-0035,6503.00,Central
4755,2024-07-18,Quinn Walker,SKU-0058,4474.00,North
4756,2024-10-01,Grace Liu,SKU-0111,3443.00,North
4757,2024-12-22,Noah Clark,SKU-0185,15079.00,East
4758,2024-07-09,Troy Morris,SKU-0166,9368.00,Central
4759,2024-08-22,Monica Torres,SKU-0067,6701.00,Central
4760,2024-06-27,Leo Jackson,SKU-0118,28562.00,South
4761,2024-05-21,Xavier Lopez,SKU-0023,28394.00,West
4762,2024-03-09,Noah Clark,SKU-0044,4709.00,North
4763,2024-06-09,Kelly Evans,SKU-0099,19332.00,South
4764,2024-08-10,Emma Brown,SKU-0185,18808.00,Central
4765,2024-03-25,Henry Taylor,SKU-0187,976.00,South
4766,2024-12-16,Kelly Evans,SKU-0154,2206.00,East
4767,2024-05-17,Ursula Rogers,SKU-0005,26452.00,South
4768,2024-02-16,Tina Young,SKU-0189,27048.00,West
4769,2024-03-12,Reed Stewart,SKU-0053,26021.00,West
4770,2024-03-27,Quinn Walker,SKU-0193,27184.00,Central
4771,2024-06-08,Elena Ramirez,SKU-0007,29414.00,North
4772,2024-04-26,Elena Ramirez,SKU-0168,28179.00,North
4773,2024-10-20,Vincent Reed,SKU-0150,17843.00,North
4774,2024-07-16,Yusuf Bell,SKU-0080,10061.00,West
4775,2024-04-14,Xavier Lopez,SKU-0188,26580.00,South
4776,2024-08-19,Yara Scott,SKU-0188,4426.00,Central
4777,2024-03-21,Olivia Lewis,SKU-0023,20439.00,East
4778,2024-09-23,Yara Scott,SKU-0193,4474.00,Central
4779,2024-11-08,Derek Hill,SKU-0179,25920.00,Central
4780,2024-03-08,Felix Campbell,SKU-0198,2130.00,East
4781,2024-02-27,Whitney Cook,SKU-0118,5623.00,North
4782,2024-03-17,Iris Patel,SKU-0108,13622.00,Central
4783,2024-09-05,Vincent Reed,SKU-0134,7527.00,East
4784,2024-07-10,Jack Anderson,SKU-0090,4280.00,North
4785,2024-09-26,Derek Hill,SKU-0165,5705.00,West
4786,2024-04-20,Noah Clark,SKU-0035,16459.00,Central
4787,2024-06-05,Wendy Wright,SKU-0050,26443.00,West
4788,2024-10-12,Oscar Edwards,SKU-0060,9883.00,South
4789,2024-03-30,David Kim,SKU-0002,11170.00,West
4790,2024-05-21,Tina Young,SKU-0137,17641.00,East
4791,2024-08-26,Sam Allen,SKU-0024,5252.00,East
4792,2024-10-07,Jake Phillips,SKU-0026,29317.00,South
4793,2024-02-17,Zach Green,SKU-0063,839.00,West
4794,2024-04-17,Iris Patel,SKU-0113,26331.00,North
4795,2024-10-02,Monica Torres,SKU-0001,15361.00,East
4796,2024-08-14,Bob Martinez,SKU-0123,16757.00,South
4797,2024-07-15,Whitney Cook,SKU-0095,8130.00,North
4798,2024-02-06,Victor King,SKU-0016,15890.00,South
4799,2024-09-11,Rachel Hall,SKU-0146,4493.00,Central
4800,2024-09-18,Whitney Cook,SKU-0038,7838.00,West
4801,2024-09-01,Troy Morris,SKU-0198,7103.00,West
4802,2024-08-14,Felix Campbell,SKU-0102,4812.00,North
4803,2024-01-08,Elena Ramirez,SKU-0136,8456.00,South
4804,2024-04-23,Jack Anderson,SKU-0006,6320.00,East
4805,2024-05-28,Elena Ramirez,SKU-0148,26448.00,East
4806,2024-01-04,Vincent Reed,SKU-0153,17004.00,North
4807,2024-08-05,Lucas Turner,SKU-0115,7037.00,West
4808,2024-10-09,Kate Thomas,SKU-0190,14777.00,Central
4809,2024-12-28,Yusuf Bell,SKU-0006,9141.00,North
4810,2024-04-12,Emma Brown,SKU-0086,7411.00,Central
4811,2024-02-29,Jack Anderson,SKU-0099,25478.00,South
4812,2024-12-25,Iris Patel,SKU-0130,11304.00,East
4813,2024-02-28,Emma Brown,SKU-0058,18191.00,South
4814,2024-10-19,Xena Morgan,SKU-0050,20079.00,West
4815,2024-10-05,Kelly Evans,SKU-0024,18068.00,Central
4816,2024-11-12,Vincent Reed,SKU-0095,25576.00,Central
4817,2024-04-11,Chloe Nelson,SKU-0031,10301.00,Central
4818,2024-05-27,Paula Collins,SKU-0050,6500.00,South
4819,2024-10-31,Uma Hernandez,SKU-0041,11033.00,North
4820,2024-08-29,Vincent Reed,SKU-0042,8755.00,East
4821,2024-04-06,Uma Hernandez,SKU-0134,4088.00,West
4822,2024-06-17,Wendy Wright,SKU-0084,20080.00,Central
4823,2024-06-17,Quinn Walker,SKU-0078,19008.00,Central
4824,2024-07-08,Jack Anderson,SKU-0018,8611.00,Central
4825,2024-02-17,Sofia Sanchez,SKU-0167,5067.00,South
4826,2024-11-20,Uma Hernandez,SKU-0187,16607.00,East
4827,2024-05-31,Noah Clark,SKU-0072,7458.00,East
4828,2024-10-03,Jake Phillips,SKU-0152,8600.00,South
4829,2024-11-15,Carol White,SKU-0024,3813.00,Central
4830,2024-09-19,Quinn Walker,SKU-0153,3975.00,East
4831,2024-04-25,Kelly Evans,SKU-0074,26838.00,South
4832,2024-03-20,Ivy Carter,SKU-0012,8028.00,North
4833,2024-05-27,Whitney Cook,SKU-0051,22228.00,North
4834,2024-02-12,Uma Hernandez,SKU-0025,5056.00,South
4835,2024-06-30,Sofia Sanchez,SKU-0071,18972.00,North
4836,2024-07-11,Gina Mitchell,SKU-0147,6505.00,East
4837,2024-11-19,Yusuf Bell,SKU-0199,580.00,North
4838,2024-03-28,Reed Stewart,SKU-0176,24919.00,North
4839,2024-09-11,Yusuf Bell,SKU-0060,5012.00,East
4840,2024-04-25,Reed Stewart,SKU-0199,9216.00,East
4841,2024-04-10,Monica Torres,SKU-0007,20600.00,West
4842,2024-08-30,Yara Scott,SKU-0095,4530.00,North
4843,2024-01-03,Tina Young,SKU-0080,12936.00,Central
4844,2024-01-02,Gina Mitchell,SKU-0106,14103.00,West
4845,2024-11-05,Peter Robinson,SKU-0007,11782.00,North
4846,2024-07-05,Vincent Reed,SKU-0139,12497.00,West
4847,2024-09-18,Nathan Parker,SKU-0086,10432.00,South
4848,2024-01-29,Kate Thomas,SKU-0093,5033.00,Central
4849,2024-09-09,Hugo Roberts,SKU-0156,7296.00,West
4850,2024-07-02,Zach Green,SKU-0003,4928.00,East
4851,2024-10-18,Derek Hill,SKU-0010,16442.00,North
4852,2024-03-20,Yara Scott,SKU-0135,17244.00,Central
4853,2024-01-04,Brian Baker,SKU-0185,13261.00,West
4854,2024-01-18,Xavier Lopez,SKU-0115,1055.00,West
4855,2024-05-20,Ursula Rogers,SKU-0118,24974.00,South
4856,2024-03-02,Nathan Parker,SKU-0178,26203.00,West
4857,2024-08-28,Iris Patel,SKU-0118,14312.00,Central
4858,2024-11-17,Reed Stewart,SKU-0048,1848.00,Central
4859,2024-10-29,Kate Thomas,SKU-0100,26483.00,East
4860,2024-06-25,Xavier Lopez,SKU-0065,19742.00,Central
4861,2024-06-16,Derek Hill,SKU-0171,21584.00,South
4862,2024-04-08,Olivia Lewis,SKU-0183,8057.00,West
4863,2024-02-11,Xavier Lopez,SKU-0156,27481.00,West
4864,2024-04-25,Derek Hill,SKU-0141,8583.00,West
4865,2024-07-26,Paula Collins,SKU-0147,6205.00,West
4866,2024-01-17,Ivy Carter,SKU-0157,3309.00,West
4867,2024-06-17,Ursula Rogers,SKU-0198,10097.00,Central
4868,2024-01-27,Frank Wilson,SKU-0080,8462.00,South
4869,2024-07-02,Maya Harris,SKU-0010,3829.00,South
4870,2024-02-09,Whitney Cook,SKU-0145,20467.00,South
4871,2024-06-10,Yara Scott,SKU-0085,17366.00,East
4872,2024-07-13,Bob Martinez,SKU-0168,16174.00,West
4873,2024-12-21,Yusuf Bell,SKU-0005,23904.00,North
4874,2024-10-07,Gina Mitchell,SKU-0177,20677.00,Central
4875,2024-08-26,Troy Morris,SKU-0087,9337.00,Central
4876,2024-02-16,Kate Thomas,SKU-0105,5454.00,East
4877,2024-09-29,Nathan Parker,SKU-0037,9715.00,West
4878,2024-08-23,Felix Campbell,SKU-0001,7774.00,South
4879,2024-09-07,Gina Mitchell,SKU-0002,10001.00,East
4880,2024-03-04,Xena Morgan,SKU-0040,29516.00,East
4881,2024-09-08,Carol White,SKU-0172,14357.00,West
4882,2024-09-15,Xavier Lopez,SKU-0032,7834.00,Central
4883,2024-02-07,Whitney Cook,SKU-0145,21592.00,West
4884,2024-04-17,Ivy Carter,SKU-0060,24970.00,North
4885,2024-07-09,Leo Jackson,SKU-0012,3475.00,East
4886,2024-04-02,Reed Stewart,SKU-0117,23476.00,South
4887,2024-12-05,Ursula Rogers,SKU-0142,2397.00,West
4888,2024-07-16,Sofia Sanchez,SKU-0053,2148.00,South
4889,2024-02-15,Sofia Sanchez,SKU-0116,9111.00,West
4890,2024-08-09,Sofia Sanchez,SKU-0147,3681.00,North
4891,2024-08-02,Oscar Edwards,SKU-0165,3442.00,East
4892,2024-10-01,Ivy Carter,SKU-0085,4384.00,North
4893,2024-07-11,Kelly Evans,SKU-0176,3515.00,West
4894,2024-05-13,Ursula Rogers,SKU-0121,19828.00,South
4895,2024-02-22,Noah Clark,SKU-0082,7304.00,South
4896,2024-05-31,Yara Scott,SKU-0107,16411.00,South
4897,2024-09-16,Gina Mitchell,SKU-0057,3839.00,Central
4898,2024-01-11,Quinn Walker,SKU-0049,1334.00,East
4899,2024-03-14,Yara Scott,SKU-0168,2319.00,West
4900,2024-05-16,Grace Liu,SKU-0095,8699.00,West
4901,2024-04-15,Maya Harris,SKU-0100,19479.00,North
4902,2024-08-17,Kelly Evans,SKU-0133,7750.00,East
4903,2024-03-20,Jack Anderson,SKU-0014,11975.00,West
4904,2024-04-28,Vincent Reed,SKU-0103,24976.00,East
4905,2024-05-12,Lucas Turner,SKU-0135,28979.00,West
4906,2024-06-07,Vincent Reed,SKU-0093,2612.00,East
4907,2024-08-28,Kate Thomas,SKU-0142,6882.00,West
4908,2024-02-12,Troy Morris,SKU-0003,3457.00,East
4909,2024-07-19,Quinn Walker,SKU-0035,3748.00,South
4910,2024-11-25,Nathan Parker,SKU-0002,14956.00,Central
4911,2024-11-07,Paula Collins,SKU-0003,14387.00,West
4912,2024-07-31,Vincent Reed,SKU-0048,6515.00,North
4913,2024-06-30,Leo Jackson,SKU-0044,27387.00,North
4914,2024-04-08,Sam Allen,SKU-0128,5422.00,South
4915,2024-02-28,Oscar Edwards,SKU-0041,10883.00,West
4916,2024-07-25,Zach Green,SKU-0199,7245.00,North
4917,2024-05-31,Ursula Rogers,SKU-0121,29404.00,Central
4918,2024-06-07,Yara Scott,SKU-0116,7279.00,North
4919,2024-07-14,Hugo Roberts,SKU-0080,3028.00,West
4920,2024-05-24,Peter Robinson,SKU-0021,1896.00,East
4921,2024-08-01,Zach Green,SKU-0059,4034.00,North
4922,2024-09-09,Zach Green,SKU-0075,4293.00,West
4923,2024-07-06,Gina Mitchell,SKU-0128,5908.00,Central
4924,2024-05-12,Kate Thomas,SKU-0085,21831.00,South
4925,2024-03-26,Yusuf Bell,SKU-0177,14556.00,Central
4926,2024-03-29,Lucas Turner,SKU-0178,18324.00,East
4927,2024-04-16,Yara Scott,SKU-0090,949.00,Central
4928,2024-09-19,Sam Allen,SKU-0019,5443.00,Central
4929,2024-02-03,Xavier Lopez,SKU-0176,8223.00,East
4930,2024-07-24,Troy Morris,SKU-0126,10408.00,North
4931,2024-12-03,Ivy Carter,SKU-0185,23154.00,East
4932,2024-01-09,Kate Thomas,SKU-0017,9007.00,East
4933,2024-05-14,Amy Adams,SKU-0188,14690.00,South
4934,2024-09-29,Xena Morgan,SKU-0160,7724.00,West
4935,2024-02-24,Ursula Rogers,SKU-0070,12753.00,East
4936,2024-09-06,Sam Allen,SKU-0078,5269.00,East
4937,2024-03-15,Wendy Wright,SKU-0188,20250.00,West
4938,2024-08-24,Chloe Nelson,SKU-0086,3806.00,East
4939,2024-09-28,Ivy Carter,SKU-0166,3439.00,East
4940,2024-06-05,Xena Morgan,SKU-0059,15224.00,North
4941,2024-05-10,Victor King,SKU-0169,1260.00,Central
4942,2024-09-01,Jake Phillips,SKU-0152,7242.00,North
4943,2024-11-16,Olivia Lewis,SKU-0089,5046.00,East
4944,2024-02-25,Kelly Evans,SKU-0060,13482.00,Central
4945,2024-07-28,Kate Thomas,SKU-0079,9162.00,West
4946,2024-02-25,Sam Allen,SKU-0081,23074.00,North
4947,2024-11-03,Vincent Reed,SKU-0069,16050.00,East
4948,2024-09-27,Leo Jackson,SKU-0196,6858.00,West
4949,2024-10-12,Lucas Turner,SKU-0120,14267.00,South
4950,2024-08-14,Brian Baker,SKU-0114,3468.00,West
4951,2024-09-26,Kate Thomas,SKU-0113,7780.00,East
4952,2024-03-26,Vincent Reed,SKU-0028,7661.00,North
4953,2024-12-26,Yusuf Bell,SKU-0047,20178.00,South
4954,2024-07-12,Leo Jackson,SKU-0173,6221.00,East
4955,2024-08-23,Carol White,SKU-0174,17845.00,South
4956,2024-09-10,Vincent Reed,SKU-0118,5971.00,North
4957,2024-08-25,Chloe Nelson,SKU-0165,4652.00,North
4958,2024-09-18,Monica Torres,SKU-0001,6903.00,East
4959,2024-02-28,Noah Clark,SKU-0154,13587.00,Central
4960,2024-04-05,Emma Brown,SKU-0090,24004.00,East
4961,2024-12-05,Sam Allen,SKU-0167,25214.00,West
4962,2024-11-02,Olivia Lewis,SKU-0175,3694.00,North
4963,2024-03-05,Alice Chen,SKU-0066,21489.00,North
4964,2024-11-13,Derek Hill,SKU-0159,6927.00,West
4965,2024-09-12,Felix Campbell,SKU-0010,3895.00,East
4966,2024-10-18,Nathan Parker,SKU-0067,6057.00,East
4967,2024-04-11,Alice Chen,SKU-0103,8946.00,South
4968,2024-06-05,Xena Morgan,SKU-0134,26538.00,Central
4969,2024-05-29,Olivia Lewis,SKU-0173,23920.00,North
4970,2024-12-11,Yara Scott,SKU-0132,2635.00,North
4971,2024-12-31,Jack Anderson,SKU-0122,19360.00,Central
4972,2024-08-23,Sam Allen,SKU-0035,3143.00,East
4973,2024-06-29,Brian Baker,SKU-0082,2036.00,Central
4974,2024-06-22,Xavier Lopez,SKU-0012,21485.00,South
4975,2024-03-12,Chloe Nelson,SKU-0134,9231.00,East
4976,2024-12-06,Emma Brown,SKU-0074,23654.00,North
4977,2024-03-31,Carol White,SKU-0082,4168.00,East
4978,2024-12-06,Yara Scott,SKU-0047,26456.00,Central
4979,2024-05-02,Xavier Lopez,SKU-0199,26322.00,West
4980,2024-02-08,Nathan Parker,SKU-0108,5981.00,South
4981,2024-02-17,Xavier Lopez,SKU-0012,16077.00,West
4982,2024-10-10,Kelly Evans,SKU-0166,12222.00,North
4983,2024-01-27,Grace Liu,SKU-0192,1702.00,East
4984,2024-03-15,Bob Martinez,SKU-0152,3808.00,East
4985,2024-07-21,Amy Adams,SKU-0128,15461.00,South
4986,2024-03-01,Nathan Parker,SKU-0162,13929.00,East
4987,2024-04-21,Ivy Carter,SKU-0129,28296.00,East
4988,2024-11-09,Frank Wilson,SKU-0033,15411.00,West
4989,2024-12-19,Troy Morris,SKU-0084,19378.00,North
4990,2024-08-02,Frank Wilson,SKU-0064,10167.00,Central
4991,2024-12-14,Oscar Edwards,SKU-0072,5398.00,West
4992,2024-10-30,Zach Green,SKU-0027,4578.00,Central
4993,2024-08-17,Noah Clark,SKU-0105,6407.00,North
4994,2024-08-09,Emma Brown,SKU-0149,11245.00,Central
4995,2024-02-25,Yusuf Bell,SKU-0114,16388.00,North
4996,2024-01-07,Derek Hill,SKU-0138,9889.00,South
4997,2024-04-09,Vincent Reed,SKU-0007,24019.00,North
4998,2024-12-27,Sam Allen,SKU-0130,29518.00,South
4999,2024-08-31,Victor King,SKU-0129,100.00,East
5000,2024-01-27,Iris Patel,SKU-0009,4383.00,West
5001,2024-08-23,Maya Harris,SKU-0038,3963.00,North
5002,2024-05-20,Sam Allen,SKU-0113,2103.00,West
5003,2024-04-05,Henry Taylor,SKU-0095,24848.00,East
5004,2024-09-08,Chloe Nelson,SKU-0153,4915.00,West
5005,2024-07-31,Uma Hernandez,SKU-0044,10405.00,North
5006,2024-02-13,Oscar Edwards,SKU-0121,27975.00,North
5007,2024-04-30,Wendy Wright,SKU-0003,3236.00,South
5008,2024-02-26,Sam Allen,SKU-0033,1809.00,West
5009,2024-03-07,Felix Campbell,SKU-0109,25466.00,North
5010,2024-07-10,Kelly Evans,SKU-0180,5596.00,West
5011,2024-03-05,Emma Brown,SKU-0114,8117.00,West
5012,2024-07-08,Kelly Evans,SKU-0013,6091.00,Central
5013,2024-08-03,Sam Allen,SKU-0180,4306.00,West
5014,2024-07-12,Felix Campbell,SKU-0123,8064.00,North
5015,2024-02-29,Reed Stewart,SKU-0062,25780.00,South
5016,2024-07-08,Alice Chen,SKU-0174,16268.00,South
5017,2024-05-21,Tina Young,SKU-0058,23517.00,South
5018,2024-09-16,Amy Adams,SKU-0029,11858.00,North
5019,2024-08-21,Tina Young,SKU-0058,5062.00,North
5020,2024-11-15,Carol White,SKU-0158,11526.00,Central
5021,2024-02-13,Maya Harris,SKU-0039,14351.00,West
5022,2024-01-22,Jack Anderson,SKU-0032,26073.00,West
5023,2024-08-07,Ursula Rogers,SKU-0099,3323.00,South
5024,2024-05-12,Emma Brown,SKU-0151,26043.00,East
5025,2024-06-15,Bob Martinez,SKU-0035,3781.00,North
5026,2024-01-14,Amy Adams,SKU-0063,15287.00,South
5027,2024-03-22,Frank Wilson,SKU-0149,9878.00,South
5028,2024-11-25,Frank Wilson,SKU-0178,26942.00,South
5029,2024-01-17,Sam Allen,SKU-0033,25477.00,Central
5030,2024-02-16,Xena Morgan,SKU-0060,17768.00,South
5031,2024-04-12,Olivia Lewis,SKU-0085,3895.00,South
5032,2024-03-05,Tina Young,SKU-0190,2686.00,Central
5033,2024-03-10,Victor King,SKU-0172,9405.00,East
5034,2024-08-23,Emma Brown,SKU-0069,10958.00,North
5035,2024-02-17,Kelly Evans,SKU-0079,29530.00,West
5036,2024-09-27,Ivy Carter,SKU-0031,4179.00,Central
5037,2024-02-18,Uma Hernandez,SKU-0022,28585.00,South
5038,2024-10-14,Maya Harris,SKU-0025,15091.00,Central
5039,2024-08-09,Paula Collins,SKU-0089,13420.00,Central
5040,2024-06-21,Xavier Lopez,SKU-0062,22315.00,South
5041,2024-07-16,Chloe Nelson,SKU-0158,7091.00,North
5042,2024-12-05,Noah Clark,SKU-0073,23803.00,Central
5043,2024-05-21,Chloe Nelson,SKU-0028,9674.00,West
5044,2024-07-10,Felix Campbell,SKU-0023,8568.00,East
5045,2024-12-30,Kate Thomas,SKU-0141,8039.00,West
5046,2024-04-16,Jake Phillips,SKU-0030,27727.00,West
5047,2024-06-23,Uma Hernandez,SKU-0196,1843.00,East
5048,2024-01-18,Xena Morgan,SKU-0055,14130.00,North
5049,2024-03-30,Lucas Turner,SKU-0001,4767.00,West
5050,2024-11-15,Quinn Walker,SKU-0145,20777.00,East
5051,2024-04-14,Bob Martinez,SKU-0141,6390.00,South
5052,2024-05-16,Brian Baker,SKU-0041,9640.00,Central
5053,2024-09-11,Xavier Lopez,SKU-0012,7630.00,East
5054,2024-05-15,Carol White,SKU-0047,3292.00,West
5055,2024-09-24,Wendy Wright,SKU-0057,3193.00,West
5056,2024-06-18,Lucas Turner,SKU-0063,25713.00,East
5057,2024-07-05,Yara Scott,SKU-0157,3781.00,West
5058,2024-08-25,Yusuf Bell,SKU-0016,10212.00,West
5059,2024-06-28,Paula Collins,SKU-0113,21071.00,North
5060,2024-01-07,Amy Adams,SKU-0062,5971.00,North
5061,2024-04-15,Reed Stewart,SKU-0149,8749.00,Central
5062,2024-09-30,Jack Anderson,SKU-0198,7650.00,West
5063,2024-08-14,Oscar Edwards,SKU-0060,3606.00,South
5064,2024-11-30,Iris Patel,SKU-0110,7017.00,West
5065,2024-04-16,Felix Campbell,SKU-0157,606.00,North
5066,2024-06-16,Carol White,SKU-0087,15939.00,East
5067,2024-09-06,Peter Robinson,SKU-0126,4585.00,North
5068,2024-06-30,Carol White,SKU-0133,6973.00,West
5069,2024-04-18,Derek Hill,SKU-0101,19202.00,South
5070,2024-12-19,Victor King,SKU-0019,23370.00,West
5071,2024-08-11,Oscar Edwards,SKU-0068,2641.00,North
5072,2024-08-12,Xena Morgan,SKU-0072,13929.00,North
5073,2024-05-28,Zach Green,SKU-0154,24733.00,North
5074,2024-07-19,Carol White,SKU-0111,14693.00,South
5075,2024-05-15,Felix Campbell,SKU-0116,14975.00,Central
5076,2024-11-26,Xavier Lopez,SKU-0060,29974.00,South
5077,2024-08-11,Quinn Walker,SKU-0147,3513.00,South
5078,2024-06-14,Kelly Evans,SKU-0174,16737.00,Central
5079,2024-04-18,Olivia Lewis,SKU-0031,3897.00,Central
5080,2024-04-07,Henry Taylor,SKU-0029,3401.00,West
5081,2024-09-09,Kelly Evans,SKU-0032,5291.00,North
5082,2024-08-07,Quinn Walker,SKU-0091,5192.00,West
5083,2024-12-16,Chloe Nelson,SKU-0010,9776.00,West
5084,2024-09-05,Sofia Sanchez,SKU-0087,4471.00,Central
5085,2024-05-30,Amy Adams,SKU-0095,1292.00,East
5086,2024-02-28,Grace Liu,SKU-0050,27826.00,Central
5087,2024-09-09,Alice Chen,SKU-0166,10409.00,North
5088,2024-08-12,Uma Hernandez,SKU-0092,9483.00,Central
5089,2024-11-08,Tina Young,SKU-0050,27273.00,Central
5090,2024-03-01,Amy Adams,SKU-0169,28811.00,Central
5091,2024-08-06,Sam Allen,SKU-0068,4815.00,Central
5092,2024-07-20,Lucas Turner,SKU-0106,1936.00,Central
5093,2024-08-22,Nathan Parker,SKU-0140,6652.00,East
5094,2024-06-13,Grace Liu,SKU-0190,24084.00,West
5095,2024-12-16,Victor King,SKU-0069,22579.00,East
5096,2024-09-24,Brian Baker,SKU-0080,9194.00,West
5097,2024-10-13,Maya Harris,SKU-0090,5873.00,South
5098,2024-02-25,Reed Stewart,SKU-0021,27581.00,North
5099,2024-05-01,Reed Stewart,SKU-0142,19263.00,South
5100,2024-05-27,Ursula Rogers,SKU-0187,4198.00,North
5101,2024-10-26,Emma Brown,SKU-0180,17312.00,Central
5102,2024-04-20,Troy Morris,SKU-0109,29984.00,South
5103,2024-08-05,Kate Thomas,SKU-0185,5950.00,South
5104,2024-03-23,Xena Morgan,SKU-0127,3316.00,South
5105,2024-08-21,Reed Stewart,SKU-0043,9676.00,North
5106,2024-03-30,Kate Thomas,SKU-0149,23378.00,West
5107,2024-03-31,Maya Harris,SKU-0087,23333.00,West
5108,2024-10-05,Felix Campbell,SKU-0134,23394.00,North
5109,2024-01-01,David Kim,SKU-0005,15680.00,East
5110,2024-07-12,Sofia Sanchez,SKU-0071,3234.00,West
5111,2024-06-17,Felix Campbell,SKU-0001,13471.00,North
5112,2024-01-27,Reed Stewart,SKU-0024,12751.00,North
5113,2024-12-17,Xavier Lopez,SKU-0073,17852.00,North
5114,2024-01-13,Derek Hill,SKU-0022,13770.00,West
5115,2024-01-02,Oscar Edwards,SKU-0110,7071.00,East
5116,2024-06-01,Kelly Evans,SKU-0084,9263.00,North
5117,2024-03-26,Wendy Wright,SKU-0170,12096.00,South
5118,2024-02-19,Xena Morgan,SKU-0194,13245.00,South
5119,2024-04-21,Rachel Hall,SKU-0113,26655.00,South
5120,2024-07-28,Nathan Parker,SKU-0152,6015.00,Central
5121,2024-09-29,Carol White,SKU-0141,11707.00,East
5122,2024-08-06,Grace Liu,SKU-0097,11143.00,East
5123,2024-10-12,Rachel Hall,SKU-0111,3505.00,West
5124,2024-03-06,Gina Mitchell,SKU-0135,28408.00,South
5125,2024-05-23,Xavier Lopez,SKU-0033,25693.00,West
5126,2024-09-01,Peter Robinson,SKU-0195,7331.00,Central
5127,2024-11-15,Uma Hernandez,SKU-0155,23658.00,South
5128,2024-05-24,Noah Clark,SKU-0129,21385.00,West
5129,2024-02-11,Leo Jackson,SKU-0038,29367.00,North
5130,2024-10-04,Olivia Lewis,SKU-0128,21207.00,North
5131,2024-12-20,Chloe Nelson,SKU-0074,18791.00,South
5132,2024-01-20,Nathan Parker,SKU-0046,17005.00,East
5133,2024-01-09,Alice Chen,SKU-0124,11223.00,Central
5134,2024-06-27,Carol White,SKU-0179,21172.00,South
5135,2024-10-08,Jack Anderson,SKU-0178,5075.00,West
5136,2024-04-01,Leo Jackson,SKU-0086,27499.00,Central
5137,2024-12-09,Yara Scott,SKU-0116,16100.00,South
5138,2024-02-23,Oscar Edwards,SKU-0134,867.00,West
5139,2024-02-11,Kate Thomas,SKU-0066,9187.00,South
5140,2024-01-28,Amy Adams,SKU-0040,21772.00,West
5141,2024-11-25,Maya Harris,SKU-0035,23160.00,Central
5142,2024-08-07,Uma Hernandez,SKU-0043,8309.00,East
5143,2024-01-26,Lucas Turner,SKU-0138,21855.00,South
5144,2024-08-23,Olivia Lewis,SKU-0043,10733.00,Central
5145,2024-09-16,David Kim,SKU-0141,17614.00,North
5146,2024-12-12,Bob Martinez,SKU-0200,7279.00,Central
5147,2024-11-19,Derek Hill,SKU-0058,12126.00,South
5148,2024-04-21,Brian Baker,SKU-0057,12833.00,North
5149,2024-09-15,Rachel Hall,SKU-0008,9312.00,Central
5150,2024-08-14,Henry Taylor,SKU-0058,8709.00,Central
5151,2024-11-11,Emma Brown,SKU-0019,19648.00,North
5152,2024-09-16,Brian Baker,SKU-0134,10331.00,Central
5153,2024-05-04,Oscar Edwards,SKU-0065,26913.00,North
5154,2024-05-25,Olivia Lewis,SKU-0153,19746.00,Central
5155,2024-03-02,Paula Collins,SKU-0001,26268.00,East
5156,2024-04-01,Victor King,SKU-0086,27266.00,East
5157,2024-08-04,Paula Collins,SKU-0041,13990.00,Central
5158,2024-09-19,Hugo Roberts,SKU-0029,7230.00,West
5159,2024-05-05,Olivia Lewis,SKU-0076,3602.00,East
5160,2024-07-10,Zach Green,SKU-0075,5176.00,South
5161,2024-09-26,Lucas Turner,SKU-0073,7982.00,North
5162,2024-08-09,Xavier Lopez,SKU-0056,11015.00,Central
5163,2024-08-24,Troy Morris,SKU-0080,9255.00,East
5164,2024-03-22,Lucas Turner,SKU-0072,9934.00,South
5165,2024-07-10,Emma Brown,SKU-0012,9234.00,South
5166,2024-06-13,Wendy Wright,SKU-0118,27582.00,West
5167,2024-07-03,Victor King,SKU-0141,6191.00,North
5168,2024-11-12,Iris Patel,SKU-0024,10034.00,South
5169,2024-07-10,Kate Thomas,SKU-0037,6645.00,North
5170,2024-12-03,Yusuf Bell,SKU-0097,26381.00,Central
5171,2024-04-18,Elena Ramirez,SKU-0046,28836.00,West
5172,2024-08-28,Hugo Roberts,SKU-0046,1813.00,North
5173,2024-01-20,Leo Jackson,SKU-0045,28177.00,South
5174,2024-11-28,Elena Ramirez,SKU-0025,4895.00,South
5175,2024-09-21,Nathan Parker,SKU-0027,6185.00,West
5176,2024-02-18,Grace Liu,SKU-0064,6011.00,Central
5177,2024-05-29,Ursula Rogers,SKU-0077,18783.00,Central
5178,2024-07-13,Chloe Nelson,SKU-0015,5696.00,Central
5179,2024-11-29,Derek Hill,SKU-0179,21260.00,South
5180,2024-09-27,Hugo Roberts,SKU-0104,4504.00,North
5181,2024-12-26,Xavier Lopez,SKU-0032,791.00,Central
5182,2024-01-04,Hugo Roberts,SKU-0141,13900.00,North
5183,2024-05-02,Jake Phillips,SKU-0191,14193.00,South
5184,2024-04-25,Derek Hill,SKU-0169,25877.00,West
5185,2024-09-07,Uma Hernandez,SKU-0033,8529.00,East
5186,2024-12-04,Victor King,SKU-0032,16866.00,North
5187,2024-08-24,Lucas Turner,SKU-0124,8938.00,North
5188,2024-10-14,Wendy Wright,SKU-0066,15562.00,North
5189,2024-06-24,Nathan Parker,SKU-0129,14456.00,West
5190,2024-07-22,Nathan Parker,SKU-0185,4176.00,Central
5191,2024-08-10,Paula Collins,SKU-0170,9678.00,East
5192,2024-09-20,Derek Hill,SKU-0030,6338.00,West
5193,2024-08-02,Alice Chen,SKU-0056,18376.00,Central
5194,2024-10-29,Rachel Hall,SKU-0087,23843.00,South
5195,2024-09-25,Sofia Sanchez,SKU-0099,1926.00,Central
5196,2024-01-17,Bob Martinez,SKU-0120,28657.00,East
5197,2024-03-01,Noah Clark,SKU-0023,28985.00,Central
5198,2024-05-20,Carol White,SKU-0122,24135.00,East
5199,2024-07-30,Oscar Edwards,SKU-0049,3888.00,West
5200,2024-09-07,Noah Clark,SKU-0091,6215.00,Central
5201,2024-02-06,Chloe Nelson,SKU-0009,21338.00,South
5202,2024-02-14,Vincent Reed,SKU-0126,13121.00,Central
5203,2024-04-11,Chloe Nelson,SKU-0141,9385.00,West
5204,2024-08-02,Derek Hill,SKU-0101,6411.00,North
5205,2024-01-21,Amy Adams,SKU-0180,28648.00,South
5206,2024-01-13,Emma Brown,SKU-0141,27626.00,North
5207,2024-10-14,Sofia Sanchez,SKU-0067,22713.00,West
5208,2024-06-22,Carol White,SKU-0005,17485.00,North
5209,2024-07-15,Monica Torres,SKU-0101,4393.00,West
5210,2024-05-13,Chloe Nelson,SKU-0137,1304.00,East
5211,2024-07-04,Amy Adams,SKU-0131,13673.00,South
5212,2024-01-20,Alice Chen,SKU-0006,16224.00,South
5213,2024-12-15,Ursula Rogers,SKU-0030,23507.00,East
5214,2024-11-15,Zach Green,SKU-0101,4271.00,East
5215,2024-08-30,Kate Thomas,SKU-0013,10027.00,West
5216,2024-05-11,Maya Harris,SKU-0095,27728.00,West
5217,2024-08-14,Ursula Rogers,SKU-0069,3076.00,South
5218,2024-08-31,Elena Ramirez,SKU-0048,5941.00,South
5219,2024-06-11,Frank Wilson,SKU-0047,17395.00,South
5220,2024-07-28,Quinn Walker,SKU-0107,2637.00,East
5221,2024-04-30,Lucas Turner,SKU-0188,10541.00,South
5222,2024-01-17,Wendy Wright,SKU-0133,22383.00,North
5223,2024-05-20,Noah Clark,SKU-0177,23957.00,West
5224,2024-06-16,Xena Morgan,SKU-0141,10952.00,South
5225,2024-05-30,Chloe Nelson,SKU-0044,24318.00,South
5226,2024-08-24,Vincent Reed,SKU-0181,5823.00,East
5227,2024-02-12,Sofia Sanchez,SKU-0127,17201.00,Central
5228,2024-09-05,Sofia Sanchez,SKU-0131,4189.00,North
5229,2024-02-01,Maya Harris,SKU-0049,1321.00,West
5230,2024-09-05,Xena Morgan,SKU-0078,10982.00,South
5231,2024-08-12,Felix Campbell,SKU-0076,6067.00,Central
5232,2024-10-18,Ivy Carter,SKU-0071,13845.00,South
5233,2024-12-06,Paula Collins,SKU-0020,12053.00,North
5234,2024-01-03,Olivia Lewis,SKU-0112,4145.00,West
5235,2024-08-19,Victor King,SKU-0187,10997.00,West
5236,2024-03-23,Paula Collins,SKU-0139,19003.00,South
5237,2024-06-30,Monica Torres,SKU-0046,16195.00,West
5238,2024-04-06,Nathan Parker,SKU-0018,14128.00,Central
5239,2024-09-19,Amy Adams,SKU-0063,14077.00,West
5240,2024-03-13,Gina Mitchell,SKU-0157,16078.00,Central
5241,2024-09-04,Whitney Cook,SKU-0013,7097.00,East
5242,2024-03-27,Ursula Rogers,SKU-0118,23981.00,East
5243,2024-06-03,Vincent Reed,SKU-0081,20258.00,North
5244,2024-08-30,Felix Campbell,SKU-0068,4122.00,West
5245,2024-04-10,Reed Stewart,SKU-0072,28611.00,South
5246,2024-11-27,Olivia Lewis,SKU-0067,21490.00,Central
5247,2024-05-04,Brian Baker,SKU-0082,16188.00,South
5248,2024-11-30,Nathan Parker,SKU-0043,737.00,North
5249,2024-08-29,Jake Phillips,SKU-0005,1759.00,Central
5250,2024-08-08,Jack Anderson,SKU-0152,7784.00,South
5251,2024-04-16,Carol White,SKU-0140,10050.00,North
5252,2024-10-12,Sofia Sanchez,SKU-0102,801.00,Central
5253,2024-09-12,Oscar Edwards,SKU-0200,6894.00,Central
5254,2024-10-21,Rachel Hall,SKU-0162,979.00,East
5255,2024-09-23,Iris Patel,SKU-0036,12694.00,East
5256,2024-04-16,Xavier Lopez,SKU-0004,15464.00,North
5257,2024-07-03,Elena Ramirez,SKU-0104,6184.00,East
5258,2024-02-27,Kate Thomas,SKU-0118,18731.00,East
5259,2024-12-02,Yara Scott,SKU-0014,15280.00,South
5260,2024-11-21,Amy Adams,SKU-0101,18880.00,North
5261,2024-12-27,Emma Brown,SKU-0017,22891.00,East
5262,2024-01-24,Xavier Lopez,SKU-0079,3951.00,South
5263,2024-02-29,Reed Stewart,SKU-0181,14546.00,Central
5264,2024-03-09,Paula Collins,SKU-0010,13553.00,South
5265,2024-09-19,Whitney Cook,SKU-0025,5003.00,West
5266,2024-01-16,Ivy Carter,SKU-0038,18263.00,Central
5267,2024-08-01,Yusuf Bell,SKU-0130,15953.00,South
5268,2024-06-24,Xena Morgan,SKU-0113,19309.00,North
5269,2024-10-18,Victor King,SKU-0122,13011.00,East
5270,2024-11-19,Rachel Hall,SKU-0082,10603.00,East
5271,2024-04-05,Tina Young,SKU-0187,22748.00,East
5272,2024-10-05,Jack Anderson,SKU-0047,25075.00,West
5273,2024-08-16,Chloe Nelson,SKU-0020,6256.00,West
5274,2024-11-06,Troy Morris,SKU-0020,17538.00,West
5275,2024-02-28,Alice Chen,SKU-0186,3129.00,North
5276,2024-02-12,Derek Hill,SKU-0096,19565.00,East
5277,2024-06-11,Rachel Hall,SKU-0190,5899.00,West
5278,2024-07-21,David Kim,SKU-0017,10266.00,Central
5279,2024-09-03,Elena Ramirez,SKU-0176,5149.00,North
5280,2024-11-12,Frank Wilson,SKU-0121,2326.00,North
5281,2024-11-18,Rachel Hall,SKU-0087,14825.00,North
5282,2024-12-05,Maya Harris,SKU-0165,20874.00,South
5283,2024-06-04,Jack Anderson,SKU-0149,19885.00,Central
5284,2024-01-27,Kelly Evans,SKU-0146,28386.00,South
5285,2024-10-07,Brian Baker,SKU-0031,20400.00,South
5286,2024-03-20,Noah Clark,SKU-0078,1316.00,South
5287,2024-03-24,Ursula Rogers,SKU-0006,24860.00,East
5288,2024-05-31,Emma Brown,SKU-0197,21971.00,South
5289,2024-09-29,Noah Clark,SKU-0199,7321.00,Central
5290,2024-11-04,Xavier Lopez,SKU-0051,6847.00,West
5291,2024-07-25,Tina Young,SKU-0044,4198.00,South
5292,2024-09-16,Felix Campbell,SKU-0124,6507.00,Central
5293,2024-07-06,Monica Torres,SKU-0027,5963.00,East
5294,2024-02-22,Victor King,SKU-0112,3462.00,South
5295,2024-04-05,Alice Chen,SKU-0073,14068.00,South
5296,2024-03-25,Jack Anderson,SKU-0191,11859.00,South
5297,2024-10-02,Tina Young,SKU-0044,6534.00,North
5298,2024-05-05,Quinn Walker,SKU-0032,23934.00,North
5299,2024-07-26,Tina Young,SKU-0078,11184.00,West
5300,2024-07-14,Olivia Lewis,SKU-0194,9332.00,West
5301,2024-08-23,Ursula Rogers,SKU-0190,10349.00,South
5302,2024-05-22,Kelly Evans,SKU-0167,20462.00,West
5303,2024-10-24,Alice Chen,SKU-0007,8609.00,East
5304,2024-04-10,Iris Patel,SKU-0005,22632.00,South
5305,2024-06-14,Sofia Sanchez,SKU-0093,17747.00,North
5306,2024-03-30,Monica Torres,SKU-0160,16997.00,Central
5307,2024-04-03,Henry Taylor,SKU-0182,22254.00,North
5308,2024-03-19,Troy Morris,SKU-0078,9767.00,East
5309,2024-11-02,Iris Patel,SKU-0021,28698.00,North
5310,2024-10-29,Derek Hill,SKU-0039,26376.00,Central
5311,2024-02-24,Yara Scott,SKU-0096,2804.00,West
5312,2024-02-26,Rachel Hall,SKU-0089,19137.00,Central
5313,2024-03-22,Quinn Walker,SKU-0028,23481.00,Central
5314,2024-08-13,Yusuf Bell,SKU-0062,5597.00,West
5315,2024-10-06,Paula Collins,SKU-0176,2927.00,West
5316,2024-11-14,Jack Anderson,SKU-0060,24280.00,Central
5317,2024-08-22,Reed Stewart,SKU-0032,12950.00,Central
5318,2024-09-08,Chloe Nelson,SKU-0130,6902.00,North
5319,2024-05-13,Leo Jackson,SKU-0043,27198.00,East
5320,2024-08-19,Alice Chen,SKU-0167,14743.00,West
5321,2024-12-03,Whitney Cook,SKU-0144,622.00,East
5322,2024-09-06,Victor King,SKU-0142,13057.00,Central
5323,2024-01-30,Elena Ramirez,SKU-0122,11021.00,North
5324,2024-10-02,Xavier Lopez,SKU-0125,12729.00,East
5325,2024-04-04,Olivia Lewis,SKU-0156,26743.00,South
5326,2024-01-26,Brian Baker,SKU-0127,1972.00,Central
5327,2024-09-26,Monica Torres,SKU-0056,4092.00,West
5328,2024-03-08,Grace Liu,SKU-0154,18492.00,West
5329,2024-06-23,Jack Anderson,SKU-0019,24609.00,South
5330,2024-03-13,Ivy Carter,SKU-0010,2026.00,Central
5331,2024-03-02,Tina Young,SKU-0132,20943.00,North
5332,2024-02-23,Amy Adams,SKU-0077,10928.00,South
5333,2024-02-07,Jack Anderson,SKU-0199,15241.00,Central
5334,2024-12-06,Elena Ramirez,SKU-0024,21289.00,North
5335,2024-09-21,Grace Liu,SKU-0084,15942.00,East
5336,2024-06-19,Chloe Nelson,SKU-0197,28919.00,South
5337,2024-09-12,Hugo Roberts,SKU-0087,4911.00,West
5338,2024-10-01,Jack Anderson,SKU-0016,3186.00,North
5339,2024-02-14,Kate Thomas,SKU-0170,17621.00,West
5340,2024-05-19,Brian Baker,SKU-0153,2115.00,South
5341,2024-08-24,Yusuf Bell,SKU-0128,12948.00,Central
5342,2024-10-23,Brian Baker,SKU-0079,11585.00,East
5343,2024-11-23,Monica Torres,SKU-0031,3427.00,South
5344,2024-12-14,Paula Collins,SKU-0003,24735.00,East
5345,2024-08-23,David Kim,SKU-0136,11704.00,East
5346,2024-08-30,Chloe Nelson,SKU-0183,5768.00,South
5347,2024-07-20,Quinn Walker,SKU-0138,3282.00,Central
5348,2024-12-04,Amy Adams,SKU-0028,23941.00,East
5349,2024-01-25,Bob Martinez,SKU-0007,28601.00,Central
5350,2024-07-17,Yusuf Bell,SKU-0031,9842.00,North
5351,2024-11-01,Lucas Turner,SKU-0082,26343.00,South
5352,2024-04-08,Brian Baker,SKU-0165,4759.00,Central
5353,2024-10-16,Carol White,SKU-0078,29418.00,West
5354,2024-07-29,Zach Green,SKU-0144,7790.00,East
5355,2024-05-17,Whitney Cook,SKU-0162,7948.00,East
5356,2024-04-06,Derek Hill,SKU-0106,2509.00,West
5357,2024-01-24,Yusuf Bell,SKU-0123,21408.00,North
5358,2024-11-23,Reed Stewart,SKU-0128,4807.00,West
5359,2024-03-17,Derek Hill,SKU-0185,5350.00,Central
5360,2024-08-15,Carol White,SKU-0135,8155.00,North
5361,2024-12-10,Olivia Lewis,SKU-0108,25081.00,West
5362,2024-03-08,Kelly Evans,SKU-0181,20195.00,North
5363,2024-11-05,Amy Adams,SKU-0104,16226.00,Central
5364,2024-01-18,Uma Hernandez,SKU-0041,7141.00,Central
5365,2024-02-13,Carol White,SKU-0011,7358.00,Central
5366,2024-09-22,Alice Chen,SKU-0036,23184.00,West
5367,2024-09-19,Jack Anderson,SKU-0077,6333.00,Central
5368,2024-03-08,Ivy Carter,SKU-0167,6919.00,Central
5369,2024-06-25,Oscar Edwards,SKU-0008,14375.00,East
5370,2024-05-20,Ivy Carter,SKU-0007,11719.00,West
5371,2024-06-26,Felix Campbell,SKU-0081,12409.00,West
5372,2024-09-24,Jack Anderson,SKU-0045,6581.00,North
5373,2024-08-18,Sofia Sanchez,SKU-0139,3663.00,Central
5374,2024-01-02,Reed Stewart,SKU-0147,18622.00,South
5375,2024-09-20,Sam Allen,SKU-0001,7705.00,North
5376,2024-07-11,Elena Ramirez,SKU-0108,4844.00,East
5377,2024-09-16,Jack Anderson,SKU-0111,12958.00,East
5378,2024-09-06,Noah Clark,SKU-0054,9600.00,North
5379,2024-03-06,Ivy Carter,SKU-0178,3491.00,East
5380,2024-06-05,Yusuf Bell,SKU-0007,17604.00,East
5381,2024-03-20,Lucas Turner,SKU-0194,26826.00,East
5382,2024-08-31,Ursula Rogers,SKU-0079,8118.00,South
5383,2024-04-23,Reed Stewart,SKU-0037,29151.00,Central
5384,2024-10-20,Gina Mitchell,SKU-0151,17534.00,South
5385,2024-07-06,Nathan Parker,SKU-0198,9546.00,East
5386,2024-05-22,Reed Stewart,SKU-0092,6378.00,North
5387,2024-04-11,David Kim,SKU-0142,5058.00,South
5388,2024-09-28,Grace Liu,SKU-0008,10363.00,Central
5389,2024-07-09,Monica Torres,SKU-0118,5460.00,East
5390,2024-08-23,Yara Scott,SKU-0191,3648.00,South
5391,2024-08-14,Kate Thomas,SKU-0169,11984.00,North
5392,2024-10-16,Maya Harris,SKU-0076,3436.00,South
5393,2024-05-03,Carol White,SKU-0007,7173.00,South
5394,2024-04-27,Felix Campbell,SKU-0108,24912.00,East
5395,2024-01-22,Iris Patel,SKU-0131,4950.00,Central
5396,2024-04-22,Sofia Sanchez,SKU-0090,10993.00,South
5397,2024-05-01,Quinn Walker,SKU-0030,3482.00,East
5398,2024-07-22,Whitney Cook,SKU-0007,3751.00,South
5399,2024-12-24,Emma Brown,SKU-0150,8721.00,South
5400,2024-02-06,Emma Brown,SKU-0022,10288.00,West
5401,2024-02-29,Amy Adams,SKU-0102,10696.00,South
5402,2024-09-19,Uma Hernandez,SKU-0163,8711.00,Central
5403,2024-03-15,Jake Phillips,SKU-0083,19029.00,Central
5404,2024-07-22,Ursula Rogers,SKU-0038,3280.00,East
5405,2024-10-11,Whitney Cook,SKU-0103,29153.00,North
5406,2024-06-07,Rachel Hall,SKU-0012,15952.00,Central
5407,2024-10-15,Frank Wilson,SKU-0016,9121.00,North
5408,2024-07-10,Ursula Rogers,SKU-0193,7655.00,West
5409,2024-01-23,Zach Green,SKU-0157,18904.00,East
5410,2024-09-09,Uma Hernandez,SKU-0162,11051.00,East
5411,2024-01-09,Quinn Walker,SKU-0065,28886.00,South
5412,2024-03-02,Olivia Lewis,SKU-0134,8488.00,North
5413,2024-02-17,Gina Mitchell,SKU-0051,9701.00,North
5414,2024-01-25,Yusuf Bell,SKU-0049,3193.00,Central
5415,2024-03-29,Bob Martinez,SKU-0118,21788.00,West
5416,2024-03-02,Felix Campbell,SKU-0154,773.00,West
5417,2024-09-06,Wendy Wright,SKU-0036,4088.00,East
5418,2024-04-27,Noah Clark,SKU-0089,4520.00,East
5419,2024-08-21,Iris Patel,SKU-0064,8617.00,South
5420,2024-05-21,Oscar Edwards,SKU-0189,25426.00,West
5421,2024-06-13,Wendy Wright,SKU-0074,11306.00,Central
5422,2024-08-18,Leo Jackson,SKU-0082,10001.00,West
5423,2024-12-02,David Kim,SKU-0037,12622.00,Central
5424,2024-11-16,Jake Phillips,SKU-0134,13386.00,North
5425,2024-10-30,Xena Morgan,SKU-0005,10327.00,East
5426,2024-02-28,Maya Harris,SKU-0132,25354.00,Central
5427,2024-03-07,Xavier Lopez,SKU-0148,1248.00,South
5428,2024-07-02,Amy Adams,SKU-0190,17360.00,South
5429,2024-03-05,Yusuf Bell,SKU-0148,11701.00,West
5430,2024-08-23,Peter Robinson,SKU-0137,8169.00,North
5431,2024-03-11,Brian Baker,SKU-0047,27824.00,Central
5432,2024-02-29,Yusuf Bell,SKU-0045,26707.00,West
5433,2024-02-06,Peter Robinson,SKU-0130,15971.00,North
5434,2024-04-22,Noah Clark,SKU-0041,17709.00,East
5435,2024-03-29,Jake Phillips,SKU-0068,16084.00,Central
5436,2024-04-12,Jack Anderson,SKU-0053,28328.00,East
5437,2024-07-03,Grace Liu,SKU-0104,11948.00,Central
5438,2024-06-09,Troy Morris,SKU-0085,26855.00,South
5439,2024-03-17,Tina Young,SKU-0147,28491.00,East
5440,2024-01-15,Lucas Turner,SKU-0171,29949.00,East
5441,2024-06-19,David Kim,SKU-0099,19569.00,North
5442,2024-08-28,Leo Jackson,SKU-0043,7332.00,North
5443,2024-04-20,Rachel Hall,SKU-0196,10902.00,East
5444,2024-04-11,Reed Stewart,SKU-0147,4923.00,North
5445,2024-09-21,Derek Hill,SKU-0150,8396.00,East
5446,2024-01-12,Nathan Parker,SKU-0119,19316.00,South
5447,2024-05-04,Sofia Sanchez,SKU-0023,28464.00,West
5448,2024-02-24,Olivia Lewis,SKU-0183,22257.00,East
5449,2024-07-17,Sofia Sanchez,SKU-0023,3883.00,West
5450,2024-12-16,Xavier Lopez,SKU-0162,28896.00,West
5451,2024-04-17,Carol White,SKU-0033,2227.00,East
5452,2024-05-09,Xena Morgan,SKU-0137,19945.00,Central
5453,2024-05-11,Jake Phillips,SKU-0055,18511.00,North
5454,2024-11-17,Felix Campbell,SKU-0077,17300.00,East
5455,2024-08-22,Uma Hernandez,SKU-0103,10809.00,Central
5456,2024-02-29,Maya Harris,SKU-0119,17921.00,West
5457,2024-10-22,Xena Morgan,SKU-0017,26174.00,North
5458,2024-09-28,Zach Green,SKU-0086,4806.00,West
5459,2024-09-07,Grace Liu,SKU-0051,14665.00,North
5460,2024-07-30,Xena Morgan,SKU-0059,6078.00,South
5461,2024-09-18,Yara Scott,SKU-0093,3633.00,East
5462,2024-07-18,Jack Anderson,SKU-0056,6732.00,East
5463,2024-03-12,Vincent Reed,SKU-0058,9226.00,East
5464,2024-11-26,Elena Ramirez,SKU-0073,11891.00,West
5465,2024-04-23,Kate Thomas,SKU-0067,24028.00,Central
5466,2024-08-16,Alice Chen,SKU-0004,12309.00,West
5467,2024-10-20,Bob Martinez,SKU-0103,6499.00,Central
5468,2024-08-11,Henry Taylor,SKU-0010,11164.00,East
5469,2024-02-13,Grace Liu,SKU-0094,17730.00,East
5470,2024-09-05,Quinn Walker,SKU-0129,3790.00,Central
5471,2024-06-07,Lucas Turner,SKU-0072,20053.00,East
5472,2024-07-01,Alice Chen,SKU-0189,11039.00,Central
5473,2024-05-07,Olivia Lewis,SKU-0096,19521.00,South
5474,2024-04-07,Yara Scott,SKU-0154,18469.00,South
5475,2024-09-26,Wendy Wright,SKU-0108,5523.00,West
5476,2024-12-07,Elena Ramirez,SKU-0149,6429.00,West
5477,2024-10-17,Hugo Roberts,SKU-0058,11995.00,North
5478,2024-05-08,Ursula Rogers,SKU-0005,19205.00,North
5479,2024-11-08,Felix Campbell,SKU-0193,28767.00,West
5480,2024-10-08,Amy Adams,SKU-0135,28108.00,North
5481,2024-12-14,Whitney Cook,SKU-0071,5622.00,South
5482,2024-06-09,Oscar Edwards,SKU-0075,8711.00,South
5483,2024-01-11,Olivia Lewis,SKU-0087,20286.00,Central
5484,2024-08-12,Kelly Evans,SKU-0135,8636.00,West
5485,2024-11-21,Ursula Rogers,SKU-0031,28334.00,Central
5486,2024-05-24,Xavier Lopez,SKU-0118,21745.00,Central
5487,2024-10-28,Yusuf Bell,SKU-0013,2984.00,Central
5488,2024-01-22,Yara Scott,SKU-0192,10443.00,East
5489,2024-07-23,Paula Collins,SKU-0017,7497.00,West
5490,2024-01-12,Chloe Nelson,SKU-0046,6181.00,South
5491,2024-08-28,Paula Collins,SKU-0030,8965.00,North
5492,2024-03-28,Reed Stewart,SKU-0173,29100.00,West
5493,2024-07-06,Oscar Edwards,SKU-0057,2389.00,North
5494,2024-11-04,Chloe Nelson,SKU-0099,10098.00,North
5495,2024-01-14,Peter Robinson,SKU-0007,13108.00,South
5496,2024-10-05,Oscar Edwards,SKU-0094,20818.00,West
5497,2024-09-11,Zach Green,SKU-0115,4982.00,South
5498,2024-07-07,Olivia Lewis,SKU-0177,10064.00,Central
5499,2024-04-09,Grace Liu,SKU-0062,24687.00,East
5500,2024-12-11,Wendy Wright,SKU-0068,14214.00,West
5501,2024-02-04,Wendy Wright,SKU-0174,11939.00,South
5502,2024-11-11,Frank Wilson,SKU-0147,21414.00,West
5503,2024-04-23,Derek Hill,SKU-0056,4099.00,Central
5504,2024-06-09,Maya Harris,SKU-0156,29489.00,South
5505,2024-09-01,David Kim,SKU-0030,11566.00,West
5506,2024-01-30,Rachel Hall,SKU-0018,14317.00,South
5507,2024-08-28,Hugo Roberts,SKU-0149,3666.00,South
5508,2024-01-29,Bob Martinez,SKU-0152,26386.00,North
5509,2024-07-26,Sofia Sanchez,SKU-0035,2945.00,Central
5510,2024-06-12,Nathan Parker,SKU-0030,24575.00,West
5511,2024-07-26,Oscar Edwards,SKU-0112,2750.00,South
5512,2024-04-28,Jake Phillips,SKU-0091,22728.00,Central
5513,2024-06-01,Tina Young,SKU-0048,19759.00,North
5514,2024-02-25,Lucas Turner,SKU-0099,16643.00,East
5515,2024-09-04,Iris Patel,SKU-0135,12212.00,North
5516,2024-09-07,Chloe Nelson,SKU-0053,3107.00,Central
5517,2024-02-24,Olivia Lewis,SKU-0200,8122.00,West
5518,2024-09-19,Sam Allen,SKU-0158,5476.00,West
5519,2024-06-30,Zach Green,SKU-0129,1389.00,South
5520,2024-06-10,Paula Collins,SKU-0144,3036.00,West
5521,2024-02-14,Chloe Nelson,SKU-0016,17977.00,Central
5522,2024-11-09,Bob Martinez,SKU-0178,19942.00,East
5523,2024-02-07,Vincent Reed,SKU-0132,27844.00,West
5524,2024-10-21,Tina Young,SKU-0184,19334.00,South
5525,2024-06-06,Elena Ramirez,SKU-0102,26425.00,North
5526,2024-03-10,Noah Clark,SKU-0131,15626.00,East
5527,2024-10-15,Iris Patel,SKU-0196,5940.00,Central
5528,2024-05-10,Jake Phillips,SKU-0098,28999.00,North
5529,2024-08-11,Xavier Lopez,SKU-0170,8652.00,South
5530,2024-07-26,Zach Green,SKU-0020,6257.00,South
5531,2024-03-14,Monica Torres,SKU-0031,26367.00,North
5532,2024-09-20,Frank Wilson,SKU-0055,10627.00,Central
5533,2024-12-11,Xavier Lopez,SKU-0168,7652.00,South
5534,2024-10-11,Whitney Cook,SKU-0007,18307.00,West
5535,2024-10-20,Vincent Reed,SKU-0118,15021.00,North
5536,2024-08-06,Grace Liu,SKU-0100,14707.00,West
5537,2024-09-04,Ivy Carter,SKU-0134,2892.00,Central
5538,2024-07-05,Carol White,SKU-0038,16681.00,South
5539,2024-12-22,Maya Harris,SKU-0195,728.00,North
5540,2024-08-27,Alice Chen,SKU-0187,10743.00,South
5541,2024-08-22,Ursula Rogers,SKU-0016,7850.00,South
5542,2024-01-17,Ivy Carter,SKU-0049,17385.00,South
5543,2024-12-05,Nathan Parker,SKU-0093,8769.00,West
5544,2024-07-26,Brian Baker,SKU-0159,9976.00,Central
5545,2024-01-20,Grace Liu,SKU-0058,4809.00,East
5546,2024-02-11,Elena Ramirez,SKU-0122,27272.00,North
5547,2024-09-22,Paula Collins,SKU-0171,8780.00,East
5548,2024-11-08,Iris Patel,SKU-0097,8518.00,East
5549,2024-02-24,Frank Wilson,SKU-0197,14985.00,South
5550,2024-04-14,Amy Adams,SKU-0097,12635.00,Central
5551,2024-12-20,Alice Chen,SKU-0170,3109.00,North
5552,2024-12-09,Peter Robinson,SKU-0051,15166.00,Central
5553,2024-02-19,Alice Chen,SKU-0114,12838.00,Central
5554,2024-07-21,Hugo Roberts,SKU-0062,4681.00,West
5555,2024-01-24,Gina Mitchell,SKU-0131,10521.00,East
5556,2024-01-03,Chloe Nelson,SKU-0162,20285.00,South
5557,2024-08-29,Jake Phillips,SKU-0052,4535.00,East
5558,2024-08-06,Kate Thomas,SKU-0190,8061.00,West
5559,2024-06-30,Chloe Nelson,SKU-0111,10398.00,Central
5560,2024-08-29,Maya Harris,SKU-0037,4738.00,East
5561,2024-12-27,Jake Phillips,SKU-0119,12737.00,East
5562,2024-04-23,Oscar Edwards,SKU-0175,19995.00,West
5563,2024-07-27,Grace Liu,SKU-0007,11109.00,South
5564,2024-07-06,Noah Clark,SKU-0024,7870.00,East
5565,2024-01-21,Victor King,SKU-0031,18182.00,East
5566,2024-01-29,Brian Baker,SKU-0013,28242.00,North
5567,2024-04-04,Xena Morgan,SKU-0090,17979.00,South
5568,2024-12-27,Zach Green,SKU-0066,3243.00,South
5569,2024-02-05,Rachel Hall,SKU-0171,10423.00,Central
5570,2024-02-08,Monica Torres,SKU-0090,22499.00,North
5571,2024-10-05,Wendy Wright,SKU-0156,27275.00,North
5572,2024-12-26,Yara Scott,SKU-0122,12272.00,North
5573,2024-07-15,Amy Adams,SKU-0125,7826.00,Central
5574,2024-10-15,Yara Scott,SKU-0136,8228.00,North
5575,2024-05-15,Zach Green,SKU-0200,23082.00,South
5576,2024-12-16,Tina Young,SKU-0045,18429.00,South
5577,2024-09-16,Rachel Hall,SKU-0080,10173.00,West
5578,2024-08-31,Xavier Lopez,SKU-0016,4478.00,East
5579,2024-03-09,Ursula Rogers,SKU-0066,16381.00,Central
5580,2024-06-29,Elena Ramirez,SKU-0179,11526.00,West
5581,2024-02-20,Ursula Rogers,SKU-0165,12813.00,West
5582,2024-02-24,Sam Allen,SKU-0103,22739.00,West
5583,2024-04-21,David Kim,SKU-0019,13903.00,North
5584,2024-07-17,David Kim,SKU-0127,16641.00,North
5585,2024-09-09,Vincent Reed,SKU-0062,4797.00,South
5586,2024-09-28,Chloe Nelson,SKU-0002,8554.00,West
5587,2024-12-01,Kelly Evans,SKU-0167,9045.00,Central
5588,2024-09-25,Olivia Lewis,SKU-0163,4070.00,West
5589,2024-01-27,Nathan Parker,SKU-0049,9614.00,South
5590,2024-03-20,Sam Allen,SKU-0126,21740.00,South
5591,2024-06-22,Peter Robinson,SKU-0181,19878.00,North
5592,2024-04-14,Bob Martinez,SKU-0156,4662.00,Central
5593,2024-11-10,Uma Hernandez,SKU-0200,4930.00,South
5594,2024-09-21,Kelly Evans,SKU-0082,7856.00,East
5595,2024-05-06,Yara Scott,SKU-0090,22607.00,South
5596,2024-04-13,Kate Thomas,SKU-0135,5918.00,West
5597,2024-03-22,Carol White,SKU-0129,18065.00,Central
5598,2024-02-15,Grace Liu,SKU-0030,12331.00,East
5599,2024-08-20,Emma Brown,SKU-0025,10982.00,East
5600,2024-11-02,Emma Brown,SKU-0030,25534.00,West
5601,2024-01-24,Maya Harris,SKU-0157,1539.00,Central
5602,2024-11-02,Maya Harris,SKU-0141,534.00,Central
5603,2024-01-11,Henry Taylor,SKU-0034,4357.00,West
5604,2024-07-20,Whitney Cook,SKU-0067,2471.00,Central
5605,2024-02-19,Victor King,SKU-0154,4678.00,North
5606,2024-09-17,Alice Chen,SKU-0116,14833.00,East
5607,2024-09-21,Elena Ramirez,SKU-0107,4584.00,North
5608,2024-10-17,Reed Stewart,SKU-0015,15104.00,East
5609,2024-03-02,Xavier Lopez,SKU-0163,29455.00,Central
5610,2024-06-28,Maya Harris,SKU-0186,12655.00,Central
5611,2024-05-24,Lucas Turner,SKU-0141,7249.00,West
5612,2024-02-27,Grace Liu,SKU-0163,26696.00,West
5613,2024-01-23,Uma Hernandez,SKU-0002,9599.00,West
5614,2024-08-07,Tina Young,SKU-0012,10013.00,Central
5615,2024-10-14,Xavier Lopez,SKU-0152,9814.00,East
5616,2024-11-30,Xavier Lopez,SKU-0053,14979.00,Central
5617,2024-07-11,Yusuf Bell,SKU-0151,10032.00,Central
5618,2024-04-27,Oscar Edwards,SKU-0097,16614.00,North
5619,2024-10-09,David Kim,SKU-0096,1279.00,South
5620,2024-07-09,Felix Campbell,SKU-0170,3305.00,North
5621,2024-01-01,Oscar Edwards,SKU-0159,19201.00,East
5622,2024-04-17,Nathan Parker,SKU-0126,7455.00,Central
5623,2024-12-16,Felix Campbell,SKU-0144,753.00,South
5624,2024-10-15,Hugo Roberts,SKU-0014,24520.00,East
5625,2024-03-13,Tina Young,SKU-0160,3404.00,East
5626,2024-10-01,Uma Hernandez,SKU-0026,15666.00,East
5627,2024-07-12,Troy Morris,SKU-0123,7385.00,West
5628,2024-02-05,Whitney Cook,SKU-0084,7634.00,East
5629,2024-11-29,Grace Liu,SKU-0188,2723.00,East
5630,2024-11-04,Uma Hernandez,SKU-0078,15644.00,South
5631,2024-04-14,Xavier Lopez,SKU-0108,29183.00,Central
5632,2024-10-30,Paula Collins,SKU-0127,4864.00,North
5633,2024-10-16,Bob Martinez,SKU-0066,3076.00,North
5634,2024-01-01,Uma Hernandez,SKU-0185,890.00,North
5635,2024-10-02,Noah Clark,SKU-0111,24792.00,South
5636,2024-02-22,Hugo Roberts,SKU-0113,18031.00,South
5637,2024-03-28,Xavier Lopez,SKU-0145,22575.00,West
5638,2024-10-28,Rachel Hall,SKU-0189,14573.00,North
5639,2024-04-21,Carol White,SKU-0150,1535.00,East
5640,2024-06-05,Kate Thomas,SKU-0168,20094.00,South
5641,2024-02-22,Jack Anderson,SKU-0042,11228.00,North
5642,2024-12-20,Brian Baker,SKU-0002,19613.00,Central
5643,2024-12-15,Xavier Lopez,SKU-0039,15668.00,East
5644,2024-05-20,Rachel Hall,SKU-0040,13475.00,South
5645,2024-08-27,Wendy Wright,SKU-0164,4617.00,Central
5646,2024-05-28,Maya Harris,SKU-0159,21028.00,West
5647,2024-10-13,Yusuf Bell,SKU-0153,24945.00,Central
5648,2024-11-04,Noah Clark,SKU-0016,21465.00,East
5649,2024-11-17,Whitney Cook,SKU-0110,5769.00,West
5650,2024-07-19,Felix Campbell,SKU-0009,5750.00,South
5651,2024-02-22,Brian Baker,SKU-0151,28369.00,West
5652,2024-07-06,Bob Martinez,SKU-0053,14305.00,Central
5653,2024-01-22,Noah Clark,SKU-0001,17923.00,South
5654,2024-07-08,Derek Hill,SKU-0021,7388.00,Central
5655,2024-08-12,Whitney Cook,SKU-0140,7707.00,West
5656,2024-10-10,Rachel Hall,SKU-0040,6171.00,West
5657,2024-08-18,Xena Morgan,SKU-0182,5297.00,North
5658,2024-08-03,Henry Taylor,SKU-0052,17205.00,Central
5659,2024-04-13,Jake Phillips,SKU-0072,25088.00,South
5660,2024-10-10,Jack Anderson,SKU-0191,5584.00,Central
5661,2024-08-08,Maya Harris,SKU-0100,2013.00,North
5662,2024-11-22,Leo Jackson,SKU-0122,23542.00,South
5663,2024-07-18,Sam Allen,SKU-0138,2115.00,West
5664,2024-07-03,Chloe Nelson,SKU-0091,2100.00,South
5665,2024-09-10,Bob Martinez,SKU-0066,14465.00,South
5666,2024-07-16,Emma Brown,SKU-0134,10098.00,South
5667,2024-07-05,Jack Anderson,SKU-0117,12924.00,East
5668,2024-01-02,Tina Young,SKU-0073,25758.00,Central
5669,2024-01-27,Iris Patel,SKU-0077,18481.00,South
5670,2024-10-13,Alice Chen,SKU-0110,1583.00,East
5671,2024-08-11,Yara Scott,SKU-0130,5326.00,East
5672,2024-09-17,Gina Mitchell,SKU-0104,11173.00,Central
5673,2024-03-22,Elena Ramirez,SKU-0081,11918.00,North
5674,2024-10-20,Ivy Carter,SKU-0068,20533.00,West
5675,2024-04-05,Yara Scott,SKU-0054,8304.00,South
5676,2024-04-23,Carol White,SKU-0186,26325.00,West
5677,2024-09-14,Felix Campbell,SKU-0007,5273.00,West
5678,2024-01-03,Emma Brown,SKU-0168,18785.00,East
5679,2024-04-29,Nathan Parker,SKU-0170,10264.00,East
5680,2024-04-29,Jake Phillips,SKU-0164,4616.00,Central
5681,2024-09-02,Vincent Reed,SKU-0067,9518.00,East
5682,2024-09-21,Carol White,SKU-0178,15416.00,North
5683,2024-03-24,Ivy Carter,SKU-0156,27763.00,East
5684,2024-04-24,Alice Chen,SKU-0062,14939.00,West
5685,2024-09-02,Kate Thomas,SKU-0133,7385.00,East
5686,2024-03-25,Leo Jackson,SKU-0007,12818.00,East
5687,2024-08-22,Sofia Sanchez,SKU-0042,4605.00,East
5688,2024-08-15,Emma Brown,SKU-0024,11730.00,Central
5689,2024-09-09,Hugo Roberts,SKU-0094,6793.00,East
5690,2024-10-08,Elena Ramirez,SKU-0156,25680.00,Central
5691,2024-07-25,Oscar Edwards,SKU-0127,2482.00,North
5692,2024-07-13,Brian Baker,SKU-0060,5258.00,Central
5693,2024-10-11,Yara Scott,SKU-0039,18405.00,East
5694,2024-10-08,Quinn Walker,SKU-0118,18983.00,Central
5695,2024-07-27,Henry Taylor,SKU-0064,9928.00,South
5696,2024-07-02,Maya Harris,SKU-0057,2911.00,South
5697,2024-12-10,Lucas Turner,SKU-0070,11960.00,North
5698,2024-02-24,Ivy Carter,SKU-0104,26046.00,West
5699,2024-05-08,Chloe Nelson,SKU-0013,13883.00,West
5700,2024-10-15,Victor King,SKU-0137,3476.00,West
5701,2024-10-15,Hugo Roberts,SKU-0037,4002.00,West
5702,2024-12-04,Whitney Cook,SKU-0187,26694.00,South
5703,2024-08-22,Tina Young,SKU-0012,7139.00,Central
5704,2024-02-23,Felix Campbell,SKU-0183,21048.00,West
5705,2024-06-18,Hugo Roberts,SKU-0150,25095.00,North
5706,2024-03-16,Wendy Wright,SKU-0193,1080.00,South
5707,2024-08-28,Bob Martinez,SKU-0144,10168.00,Central
5708,2024-05-18,Lucas Turner,SKU-0026,22846.00,South
5709,2024-11-17,Emma Brown,SKU-0091,4480.00,South
5710,2024-08-23,Wendy Wright,SKU-0152,5519.00,North
5711,2024-05-15,Sam Allen,SKU-0090,11606.00,South
5712,2024-02-28,Monica Torres,SKU-0079,13358.00,North
5713,2024-02-07,Felix Campbell,SKU-0099,26986.00,West
5714,2024-08-15,Whitney Cook,SKU-0183,5029.00,South
5715,2024-01-12,Wendy Wright,SKU-0062,12601.00,West
5716,2024-07-20,Elena Ramirez,SKU-0037,5370.00,West
5717,2024-05-17,Frank Wilson,SKU-0059,591.00,North
5718,2024-06-06,Quinn Walker,SKU-0117,28756.00,South
5719,2024-07-08,Bob Martinez,SKU-0132,17241.00,West
5720,2024-08-09,Frank Wilson,SKU-0104,11204.00,North
5721,2024-01-30,Kelly Evans,SKU-0038,4365.00,East
5722,2024-03-08,Xavier Lopez,SKU-0058,22625.00,South
5723,2024-08-12,Oscar Edwards,SKU-0145,2945.00,East
5724,2024-04-25,Hugo Roberts,SKU-0103,10803.00,Central
5725,2024-03-19,Troy Morris,SKU-0181,1354.00,North
5726,2024-02-23,Chloe Nelson,SKU-0173,22299.00,Central
5727,2024-06-19,Jake Phillips,SKU-0167,24303.00,North
5728,2024-06-02,Xena Morgan,SKU-0192,21814.00,East
5729,2024-08-08,Hugo Roberts,SKU-0131,2828.00,North
5730,2024-03-03,Carol White,SKU-0097,10573.00,South
5731,2024-10-18,Sam Allen,SKU-0182,10713.00,East
5732,2024-08-14,Whitney Cook,SKU-0068,6243.00,North
5733,2024-05-15,Whitney Cook,SKU-0007,24802.00,North
5734,2024-07-26,Uma Hernandez,SKU-0117,8209.00,North
5735,2024-06-29,Monica Torres,SKU-0089,1813.00,South
5736,2024-06-27,Sofia Sanchez,SKU-0086,19973.00,Central
5737,2024-10-16,Bob Martinez,SKU-0147,2437.00,North
5738,2024-10-31,Sofia Sanchez,SKU-0061,29480.00,North
5739,2024-07-17,Ivy Carter,SKU-0039,6405.00,North
5740,2024-09-22,Xavier Lopez,SKU-0058,9856.00,East
5741,2024-02-12,Tina Young,SKU-0043,10462.00,North
5742,2024-03-12,Felix Campbell,SKU-0040,9867.00,East
5743,2024-11-30,Sam Allen,SKU-0111,11803.00,West
5744,2024-09-18,Uma Hernandez,SKU-0158,9200.00,Central
5745,2024-10-25,Xavier Lopez,SKU-0102,29774.00,West
5746,2024-07-01,Vincent Reed,SKU-0101,5130.00,East
5747,2024-01-03,Paula Collins,SKU-0066,8568.00,West
5748,2024-07-01,Ursula Rogers,SKU-0090,8124.00,Central
5749,2024-09-10,Rachel Hall,SKU-0200,6548.00,West
5750,2024-03-03,Maya Harris,SKU-0076,19504.00,West
5751,2024-08-26,Yusuf Bell,SKU-0039,8225.00,North
5752,2024-04-14,Wendy Wright,SKU-0071,8438.00,West
5753,2024-01-30,Derek Hill,SKU-0007,7133.00,Central
5754,2024-03-27,Xena Morgan,SKU-0050,22863.00,East
5755,2024-10-01,Leo Jackson,SKU-0141,21914.00,West
5756,2024-01-27,Ivy Carter,SKU-0036,16263.00,East
5757,2024-03-06,Wendy Wright,SKU-0098,16540.00,East
5758,2024-10-29,Tina Young,SKU-0039,6852.00,North
5759,2024-05-14,Amy Adams,SKU-0029,2754.00,North
5760,2024-03-11,Monica Torres,SKU-0069,21101.00,South
5761,2024-06-03,Paula Collins,SKU-0199,3188.00,Central
5762,2024-06-04,Jack Anderson,SKU-0054,6244.00,West
5763,2024-04-02,Tina Young,SKU-0099,15186.00,Central
5764,2024-08-19,Kelly Evans,SKU-0171,7946.00,West
5765,2024-04-09,Whitney Cook,SKU-0178,16838.00,West
5766,2024-12-08,Peter Robinson,SKU-0059,16880.00,South
5767,2024-12-14,Hugo Roberts,SKU-0038,17499.00,Central
5768,2024-03-04,Peter Robinson,SKU-0019,22337.00,West
5769,2024-04-10,Grace Liu,SKU-0059,10521.00,South
5770,2024-02-21,Ursula Rogers,SKU-0083,15708.00,South
5771,2024-11-15,Oscar Edwards,SKU-0075,11846.00,Central
5772,2024-03-14,Elena Ramirez,SKU-0152,24106.00,West
5773,2024-05-13,Grace Liu,SKU-0125,8367.00,North
5774,2024-02-10,Oscar Edwards,SKU-0123,27499.00,North
5775,2024-04-04,Bob Martinez,SKU-0150,22844.00,East
5776,2024-03-17,Kate Thomas,SKU-0147,13355.00,Central
5777,2024-08-29,Zach Green,SKU-0024,4402.00,Central
5778,2024-04-05,Elena Ramirez,SKU-0140,10231.00,East
5779,2024-05-03,Sofia Sanchez,SKU-0082,23377.00,North
5780,2024-07-23,Frank Wilson,SKU-0178,15267.00,North
5781,2024-07-18,Kate Thomas,SKU-0116,5323.00,West
5782,2024-07-01,Noah Clark,SKU-0112,6527.00,West
5783,2024-01-15,Emma Brown,SKU-0035,24731.00,East
5784,2024-08-05,Jack Anderson,SKU-0084,5835.00,South
5785,2024-08-14,Vincent Reed,SKU-0118,8175.00,South
5786,2024-04-09,Zach Green,SKU-0005,25660.00,Central
5787,2024-01-11,Paula Collins,SKU-0100,3904.00,East
5788,2024-04-14,Hugo Roberts,SKU-0131,8641.00,Central
5789,2024-07-12,David Kim,SKU-0056,8518.00,North
5790,2024-06-05,Kate Thomas,SKU-0092,15710.00,East
5791,2024-03-28,Emma Brown,SKU-0148,8244.00,East
5792,2024-08-02,Frank Wilson,SKU-0013,13248.00,North
5793,2024-08-10,Brian Baker,SKU-0127,2854.00,East
5794,2024-05-10,Troy Morris,SKU-0162,10695.00,Central
5795,2024-09-30,Paula Collins,SKU-0007,6904.00,North
5796,2024-07-16,Quinn Walker,SKU-0098,4244.00,West
5797,2024-06-01,Bob Martinez,SKU-0198,7409.00,South
5798,2024-05-05,Kate Thomas,SKU-0087,20802.00,North
5799,2024-09-26,Xavier Lopez,SKU-0106,6825.00,West
5800,2024-02-24,Yara Scott,SKU-0197,13230.00,East
5801,2024-01-16,Xavier Lopez,SKU-0186,7008.00,East
5802,2024-08-25,Paula Collins,SKU-0065,9964.00,West
5803,2024-05-17,Yusuf Bell,SKU-0077,4504.00,North
5804,2024-05-06,Tina Young,SKU-0026,20181.00,North
5805,2024-08-09,Whitney Cook,SKU-0174,6312.00,West
5806,2024-06-06,Brian Baker,SKU-0155,1048.00,West
5807,2024-08-15,Derek Hill,SKU-0165,5410.00,North
5808,2024-09-04,Rachel Hall,SKU-0177,9985.00,North
5809,2024-05-07,Monica Torres,SKU-0139,1623.00,Central
5810,2024-08-10,Xena Morgan,SKU-0158,4580.00,North
5811,2024-03-03,Olivia Lewis,SKU-0176,15394.00,West
5812,2024-03-24,Zach Green,SKU-0039,15183.00,Central
5813,2024-06-29,Quinn Walker,SKU-0144,26935.00,East
5814,2024-11-25,Sofia Sanchez,SKU-0124,5852.00,West
5815,2024-07-18,Paula Collins,SKU-0120,4464.00,North
5816,2024-08-01,Xavier Lopez,SKU-0035,7012.00,North
5817,2024-05-26,Quinn Walker,SKU-0086,5760.00,South
5818,2024-04-22,Peter Robinson,SKU-0057,15810.00,Central
5819,2024-01-07,Kelly Evans,SKU-0158,3051.00,North
5820,2024-04-15,Maya Harris,SKU-0110,26899.00,East
5821,2024-11-04,Victor King,SKU-0071,1524.00,East
5822,2024-01-21,Rachel Hall,SKU-0152,18656.00,West
5823,2024-02-27,Grace Liu,SKU-0144,25789.00,West
5824,2024-07-11,Whitney Cook,SKU-0195,5483.00,North
5825,2024-09-29,Chloe Nelson,SKU-0062,6387.00,East
5826,2024-08-25,Sofia Sanchez,SKU-0056,100.00,West
5827,2024-11-13,Ursula Rogers,SKU-0157,28278.00,West
5828,2024-03-30,Alice Chen,SKU-0060,6987.00,West
5829,2024-10-05,Gina Mitchell,SKU-0157,20806.00,North
5830,2024-07-06,Whitney Cook,SKU-0134,4027.00,East
5831,2024-01-13,Frank Wilson,SKU-0167,15904.00,West
5832,2024-04-13,Yusuf Bell,SKU-0137,28759.00,South
5833,2024-01-15,Jack Anderson,SKU-0093,25845.00,West
5834,2024-07-04,Rachel Hall,SKU-0037,9460.00,West
5835,2024-03-06,Zach Green,SKU-0010,24958.00,West
5836,2024-03-09,Xena Morgan,SKU-0095,7694.00,South
5837,2024-03-29,Yusuf Bell,SKU-0116,21974.00,West
5838,2024-04-20,Amy Adams,SKU-0188,16832.00,South
5839,2024-07-18,Victor King,SKU-0190,6039.00,East
5840,2024-07-17,Felix Campbell,SKU-0171,6215.00,East
5841,2024-10-24,Kate Thomas,SKU-0181,12299.00,East
5842,2024-12-14,Kelly Evans,SKU-0063,26045.00,North
5843,2024-04-16,Vincent Reed,SKU-0010,6218.00,South
5844,2024-01-30,Noah Clark,SKU-0128,15069.00,North
5845,2024-06-19,Kelly Evans,SKU-0067,5027.00,North
5846,2024-08-15,Chloe Nelson,SKU-0068,5904.00,West
5847,2024-11-07,Grace Liu,SKU-0021,20108.00,West
5848,2024-12-08,Jake Phillips,SKU-0116,22707.00,Central
5849,2024-11-11,Troy Morris,SKU-0162,14479.00,South
5850,2024-09-04,Wendy Wright,SKU-0133,4543.00,Central
5851,2024-06-16,Monica Torres,SKU-0107,24917.00,South
5852,2024-06-23,Gina Mitchell,SKU-0176,27631.00,South
5853,2024-08-30,Derek Hill,SKU-0073,5601.00,South
5854,2024-09-16,Zach Green,SKU-0057,8550.00,East
5855,2024-12-09,Chloe Nelson,SKU-0012,4856.00,East
5856,2024-01-26,Noah Clark,SKU-0011,19966.00,North
5857,2024-07-31,Monica Torres,SKU-0070,5927.00,West
5858,2024-01-12,Kelly Evans,SKU-0120,27424.00,South
5859,2024-12-31,Carol White,SKU-0062,8118.00,East
5860,2024-11-29,Leo Jackson,SKU-0069,10489.00,West
5861,2024-08-29,Nathan Parker,SKU-0043,8574.00,West
5862,2024-08-25,Jack Anderson,SKU-0030,11531.00,North
5863,2024-03-17,Gina Mitchell,SKU-0138,23791.00,North
5864,2024-05-01,Henry Taylor,SKU-0186,20118.00,North
5865,2024-03-10,Alice Chen,SKU-0158,9077.00,South
5866,2024-04-25,Carol White,SKU-0035,28020.00,South
5867,2024-08-16,Amy Adams,SKU-0092,9842.00,West
5868,2024-09-01,Derek Hill,SKU-0103,5361.00,Central
5869,2024-09-08,Derek Hill,SKU-0041,2666.00,East
5870,2024-07-16,Felix Campbell,SKU-0196,7806.00,Central
5871,2024-12-01,Kate Thomas,SKU-0143,20608.00,Central
5872,2024-02-01,Peter Robinson,SKU-0197,5765.00,West
5873,2024-08-24,Reed Stewart,SKU-0005,6989.00,West
5874,2024-02-02,Emma Brown,SKU-0078,535.00,North
5875,2024-08-04,Alice Chen,SKU-0051,10998.00,South
5876,2024-02-02,Jack Anderson,SKU-0095,16965.00,North
5877,2024-10-21,David Kim,SKU-0182,16232.00,Central
5878,2024-03-30,Chloe Nelson,SKU-0150,20049.00,South
5879,2024-06-21,Lucas Turner,SKU-0045,14427.00,East
5880,2024-05-13,Reed Stewart,SKU-0042,16665.00,North
5881,2024-03-20,Hugo Roberts,SKU-0105,20053.00,Central
5882,2024-03-10,Carol White,SKU-0124,1110.00,West
5883,2024-11-26,David Kim,SKU-0137,28939.00,West
5884,2024-10-31,Bob Martinez,SKU-0172,1813.00,West
5885,2024-01-31,Rachel Hall,SKU-0025,16595.00,East
5886,2024-07-22,Hugo Roberts,SKU-0157,5575.00,West
5887,2024-02-22,Gina Mitchell,SKU-0070,22810.00,East
5888,2024-03-22,Bob Martinez,SKU-0054,23017.00,Central
5889,2024-05-31,Wendy Wright,SKU-0136,18868.00,North
5890,2024-08-31,Quinn Walker,SKU-0025,4193.00,East
5891,2024-11-02,Zach Green,SKU-0062,4098.00,South
5892,2024-08-05,Uma Hernandez,SKU-0189,5130.00,South
5893,2024-02-26,Jack Anderson,SKU-0106,25723.00,South
5894,2024-05-31,Jake Phillips,SKU-0079,1021.00,South
5895,2024-08-15,Ivy Carter,SKU-0172,4373.00,South
5896,2024-09-22,Ursula Rogers,SKU-0148,11577.00,Central
5897,2024-09-26,Yusuf Bell,SKU-0066,6950.00,West
5898,2024-10-31,Xena Morgan,SKU-0156,23696.00,East
5899,2024-05-02,Alice Chen,SKU-0043,13525.00,East
5900,2024-06-03,Brian Baker,SKU-0018,15812.00,North
5901,2024-05-11,Leo Jackson,SKU-0171,20233.00,East
5902,2024-11-28,Noah Clark,SKU-0104,22439.00,West
5903,2024-07-11,Wendy Wright,SKU-0192,3774.00,West
5904,2024-12-08,Monica Torres,SKU-0030,4863.00,East
5905,2024-03-13,Sam Allen,SKU-0109,5512.00,South
5906,2024-05-31,Ursula Rogers,SKU-0190,10233.00,West
5907,2024-10-23,Paula Collins,SKU-0109,7899.00,East
5908,2024-08-03,Frank Wilson,SKU-0188,12238.00,Central
5909,2024-09-30,Elena Ramirez,SKU-0187,2707.00,North
5910,2024-08-29,Chloe Nelson,SKU-0016,4982.00,North
5911,2024-09-20,Maya Harris,SKU-0066,4252.00,East
5912,2024-09-04,Vincent Reed,SKU-0172,13654.00,North
5913,2024-05-31,Nathan Parker,SKU-0180,15503.00,South
5914,2024-02-28,Monica Torres,SKU-0094,12438.00,North
5915,2024-06-06,Monica Torres,SKU-0122,10798.00,East
5916,2024-09-21,Henry Taylor,SKU-0169,7870.00,North
5917,2024-07-21,Yusuf Bell,SKU-0099,8514.00,East
5918,2024-10-23,Derek Hill,SKU-0060,9646.00,South
5919,2024-08-25,Chloe Nelson,SKU-0037,7980.00,North
5920,2024-08-22,Monica Torres,SKU-0032,5457.00,West
5921,2024-09-19,Henry Taylor,SKU-0019,9816.00,South
5922,2024-10-20,Ivy Carter,SKU-0200,4299.00,North
5923,2024-11-21,Leo Jackson,SKU-0001,8590.00,East
5924,2024-02-22,Leo Jackson,SKU-0100,24510.00,North
5925,2024-10-14,Yusuf Bell,SKU-0123,16967.00,North
5926,2024-05-11,Ursula Rogers,SKU-0070,9006.00,South
5927,2024-09-15,Sofia Sanchez,SKU-0080,5747.00,West
5928,2024-02-02,Kate Thomas,SKU-0022,7718.00,East
5929,2024-04-19,Troy Morris,SKU-0090,17305.00,West
5930,2024-05-15,Uma Hernandez,SKU-0185,12218.00,North
5931,2024-08-20,Felix Campbell,SKU-0005,2901.00,Central
5932,2024-03-31,Rachel Hall,SKU-0079,12188.00,North
5933,2024-03-06,Whitney Cook,SKU-0172,22966.00,Central
5934,2024-06-30,Grace Liu,SKU-0117,29693.00,South
5935,2024-03-24,Monica Torres,SKU-0012,4755.00,West
5936,2024-09-25,Uma Hernandez,SKU-0189,12837.00,West
5937,2024-12-18,Vincent Reed,SKU-0002,6652.00,West
5938,2024-07-23,Iris Patel,SKU-0098,7696.00,South
5939,2024-04-09,Sam Allen,SKU-0177,24645.00,West
5940,2024-11-12,Monica Torres,SKU-0134,9831.00,East
5941,2024-06-24,Sam Allen,SKU-0079,21388.00,Central
5942,2024-07-12,Lucas Turner,SKU-0110,11796.00,South
5943,2024-10-21,Elena Ramirez,SKU-0078,29332.00,West
5944,2024-09-28,Victor King,SKU-0047,9020.00,West
5945,2024-06-09,Paula Collins,SKU-0009,29190.00,South
5946,2024-09-19,Carol White,SKU-0120,15829.00,North
5947,2024-06-30,Brian Baker,SKU-0083,25858.00,South
5948,2024-05-12,Monica Torres,SKU-0016,2310.00,North
5949,2024-04-28,Victor King,SKU-0190,13848.00,North
5950,2024-05-09,Maya Harris,SKU-0150,3473.00,Central
5951,2024-01-20,Oscar Edwards,SKU-0042,4541.00,East
5952,2024-02-08,Olivia Lewis,SKU-0095,6296.00,South
5953,2024-11-21,Troy Morris,SKU-0068,8965.00,Central
5954,2024-05-24,Gina Mitchell,SKU-0171,12378.00,South
5955,2024-04-02,Derek Hill,SKU-0061,5671.00,East
5956,2024-08-13,Reed Stewart,SKU-0080,8943.00,North
5957,2024-08-15,Emma Brown,SKU-0073,9212.00,Central
5958,2024-07-10,Whitney Cook,SKU-0143,5209.00,West
5959,2024-01-19,Hugo Roberts,SKU-0059,6332.00,Central
5960,2024-01-02,Monica Torres,SKU-0190,8201.00,South
5961,2024-08-25,Kate Thomas,SKU-0158,5887.00,South
5962,2024-01-29,Troy Morris,SKU-0085,26288.00,Central
5963,2024-08-13,Derek Hill,SKU-0166,10147.00,North
5964,2024-09-02,Emma Brown,SKU-0080,19964.00,West
5965,2024-06-07,Paula Collins,SKU-0039,26013.00,Central
5966,2024-06-05,Grace Liu,SKU-0015,4850.00,East
5967,2024-12-04,Peter Robinson,SKU-0008,21469.00,Central
5968,2024-05-22,David Kim,SKU-0151,20223.00,East
5969,2024-12-06,Sofia Sanchez,SKU-0110,23857.00,Central
5970,2024-11-01,Maya Harris,SKU-0141,20556.00,West
5971,2024-07-22,Tina Young,SKU-0162,4478.00,Central
5972,2024-06-23,Grace Liu,SKU-0192,13226.00,Central
5973,2024-10-13,Hugo Roberts,SKU-0114,10261.00,East
5974,2024-06-17,Reed Stewart,SKU-0173,7250.00,West
5975,2024-03-22,Jack Anderson,SKU-0171,3635.00,South
5976,2024-11-14,Amy Adams,SKU-0066,18479.00,South
5977,2024-04-07,Jack Anderson,SKU-0063,8954.00,Central
5978,2024-03-19,Nathan Parker,SKU-0027,26718.00,North
5979,2024-06-29,Kelly Evans,SKU-0145,10658.00,North
5980,2024-02-15,Oscar Edwards,SKU-0179,4195.00,Central
5981,2024-07-26,Xavier Lopez,SKU-0169,3673.00,North
5982,2024-09-10,Maya Harris,SKU-0078,3381.00,Central
5983,2024-10-28,Kate Thomas,SKU-0041,23130.00,South
5984,2024-06-28,Troy Morris,SKU-0155,29372.00,East
5985,2024-01-22,Sofia Sanchez,SKU-0161,26679.00,North
5986,2024-11-29,Felix Campbell,SKU-0062,13204.00,North
5987,2024-03-02,Olivia Lewis,SKU-0031,26963.00,North
5988,2024-11-14,Amy Adams,SKU-0140,1869.00,South
5989,2024-09-22,Yusuf Bell,SKU-0081,9759.00,Central
5990,2024-01-08,Yara Scott,SKU-0107,13476.00,North
5991,2024-09-13,Vincent Reed,SKU-0142,4545.00,South
5992,2024-10-28,Frank Wilson,SKU-0027,10280.00,Central
5993,2024-09-26,Bob Martinez,SKU-0020,12281.00,East
5994,2024-08-27,Kelly Evans,SKU-0191,4473.00,Central
5995,2024-10-26,Grace Liu,SKU-0127,4445.00,South
5996,2024-04-20,Carol White,SKU-0127,25839.00,North
5997,2024-09-11,Reed Stewart,SKU-0120,9342.00,Central
5998,2024-05-06,Noah Clark,SKU-0156,29956.00,East
5999,2024-06-09,Emma Brown,SKU-0060,22297.00,Central
6000,2024-08-24,David Kim,SKU-0039,8906.00,West
6001,2024-04-20,Sofia Sanchez,SKU-0137,20957.00,West
6002,2024-04-02,Zach Green,SKU-0015,25797.00,East
6003,2024-10-23,Uma Hernandez,SKU-0175,1353.00,North
6004,2024-11-05,Elena Ramirez,SKU-0011,5877.00,East
6005,2024-11-21,Olivia Lewis,SKU-0045,19185.00,Central
6006,2024-05-04,Carol White,SKU-0121,29488.00,Central
6007,2024-08-16,Jack Anderson,SKU-0102,4590.00,North
6008,2024-06-06,David Kim,SKU-0129,27250.00,Central
6009,2024-09-04,Kelly Evans,SKU-0009,5649.00,East
6010,2024-06-05,Xavier Lopez,SKU-0050,4101.00,North
6011,2024-03-22,Sofia Sanchez,SKU-0132,10667.00,East
6012,2024-05-29,Xena Morgan,SKU-0020,9774.00,West
6013,2024-08-01,Alice Chen,SKU-0032,10690.00,East
6014,2024-01-30,David Kim,SKU-0043,14385.00,West
6015,2024-06-10,Leo Jackson,SKU-0004,27707.00,East
6016,2024-12-11,Xavier Lopez,SKU-0162,7284.00,East
6017,2024-06-10,Tina Young,SKU-0054,23530.00,East
6018,2024-05-18,Kate Thomas,SKU-0106,9372.00,East
6019,2024-01-01,Reed Stewart,SKU-0181,13213.00,Central
6020,2024-08-28,Oscar Edwards,SKU-0113,3181.00,East
6021,2024-04-02,Quinn Walker,SKU-0200,25450.00,South
6022,2024-04-02,Whitney Cook,SKU-0098,23810.00,East
6023,2024-08-19,Lucas Turner,SKU-0118,7081.00,West
6024,2024-02-15,Ursula Rogers,SKU-0025,2623.00,South
6025,2024-05-18,Felix Campbell,SKU-0180,12082.00,North
6026,2024-04-20,Olivia Lewis,SKU-0149,6865.00,West
6027,2024-04-07,Jack Anderson,SKU-0172,14908.00,South
6028,2024-06-09,Olivia Lewis,SKU-0020,26020.00,South
6029,2024-12-23,Bob Martinez,SKU-0197,3744.00,Central
6030,2024-08-01,Derek Hill,SKU-0142,6036.00,West
6031,2024-06-30,Nathan Parker,SKU-0145,11332.00,East
6032,2024-07-20,Chloe Nelson,SKU-0151,4471.00,North
6033,2024-05-21,Paula Collins,SKU-0169,20740.00,Central
6034,2024-08-16,Chloe Nelson,SKU-0173,5482.00,Central
6035,2024-06-06,Zach Green,SKU-0135,10156.00,Central
6036,2024-03-16,Olivia Lewis,SKU-0073,20579.00,Central
6037,2024-06-09,Bob Martinez,SKU-0074,23985.00,Central
6038,2024-07-18,Carol White,SKU-0096,16768.00,South
6039,2024-10-02,Yara Scott,SKU-0123,955.00,North
6040,2024-02-27,Kate Thomas,SKU-0078,2761.00,West
6041,2024-07-20,Uma Hernandez,SKU-0028,7758.00,West
6042,2024-10-20,Noah Clark,SKU-0185,22599.00,East
6043,2024-05-31,Iris Patel,SKU-0159,24945.00,West
6044,2024-11-07,Maya Harris,SKU-0017,16098.00,West
6045,2024-10-10,Quinn Walker,SKU-0097,8000.00,East
6046,2024-06-07,Felix Campbell,SKU-0034,17253.00,West
6047,2024-06-17,Reed Stewart,SKU-0193,583.00,South
6048,2024-10-31,Paula Collins,SKU-0058,638.00,Central
6049,2024-09-25,Quinn Walker,SKU-0158,3934.00,Central
6050,2024-12-22,Carol White,SKU-0008,616.00,West
6051,2024-05-09,Alice Chen,SKU-0129,9347.00,East
6052,2024-08-18,Noah Clark,SKU-0092,7657.00,East
6053,2024-09-13,Nathan Parker,SKU-0118,5025.00,East
6054,2024-04-23,Monica Torres,SKU-0105,21074.00,West
6055,2024-11-09,Alice Chen,SKU-0074,25863.00,West
6056,2024-04-30,Ursula Rogers,SKU-0122,28111.00,North
6057,2024-05-22,Gina Mitchell,SKU-0001,5395.00,North
6058,2024-06-22,Lucas Turner,SKU-0169,7466.00,North
6059,2024-07-19,Hugo Roberts,SKU-0097,8116.00,North
6060,2024-06-01,Nathan Parker,SKU-0109,16516.00,North
6061,2024-05-17,Oscar Edwards,SKU-0198,16215.00,West
6062,2024-12-08,Brian Baker,SKU-0053,21556.00,South
6063,2024-02-23,Victor King,SKU-0021,9203.00,South
6064,2024-06-02,Bob Martinez,SKU-0008,29501.00,West
6065,2024-12-21,Victor King,SKU-0160,2672.00,South
6066,2024-01-01,Rachel Hall,SKU-0119,10231.00,Central
6067,2024-06-03,Sam Allen,SKU-0173,14126.00,East
6068,2024-09-20,Amy Adams,SKU-0148,14533.00,West
6069,2024-03-04,Carol White,SKU-0012,15609.00,North
6070,2024-04-13,Whitney Cook,SKU-0044,14479.00,North
6071,2024-09-02,Iris Patel,SKU-0124,11219.00,West
6072,2024-10-10,Alice Chen,SKU-0007,3701.00,North
6073,2024-08-18,Brian Baker,SKU-0052,6818.00,Central
6074,2024-04-14,Wendy Wright,SKU-0023,2256.00,West
6075,2024-07-05,Grace Liu,SKU-0023,12043.00,East
6076,2024-06-13,Hugo Roberts,SKU-0157,28328.00,East
6077,2024-03-19,Oscar Edwards,SKU-0077,616.00,Central
6078,2024-02-13,Monica Torres,SKU-0152,13290.00,Central
6079,2024-03-23,Zach Green,SKU-0036,10601.00,North
6080,2024-05-10,Leo Jackson,SKU-0184,12637.00,West
6081,2024-12-04,Peter Robinson,SKU-0107,12193.00,South
6082,2024-12-31,Peter Robinson,SKU-0080,17498.00,North
6083,2024-08-03,Bob Martinez,SKU-0159,12880.00,West
6084,2024-06-06,Quinn Walker,SKU-0191,905.00,South
6085,2024-08-23,Maya Harris,SKU-0145,3086.00,North
6086,2024-07-22,Nathan Parker,SKU-0028,10236.00,Central
6087,2024-04-25,Gina Mitchell,SKU-0181,17072.00,South
6088,2024-11-10,Xena Morgan,SKU-0021,19032.00,Central
6089,2024-10-22,Quinn Walker,SKU-0155,27653.00,Central
6090,2024-05-31,Ursula Rogers,SKU-0093,7865.00,South
6091,2024-04-06,Amy Adams,SKU-0126,1488.00,West
6092,2024-01-30,Alice Chen,SKU-0133,8305.00,East
6093,2024-06-16,Felix Campbell,SKU-0089,5533.00,East
6094,2024-02-25,Hugo Roberts,SKU-0085,1738.00,Central
6095,2024-03-09,Amy Adams,SKU-0160,16378.00,South
6096,2024-07-07,Wendy Wright,SKU-0069,4137.00,Central
6097,2024-08-12,Hugo Roberts,SKU-0162,8097.00,East
6098,2024-01-01,Henry Taylor,SKU-0100,22088.00,Central
6099,2024-07-18,Kate Thomas,SKU-0103,7817.00,Central
6100,2024-04-12,Amy Adams,SKU-0110,25184.00,Central
6101,2024-05-24,Sofia Sanchez,SKU-0125,13760.00,North
6102,2024-01-29,Chloe Nelson,SKU-0184,22547.00,West
6103,2024-09-11,Sofia Sanchez,SKU-0144,3185.00,East
6104,2024-08-09,Kelly Evans,SKU-0073,6989.00,East
6105,2024-08-30,Gina Mitchell,SKU-0152,7004.00,South
6106,2024-03-17,Kelly Evans,SKU-0194,19063.00,West
6107,2024-11-20,Noah Clark,SKU-0116,5230.00,West
6108,2024-04-15,Quinn Walker,SKU-0197,669.00,West
6109,2024-11-30,Uma Hernandez,SKU-0198,26726.00,South
6110,2024-07-09,Jack Anderson,SKU-0150,4743.00,Central
6111,2024-05-01,Paula Collins,SKU-0084,18266.00,West
6112,2024-04-07,Olivia Lewis,SKU-0031,2010.00,West
6113,2024-07-06,Emma Brown,SKU-0015,15678.00,Central
6114,2024-01-02,Alice Chen,SKU-0004,26784.00,East
6115,2024-04-10,Reed Stewart,SKU-0101,15672.00,South
6116,2024-07-07,Zach Green,SKU-0128,6117.00,North
6117,2024-02-05,Elena Ramirez,SKU-0117,13203.00,North
6118,2024-03-09,Grace Liu,SKU-0066,23596.00,North
6119,2024-07-26,Yusuf Bell,SKU-0119,8692.00,South
6120,2024-11-11,Noah Clark,SKU-0103,19361.00,North
6121,2024-12-27,Alice Chen,SKU-0096,12838.00,South
6122,2024-05-20,Kelly Evans,SKU-0019,21911.00,Central
6123,2024-08-21,Felix Campbell,SKU-0011,4162.00,East
6124,2024-03-11,Amy Adams,SKU-0170,13141.00,West
6125,2024-02-20,Uma Hernandez,SKU-0024,10593.00,South
6126,2024-10-03,Emma Brown,SKU-0172,9638.00,West
6127,2024-08-19,Felix Campbell,SKU-0034,5054.00,East
6128,2024-07-04,Paula Collins,SKU-0037,6699.00,South
6129,2024-09-25,Derek Hill,SKU-0119,7057.00,East
6130,2024-01-14,Monica Torres,SKU-0167,2800.00,East
6131,2024-09-12,Yusuf Bell,SKU-0060,9469.00,West
6132,2024-04-06,Lucas Turner,SKU-0046,5305.00,South
6133,2024-08-20,Ursula Rogers,SKU-0021,14682.00,South
6134,2024-12-15,Derek Hill,SKU-0064,27690.00,East
6135,2024-08-21,Gina Mitchell,SKU-0073,6345.00,South
6136,2024-02-14,Wendy Wright,SKU-0167,1538.00,East
6137,2024-05-19,Amy Adams,SKU-0046,29237.00,North
6138,2024-01-23,Chloe Nelson,SKU-0118,19704.00,West
6139,2024-03-04,Xena Morgan,SKU-0026,2412.00,South
6140,2024-08-25,Oscar Edwards,SKU-0172,4426.00,North
6141,2024-02-17,Yara Scott,SKU-0121,4468.00,Central
6142,2024-06-18,David Kim,SKU-0079,20072.00,West
6143,2024-09-14,Amy Adams,SKU-0130,9585.00,Central
6144,2024-12-20,Chloe Nelson,SKU-0016,649.00,South
6145,2024-09-22,Zach Green,SKU-0132,3135.00,East
6146,2024-11-22,Yara Scott,SKU-0199,5382.00,North
6147,2024-07-08,Tina Young,SKU-0167,7525.00,South
6148,2024-09-15,Sam Allen,SKU-0069,4213.00,South
6149,2024-08-29,Troy Morris,SKU-0092,9610.00,South
6150,2024-05-28,Frank Wilson,SKU-0004,2028.00,West
6151,2024-05-01,Sofia Sanchez,SKU-0005,6392.00,East
6152,2024-02-29,Nathan Parker,SKU-0110,11674.00,West
6153,2024-11-07,Jack Anderson,SKU-0057,3476.00,Central
6154,2024-10-27,Iris Patel,SKU-0197,19809.00,Central
6155,2024-08-10,Henry Taylor,SKU-0085,11059.00,South
6156,2024-02-11,Yara Scott,SKU-0061,15123.00,East
6157,2024-02-23,Troy Morris,SKU-0058,18315.00,East
6158,2024-03-21,Maya Harris,SKU-0134,29359.00,West
6159,2024-06-03,Gina Mitchell,SKU-0092,15931.00,Central
6160,2024-02-04,Yusuf Bell,SKU-0124,11472.00,North
6161,2024-01-25,Noah Clark,SKU-0020,9429.00,South
6162,2024-01-03,Jack Anderson,SKU-0012,17461.00,West
6163,2024-08-10,Gina Mitchell,SKU-0072,5453.00,West
6164,2024-04-25,Yara Scott,SKU-0061,8035.00,North
6165,2024-09-28,Yusuf Bell,SKU-0020,11399.00,South
6166,2024-08-04,Ivy Carter,SKU-0093,4771.00,Central
6167,2024-07-30,Xavier Lopez,SKU-0091,5564.00,South
6168,2024-12-01,Nathan Parker,SKU-0138,27303.00,West
6169,2024-03-21,Brian Baker,SKU-0197,22834.00,Central
6170,2024-04-23,Nathan Parker,SKU-0145,13215.00,North
6171,2024-06-06,Zach Green,SKU-0072,19428.00,North
6172,2024-03-03,Sofia Sanchez,SKU-0056,8106.00,North
6173,2024-11-13,Iris Patel,SKU-0117,17951.00,Central
6174,2024-09-11,Henry Taylor,SKU-0055,12817.00,Central
6175,2024-05-29,Quinn Walker,SKU-0065,23623.00,East
6176,2024-03-12,Chloe Nelson,SKU-0050,29623.00,East
6177,2024-03-10,Quinn Walker,SKU-0153,3531.00,North
6178,2024-01-20,Wendy Wright,SKU-0013,16041.00,Central
6179,2024-02-24,Hugo Roberts,SKU-0014,25864.00,East
6180,2024-11-09,Leo Jackson,SKU-0134,26157.00,East
6181,2024-04-10,Monica Torres,SKU-0019,27763.00,West
6182,2024-03-01,Grace Liu,SKU-0078,21231.00,Central
6183,2024-06-28,Xavier Lopez,SKU-0034,12600.00,South
6184,2024-09-11,Tina Young,SKU-0058,8872.00,Central
6185,2024-08-05,Noah Clark,SKU-0155,8133.00,West
6186,2024-09-23,Carol White,SKU-0090,8261.00,South
6187,2024-04-06,Jack Anderson,SKU-0046,3929.00,West
6188,2024-06-04,Zach Green,SKU-0069,25441.00,Central
6189,2024-04-02,Uma Hernandez,SKU-0180,10138.00,Central
6190,2024-08-10,Iris Patel,SKU-0032,7481.00,South
6191,2024-07-28,Paula Collins,SKU-0182,7121.00,East
6192,2024-08-14,Whitney Cook,SKU-0159,7607.00,West
6193,2024-07-11,Kate Thomas,SKU-0057,6742.00,West
6194,2024-10-24,Nathan Parker,SKU-0113,18069.00,Central
6195,2024-04-03,Emma Brown,SKU-0192,20745.00,West
6196,2024-08-28,Ivy Carter,SKU-0190,3843.00,North
6197,2024-11-02,Nathan Parker,SKU-0196,21210.00,West
6198,2024-05-10,Whitney Cook,SKU-0021,14477.00,Central
6199,2024-06-06,Alice Chen,SKU-0023,23391.00,West
6200,2024-08-18,Tina Young,SKU-0021,4857.00,South
6201,2024-01-07,Elena Ramirez,SKU-0122,1355.00,North
6202,2024-12-08,Troy Morris,SKU-0056,6692.00,East
6203,2024-05-24,Monica Torres,SKU-0132,19605.00,West
6204,2024-07-22,Henry Taylor,SKU-0199,14639.00,East
6205,2024-10-14,Lucas Turner,SKU-0073,14932.00,East
6206,2024-06-08,Brian Baker,SKU-0041,22764.00,South
6207,2024-12-29,Chloe Nelson,SKU-0089,9194.00,Central
6208,2024-12-11,Quinn Walker,SKU-0024,14891.00,East
6209,2024-07-12,Iris Patel,SKU-0033,7010.00,North
6210,2024-01-17,Henry Taylor,SKU-0200,2589.00,West
6211,2024-04-06,Ursula Rogers,SKU-0140,25350.00,South
6212,2024-08-18,Lucas Turner,SKU-0049,6914.00,West
6213,2024-08-07,Hugo Roberts,SKU-0073,6739.00,West
6214,2024-09-17,Victor King,SKU-0002,10224.00,Central
6215,2024-01-11,Yusuf Bell,SKU-0003,25625.00,East
6216,2024-10-28,Yara Scott,SKU-0177,11665.00,West
6217,2024-05-17,Ivy Carter,SKU-0005,16289.00,Central
6218,2024-03-28,Reed Stewart,SKU-0056,13234.00,Central
6219,2024-10-24,Sam Allen,SKU-0070,28777.00,Central
6220,2024-03-04,Noah Clark,SKU-0006,7988.00,North
6221,2024-06-08,Victor King,SKU-0191,24373.00,South
6222,2024-08-18,Noah Clark,SKU-0142,10042.00,South
6223,2024-12-30,Paula Collins,SKU-0131,3111.00,Central
6224,2024-03-06,Oscar Edwards,SKU-0105,21956.00,West
6225,2024-12-09,Lucas Turner,SKU-0073,26003.00,Central
6226,2024-05-27,Brian Baker,SKU-0147,15922.00,West
6227,2024-11-20,Maya Harris,SKU-0184,22441.00,Central
6228,2024-08-06,Nathan Parker,SKU-0069,3519.00,South
6229,2024-06-19,Iris Patel,SKU-0090,22461.00,South
6230,2024-06-15,Yara Scott,SKU-0147,2384.00,South
6231,2024-06-21,Maya Harris,SKU-0123,4165.00,South
6232,2024-09-03,Henry Taylor,SKU-0121,8325.00,West
6233,2024-07-11,Xena Morgan,SKU-0026,11449.00,South
6234,2024-06-20,Elena Ramirez,SKU-0057,22995.00,West
6235,2024-04-04,Victor King,SKU-0068,21368.00,West
6236,2024-10-26,Troy Morris,SKU-0103,19205.00,West
6237,2024-02-26,Uma Hernandez,SKU-0069,29216.00,Central
6238,2024-08-30,Rachel Hall,SKU-0121,9821.00,North
6239,2024-09-26,Leo Jackson,SKU-0004,3167.00,South
6240,2024-08-22,Yusuf Bell,SKU-0170,5238.00,North
6241,2024-02-03,Carol White,SKU-0080,9734.00,East
6242,2024-03-08,Gina Mitchell,SKU-0041,15813.00,North
6243,2024-10-28,Ursula Rogers,SKU-0052,28736.00,North
6244,2024-09-29,Paula Collins,SKU-0127,8309.00,West
6245,2024-06-16,Ivy Carter,SKU-0182,13721.00,Central
6246,2024-10-24,Peter Robinson,SKU-0131,7238.00,Central
6247,2024-09-22,Xavier Lopez,SKU-0100,10192.00,South
6248,2024-08-16,Felix Campbell,SKU-0164,8116.00,Central
6249,2024-10-07,Yusuf Bell,SKU-0045,28598.00,North
6250,2024-06-12,Ivy Carter,SKU-0075,13502.00,North
6251,2024-08-29,Brian Baker,SKU-0045,5389.00,West
6252,2024-12-12,Quinn Walker,SKU-0042,3686.00,Central
6253,2024-09-01,Olivia Lewis,SKU-0145,10432.00,South
6254,2024-08-14,Sofia Sanchez,SKU-0061,2057.00,South
6255,2024-09-02,Peter Robinson,SKU-0008,7401.00,South
6256,2024-11-17,Gina Mitchell,SKU-0004,24448.00,South
6257,2024-03-25,Leo Jackson,SKU-0141,1401.00,West
6258,2024-09-11,Oscar Edwards,SKU-0016,2885.00,East
6259,2024-02-25,Xena Morgan,SKU-0189,26336.00,East
6260,2024-09-23,Yara Scott,SKU-0062,3643.00,West
6261,2024-04-29,Leo Jackson,SKU-0167,6521.00,South
6262,2024-02-22,Zach Green,SKU-0023,25127.00,East
6263,2024-10-02,Xena Morgan,SKU-0036,21693.00,West
6264,2024-11-19,Kate Thomas,SKU-0177,26520.00,South
6265,2024-09-22,Whitney Cook,SKU-0077,4513.00,East
6266,2024-05-10,Nathan Parker,SKU-0026,1984.00,North
6267,2024-05-04,Peter Robinson,SKU-0120,662.00,West
6268,2024-01-23,Vincent Reed,SKU-0084,11126.00,East
6269,2024-02-04,Jake Phillips,SKU-0197,24916.00,North
6270,2024-11-27,Monica Torres,SKU-0020,15210.00,North
6271,2024-07-20,Jack Anderson,SKU-0022,9158.00,North
6272,2024-02-17,Jack Anderson,SKU-0135,10244.00,East
6273,2024-10-26,Frank Wilson,SKU-0062,12972.00,Central
6274,2024-05-16,Noah Clark,SKU-0183,25659.00,North
6275,2024-12-31,Peter Robinson,SKU-0035,23270.00,North
6276,2024-08-08,Iris Patel,SKU-0160,11284.00,North
6277,2024-07-07,Alice Chen,SKU-0106,12249.00,South
6278,2024-09-26,Rachel Hall,SKU-0196,8678.00,East
6279,2024-04-01,Frank Wilson,SKU-0127,25841.00,North
6280,2024-01-17,David Kim,SKU-0145,11797.00,South
6281,2024-08-31,Ursula Rogers,SKU-0030,4883.00,West
6282,2024-11-11,Noah Clark,SKU-0081,15570.00,West
6283,2024-10-17,Reed Stewart,SKU-0154,4168.00,South
6284,2024-07-01,Hugo Roberts,SKU-0097,7700.00,Central
6285,2024-11-09,Quinn Walker,SKU-0035,18206.00,South
6286,2024-11-23,Elena Ramirez,SKU-0047,26882.00,North
6287,2024-05-25,Grace Liu,SKU-0022,14916.00,East
6288,2024-04-25,Paula Collins,SKU-0099,17165.00,South
6289,2024-09-29,Ivy Carter,SKU-0176,2247.00,West
6290,2024-12-15,Jake Phillips,SKU-0009,2658.00,South
6291,2024-06-25,Sam Allen,SKU-0022,18599.00,South
6292,2024-03-20,Ursula Rogers,SKU-0040,25562.00,Central
6293,2024-08-19,Xena Morgan,SKU-0127,8666.00,South
6294,2024-09-13,Chloe Nelson,SKU-0159,6164.00,East
6295,2024-01-19,Carol White,SKU-0013,5305.00,East
6296,2024-10-23,Reed Stewart,SKU-0083,28359.00,West
6297,2024-07-03,Elena Ramirez,SKU-0189,2669.00,West
6298,2024-10-11,Rachel Hall,SKU-0147,13833.00,Central
6299,2024-01-15,David Kim,SKU-0039,28732.00,West
6300,2024-05-18,Quinn Walker,SKU-0126,29292.00,North
6301,2024-11-27,Maya Harris,SKU-0096,21345.00,South
6302,2024-01-18,Jake Phillips,SKU-0155,1279.00,South
6303,2024-01-02,Brian Baker,SKU-0182,20109.00,East
6304,2024-04-17,Carol White,SKU-0069,10259.00,South
6305,2024-10-16,Bob Martinez,SKU-0104,13438.00,West
6306,2024-04-17,Xena Morgan,SKU-0026,18218.00,West
6307,2024-01-01,Elena Ramirez,SKU-0073,24188.00,East
6308,2024-07-17,Alice Chen,SKU-0180,14589.00,West
6309,2024-01-04,Bob Martinez,SKU-0161,29768.00,West
6310,2024-05-17,Reed Stewart,SKU-0068,19706.00,South
6311,2024-07-30,Oscar Edwards,SKU-0138,2990.00,West
6312,2024-10-28,Xena Morgan,SKU-0049,15407.00,Central
6313,2024-05-07,Jack Anderson,SKU-0042,14842.00,Central
6314,2024-04-30,Emma Brown,SKU-0033,880.00,South
6315,2024-01-22,Kate Thomas,SKU-0030,28050.00,North
6316,2024-09-02,Kate Thomas,SKU-0180,8552.00,North
6317,2024-02-12,Amy Adams,SKU-0069,3172.00,South
6318,2024-05-11,David Kim,SKU-0119,9710.00,Central
6319,2024-10-06,Leo Jackson,SKU-0129,27492.00,South
6320,2024-01-16,David Kim,SKU-0080,5044.00,South
6321,2024-12-10,Henry Taylor,SKU-0007,4954.00,Central
6322,2024-03-01,Bob Martinez,SKU-0070,15591.00,West
6323,2024-06-01,Xavier Lopez,SKU-0008,12574.00,East
6324,2024-02-23,Sam Allen,SKU-0041,23494.00,West
6325,2024-11-17,Reed Stewart,SKU-0041,537.00,West
6326,2024-01-09,Yusuf Bell,SKU-0120,3391.00,West
6327,2024-02-16,Troy Morris,SKU-0071,27264.00,East
6328,2024-03-25,Yusuf Bell,SKU-0175,23999.00,Central
6329,2024-02-23,Leo Jackson,SKU-0158,19328.00,East
6330,2024-08-08,Nathan Parker,SKU-0042,3763.00,Central
6331,2024-04-06,Victor King,SKU-0148,23406.00,West
6332,2024-09-02,Emma Brown,SKU-0088,7382.00,North
6333,2024-05-19,Derek Hill,SKU-0020,10935.00,South
6334,2024-03-07,Wendy Wright,SKU-0181,20990.00,South
6335,2024-01-09,Xavier Lopez,SKU-0040,8844.00,West
6336,2024-07-30,Carol White,SKU-0061,10343.00,North
6337,2024-07-11,Leo Jackson,SKU-0038,6997.00,West
6338,2024-11-05,Grace Liu,SKU-0036,8577.00,North
6339,2024-12-29,Sofia Sanchez,SKU-0191,13436.00,West
6340,2024-08-01,Xavier Lopez,SKU-0156,5106.00,Central
6341,2024-04-05,Maya Harris,SKU-0147,12224.00,West
6342,2024-03-14,Nathan Parker,SKU-0167,8670.00,West
6343,2024-10-06,Amy Adams,SKU-0097,3218.00,East
6344,2024-03-10,Oscar Edwards,SKU-0030,20837.00,South
6345,2024-07-13,Yara Scott,SKU-0178,6378.00,East
6346,2024-06-11,Tina Young,SKU-0165,7496.00,West
6347,2024-03-08,Jack Anderson,SKU-0068,27855.00,East
6348,2024-07-28,Kate Thomas,SKU-0129,6340.00,North
6349,2024-06-12,Monica Torres,SKU-0185,7286.00,West
6350,2024-12-11,Emma Brown,SKU-0138,2727.00,North
6351,2024-05-03,Troy Morris,SKU-0047,4949.00,East
6352,2024-03-08,Sofia Sanchez,SKU-0085,15821.00,North
6353,2024-08-19,Olivia Lewis,SKU-0096,8623.00,Central
6354,2024-09-08,Quinn Walker,SKU-0146,3645.00,Central
6355,2024-08-12,Oscar Edwards,SKU-0116,5283.00,South
6356,2024-06-17,Ivy Carter,SKU-0146,3689.00,South
6357,2024-07-14,Maya Harris,SKU-0125,4569.00,South
6358,2024-11-09,Derek Hill,SKU-0199,26579.00,Central
6359,2024-08-03,Amy Adams,SKU-0074,12608.00,South
6360,2024-05-24,Monica Torres,SKU-0089,16293.00,North
6361,2024-09-17,Leo Jackson,SKU-0150,3440.00,South
6362,2024-09-20,Monica Torres,SKU-0059,6858.00,Central
6363,2024-05-01,Xena Morgan,SKU-0144,27154.00,North
6364,2024-11-24,Tina Young,SKU-0171,17501.00,South
6365,2024-05-07,Amy Adams,SKU-0112,7276.00,West
6366,2024-02-06,Whitney Cook,SKU-0123,6469.00,Central
6367,2024-07-07,Victor King,SKU-0192,5447.00,West
6368,2024-04-16,Bob Martinez,SKU-0060,14469.00,West
6369,2024-03-19,Xena Morgan,SKU-0169,25770.00,North
6370,2024-11-17,Maya Harris,SKU-0069,16770.00,Central
6371,2024-04-19,Ivy Carter,SKU-0024,929.00,Central
6372,2024-03-02,Elena Ramirez,SKU-0094,12660.00,North
6373,2024-04-21,Kelly Evans,SKU-0135,13750.00,Central
6374,2024-10-22,Rachel Hall,SKU-0049,13504.00,South
6375,2024-07-03,Lucas Turner,SKU-0181,6437.00,North
6376,2024-04-29,Yusuf Bell,SKU-0032,10838.00,North
6377,2024-07-15,Paula Collins,SKU-0081,12117.00,East
6378,2024-05-04,Yusuf Bell,SKU-0197,22519.00,Central
6379,2024-08-07,Emma Brown,SKU-0072,9448.00,West
6380,2024-09-18,Kelly Evans,SKU-0123,6043.00,East
6381,2024-05-19,Paula Collins,SKU-0192,19433.00,South
6382,2024-07-20,Felix Campbell,SKU-0156,6744.00,South
6383,2024-07-26,Jake Phillips,SKU-0199,3706.00,North
6384,2024-07-05,Reed Stewart,SKU-0101,9368.00,West
6385,2024-07-30,Jack Anderson,SKU-0141,12734.00,West
6386,2024-12-24,Hugo Roberts,SKU-0002,12571.00,East
6387,2024-10-08,Jack Anderson,SKU-0095,6937.00,East
6388,2024-01-12,Victor King,SKU-0199,27531.00,South
6389,2024-08-26,Rachel Hall,SKU-0131,13594.00,West
6390,2024-01-25,Paula Collins,SKU-0077,27640.00,East
6391,2024-12-12,Vincent Reed,SKU-0044,11360.00,West
6392,2024-04-18,Xavier Lopez,SKU-0120,9401.00,Central
6393,2024-08-30,Jack Anderson,SKU-0184,14382.00,West
6394,2024-11-27,Maya Harris,SKU-0064,26251.00,Central
6395,2024-04-26,Olivia Lewis,SKU-0182,20678.00,Central
6396,2024-10-20,Carol White,SKU-0062,18995.00,North
6397,2024-05-13,Paula Collins,SKU-0093,13847.00,South
6398,2024-08-03,Frank Wilson,SKU-0073,10683.00,South
6399,2024-03-28,Bob Martinez,SKU-0091,9273.00,East
6400,2024-05-16,Henry Taylor,SKU-0086,17826.00,Central
6401,2024-09-24,Bob Martinez,SKU-0007,11170.00,East
6402,2024-04-29,Felix Campbell,SKU-0189,9912.00,Central
6403,2024-09-20,Sam Allen,SKU-0122,6328.00,West
6404,2024-01-26,Victor King,SKU-0144,25391.00,East
6405,2024-09-16,Frank Wilson,SKU-0034,12244.00,Central
6406,2024-07-14,Victor King,SKU-0004,6358.00,East
6407,2024-07-17,Oscar Edwards,SKU-0017,4377.00,South
6408,2024-08-21,Yara Scott,SKU-0057,4625.00,East
6409,2024-11-28,Noah Clark,SKU-0106,5053.00,South
6410,2024-05-26,Maya Harris,SKU-0157,23689.00,Central
6411,2024-01-23,Olivia Lewis,SKU-0193,4022.00,Central
6412,2024-09-19,Kelly Evans,SKU-0113,4409.00,East
6413,2024-12-27,Ivy Carter,SKU-0006,10478.00,East
6414,2024-05-30,Leo Jackson,SKU-0075,8097.00,South
6415,2024-02-06,Henry Taylor,SKU-0196,17621.00,Central
6416,2024-03-27,Grace Liu,SKU-0046,3558.00,South
6417,2024-02-17,Tina Young,SKU-0136,3752.00,West
6418,2024-04-02,Lucas Turner,SKU-0048,14347.00,East
6419,2024-04-05,Elena Ramirez,SKU-0044,1997.00,Central
6420,2024-02-04,Felix Campbell,SKU-0051,1248.00,East
6421,2024-09-28,Peter Robinson,SKU-0141,4893.00,Central
6422,2024-03-11,Henry Taylor,SKU-0193,25834.00,West
6423,2024-03-24,Nathan Parker,SKU-0188,15432.00,East
6424,2024-07-17,Frank Wilson,SKU-0056,10560.00,East
6425,2024-10-06,Peter Robinson,SKU-0014,15728.00,North
6426,2024-12-16,Henry Taylor,SKU-0117,28286.00,North
6427,2024-01-11,Oscar Edwards,SKU-0177,18790.00,Central
6428,2024-02-28,Brian Baker,SKU-0096,12812.00,South
6429,2024-11-08,Leo Jackson,SKU-0084,2136.00,South
6430,2024-07-05,Zach Green,SKU-0053,5883.00,Central
6431,2024-01-24,Sam Allen,SKU-0194,10557.00,South
6432,2024-07-16,Elena Ramirez,SKU-0126,4702.00,North
6433,2024-09-03,Alice Chen,SKU-0173,11302.00,South
6434,2024-01-03,Yusuf Bell,SKU-0141,26718.00,West
6435,2024-06-04,Quinn Walker,SKU-0197,24401.00,West
6436,2024-06-09,Gina Mitchell,SKU-0107,24335.00,Central
6437,2024-10-08,Rachel Hall,SKU-0150,24457.00,East
6438,2024-06-12,Elena Ramirez,SKU-0141,1822.00,East
6439,2024-08-14,Noah Clark,SKU-0060,8648.00,North
6440,2024-09-13,Zach Green,SKU-0042,4835.00,Central
6441,2024-07-30,Rachel Hall,SKU-0044,6765.00,South
6442,2024-03-29,Derek Hill,SKU-0032,19371.00,East
6443,2024-11-30,Frank Wilson,SKU-0174,8840.00,South
6444,2024-11-23,Frank Wilson,SKU-0023,29674.00,South
6445,2024-02-29,Leo Jackson,SKU-0141,15065.00,East
6446,2024-04-14,Xavier Lopez,SKU-0123,19192.00,North
6447,2024-01-18,Yara Scott,SKU-0181,8700.00,South
6448,2024-04-06,Tina Young,SKU-0165,14806.00,South
6449,2024-09-17,Rachel Hall,SKU-0107,6967.00,South
6450,2024-02-04,Noah Clark,SKU-0041,24830.00,West
6451,2024-03-08,Sam Allen,SKU-0174,5332.00,Central
6452,2024-06-29,Olivia Lewis,SKU-0081,12461.00,East
6453,2024-04-18,Emma Brown,SKU-0037,26902.00,Central
6454,2024-08-29,Leo Jackson,SKU-0148,4369.00,North
6455,2024-09-04,Ursula Rogers,SKU-0145,6774.00,West
6456,2024-06-29,Kate Thomas,SKU-0070,2291.00,West
6457,2024-07-06,Troy Morris,SKU-0048,5602.00,West
6458,2024-03-13,Elena Ramirez,SKU-0132,7001.00,West
6459,2024-06-05,Victor King,SKU-0110,4714.00,West
6460,2024-06-19,David Kim,SKU-0019,4834.00,West
6461,2024-08-05,Ivy Carter,SKU-0093,2605.00,East
6462,2024-03-26,Troy Morris,SKU-0182,29018.00,North
6463,2024-05-29,Jack Anderson,SKU-0173,16644.00,North
6464,2024-11-29,Monica Torres,SKU-0051,12511.00,South
6465,2024-07-19,Jack Anderson,SKU-0040,4708.00,North
6466,2024-08-20,Grace Liu,SKU-0005,8574.00,Central
6467,2024-01-03,Alice Chen,SKU-0135,8686.00,West
6468,2024-02-10,Leo Jackson,SKU-0033,19908.00,East
6469,2024-05-21,Derek Hill,SKU-0083,22948.00,North
6470,2024-09-08,Lucas Turner,SKU-0164,3363.00,North
6471,2024-03-16,Bob Martinez,SKU-0055,3782.00,South
6472,2024-09-20,Amy Adams,SKU-0058,12434.00,West
6473,2024-06-29,Hugo Roberts,SKU-0129,15814.00,South
6474,2024-04-15,Henry Taylor,SKU-0068,13273.00,South
6475,2024-09-07,Ursula Rogers,SKU-0105,5740.00,East
6476,2024-06-17,Whitney Cook,SKU-0076,506.00,Central
6477,2024-06-14,Zach Green,SKU-0064,17494.00,North
6478,2024-09-28,Bob Martinez,SKU-0177,21550.00,South
6479,2024-05-31,Sam Allen,SKU-0026,8071.00,Central
6480,2024-06-08,Troy Morris,SKU-0134,10023.00,North
6481,2024-09-19,Emma Brown,SKU-0124,21623.00,Central
6482,2024-03-18,Bob Martinez,SKU-0137,18475.00,East
6483,2024-04-13,Yusuf Bell,SKU-0070,25497.00,East
6484,2024-06-07,Victor King,SKU-0155,19801.00,North
6485,2024-02-08,Rachel Hall,SKU-0082,25196.00,West
6486,2024-01-10,Alice Chen,SKU-0011,5584.00,East
6487,2024-05-22,David Kim,SKU-0086,7892.00,South
6488,2024-08-08,Emma Brown,SKU-0103,11752.00,East
6489,2024-09-11,Xena Morgan,SKU-0022,5887.00,West
6490,2024-06-19,Kelly Evans,SKU-0157,11797.00,East
6491,2024-08-14,Kate Thomas,SKU-0170,5245.00,East
6492,2024-12-07,Victor King,SKU-0181,18172.00,North
6493,2024-12-23,Henry Taylor,SKU-0074,12135.00,North
6494,2024-09-24,Yusuf Bell,SKU-0007,7248.00,West
6495,2024-05-13,Rachel Hall,SKU-0145,18661.00,South
6496,2024-10-22,Frank Wilson,SKU-0165,10383.00,North
6497,2024-08-25,Gina Mitchell,SKU-0131,7170.00,East
6498,2024-04-10,Brian Baker,SKU-0035,18224.00,West
6499,2024-01-01,Whitney Cook,SKU-0115,6422.00,Central
6500,2024-06-12,Wendy Wright,SKU-0154,2853.00,North
6501,2024-08-05,Hugo Roberts,SKU-0036,2483.00,East
6502,2024-10-15,Felix Campbell,SKU-0009,28714.00,Central
6503,2024-02-11,Kate Thomas,SKU-0017,1511.00,East
6504,2024-10-23,Jack Anderson,SKU-0038,7538.00,Central
6505,2024-01-05,Peter Robinson,SKU-0044,23165.00,Central
6506,2024-01-11,Maya Harris,SKU-0080,13092.00,West
6507,2024-10-23,Ursula Rogers,SKU-0117,5271.00,East
6508,2024-03-31,Jake Phillips,SKU-0100,9695.00,East
6509,2024-01-06,Elena Ramirez,SKU-0012,23601.00,East
6510,2024-10-17,Zach Green,SKU-0006,2968.00,East
6511,2024-08-14,Troy Morris,SKU-0180,10516.00,East
6512,2024-02-09,Rachel Hall,SKU-0149,15488.00,East
6513,2024-07-24,Sofia Sanchez,SKU-0195,3736.00,East
6514,2024-08-23,Noah Clark,SKU-0069,7931.00,North
6515,2024-11-17,Wendy Wright,SKU-0119,5358.00,Central
6516,2024-07-05,Hugo Roberts,SKU-0196,7639.00,North
6517,2024-07-17,Elena Ramirez,SKU-0055,8713.00,East
6518,2024-07-01,Kelly Evans,SKU-0051,8108.00,Central
6519,2024-09-29,Yusuf Bell,SKU-0184,6048.00,East
6520,2024-11-07,Ivy Carter,SKU-0014,11402.00,South
6521,2024-08-03,Grace Liu,SKU-0192,8631.00,West
6522,2024-11-19,Vincent Reed,SKU-0086,14934.00,East
6523,2024-02-24,Kelly Evans,SKU-0003,21295.00,Central
6524,2024-08-16,Sam Allen,SKU-0156,9194.00,West
6525,2024-04-26,Hugo Roberts,SKU-0149,22546.00,Central
6526,2024-07-17,Henry Taylor,SKU-0085,10533.00,North
6527,2024-09-02,Noah Clark,SKU-0194,7172.00,East
6528,2024-01-10,Reed Stewart,SKU-0161,10710.00,Central
6529,2024-12-04,Uma Hernandez,SKU-0153,12710.00,West
6530,2024-11-19,Lucas Turner,SKU-0170,28745.00,Central
6531,2024-02-20,David Kim,SKU-0098,11547.00,East
6532,2024-06-29,Derek Hill,SKU-0001,9529.00,West
6533,2024-11-29,Tina Young,SKU-0092,14832.00,North
6534,2024-11-04,Grace Liu,SKU-0146,1363.00,South
6535,2024-12-19,Kelly Evans,SKU-0048,7316.00,Central
6536,2024-02-28,Wendy Wright,SKU-0027,3261.00,North
6537,2024-11-01,Grace Liu,SKU-0130,26250.00,East
6538,2024-10-20,Xavier Lopez,SKU-0010,10557.00,West
6539,2024-06-19,Derek Hill,SKU-0079,3222.00,West
6540,2024-05-04,Ursula Rogers,SKU-0198,10541.00,West
6541,2024-09-29,Brian Baker,SKU-0100,6977.00,Central
6542,2024-07-18,Uma Hernandez,SKU-0095,5842.00,Central
6543,2024-01-18,Nathan Parker,SKU-0083,25200.00,East
6544,2024-12-08,Grace Liu,SKU-0061,16280.00,West
6545,2024-09-25,Elena Ramirez,SKU-0063,6237.00,South
6546,2024-09-24,Nathan Parker,SKU-0132,5949.00,South
6547,2024-10-22,Henry Taylor,SKU-0016,15248.00,North
6548,2024-04-10,Kelly Evans,SKU-0080,4573.00,South
6549,2024-02-23,David Kim,SKU-0073,16911.00,Central
6550,2024-01-22,Hugo Roberts,SKU-0200,10132.00,Central
6551,2024-08-24,Chloe Nelson,SKU-0021,3904.00,North
6552,2024-01-04,Ursula Rogers,SKU-0103,6634.00,North
6553,2024-02-01,Tina Young,SKU-0198,27987.00,East
6554,2024-08-13,Quinn Walker,SKU-0006,3414.00,South
6555,2024-10-24,Gina Mitchell,SKU-0116,15564.00,East
6556,2024-04-21,Sofia Sanchez,SKU-0157,28126.00,Central
6557,2024-08-07,Jake Phillips,SKU-0076,7107.00,North
6558,2024-07-26,David Kim,SKU-0170,15546.00,North
6559,2024-07-03,Iris Patel,SKU-0187,11772.00,West
6560,2024-07-28,Monica Torres,SKU-0076,3026.00,South
6561,2024-09-19,Lucas Turner,SKU-0116,8357.00,North
6562,2024-04-23,Elena Ramirez,SKU-0088,15043.00,North
6563,2024-04-18,Noah Clark,SKU-0168,20874.00,East
6564,2024-09-26,Kate Thomas,SKU-0173,6143.00,East
6565,2024-06-19,Peter Robinson,SKU-0179,7789.00,South
6566,2024-12-08,Grace Liu,SKU-0095,27545.00,North
6567,2024-04-24,Paula Collins,SKU-0187,25169.00,West
6568,2024-10-04,Maya Harris,SKU-0035,16526.00,West
6569,2024-09-17,Jake Phillips,SKU-0017,6161.00,East
6570,2024-03-04,Felix Campbell,SKU-0052,7957.00,West
6571,2024-05-31,Gina Mitchell,SKU-0112,14705.00,West
6572,2024-10-17,Brian Baker,SKU-0175,20428.00,South
6573,2024-12-13,Olivia Lewis,SKU-0166,6920.00,West
6574,2024-09-03,Elena Ramirez,SKU-0099,6690.00,East
6575,2024-09-21,Peter Robinson,SKU-0169,6295.00,South
6576,2024-01-12,Jake Phillips,SKU-0035,21727.00,Central
6577,2024-04-30,Alice Chen,SKU-0146,7694.00,Central
6578,2024-11-10,Reed Stewart,SKU-0077,7531.00,East
6579,2024-03-17,Frank Wilson,SKU-0032,28374.00,West
6580,2024-03-25,Derek Hill,SKU-0093,3201.00,East
6581,2024-07-17,Wendy Wright,SKU-0021,2908.00,North
6582,2024-04-26,Nathan Parker,SKU-0140,17795.00,West
6583,2024-07-23,Noah Clark,SKU-0101,5564.00,West
6584,2024-07-06,Jack Anderson,SKU-0190,9332.00,East
6585,2024-09-08,Derek Hill,SKU-0133,8361.00,North
6586,2024-11-19,Quinn Walker,SKU-0194,25762.00,North
6587,2024-08-29,Gina Mitchell,SKU-0160,4719.00,Central
6588,2024-11-26,Sofia Sanchez,SKU-0159,8170.00,North
6589,2024-08-13,Kelly Evans,SKU-0183,6534.00,West
6590,2024-06-13,Nathan Parker,SKU-0074,8469.00,West
6591,2024-02-13,Derek Hill,SKU-0095,25724.00,Central
6592,2024-02-09,Noah Clark,SKU-0173,20592.00,North
6593,2024-04-30,Xavier Lopez,SKU-0183,9125.00,South
6594,2024-07-24,Leo Jackson,SKU-0091,3621.00,West
6595,2024-04-01,Derek Hill,SKU-0003,29348.00,East
6596,2024-04-04,Kate Thomas,SKU-0038,19157.00,West
6597,2024-02-14,Grace Liu,SKU-0185,25326.00,West
6598,2024-03-06,Nathan Parker,SKU-0171,24627.00,East
6599,2024-06-18,Ivy Carter,SKU-0185,15448.00,Central
6600,2024-11-08,Hugo Roberts,SKU-0187,5850.00,North
6601,2024-04-28,Gina Mitchell,SKU-0086,28455.00,South
6602,2024-01-22,Yara Scott,SKU-0133,11891.00,West
6603,2024-09-06,Olivia Lewis,SKU-0144,9522.00,South
6604,2024-08-05,Jake Phillips,SKU-0185,4678.00,Central
6605,2024-02-05,Yara Scott,SKU-0098,18351.00,East
6606,2024-09-07,Maya Harris,SKU-0039,3680.00,West
6607,2024-04-13,Kate Thomas,SKU-0182,27232.00,South
6608,2024-11-06,Hugo Roberts,SKU-0050,11681.00,South
6609,2024-06-08,Kate Thomas,SKU-0196,19056.00,East
6610,2024-06-08,Alice Chen,SKU-0080,10998.00,East
6611,2024-11-23,Amy Adams,SKU-0191,9479.00,East
6612,2024-04-06,Yusuf Bell,SKU-0153,29222.00,West
6613,2024-02-10,Tina Young,SKU-0015,17143.00,East
6614,2024-09-11,Felix Campbell,SKU-0061,6534.00,West
6615,2024-01-02,Olivia Lewis,SKU-0160,18180.00,East
6616,2024-01-27,Olivia Lewis,SKU-0192,22096.00,North
6617,2024-06-05,Wendy Wright,SKU-0131,14816.00,Central
6618,2024-06-09,Olivia Lewis,SKU-0060,6472.00,West
6619,2024-08-29,Frank Wilson,SKU-0160,8613.00,East
6620,2024-07-18,Alice Chen,SKU-0160,10539.00,Central
6621,2024-08-29,Yusuf Bell,SKU-0055,9216.00,North
6622,2024-04-29,Elena Ramirez,SKU-0105,5016.00,West
6623,2024-06-08,Brian Baker,SKU-0135,25013.00,Central
6624,2024-04-22,Leo Jackson,SKU-0140,19487.00,Central
6625,2024-08-25,Troy Morris,SKU-0080,6527.00,North
6626,2024-08-01,Ursula Rogers,SKU-0065,6690.00,West
6627,2024-03-20,Victor King,SKU-0090,4322.00,West
6628,2024-02-02,Vincent Reed,SKU-0140,28359.00,Central
6629,2024-02-26,Lucas Turner,SKU-0026,21271.00,Central
6630,2024-08-01,Amy Adams,SKU-0013,11977.00,North
6631,2024-11-19,Ursula Rogers,SKU-0076,24639.00,West
6632,2024-07-09,Uma Hernandez,SKU-0053,12528.00,East
6633,2024-03-12,Tina Young,SKU-0065,20415.00,Central
6634,2024-03-27,Vincent Reed,SKU-0045,5286.00,Central
6635,2024-07-22,Henry Taylor,SKU-0017,12171.00,Central
6636,2024-03-06,Reed Stewart,SKU-0182,11037.00,North
6637,2024-02-20,Ivy Carter,SKU-0128,19734.00,Central
6638,2024-08-17,Derek Hill,SKU-0084,6215.00,North
6639,2024-09-06,Vincent Reed,SKU-0139,7300.00,North
6640,2024-03-05,Tina Young,SKU-0195,995.00,Central
6641,2024-09-01,Olivia Lewis,SKU-0135,9608.00,South
6642,2024-08-18,Lucas Turner,SKU-0195,6472.00,South
6643,2024-03-14,Iris Patel,SKU-0191,18168.00,North
6644,2024-12-31,Felix Campbell,SKU-0154,19542.00,North
6645,2024-09-16,Jake Phillips,SKU-0086,5998.00,South
6646,2024-09-17,Emma Brown,SKU-0146,13384.00,West
6647,2024-06-07,Xena Morgan,SKU-0177,8035.00,West
6648,2024-01-11,Lucas Turner,SKU-0021,18346.00,North
6649,2024-08-22,David Kim,SKU-0016,16578.00,East
6650,2024-09-10,Quinn Walker,SKU-0060,3038.00,South
6651,2024-11-29,Yara Scott,SKU-0049,7383.00,North
6652,2024-08-27,Uma Hernandez,SKU-0130,6308.00,South
6653,2024-06-19,Peter Robinson,SKU-0137,9082.00,South
6654,2024-02-07,Oscar Edwards,SKU-0010,27147.00,West
6655,2024-08-03,Troy Morris,SKU-0125,8520.00,West
6656,2024-07-24,Zach Green,SKU-0026,7486.00,Central
6657,2024-07-26,Amy Adams,SKU-0099,9702.00,East
6658,2024-08-22,Yara Scott,SKU-0060,3563.00,North
6659,2024-06-27,Chloe Nelson,SKU-0161,13552.00,Central
6660,2024-10-27,Wendy Wright,SKU-0001,9606.00,North
6661,2024-06-23,Rachel Hall,SKU-0136,4655.00,Central
6662,2024-06-01,Nathan Parker,SKU-0101,2057.00,West
6663,2024-11-21,Gina Mitchell,SKU-0154,26941.00,West
6664,2024-05-03,Uma Hernandez,SKU-0055,25226.00,South
6665,2024-08-10,Tina Young,SKU-0145,4980.00,North
6666,2024-10-01,Elena Ramirez,SKU-0146,13036.00,South
6667,2024-07-25,Noah Clark,SKU-0063,7770.00,East
6668,2024-07-17,Rachel Hall,SKU-0090,8246.00,Central
6669,2024-10-09,Gina Mitchell,SKU-0179,27539.00,South
6670,2024-01-25,Yusuf Bell,SKU-0012,3995.00,East
6671,2024-11-12,Quinn Walker,SKU-0095,27396.00,Central
6672,2024-06-23,Oscar Edwards,SKU-0062,15928.00,West
6673,2024-08-26,Henry Taylor,SKU-0039,18737.00,South
6674,2024-01-20,Gina Mitchell,SKU-0052,16022.00,West
6675,2024-08-22,Paula Collins,SKU-0018,4504.00,South
6676,2024-12-25,Ivy Carter,SKU-0036,16880.00,Central
6677,2024-06-08,Felix Campbell,SKU-0068,12838.00,West
6678,2024-02-06,Monica Torres,SKU-0189,18629.00,West
6679,2024-01-18,Elena Ramirez,SKU-0173,17246.00,North
6680,2024-11-17,Noah Clark,SKU-0048,28294.00,North
6681,2024-03-17,Whitney Cook,SKU-0061,26871.00,West
6682,2024-05-17,Elena Ramirez,SKU-0022,11201.00,North
6683,2024-04-07,Yara Scott,SKU-0044,1679.00,East
6684,2024-11-21,Noah Clark,SKU-0163,29031.00,South
6685,2024-10-04,Zach Green,SKU-0084,8695.00,West
6686,2024-10-10,Felix Campbell,SKU-0077,4214.00,West
6687,2024-06-22,Victor King,SKU-0134,12754.00,East
6688,2024-07-07,Emma Brown,SKU-0067,6576.00,South
6689,2024-07-21,Chloe Nelson,SKU-0194,5082.00,North
6690,2024-02-06,Victor King,SKU-0085,29673.00,East
6691,2024-02-18,Xena Morgan,SKU-0116,19272.00,North
6692,2024-01-26,Oscar Edwards,SKU-0044,26583.00,Central
6693,2024-05-08,Jake Phillips,SKU-0129,4880.00,East
6694,2024-12-24,Quinn Walker,SKU-0053,29154.00,West
6695,2024-06-19,Chloe Nelson,SKU-0005,11469.00,North
6696,2024-06-01,Chloe Nelson,SKU-0140,1382.00,North
6697,2024-12-12,Kelly Evans,SKU-0011,16254.00,East
6698,2024-09-21,Henry Taylor,SKU-0058,10586.00,Central
6699,2024-05-26,Vincent Reed,SKU-0140,5915.00,East
6700,2024-04-25,Kate Thomas,SKU-0056,21733.00,South
6701,2024-03-12,Ivy Carter,SKU-0181,4867.00,West
6702,2024-02-22,Brian Baker,SKU-0108,18601.00,North
6703,2024-02-27,Grace Liu,SKU-0178,3157.00,South
6704,2024-03-20,Ursula Rogers,SKU-0011,8622.00,South
6705,2024-12-29,Oscar Edwards,SKU-0116,24967.00,West
6706,2024-08-11,Leo Jackson,SKU-0135,4442.00,North
6707,2024-02-02,Troy Morris,SKU-0141,14605.00,Central
6708,2024-02-17,Reed Stewart,SKU-0117,19914.00,East
6709,2024-02-14,Nathan Parker,SKU-0141,19109.00,West
6710,2024-07-28,Xavier Lopez,SKU-0127,7618.00,North
6711,2024-07-27,Kate Thomas,SKU-0172,12414.00,West
6712,2024-06-03,Wendy Wright,SKU-0177,28748.00,East
6713,2024-01-02,Monica Torres,SKU-0001,7653.00,Central
6714,2024-02-27,Yara Scott,SKU-0129,19116.00,West
6715,2024-09-02,Lucas Turner,SKU-0018,6308.00,West
6716,2024-11-04,Troy Morris,SKU-0190,15793.00,North
6717,2024-08-09,Nathan Parker,SKU-0144,7741.00,North
6718,2024-12-31,Zach Green,SKU-0175,27991.00,North
6719,2024-02-28,David Kim,SKU-0020,13671.00,East
6720,2024-10-15,Iris Patel,SKU-0166,21655.00,East
6721,2024-06-02,Henry Taylor,SKU-0074,1813.00,South
6722,2024-04-21,Noah Clark,SKU-0084,14564.00,West
6723,2024-02-09,Whitney Cook,SKU-0177,15903.00,South
6724,2024-05-25,Xena Morgan,SKU-0114,13895.00,South
6725,2024-06-05,Jack Anderson,SKU-0097,11354.00,Central
6726,2024-12-11,Hugo Roberts,SKU-0188,9037.00,South
6727,2024-07-28,Tina Young,SKU-0121,12324.00,South
6728,2024-08-02,Jack Anderson,SKU-0126,6164.00,South
6729,2024-12-27,David Kim,SKU-0136,14583.00,Central
6730,2024-05-15,Iris Patel,SKU-0115,26245.00,East
6731,2024-09-15,Felix Campbell,SKU-0044,5602.00,South
6732,2024-09-01,Iris Patel,SKU-0153,9880.00,West
6733,2024-03-08,Victor King,SKU-0076,27985.00,North
6734,2024-05-06,Emma Brown,SKU-0158,16726.00,North
6735,2024-10-15,Bob Martinez,SKU-0020,7166.00,West
6736,2024-02-26,David Kim,SKU-0178,16848.00,North
6737,2024-11-26,Carol White,SKU-0152,25183.00,Central
6738,2024-07-23,Nathan Parker,SKU-0143,5439.00,Central
6739,2024-09-03,Yusuf Bell,SKU-0134,6657.00,West
6740,2024-10-06,Zach Green,SKU-0070,12306.00,East
6741,2024-09-27,Xavier Lopez,SKU-0194,10443.00,South
6742,2024-03-11,Peter Robinson,SKU-0116,4908.00,North
6743,2024-06-18,Brian Baker,SKU-0061,21088.00,West
6744,2024-04-10,Peter Robinson,SKU-0171,21062.00,South
6745,2024-03-05,Jake Phillips,SKU-0182,14782.00,South
6746,2024-02-20,Amy Adams,SKU-0028,14885.00,East
6747,2024-07-26,Amy Adams,SKU-0120,15723.00,West
6748,2024-12-18,Peter Robinson,SKU-0147,20679.00,Central
6749,2024-08-28,Sam Allen,SKU-0134,5945.00,South
6750,2024-11-18,David Kim,SKU-0161,23000.00,Central
6751,2024-03-10,Xena Morgan,SKU-0110,26918.00,South
6752,2024-07-11,Lucas Turner,SKU-0188,7705.00,North
6753,2024-03-23,Felix Campbell,SKU-0028,19635.00,East
6754,2024-05-13,Rachel Hall,SKU-0131,20444.00,West
6755,2024-05-14,Yusuf Bell,SKU-0032,10716.00,South
6756,2024-10-13,Nathan Parker,SKU-0129,5472.00,West
6757,2024-07-04,Gina Mitchell,SKU-0161,3236.00,West
6758,2024-07-17,Noah Clark,SKU-0154,8443.00,East
6759,2024-01-12,Derek Hill,SKU-0157,7342.00,North
6760,2024-01-28,Rachel Hall,SKU-0001,22016.00,East
6761,2024-12-01,Brian Baker,SKU-0068,17462.00,North
6762,2024-10-18,Rachel Hall,SKU-0058,4666.00,West
6763,2024-03-21,Chloe Nelson,SKU-0144,1152.00,West
6764,2024-08-18,Monica Torres,SKU-0057,4883.00,Central
6765,2024-04-30,Ursula Rogers,SKU-0005,4157.00,Central
6766,2024-06-16,Iris Patel,SKU-0081,23150.00,Central
6767,2024-01-08,Reed Stewart,SKU-0087,7178.00,Central
6768,2024-10-30,Frank Wilson,SKU-0156,10693.00,Central
6769,2024-07-14,Noah Clark,SKU-0013,6694.00,Central
6770,2024-12-16,Emma Brown,SKU-0156,15973.00,North
6771,2024-05-21,Olivia Lewis,SKU-0002,8703.00,South
6772,2024-08-22,Carol White,SKU-0135,15899.00,North
6773,2024-03-23,Zach Green,SKU-0126,12497.00,South
6774,2024-06-13,Jack Anderson,SKU-0118,15076.00,South
6775,2024-09-12,Tina Young,SKU-0133,2736.00,South
6776,2024-08-02,Xavier Lopez,SKU-0182,6723.00,North
6777,2024-01-28,Ivy Carter,SKU-0127,27838.00,Central
6778,2024-08-13,Derek Hill,SKU-0190,5769.00,West
6779,2024-08-24,Carol White,SKU-0018,15724.00,East
6780,2024-02-12,Wendy Wright,SKU-0152,21966.00,West
6781,2024-10-03,Quinn Walker,SKU-0149,15744.00,South
6782,2024-10-02,Rachel Hall,SKU-0005,29210.00,West
6783,2024-12-02,Wendy Wright,SKU-0013,7385.00,Central
6784,2024-05-05,Brian Baker,SKU-0055,29798.00,West
6785,2024-09-06,Leo Jackson,SKU-0109,3823.00,East
6786,2024-03-08,Elena Ramirez,SKU-0028,13339.00,North
6787,2024-06-04,Iris Patel,SKU-0089,24729.00,East
6788,2024-05-25,Olivia Lewis,SKU-0049,21521.00,South
6789,2024-05-22,Amy Adams,SKU-0046,6321.00,East
6790,2024-09-21,Vincent Reed,SKU-0031,5691.00,Central
6791,2024-07-02,Xavier Lopez,SKU-0165,6683.00,Central
6792,2024-09-01,Oscar Edwards,SKU-0155,4883.00,East
6793,2024-03-29,Brian Baker,SKU-0097,21509.00,West
6794,2024-03-18,Xena Morgan,SKU-0156,14622.00,Central
6795,2024-04-15,Xena Morgan,SKU-0064,14672.00,West
6796,2024-11-11,Monica Torres,SKU-0047,8186.00,East
6797,2024-03-05,Maya Harris,SKU-0060,23441.00,Central
6798,2024-05-02,Ivy Carter,SKU-0065,19193.00,South
6799,2024-01-03,Emma Brown,SKU-0097,11270.00,Central
6800,2024-12-12,Maya Harris,SKU-0132,20914.00,North
6801,2024-06-27,Leo Jackson,SKU-0161,29200.00,East
6802,2024-09-15,Iris Patel,SKU-0160,10158.00,West
6803,2024-03-25,Jack Anderson,SKU-0052,22917.00,Central
6804,2024-08-18,Emma Brown,SKU-0008,11895.00,East
6805,2024-07-23,Zach Green,SKU-0172,5144.00,East
6806,2024-01-12,Kate Thomas,SKU-0070,19409.00,West
6807,2024-05-08,Iris Patel,SKU-0055,7626.00,West
6808,2024-05-19,Xena Morgan,SKU-0124,26723.00,Central
6809,2024-08-18,Alice Chen,SKU-0036,16336.00,Central
6810,2024-05-10,Xena Morgan,SKU-0190,10685.00,South
6811,2024-06-07,Kelly Evans,SKU-0051,2736.00,South
6812,2024-03-05,Henry Taylor,SKU-0021,21996.00,Central
6813,2024-11-16,Wendy Wright,SKU-0078,8516.00,Central
6814,2024-06-04,Yara Scott,SKU-0015,14688.00,East
6815,2024-03-28,Grace Liu,SKU-0086,14713.00,East
6816,2024-12-20,Vincent Reed,SKU-0164,14222.00,North
6817,2024-11-18,Vincent Reed,SKU-0070,25652.00,West
6818,2024-10-31,Alice Chen,SKU-0122,17059.00,South
6819,2024-08-27,Maya Harris,SKU-0075,4165.00,East
6820,2024-06-19,Uma Hernandez,SKU-0120,13147.00,North
6821,2024-12-12,Sofia Sanchez,SKU-0060,17386.00,Central
6822,2024-06-29,Victor King,SKU-0145,12182.00,North
6823,2024-03-07,Peter Robinson,SKU-0093,19706.00,East
6824,2024-12-24,David Kim,SKU-0185,14564.00,North
6825,2024-03-09,Emma Brown,SKU-0184,21830.00,Central
6826,2024-05-17,Henry Taylor,SKU-0174,13150.00,North
6827,2024-09-01,Yusuf Bell,SKU-0096,9563.00,North
6828,2024-12-16,Xena Morgan,SKU-0068,28086.00,North
6829,2024-07-30,Uma Hernandez,SKU-0046,8913.00,Central
6830,2024-09-27,Kate Thomas,SKU-0122,5295.00,Central
6831,2024-04-13,Bob Martinez,SKU-0166,5390.00,West
6832,2024-01-16,Jake Phillips,SKU-0133,1575.00,East
6833,2024-04-24,Wendy Wright,SKU-0060,5502.00,Central
6834,2024-03-08,Whitney Cook,SKU-0106,16580.00,East
6835,2024-03-30,Lucas Turner,SKU-0032,4757.00,East
6836,2024-01-24,Frank Wilson,SKU-0027,11408.00,East
6837,2024-12-26,Noah Clark,SKU-0143,17929.00,South
6838,2024-08-22,Vincent Reed,SKU-0196,13374.00,East
6839,2024-09-06,Frank Wilson,SKU-0021,6752.00,Central
6840,2024-12-17,Derek Hill,SKU-0192,6810.00,Central
6841,2024-01-03,Sofia Sanchez,SKU-0165,28798.00,East
6842,2024-05-08,Quinn Walker,SKU-0163,11946.00,South
6843,2024-03-08,Frank Wilson,SKU-0164,26892.00,South
6844,2024-01-08,Carol White,SKU-0018,23442.00,South
6845,2024-01-15,Derek Hill,SKU-0096,10101.00,North
6846,2024-03-05,Reed Stewart,SKU-0162,26100.00,West
6847,2024-05-11,Jake Phillips,SKU-0004,18875.00,South
6848,2024-09-23,Emma Brown,SKU-0064,12654.00,West
6849,2024-11-19,Wendy Wright,SKU-0105,25408.00,East
6850,2024-10-09,Elena Ramirez,SKU-0081,6271.00,East
6851,2024-01-25,Sofia Sanchez,SKU-0057,20383.00,Central
6852,2024-10-18,Uma Hernandez,SKU-0074,9249.00,North
6853,2024-08-17,Chloe Nelson,SKU-0130,4622.00,North
6854,2024-01-27,Jake Phillips,SKU-0131,5821.00,East
6855,2024-08-28,Uma Hernandez,SKU-0110,4967.00,Central
6856,2024-03-22,Lucas Turner,SKU-0014,16721.00,Central
6857,2024-05-19,Jack Anderson,SKU-0013,2044.00,East
6858,2024-08-04,Ivy Carter,SKU-0019,6286.00,North
6859,2024-01-13,Ivy Carter,SKU-0034,23975.00,Central
6860,2024-10-14,Oscar Edwards,SKU-0157,24202.00,North
6861,2024-09-09,Henry Taylor,SKU-0184,15176.00,South
6862,2024-01-16,Elena Ramirez,SKU-0189,11632.00,East
6863,2024-10-23,Jake Phillips,SKU-0018,2574.00,North
6864,2024-08-23,Wendy Wright,SKU-0013,3344.00,South
6865,2024-07-11,Hugo Roberts,SKU-0090,5873.00,West
6866,2024-03-24,Grace Liu,SKU-0194,2510.00,East
6867,2024-12-20,Tina Young,SKU-0042,17999.00,Central
6868,2024-08-26,David Kim,SKU-0177,12513.00,South
6869,2024-03-10,Bob Martinez,SKU-0161,16147.00,West
6870,2024-07-23,Elena Ramirez,SKU-0090,5266.00,East
6871,2024-11-06,Derek Hill,SKU-0088,18846.00,North
6872,2024-06-05,Brian Baker,SKU-0105,624.00,East
6873,2024-05-28,Vincent Reed,SKU-0064,5067.00,Central
6874,2024-05-23,David Kim,SKU-0142,16843.00,North
6875,2024-05-30,Noah Clark,SKU-0125,17849.00,South
6876,2024-03-09,Frank Wilson,SKU-0082,1572.00,West
6877,2024-04-25,Zach Green,SKU-0065,4599.00,West
6878,2024-03-29,Maya Harris,SKU-0067,26378.00,North
6879,2024-12-20,Rachel Hall,SKU-0117,15830.00,East
6880,2024-09-22,Emma Brown,SKU-0029,12347.00,West
6881,2024-04-24,Jake Phillips,SKU-0105,9403.00,Central
6882,2024-03-12,Amy Adams,SKU-0061,1995.00,South
6883,2024-03-20,Amy Adams,SKU-0168,699.00,East
6884,2024-11-23,David Kim,SKU-0027,24992.00,South
6885,2024-04-10,Sam Allen,SKU-0022,10385.00,South
6886,2024-11-15,Derek Hill,SKU-0197,16286.00,East
6887,2024-06-03,Lucas Turner,SKU-0028,1014.00,West
6888,2024-05-28,Nathan Parker,SKU-0053,12418.00,Central
6889,2024-09-11,Jack Anderson,SKU-0102,10313.00,East
6890,2024-07-20,Jake Phillips,SKU-0101,5973.00,East
6891,2024-01-07,David Kim,SKU-0174,27645.00,Central
6892,2024-12-12,Paula Collins,SKU-0121,10876.00,West
6893,2024-06-17,Victor King,SKU-0038,26032.00,East
6894,2024-12-29,Emma Brown,SKU-0055,12883.00,West
6895,2024-04-28,Hugo Roberts,SKU-0034,26503.00,South
6896,2024-05-26,Yara Scott,SKU-0136,16499.00,East
6897,2024-11-23,Xena Morgan,SKU-0122,3208.00,Central
6898,2024-10-21,Xavier Lopez,SKU-0112,19384.00,West
6899,2024-12-01,Ivy Carter,SKU-0132,26918.00,North
6900,2024-04-02,Quinn Walker,SKU-0182,22140.00,South
6901,2024-02-10,Kelly Evans,SKU-0066,11059.00,East
6902,2024-01-30,Xavier Lopez,SKU-0104,25781.00,South
6903,2024-05-18,Frank Wilson,SKU-0012,19461.00,Central
6904,2024-06-05,Yusuf Bell,SKU-0198,16933.00,West
6905,2024-12-20,Peter Robinson,SKU-0155,25990.00,East
6906,2024-01-17,Kate Thomas,SKU-0114,24708.00,Central
6907,2024-07-12,Paula Collins,SKU-0037,10730.00,South
6908,2024-10-13,Troy Morris,SKU-0001,6698.00,North
6909,2024-04-14,Vincent Reed,SKU-0112,1811.00,East
6910,2024-07-18,Lucas Turner,SKU-0121,5428.00,Central
6911,2024-12-22,Zach Green,SKU-0178,22165.00,South
6912,2024-02-26,Olivia Lewis,SKU-0171,15358.00,Central
6913,2024-05-07,Wendy Wright,SKU-0109,18313.00,South
6914,2024-05-02,Whitney Cook,SKU-0144,27509.00,West
6915,2024-05-17,Derek Hill,SKU-0175,12270.00,Central
6916,2024-08-26,David Kim,SKU-0190,3395.00,West
6917,2024-05-25,Leo Jackson,SKU-0025,1878.00,South
6918,2024-08-23,Paula Collins,SKU-0048,11553.00,North
6919,2024-09-15,Grace Liu,SKU-0010,11213.00,South
6920,2024-07-29,Leo Jackson,SKU-0108,7867.00,North
6921,2024-04-24,Wendy Wright,SKU-0046,13416.00,East
6922,2024-02-08,Amy Adams,SKU-0097,3390.00,North
6923,2024-07-21,Nathan Parker,SKU-0139,3216.00,Central
6924,2024-12-21,David Kim,SKU-0058,2114.00,East
6925,2024-12-01,Rachel Hall,SKU-0020,28934.00,Central
6926,2024-11-06,Zach Green,SKU-0120,13600.00,Central
6927,2024-11-24,Reed Stewart,SKU-0099,1691.00,West
6928,2024-03-13,Olivia Lewis,SKU-0088,1788.00,South
6929,2024-05-15,Maya Harris,SKU-0139,23135.00,Central
6930,2024-02-22,Ursula Rogers,SKU-0143,22759.00,North
6931,2024-02-21,Maya Harris,SKU-0004,14053.00,South
6932,2024-06-01,Troy Morris,SKU-0030,15800.00,South
6933,2024-11-21,Ivy Carter,SKU-0022,1784.00,East
6934,2024-03-28,Felix Campbell,SKU-0054,15397.00,South
6935,2024-06-16,Amy Adams,SKU-0158,12474.00,Central
6936,2024-05-20,Yara Scott,SKU-0161,10214.00,South
6937,2024-12-14,Ursula Rogers,SKU-0050,24495.00,North
6938,2024-08-21,Ursula Rogers,SKU-0172,7997.00,West
6939,2024-04-14,Leo Jackson,SKU-0131,20208.00,Central
6940,2024-11-03,Frank Wilson,SKU-0162,24807.00,West
6941,2024-05-03,Chloe Nelson,SKU-0155,18389.00,Central
6942,2024-07-05,Vincent Reed,SKU-0096,9022.00,Central
6943,2024-08-07,Felix Campbell,SKU-0142,6877.00,North
6944,2024-05-07,Amy Adams,SKU-0071,27363.00,North
6945,2024-02-13,Lucas Turner,SKU-0045,6058.00,East
6946,2024-02-28,Ivy Carter,SKU-0059,29450.00,South
6947,2024-08-26,Chloe Nelson,SKU-0135,6856.00,West
6948,2024-05-18,Henry Taylor,SKU-0042,25217.00,Central
6949,2024-07-11,Jake Phillips,SKU-0028,3078.00,Central
6950,2024-12-22,Oscar Edwards,SKU-0051,15529.00,Central
6951,2024-04-27,David Kim,SKU-0184,18828.00,Central
6952,2024-02-18,Victor King,SKU-0084,9725.00,East
6953,2024-09-02,Brian Baker,SKU-0104,8970.00,South
6954,2024-10-23,David Kim,SKU-0042,14188.00,South
6955,2024-02-02,Lucas Turner,SKU-0131,4124.00,East
6956,2024-08-24,Tina Young,SKU-0200,10792.00,North
6957,2024-01-20,David Kim,SKU-0071,28157.00,North
6958,2024-12-09,Yusuf Bell,SKU-0165,25233.00,North
6959,2024-08-13,Bob Martinez,SKU-0055,13372.00,South
6960,2024-07-21,Kelly Evans,SKU-0067,4856.00,East
6961,2024-10-05,Paula Collins,SKU-0187,27056.00,Central
6962,2024-10-21,Brian Baker,SKU-0028,4597.00,West
6963,2024-06-13,Wendy Wright,SKU-0024,16588.00,South
6964,2024-08-04,Frank Wilson,SKU-0164,11307.00,East
6965,2024-08-18,Peter Robinson,SKU-0009,10092.00,North
6966,2024-07-09,Vincent Reed,SKU-0136,8144.00,Central
6967,2024-03-06,Derek Hill,SKU-0128,2793.00,North
6968,2024-10-09,Jack Anderson,SKU-0193,9590.00,West
6969,2024-12-18,Maya Harris,SKU-0156,2432.00,East
6970,2024-08-09,Henry Taylor,SKU-0035,13081.00,Central
6971,2024-10-16,Paula Collins,SKU-0179,7338.00,West
6972,2024-08-07,Maya Harris,SKU-0166,3993.00,North
6973,2024-03-26,Yara Scott,SKU-0187,10385.00,North
6974,2024-01-12,Jake Phillips,SKU-0151,8217.00,West
6975,2024-08-23,Felix Campbell,SKU-0027,3894.00,West
6976,2024-10-15,Emma Brown,SKU-0060,21333.00,North
6977,2024-11-15,Whitney Cook,SKU-0057,15042.00,North
6978,2024-06-09,Victor King,SKU-0145,2228.00,East
6979,2024-12-09,Frank Wilson,SKU-0108,9310.00,West
6980,2024-10-29,Lucas Turner,SKU-0008,11266.00,Central
6981,2024-02-27,Hugo Roberts,SKU-0122,16085.00,West
6982,2024-10-10,Tina Young,SKU-0126,13419.00,West
6983,2024-07-02,Monica Torres,SKU-0145,4850.00,South
6984,2024-09-07,Ursula Rogers,SKU-0040,5343.00,North
6985,2024-05-14,Xavier Lopez,SKU-0161,28659.00,North
6986,2024-04-29,Gina Mitchell,SKU-0018,10066.00,Central
6987,2024-08-21,Frank Wilson,SKU-0007,11949.00,West
6988,2024-10-04,David Kim,SKU-0012,24301.00,South
6989,2024-03-07,Jake Phillips,SKU-0086,22082.00,South
6990,2024-10-05,Leo Jackson,SKU-0011,8779.00,East
6991,2024-10-22,Iris Patel,SKU-0043,5969.00,West
6992,2024-06-06,Noah Clark,SKU-0157,21794.00,North
6993,2024-07-23,Leo Jackson,SKU-0144,8439.00,East
6994,2024-04-04,Tina Young,SKU-0173,1969.00,West
6995,2024-06-11,Vincent Reed,SKU-0053,23024.00,East
6996,2024-04-08,Hugo Roberts,SKU-0039,12842.00,North
6997,2024-07-25,Victor King,SKU-0128,5433.00,Central
6998,2024-06-20,Chloe Nelson,SKU-0068,6993.00,South
6999,2024-03-18,Kate Thomas,SKU-0005,16351.00,East
7000,2024-02-20,Emma Brown,SKU-0007,8717.00,East
7001,2024-06-09,Reed Stewart,SKU-0186,22353.00,Central
7002,2024-08-20,Brian Baker,SKU-0089,5747.00,East
7003,2024-09-19,Kate Thomas,SKU-0050,6236.00,North
7004,2024-02-22,Brian Baker,SKU-0181,8127.00,South
7005,2024-11-01,Paula Collins,SKU-0039,29287.00,Central
7006,2024-09-09,Iris Patel,SKU-0167,7592.00,East
7007,2024-03-30,Maya Harris,SKU-0123,12684.00,South
7008,2024-05-06,Ivy Carter,SKU-0117,20636.00,Central
7009,2024-02-01,Leo Jackson,SKU-0189,7841.00,North
7010,2024-05-25,Reed Stewart,SKU-0076,6016.00,East
7011,2024-09-21,Reed Stewart,SKU-0048,8055.00,North
7012,2024-06-04,Yusuf Bell,SKU-0074,16410.00,West
7013,2024-09-01,Quinn Walker,SKU-0162,4632.00,North
7014,2024-04-17,Noah Clark,SKU-0101,3582.00,West
7015,2024-06-29,Frank Wilson,SKU-0083,4710.00,East
7016,2024-02-22,Sofia Sanchez,SKU-0095,28166.00,East
7017,2024-03-26,Sofia Sanchez,SKU-0152,10220.00,East
7018,2024-01-12,Vincent Reed,SKU-0117,26513.00,South
7019,2024-11-26,Bob Martinez,SKU-0147,20677.00,South
7020,2024-03-12,Rachel Hall,SKU-0031,20275.00,South
7021,2024-01-06,Noah Clark,SKU-0078,7830.00,Central
7022,2024-10-03,Derek Hill,SKU-0117,20221.00,West
7023,2024-08-28,Chloe Nelson,SKU-0049,5000.00,Central
7024,2024-05-11,Ursula Rogers,SKU-0021,6362.00,North
7025,2024-01-27,Peter Robinson,SKU-0072,15511.00,South
7026,2024-05-14,Rachel Hall,SKU-0070,863.00,West
7027,2024-07-17,Brian Baker,SKU-0020,9609.00,West
7028,2024-09-10,Yusuf Bell,SKU-0115,1977.00,Central
7029,2024-09-26,Yara Scott,SKU-0082,5317.00,South
7030,2024-04-07,Rachel Hall,SKU-0115,15035.00,North
7031,2024-01-01,Ursula Rogers,SKU-0154,23284.00,South
7032,2024-02-25,David Kim,SKU-0078,1230.00,East
7033,2024-01-18,Emma Brown,SKU-0090,27057.00,West
7034,2024-12-02,Maya Harris,SKU-0077,4718.00,Central
7035,2024-11-03,Maya Harris,SKU-0068,20885.00,West
7036,2024-10-07,Noah Clark,SKU-0114,5171.00,East
7037,2024-12-28,Elena Ramirez,SKU-0126,14367.00,East
7038,2024-05-10,David Kim,SKU-0179,15469.00,East
7039,2024-07-09,Gina Mitchell,SKU-0037,4386.00,South
7040,2024-11-12,Yusuf Bell,SKU-0096,16469.00,South
7041,2024-09-14,David Kim,SKU-0124,14524.00,North
7042,2024-07-09,Paula Collins,SKU-0133,9723.00,North
7043,2024-01-28,Elena Ramirez,SKU-0025,29301.00,East
7044,2024-06-29,Felix Campbell,SKU-0051,17424.00,South
7045,2024-07-05,David Kim,SKU-0150,16140.00,West
7046,2024-09-30,Emma Brown,SKU-0049,12280.00,East
7047,2024-08-18,Ursula Rogers,SKU-0117,10157.00,Central
7048,2024-06-29,Bob Martinez,SKU-0175,655.00,East
7049,2024-10-02,Derek Hill,SKU-0076,20554.00,North
7050,2024-10-21,Hugo Roberts,SKU-0137,9801.00,South
7051,2024-01-08,David Kim,SKU-0178,23821.00,South
7052,2024-01-22,Whitney Cook,SKU-0163,27662.00,Central
7053,2024-01-24,Reed Stewart,SKU-0165,2057.00,North
7054,2024-01-27,Whitney Cook,SKU-0163,28206.00,East
7055,2024-04-16,Xena Morgan,SKU-0181,4533.00,North
7056,2024-02-11,Yusuf Bell,SKU-0122,26077.00,West
7057,2024-04-01,Victor King,SKU-0106,26491.00,West
7058,2024-03-01,Yara Scott,SKU-0006,16159.00,South
7059,2024-07-08,Sofia Sanchez,SKU-0059,4488.00,West
7060,2024-08-03,Sofia Sanchez,SKU-0041,1796.00,North
7061,2024-03-13,David Kim,SKU-0057,17780.00,South
7062,2024-04-01,Bob Martinez,SKU-0146,7451.00,North
7063,2024-12-19,Uma Hernandez,SKU-0043,21485.00,West
7064,2024-10-28,Alice Chen,SKU-0166,2125.00,North
7065,2024-10-28,Ivy Carter,SKU-0124,15227.00,West
7066,2024-06-20,Reed Stewart,SKU-0086,7767.00,West
7067,2024-12-01,Xena Morgan,SKU-0024,17287.00,Central
7068,2024-07-30,Leo Jackson,SKU-0145,4310.00,East
7069,2024-03-02,Quinn Walker,SKU-0148,11032.00,South
7070,2024-10-29,Jake Phillips,SKU-0025,8234.00,Central
7071,2024-07-08,Bob Martinez,SKU-0020,14916.00,North
7072,2024-02-05,David Kim,SKU-0161,20563.00,East
7073,2024-06-30,Yusuf Bell,SKU-0008,29076.00,North
7074,2024-07-10,Emma Brown,SKU-0018,7943.00,West
7075,2024-07-31,Leo Jackson,SKU-0140,6787.00,North
7076,2024-12-18,Lucas Turner,SKU-0174,17896.00,West
7077,2024-03-27,Kelly Evans,SKU-0108,6517.00,North
7078,2024-02-10,Grace Liu,SKU-0193,12104.00,Central
7079,2024-08-08,Paula Collins,SKU-0184,10588.00,East
7080,2024-05-29,Sam Allen,SKU-0143,11783.00,South
7081,2024-04-17,Jack Anderson,SKU-0088,1759.00,East
7082,2024-06-14,Nathan Parker,SKU-0103,7125.00,Central
7083,2024-12-20,Jack Anderson,SKU-0026,6052.00,North
7084,2024-11-26,Ivy Carter,SKU-0006,1280.00,East
7085,2024-08-30,Yusuf Bell,SKU-0039,9475.00,West
7086,2024-02-19,Lucas Turner,SKU-0119,16948.00,North
7087,2024-10-24,Kelly Evans,SKU-0113,29774.00,East
7088,2024-05-12,Lucas Turner,SKU-0120,6480.00,West
7089,2024-07-15,Kelly Evans,SKU-0121,6993.00,West
7090,2024-03-11,Xavier Lopez,SKU-0138,23168.00,East
7091,2024-09-30,Amy Adams,SKU-0076,8463.00,North
7092,2024-09-22,Yusuf Bell,SKU-0036,6443.00,South
7093,2024-07-17,Victor King,SKU-0028,11044.00,West
7094,2024-05-20,Troy Morris,SKU-0073,13447.00,South
7095,2024-11-10,Wendy Wright,SKU-0099,1599.00,East
7096,2024-05-10,Ivy Carter,SKU-0009,29712.00,Central
7097,2024-08-01,Amy Adams,SKU-0123,13671.00,North
7098,2024-09-22,Chloe Nelson,SKU-0037,5924.00,Central
7099,2024-08-04,Olivia Lewis,SKU-0130,3339.00,East
7100,2024-08-23,Jake Phillips,SKU-0022,5502.00,Central
7101,2024-12-06,Amy Adams,SKU-0049,28836.00,Central
7102,2024-12-27,Bob Martinez,SKU-0161,17874.00,West
7103,2024-06-08,Xena Morgan,SKU-0002,27838.00,North
7104,2024-12-01,Yara Scott,SKU-0097,22144.00,West
7105,2024-08-03,Grace Liu,SKU-0011,11826.00,West
7106,2024-12-14,Olivia Lewis,SKU-0007,20444.00,Central
7107,2024-07-13,Maya Harris,SKU-0167,4091.00,South
7108,2024-07-16,Nathan Parker,SKU-0139,8137.00,East
7109,2024-08-29,Emma Brown,SKU-0110,10903.00,South
7110,2024-12-29,Peter Robinson,SKU-0092,2692.00,North
7111,2024-12-09,Grace Liu,SKU-0114,23203.00,East
7112,2024-10-31,Zach Green,SKU-0110,7458.00,Central
7113,2024-04-20,Gina Mitchell,SKU-0019,3679.00,Central
7114,2024-12-06,Paula Collins,SKU-0124,4996.00,North
7115,2024-02-02,Xena Morgan,SKU-0191,29607.00,South
7116,2024-04-08,Uma Hernandez,SKU-0019,23857.00,South
7117,2024-06-14,Chloe Nelson,SKU-0198,18699.00,East
7118,2024-06-03,Derek Hill,SKU-0114,3447.00,North
7119,2024-11-06,Paula Collins,SKU-0096,28697.00,Central
7120,2024-03-12,Iris Patel,SKU-0012,9588.00,East
7121,2024-11-07,Wendy Wright,SKU-0126,14080.00,Central
7122,2024-03-22,Paula Collins,SKU-0046,4924.00,West
7123,2024-11-29,Xena Morgan,SKU-0060,14037.00,Central
7124,2024-05-05,Amy Adams,SKU-0171,29994.00,West
7125,2024-01-05,Reed Stewart,SKU-0159,16500.00,South
7126,2024-06-27,Peter Robinson,SKU-0160,8266.00,North
7127,2024-05-25,Vincent Reed,SKU-0018,7367.00,East
7128,2024-12-10,Sofia Sanchez,SKU-0114,17155.00,West
7129,2024-08-02,Yara Scott,SKU-0155,6246.00,North
7130,2024-03-29,Elena Ramirez,SKU-0150,6019.00,West
7131,2024-09-13,Tina Young,SKU-0145,9204.00,North
7132,2024-05-20,Paula Collins,SKU-0144,1685.00,Central
7133,2024-01-29,Jake Phillips,SKU-0184,15456.00,West
7134,2024-05-09,Xavier Lopez,SKU-0155,23623.00,Central
7135,2024-12-16,Yara Scott,SKU-0108,2349.00,Central
7136,2024-07-03,Emma Brown,SKU-0165,7270.00,Central
7137,2024-09-13,Grace Liu,SKU-0004,8817.00,Central
7138,2024-09-14,Derek Hill,SKU-0002,8141.00,West
7139,2024-04-15,Noah Clark,SKU-0081,744.00,South
7140,2024-01-04,Iris Patel,SKU-0075,6497.00,East
7141,2024-02-23,Olivia Lewis,SKU-0133,15759.00,Central
7142,2024-08-19,Hugo Roberts,SKU-0002,6151.00,West
7143,2024-02-08,Olivia Lewis,SKU-0006,784.00,North
7144,2024-12-05,Rachel Hall,SKU-0184,18993.00,Central
7145,2024-08-12,Frank Wilson,SKU-0092,13151.00,Central
7146,2024-01-05,Derek Hill,SKU-0090,13592.00,South
7147,2024-04-05,Emma Brown,SKU-0116,2673.00,Central
7148,2024-05-28,Xavier Lopez,SKU-0032,978.00,North
7149,2024-11-28,Yara Scott,SKU-0122,12785.00,South
7150,2024-12-27,Xena Morgan,SKU-0099,2187.00,North
7151,2024-02-22,Tina Young,SKU-0190,20535.00,West
7152,2024-06-02,Kate Thomas,SKU-0134,10848.00,South
7153,2024-12-24,Yara Scott,SKU-0068,25277.00,East
7154,2024-02-23,Xavier Lopez,SKU-0073,23599.00,East
7155,2024-08-08,Nathan Parker,SKU-0108,6628.00,South
7156,2024-04-10,Paula Collins,SKU-0012,26131.00,North
7157,2024-01-14,Yara Scott,SKU-0065,20234.00,Central
7158,2024-03-19,Yara Scott,SKU-0196,6895.00,Central
7159,2024-05-29,Kelly Evans,SKU-0040,28288.00,Central
7160,2024-08-04,David Kim,SKU-0167,16228.00,East
7161,2024-05-15,Wendy Wright,SKU-0105,12287.00,West
7162,2024-10-02,Wendy Wright,SKU-0137,27751.00,Central
7163,2024-01-09,Tina Young,SKU-0196,14799.00,East
7164,2024-11-09,Chloe Nelson,SKU-0168,26224.00,Central
7165,2024-05-19,Yara Scott,SKU-0076,9018.00,North
7166,2024-08-08,Vincent Reed,SKU-0002,5103.00,South
7167,2024-12-13,Tina Young,SKU-0198,3273.00,Central
7168,2024-02-15,Monica Torres,SKU-0074,19539.00,South
7169,2024-04-25,Frank Wilson,SKU-0133,6017.00,South
7170,2024-12-07,Felix Campbell,SKU-0200,1262.00,North
7171,2024-07-27,Brian Baker,SKU-0128,10341.00,North
7172,2024-10-19,Victor King,SKU-0168,5151.00,South
7173,2024-09-28,Yara Scott,SKU-0003,510.00,Central
7174,2024-06-17,Wendy Wright,SKU-0066,24273.00,West
7175,2024-04-04,Olivia Lewis,SKU-0045,16712.00,East
7176,2024-03-10,Bob Martinez,SKU-0146,27824.00,North
7177,2024-05-29,Oscar Edwards,SKU-0138,29626.00,Central
7178,2024-05-12,Frank Wilson,SKU-0167,17687.00,Central
7179,2024-07-21,Alice Chen,SKU-0026,26156.00,West
7180,2024-04-10,Ivy Carter,SKU-0101,27514.00,South
7181,2024-05-07,Frank Wilson,SKU-0091,11732.00,West
7182,2024-09-07,Carol White,SKU-0082,10747.00,West
7183,2024-04-01,Noah Clark,SKU-0169,22508.00,West
7184,2024-08-27,Felix Campbell,SKU-0103,7737.00,North
7185,2024-09-19,Emma Brown,SKU-0137,9357.00,Central
7186,2024-04-19,Troy Morris,SKU-0003,29343.00,South
7187,2024-05-17,Leo Jackson,SKU-0132,13354.00,East
7188,2024-07-26,Uma Hernandez,SKU-0159,6650.00,West
7189,2024-03-13,Paula Collins,SKU-0030,8746.00,East
7190,2024-06-17,Grace Liu,SKU-0125,10666.00,North
7191,2024-07-19,Felix Campbell,SKU-0071,5445.00,North
7192,2024-04-30,Carol White,SKU-0106,14967.00,Central
7193,2024-09-26,Iris Patel,SKU-0174,12228.00,North
7194,2024-10-26,Jack Anderson,SKU-0181,27382.00,North
7195,2024-10-25,Alice Chen,SKU-0049,17510.00,Central
7196,2024-04-18,Gina Mitchell,SKU-0089,11817.00,Central
7197,2024-12-10,Elena Ramirez,SKU-0124,24779.00,East
7198,2024-10-28,Ursula Rogers,SKU-0001,23861.00,Central
7199,2024-03-10,Quinn Walker,SKU-0059,4715.00,East
7200,2024-04-25,Monica Torres,SKU-0047,14164.00,North
7201,2024-03-07,Oscar Edwards,SKU-0195,26900.00,East
7202,2024-03-13,Paula Collins,SKU-0004,9998.00,North
7203,2024-10-14,Tina Young,SKU-0048,6861.00,South
7204,2024-01-11,Kate Thomas,SKU-0140,28209.00,East
7205,2024-11-17,Alice Chen,SKU-0144,2287.00,North
7206,2024-04-13,Victor King,SKU-0150,27186.00,South
7207,2024-04-20,Olivia Lewis,SKU-0114,10622.00,West
7208,2024-10-26,Yara Scott,SKU-0069,19113.00,North
7209,2024-09-15,Kate Thomas,SKU-0171,5498.00,South
7210,2024-01-27,Hugo Roberts,SKU-0005,25277.00,North
7211,2024-02-24,Elena Ramirez,SKU-0116,10427.00,West
7212,2024-08-24,Ursula Rogers,SKU-0130,7317.00,West
7213,2024-05-16,Ivy Carter,SKU-0173,14497.00,Central
7214,2024-03-07,Quinn Walker,SKU-0124,25768.00,West
7215,2024-04-10,Carol White,SKU-0183,24378.00,North
7216,2024-12-27,Wendy Wright,SKU-0100,10401.00,East
7217,2024-10-22,Noah Clark,SKU-0142,9434.00,South
7218,2024-09-30,Maya Harris,SKU-0081,4522.00,East
7219,2024-09-04,Troy Morris,SKU-0009,6637.00,East
7220,2024-07-17,Reed Stewart,SKU-0172,7925.00,South
7221,2024-02-14,Brian Baker,SKU-0170,24214.00,East
7222,2024-09-14,Felix Campbell,SKU-0016,3661.00,East
7223,2024-01-17,Peter Robinson,SKU-0027,20080.00,West
7224,2024-02-04,Gina Mitchell,SKU-0002,17925.00,Central
7225,2024-03-09,Kate Thomas,SKU-0177,12770.00,North
7226,2024-01-28,Gina Mitchell,SKU-0172,14863.00,North
7227,2024-12-04,Lucas Turner,SKU-0039,15312.00,East
7228,2024-07-14,Ursula Rogers,SKU-0112,6085.00,West
7229,2024-07-05,Derek Hill,SKU-0106,3952.00,South
7230,2024-12-28,Felix Campbell,SKU-0066,27607.00,Central
7231,2024-12-23,Elena Ramirez,SKU-0077,2835.00,North
7232,2024-04-14,Tina Young,SKU-0033,10946.00,South
7233,2024-11-08,Iris Patel,SKU-0179,9123.00,South
7234,2024-07-24,Kate Thomas,SKU-0028,5425.00,North
7235,2024-08-12,Ursula Rogers,SKU-0171,9384.00,North
7236,2024-08-19,Hugo Roberts,SKU-0028,6559.00,East
7237,2024-12-23,David Kim,SKU-0092,6042.00,South
7238,2024-06-22,Brian Baker,SKU-0074,15981.00,Central
7239,2024-10-13,Quinn Walker,SKU-0049,22987.00,South
7240,2024-01-01,Derek Hill,SKU-0084,15600.00,Central
7241,2024-07-29,Lucas Turner,SKU-0196,4682.00,East
7242,2024-02-20,Kate Thomas,SKU-0045,29761.00,North
7243,2024-04-12,Iris Patel,SKU-0084,5854.00,North
7244,2024-07-20,Brian Baker,SKU-0183,8503.00,Central
7245,2024-02-07,Yara Scott,SKU-0011,28167.00,East
7246,2024-03-22,Carol White,SKU-0170,20797.00,North
7247,2024-08-09,Wendy Wright,SKU-0110,2631.00,East
7248,2024-02-18,Nathan Parker,SKU-0036,11233.00,North
7249,2024-10-07,Sam Allen,SKU-0018,22124.00,Central
7250,2024-04-20,Kate Thomas,SKU-0004,26536.00,Central
7251,2024-03-25,Xena Morgan,SKU-0122,3256.00,South
7252,2024-04-22,Felix Campbell,SKU-0167,16182.00,West
7253,2024-12-03,Vincent Reed,SKU-0052,14288.00,Central
7254,2024-09-16,Yara Scott,SKU-0030,5290.00,North
7255,2024-04-05,Uma Hernandez,SKU-0104,23524.00,East
7256,2024-01-13,Carol White,SKU-0005,16952.00,Central
7257,2024-10-20,Jake Phillips,SKU-0106,1901.00,Central
7258,2024-05-28,Peter Robinson,SKU-0108,2494.00,South
7259,2024-02-15,Hugo Roberts,SKU-0027,25433.00,North
7260,2024-05-12,Xena Morgan,SKU-0140,24482.00,East
7261,2024-05-26,Ivy Carter,SKU-0183,11579.00,North
7262,2024-08-18,Hugo Roberts,SKU-0047,6746.00,North
7263,2024-08-07,Grace Liu,SKU-0176,7140.00,Central
7264,2024-01-08,Carol White,SKU-0016,28459.00,East
7265,2024-05-05,Whitney Cook,SKU-0160,29378.00,Central
7266,2024-10-21,Yara Scott,SKU-0038,26516.00,North
7267,2024-01-09,Alice Chen,SKU-0200,19827.00,North
7268,2024-08-24,Noah Clark,SKU-0129,8427.00,West
7269,2024-04-20,Whitney Cook,SKU-0069,28050.00,Central
7270,2024-09-29,Zach Green,SKU-0125,3164.00,Central
7271,2024-03-23,Emma Brown,SKU-0058,6314.00,North
7272,2024-06-06,Jack Anderson,SKU-0018,24266.00,Central
7273,2024-07-10,Frank Wilson,SKU-0001,9679.00,East
7274,2024-01-17,Lucas Turner,SKU-0101,4974.00,Central
7275,2024-12-16,Peter Robinson,SKU-0170,12978.00,South
7276,2024-09-29,Alice Chen,SKU-0022,14941.00,West
7277,2024-06-15,Paula Collins,SKU-0073,17692.00,North
7278,2024-05-04,Olivia Lewis,SKU-0006,5936.00,Central
7279,2024-04-16,Peter Robinson,SKU-0088,10003.00,Central
7280,2024-05-07,Olivia Lewis,SKU-0156,28691.00,Central
7281,2024-01-14,Brian Baker,SKU-0152,8501.00,West
7282,2024-03-25,Jake Phillips,SKU-0117,26441.00,East
7283,2024-04-30,Whitney Cook,SKU-0095,6316.00,Central
7284,2024-08-17,Xena Morgan,SKU-0082,9826.00,Central
7285,2024-04-26,Emma Brown,SKU-0164,23114.00,Central
7286,2024-03-15,Jack Anderson,SKU-0164,28545.00,North
7287,2024-02-07,Chloe Nelson,SKU-0061,27937.00,West
7288,2024-05-07,Leo Jackson,SKU-0070,2752.00,South
7289,2024-02-27,Jake Phillips,SKU-0056,24511.00,North
7290,2024-08-23,Kate Thomas,SKU-0036,8243.00,North
7291,2024-03-10,Grace Liu,SKU-0192,23689.00,West
7292,2024-10-21,Peter Robinson,SKU-0192,7709.00,West
7293,2024-06-16,Whitney Cook,SKU-0128,21535.00,North
7294,2024-01-17,Leo Jackson,SKU-0153,25514.00,West
7295,2024-04-03,Derek Hill,SKU-0151,22452.00,Central
7296,2024-11-14,Emma Brown,SKU-0066,19863.00,South
7297,2024-03-05,Jake Phillips,SKU-0097,16064.00,East
7298,2024-09-13,Olivia Lewis,SKU-0196,4607.00,North
7299,2024-01-05,Ursula Rogers,SKU-0172,25454.00,Central
7300,2024-05-19,Xavier Lopez,SKU-0091,15293.00,West
7301,2024-02-14,Paula Collins,SKU-0150,28134.00,West
7302,2024-04-22,David Kim,SKU-0179,20327.00,North
7303,2024-01-20,Peter Robinson,SKU-0044,17474.00,South
7304,2024-07-25,Chloe Nelson,SKU-0014,6342.00,East
7305,2024-02-10,Lucas Turner,SKU-0139,14053.00,East
7306,2024-07-05,Grace Liu,SKU-0186,2297.00,East
7307,2024-10-18,Ivy Carter,SKU-0161,23383.00,North
7308,2024-01-05,Kate Thomas,SKU-0069,20989.00,North
7309,2024-04-03,Grace Liu,SKU-0058,10187.00,Central
7310,2024-05-16,Monica Torres,SKU-0195,23303.00,Central
7311,2024-08-08,Wendy Wright,SKU-0122,3911.00,South
7312,2024-01-04,Elena Ramirez,SKU-0028,874.00,East
7313,2024-09-01,Olivia Lewis,SKU-0078,5752.00,East
7314,2024-12-17,Frank Wilson,SKU-0037,5745.00,West
7315,2024-10-03,Derek Hill,SKU-0051,15817.00,East
7316,2024-03-12,Felix Campbell,SKU-0060,24353.00,South
7317,2024-09-20,Paula Collins,SKU-0164,1874.00,West
7318,2024-08-31,Uma Hernandez,SKU-0031,5579.00,East
7319,2024-08-10,Alice Chen,SKU-0193,16495.00,East
7320,2024-12-29,Xavier Lopez,SKU-0059,17169.00,West
7321,2024-09-19,Bob Martinez,SKU-0038,18488.00,Central
7322,2024-07-26,Sam Allen,SKU-0055,5481.00,North
7323,2024-06-10,Emma Brown,SKU-0034,22808.00,West
7324,2024-01-24,Jack Anderson,SKU-0014,2216.00,Central
7325,2024-07-18,Henry Taylor,SKU-0143,14025.00,West
7326,2024-02-12,Quinn Walker,SKU-0162,2164.00,North
7327,2024-06-03,Yusuf Bell,SKU-0053,22479.00,West
7328,2024-01-18,Alice Chen,SKU-0118,26951.00,North
7329,2024-02-13,Carol White,SKU-0152,18917.00,South
7330,2024-09-09,Tina Young,SKU-0184,6489.00,Central
7331,2024-10-14,Xavier Lopez,SKU-0049,6224.00,South
7332,2024-07-28,Carol White,SKU-0092,13666.00,Central
7333,2024-04-06,Reed Stewart,SKU-0093,8631.00,West
7334,2024-04-25,Bob Martinez,SKU-0048,17010.00,Central
7335,2024-04-06,Elena Ramirez,SKU-0010,13733.00,Central
7336,2024-11-16,Derek Hill,SKU-0174,27425.00,West
7337,2024-02-07,Jack Anderson,SKU-0015,23807.00,South
7338,2024-12-27,Monica Torres,SKU-0127,1075.00,Central
7339,2024-08-22,Brian Baker,SKU-0145,3493.00,South
7340,2024-09-03,Ursula Rogers,SKU-0045,8128.00,North
7341,2024-10-23,Troy Morris,SKU-0101,22767.00,North
7342,2024-05-09,Lucas Turner,SKU-0187,28704.00,North
7343,2024-08-11,David Kim,SKU-0087,14415.00,West
7344,2024-06-27,Amy Adams,SKU-0145,654.00,East
7345,2024-06-29,Jack Anderson,SKU-0119,1985.00,West
7346,2024-03-26,Whitney Cook,SKU-0030,22098.00,South
7347,2024-06-23,Elena Ramirez,SKU-0127,9414.00,East
7348,2024-11-06,Victor King,SKU-0171,11966.00,Central
7349,2024-03-03,Wendy Wright,SKU-0178,10394.00,North
7350,2024-06-01,Grace Liu,SKU-0178,14210.00,Central
7351,2024-04-06,Carol White,SKU-0162,19453.00,North
7352,2024-06-26,Elena Ramirez,SKU-0083,26412.00,East
7353,2024-09-20,Olivia Lewis,SKU-0166,6561.00,South
7354,2024-01-02,Maya Harris,SKU-0182,7068.00,North
7355,2024-03-18,Emma Brown,SKU-0194,19539.00,South
7356,2024-02-28,Brian Baker,SKU-0116,9756.00,North
7357,2024-07-16,Reed Stewart,SKU-0036,7758.00,Central
7358,2024-09-10,Quinn Walker,SKU-0074,3961.00,South
7359,2024-05-22,Noah Clark,SKU-0025,25376.00,Central
7360,2024-03-11,Chloe Nelson,SKU-0112,5804.00,South
7361,2024-03-15,Noah Clark,SKU-0112,12245.00,West
7362,2024-09-25,Jack Anderson,SKU-0187,11953.00,North
7363,2024-12-19,Derek Hill,SKU-0104,7330.00,North
7364,2024-03-21,Tina Young,SKU-0050,5312.00,Central
7365,2024-10-14,Kelly Evans,SKU-0015,27889.00,East
7366,2024-02-26,Zach Green,SKU-0057,17477.00,North
7367,2024-04-19,Frank Wilson,SKU-0078,22369.00,West
7368,2024-06-17,Kate Thomas,SKU-0059,11345.00,East
7369,2024-10-19,Oscar Edwards,SKU-0093,17711.00,North
7370,2024-09-29,Uma Hernandez,SKU-0073,7152.00,North
7371,2024-08-12,Maya Harris,SKU-0145,3042.00,North
7372,2024-01-17,Yara Scott,SKU-0147,5454.00,East
7373,2024-11-27,Noah Clark,SKU-0102,16698.00,North
7374,2024-07-04,Leo Jackson,SKU-0125,3460.00,Central
7375,2024-08-13,Peter Robinson,SKU-0199,3610.00,East
7376,2024-02-16,Uma Hernandez,SKU-0128,24334.00,East
7377,2024-03-29,Kate Thomas,SKU-0031,24288.00,West
7378,2024-09-14,Tina Young,SKU-0097,5321.00,North
7379,2024-02-04,Henry Taylor,SKU-0021,18359.00,East
7380,2024-04-22,Carol White,SKU-0159,2889.00,North
7381,2024-12-29,Hugo Roberts,SKU-0062,851.00,South
7382,2024-07-28,Kelly Evans,SKU-0098,4067.00,North
7383,2024-09-28,Maya Harris,SKU-0073,1727.00,North
7384,2024-05-25,Frank Wilson,SKU-0087,6084.00,West
7385,2024-10-22,David Kim,SKU-0178,16269.00,North
7386,2024-04-23,Leo Jackson,SKU-0060,27070.00,East
7387,2024-04-09,Monica Torres,SKU-0039,8394.00,South
7388,2024-03-02,Xavier Lopez,SKU-0154,7098.00,Central
7389,2024-12-11,Uma Hernandez,SKU-0014,11709.00,South
7390,2024-05-16,Leo Jackson,SKU-0041,18658.00,East
7391,2024-11-23,Oscar Edwards,SKU-0035,7917.00,South
7392,2024-08-08,Yusuf Bell,SKU-0167,4647.00,West
7393,2024-04-30,Xavier Lopez,SKU-0166,2531.00,South
7394,2024-02-15,Whitney Cook,SKU-0158,4248.00,West
7395,2024-01-12,Leo Jackson,SKU-0123,20980.00,West
7396,2024-08-07,Elena Ramirez,SKU-0025,3902.00,Central
7397,2024-07-24,Olivia Lewis,SKU-0099,6237.00,South
7398,2024-06-10,Paula Collins,SKU-0010,6602.00,South
7399,2024-09-28,Reed Stewart,SKU-0178,13378.00,Central
7400,2024-03-05,Wendy Wright,SKU-0141,5665.00,North
7401,2024-09-05,Carol White,SKU-0019,5222.00,North
7402,2024-03-06,Maya Harris,SKU-0100,21893.00,North
7403,2024-07-28,Xena Morgan,SKU-0160,8080.00,East
7404,2024-07-23,Jack Anderson,SKU-0095,7300.00,Central
7405,2024-12-15,Nathan Parker,SKU-0102,25578.00,North
7406,2024-12-06,Noah Clark,SKU-0058,29435.00,North
7407,2024-10-17,Kate Thomas,SKU-0185,22124.00,West
7408,2024-10-12,Iris Patel,SKU-0094,21032.00,North
7409,2024-06-06,Ursula Rogers,SKU-0192,11951.00,West
7410,2024-11-21,Derek Hill,SKU-0111,23362.00,South
7411,2024-11-08,Chloe Nelson,SKU-0111,6206.00,West
7412,2024-09-08,Brian Baker,SKU-0054,7611.00,Central
7413,2024-03-31,Iris Patel,SKU-0157,20099.00,North
7414,2024-01-09,Sam Allen,SKU-0154,21008.00,Central
7415,2024-01-31,Lucas Turner,SKU-0027,12350.00,North
7416,2024-04-27,Nathan Parker,SKU-0084,5800.00,South
7417,2024-11-19,Xena Morgan,SKU-0170,29239.00,West
7418,2024-09-14,Alice Chen,SKU-0166,16808.00,North
7419,2024-08-22,David Kim,SKU-0132,18601.00,South
7420,2024-07-29,Amy Adams,SKU-0008,17233.00,North
7421,2024-04-23,Chloe Nelson,SKU-0121,1424.00,South
7422,2024-01-08,David Kim,SKU-0179,1142.00,West
7423,2024-09-28,Kelly Evans,SKU-0061,7750.00,West
7424,2024-06-15,Chloe Nelson,SKU-0096,13863.00,South
7425,2024-02-12,Amy Adams,SKU-0019,23007.00,South
7426,2024-09-19,Nathan Parker,SKU-0011,4043.00,Central
7427,2024-06-15,Reed Stewart,SKU-0041,23481.00,North
7428,2024-06-22,Bob Martinez,SKU-0071,26469.00,West
7429,2024-04-20,Troy Morris,SKU-0072,610.00,South
7430,2024-10-03,Uma Hernandez,SKU-0187,1704.00,West
7431,2024-05-17,Iris Patel,SKU-0021,14235.00,North
7432,2024-08-16,Olivia Lewis,SKU-0054,5541.00,West
7433,2024-02-07,Oscar Edwards,SKU-0147,21998.00,North
7434,2024-11-16,Xena Morgan,SKU-0004,17859.00,West
7435,2024-11-14,Yara Scott,SKU-0197,7719.00,East
7436,2024-10-18,Xavier Lopez,SKU-0134,17160.00,West
7437,2024-10-01,Chloe Nelson,SKU-0148,17459.00,East
7438,2024-10-16,Kate Thomas,SKU-0104,29222.00,East
7439,2024-04-27,Amy Adams,SKU-0180,12080.00,Central
7440,2024-11-05,Reed Stewart,SKU-0067,11709.00,West
7441,2024-07-12,Felix Campbell,SKU-0124,5009.00,Central
7442,2024-07-17,Frank Wilson,SKU-0034,10237.00,East
7443,2024-02-01,Jake Phillips,SKU-0198,22863.00,South
7444,2024-11-09,Wendy Wright,SKU-0176,29182.00,South
7445,2024-11-21,Wendy Wright,SKU-0050,26311.00,West
7446,2024-08-22,Paula Collins,SKU-0101,13610.00,East
7447,2024-02-28,Yusuf Bell,SKU-0019,8644.00,West
7448,2024-06-03,Noah Clark,SKU-0002,5514.00,West
7449,2024-12-01,David Kim,SKU-0126,11033.00,North
7450,2024-07-09,Wendy Wright,SKU-0015,2518.00,West
7451,2024-02-05,Yusuf Bell,SKU-0036,15949.00,Central
7452,2024-03-19,Quinn Walker,SKU-0162,15866.00,Central
7453,2024-07-22,Wendy Wright,SKU-0083,3315.00,West
7454,2024-07-27,Tina Young,SKU-0103,10886.00,West
7455,2024-12-14,Bob Martinez,SKU-0062,16708.00,Central
7456,2024-02-16,Yusuf Bell,SKU-0005,20749.00,South
7457,2024-07-19,Sofia Sanchez,SKU-0087,2446.00,Central
7458,2024-10-31,Amy Adams,SKU-0120,11256.00,North
7459,2024-01-13,Victor King,SKU-0114,6502.00,South
7460,2024-08-01,Troy Morris,SKU-0148,8268.00,South
7461,2024-07-18,Kelly Evans,SKU-0127,6073.00,East
7462,2024-05-11,Xavier Lopez,SKU-0037,14252.00,Central
7463,2024-07-01,Quinn Walker,SKU-0029,2936.00,North
7464,2024-12-31,Brian Baker,SKU-0104,25874.00,East
7465,2024-05-21,Brian Baker,SKU-0030,28759.00,Central
7466,2024-11-04,Olivia Lewis,SKU-0175,16048.00,East
7467,2024-04-02,Rachel Hall,SKU-0151,6521.00,Central
7468,2024-11-17,Hugo Roberts,SKU-0020,2251.00,East
7469,2024-04-25,Lucas Turner,SKU-0147,4424.00,East
7470,2024-10-02,Uma Hernandez,SKU-0043,8882.00,South
7471,2024-05-05,Vincent Reed,SKU-0176,26063.00,North
7472,2024-03-16,David Kim,SKU-0065,12094.00,South
7473,2024-07-23,Jack Anderson,SKU-0179,8397.00,West
7474,2024-01-15,Yusuf Bell,SKU-0028,18096.00,South
7475,2024-03-14,Zach Green,SKU-0074,3433.00,South
7476,2024-06-08,Amy Adams,SKU-0037,6020.00,West
7477,2024-10-30,Zach Green,SKU-0018,26561.00,Central
7478,2024-03-28,Oscar Edwards,SKU-0085,26907.00,North
7479,2024-04-08,Kate Thomas,SKU-0173,19259.00,South
7480,2024-06-15,Olivia Lewis,SKU-0172,23991.00,North
7481,2024-04-18,Kate Thomas,SKU-0009,10151.00,South
7482,2024-07-18,Oscar Edwards,SKU-0015,3490.00,North
7483,2024-11-23,Henry Taylor,SKU-0167,5488.00,West
7484,2024-02-21,Sofia Sanchez,SKU-0198,8693.00,West
7485,2024-08-14,Kate Thomas,SKU-0173,6874.00,North
7486,2024-06-07,Whitney Cook,SKU-0133,14496.00,North
7487,2024-06-26,Ivy Carter,SKU-0098,11376.00,East
7488,2024-03-22,Lucas Turner,SKU-0092,11972.00,Central
7489,2024-07-04,Henry Taylor,SKU-0129,8757.00,South
7490,2024-02-24,Peter Robinson,SKU-0133,14821.00,Central
7491,2024-07-10,Elena Ramirez,SKU-0135,3693.00,East
7492,2024-10-20,Nathan Parker,SKU-0123,17479.00,South
7493,2024-05-19,Jack Anderson,SKU-0098,13671.00,Central
7494,2024-11-01,Zach Green,SKU-0024,3463.00,North
7495,2024-07-11,Oscar Edwards,SKU-0132,2061.00,East
7496,2024-10-01,Sam Allen,SKU-0078,22404.00,West
7497,2024-10-17,Lucas Turner,SKU-0007,1169.00,West
7498,2024-04-22,Bob Martinez,SKU-0186,16373.00,North
7499,2024-01-10,Amy Adams,SKU-0178,11492.00,Central
7500,2024-07-30,Kate Thomas,SKU-0041,8584.00,North
7501,2024-11-01,Jake Phillips,SKU-0084,24244.00,West
7502,2024-05-17,Quinn Walker,SKU-0034,6477.00,Central
7503,2024-02-26,Felix Campbell,SKU-0115,20450.00,West
7504,2024-03-17,Emma Brown,SKU-0093,13058.00,Central
7505,2024-05-25,Yusuf Bell,SKU-0040,11336.00,South
7506,2024-09-15,Victor King,SKU-0089,6349.00,Central
7507,2024-08-13,Leo Jackson,SKU-0179,7284.00,South
7508,2024-06-20,Quinn Walker,SKU-0092,27387.00,East
7509,2024-07-26,Lucas Turner,SKU-0180,9812.00,East
7510,2024-04-22,Oscar Edwards,SKU-0063,24870.00,Central
7511,2024-04-20,Sofia Sanchez,SKU-0116,16195.00,South
7512,2024-11-02,Kelly Evans,SKU-0197,16856.00,West
7513,2024-03-21,Iris Patel,SKU-0114,19043.00,North
7514,2024-10-15,Vincent Reed,SKU-0083,25514.00,West
7515,2024-05-23,Vincent Reed,SKU-0048,4190.00,Central
7516,2024-01-28,Olivia Lewis,SKU-0200,25173.00,West
7517,2024-08-15,Emma Brown,SKU-0135,9222.00,East
7518,2024-09-22,Uma Hernandez,SKU-0128,9599.00,South
7519,2024-09-09,Nathan Parker,SKU-0133,3566.00,South
7520,2024-11-30,Carol White,SKU-0143,29760.00,South
7521,2024-01-03,Emma Brown,SKU-0013,17228.00,West
7522,2024-05-30,Zach Green,SKU-0072,23518.00,North
7523,2024-03-31,Wendy Wright,SKU-0125,10790.00,West
7524,2024-05-18,Monica Torres,SKU-0137,21474.00,East
7525,2024-05-14,Paula Collins,SKU-0036,18776.00,Central
7526,2024-04-08,Elena Ramirez,SKU-0169,6685.00,South
7527,2024-11-23,Wendy Wright,SKU-0164,14150.00,North
7528,2024-12-14,Jake Phillips,SKU-0195,22319.00,South
7529,2024-05-14,Paula Collins,SKU-0178,6747.00,Central
7530,2024-03-09,Hugo Roberts,SKU-0020,24862.00,South
7531,2024-12-21,Noah Clark,SKU-0018,10712.00,North
7532,2024-07-01,Chloe Nelson,SKU-0087,6495.00,South
7533,2024-02-14,Bob Martinez,SKU-0036,24974.00,West
7534,2024-09-15,Ursula Rogers,SKU-0043,8597.00,West
7535,2024-01-23,Monica Torres,SKU-0003,5831.00,Central
7536,2024-06-27,Leo Jackson,SKU-0109,18122.00,South
7537,2024-07-03,Elena Ramirez,SKU-0083,6642.00,Central
7538,2024-09-10,Troy Morris,SKU-0087,7369.00,North
7539,2024-10-14,Elena Ramirez,SKU-0149,14011.00,Central
7540,2024-05-21,Maya Harris,SKU-0052,29896.00,North
7541,2024-06-05,Wendy Wright,SKU-0048,13961.00,East
7542,2024-05-30,Ivy Carter,SKU-0074,3810.00,West
7543,2024-09-02,Amy Adams,SKU-0041,8066.00,North
7544,2024-06-13,Uma Hernandez,SKU-0070,2786.00,South
7545,2024-07-20,Xena Morgan,SKU-0030,12448.00,East
7546,2024-05-11,Sofia Sanchez,SKU-0040,24450.00,West
7547,2024-06-30,Chloe Nelson,SKU-0034,13490.00,East
7548,2024-09-13,Ivy Carter,SKU-0128,1721.00,North
7549,2024-02-12,Quinn Walker,SKU-0100,11284.00,North
7550,2024-01-12,Henry Taylor,SKU-0078,15228.00,South
7551,2024-07-24,Sam Allen,SKU-0135,6736.00,Central
7552,2024-09-03,Yusuf Bell,SKU-0112,8955.00,North
7553,2024-10-21,Elena Ramirez,SKU-0068,19607.00,West
7554,2024-12-04,Monica Torres,SKU-0105,2444.00,East
7555,2024-07-27,Noah Clark,SKU-0061,8842.00,North
7556,2024-07-19,Peter Robinson,SKU-0152,6113.00,Central
7557,2024-02-24,Oscar Edwards,SKU-0164,28229.00,South
7558,2024-10-20,Olivia Lewis,SKU-0089,6653.00,North
7559,2024-02-06,Sam Allen,SKU-0063,6358.00,North
7560,2024-11-10,Grace Liu,SKU-0086,5453.00,East
7561,2024-05-30,Jack Anderson,SKU-0087,17645.00,North
7562,2024-02-05,Alice Chen,SKU-0174,14018.00,South
7563,2024-09-28,Uma Hernandez,SKU-0100,6091.00,South
7564,2024-05-20,Victor King,SKU-0068,7408.00,Central
7565,2024-08-06,Grace Liu,SKU-0200,9956.00,South
7566,2024-07-24,Reed Stewart,SKU-0154,9987.00,East
7567,2024-10-07,Emma Brown,SKU-0078,528.00,South
7568,2024-09-23,Elena Ramirez,SKU-0009,5362.00,North
7569,2024-03-15,Peter Robinson,SKU-0043,8416.00,South
7570,2024-07-12,Leo Jackson,SKU-0151,7003.00,East
7571,2024-09-08,Alice Chen,SKU-0067,11644.00,East
7572,2024-09-05,Lucas Turner,SKU-0139,8424.00,South
7573,2024-07-15,Bob Martinez,SKU-0050,18091.00,West
7574,2024-02-09,Brian Baker,SKU-0133,16344.00,West
7575,2024-08-17,Hugo Roberts,SKU-0007,9035.00,East
7576,2024-06-07,Brian Baker,SKU-0155,23756.00,North
7577,2024-01-06,Amy Adams,SKU-0088,19389.00,North
7578,2024-07-30,Grace Liu,SKU-0150,12308.00,West
7579,2024-02-16,Vincent Reed,SKU-0084,7038.00,South
7580,2024-11-14,Paula Collins,SKU-0054,17599.00,Central
7581,2024-11-05,Hugo Roberts,SKU-0095,15865.00,North
7582,2024-04-12,Emma Brown,SKU-0108,4812.00,Central
7583,2024-12-04,Xavier Lopez,SKU-0108,23973.00,East
7584,2024-11-20,Jack Anderson,SKU-0099,19236.00,South
7585,2024-12-12,Tina Young,SKU-0114,27543.00,Central
7586,2024-01-11,Sam Allen,SKU-0123,19350.00,East
7587,2024-03-06,Ursula Rogers,SKU-0055,17380.00,West
7588,2024-05-15,Monica Torres,SKU-0118,27085.00,South
7589,2024-10-07,David Kim,SKU-0110,28747.00,West
7590,2024-03-01,Uma Hernandez,SKU-0135,8172.00,Central
7591,2024-04-09,Kate Thomas,SKU-0178,21967.00,South
7592,2024-08-23,Brian Baker,SKU-0059,9957.00,West
7593,2024-04-18,Lucas Turner,SKU-0036,3292.00,West
7594,2024-05-17,Rachel Hall,SKU-0141,26742.00,Central
7595,2024-10-09,Henry Taylor,SKU-0136,24910.00,South
7596,2024-03-21,Yusuf Bell,SKU-0197,16903.00,East
7597,2024-05-19,Iris Patel,SKU-0185,5283.00,West
7598,2024-01-12,Vincent Reed,SKU-0163,12862.00,West
7599,2024-06-26,Nathan Parker,SKU-0124,4286.00,East
7600,2024-01-28,Peter Robinson,SKU-0124,10811.00,East
7601,2024-12-30,Chloe Nelson,SKU-0160,13081.00,East
7602,2024-11-13,Xena Morgan,SKU-0013,10275.00,North
7603,2024-05-19,David Kim,SKU-0121,8315.00,North
7604,2024-08-28,Alice Chen,SKU-0136,7208.00,North
7605,2024-03-27,Wendy Wright,SKU-0177,15544.00,South
7606,2024-06-02,Grace Liu,SKU-0155,26686.00,Central
7607,2024-12-28,Rachel Hall,SKU-0140,14623.00,Central
7608,2024-05-19,Maya Harris,SKU-0060,22523.00,West
7609,2024-07-02,Grace Liu,SKU-0149,10652.00,South
7610,2024-08-19,Noah Clark,SKU-0060,13394.00,East
7611,2024-01-30,Monica Torres,SKU-0135,18454.00,East
7612,2024-02-24,Paula Collins,SKU-0070,27145.00,South
7613,2024-12-17,Alice Chen,SKU-0016,20554.00,Central
7614,2024-03-28,Derek Hill,SKU-0200,8489.00,North
7615,2024-07-06,Gina Mitchell,SKU-0016,4063.00,South
7616,2024-10-20,Brian Baker,SKU-0146,20281.00,North
7617,2024-02-08,Paula Collins,SKU-0145,1521.00,West
7618,2024-03-09,Chloe Nelson,SKU-0068,5353.00,South
7619,2024-06-28,Henry Taylor,SKU-0092,2832.00,West
7620,2024-03-03,Troy Morris,SKU-0087,27623.00,East
7621,2024-11-01,Uma Hernandez,SKU-0188,11904.00,South
7622,2024-04-26,Chloe Nelson,SKU-0060,28510.00,East
7623,2024-09-07,Hugo Roberts,SKU-0022,2904.00,Central
7624,2024-10-04,Vincent Reed,SKU-0060,26628.00,North
7625,2024-09-05,Bob Martinez,SKU-0048,17227.00,East
7626,2024-02-18,Peter Robinson,SKU-0160,11172.00,South
7627,2024-02-24,Sofia Sanchez,SKU-0055,27024.00,North
7628,2024-09-07,Uma Hernandez,SKU-0185,3886.00,South
7629,2024-11-03,Troy Morris,SKU-0061,17608.00,Central
7630,2024-03-07,Zach Green,SKU-0077,29795.00,North
7631,2024-03-12,Leo Jackson,SKU-0063,19802.00,Central
7632,2024-04-13,Henry Taylor,SKU-0112,9446.00,North
7633,2024-08-31,Xavier Lopez,SKU-0142,5365.00,Central
7634,2024-09-28,Lucas Turner,SKU-0168,8581.00,Central
7635,2024-04-12,Xavier Lopez,SKU-0040,15694.00,North
7636,2024-05-12,Nathan Parker,SKU-0100,12562.00,South
7637,2024-01-04,Elena Ramirez,SKU-0078,2947.00,Central
7638,2024-02-10,Yusuf Bell,SKU-0104,5264.00,Central
7639,2024-12-03,Tina Young,SKU-0189,4086.00,North
7640,2024-04-29,Derek Hill,SKU-0014,17281.00,South
7641,2024-07-22,Vincent Reed,SKU-0069,14753.00,North
7642,2024-11-04,Elena Ramirez,SKU-0062,27051.00,Central
7643,2024-11-06,Ivy Carter,SKU-0042,14600.00,West
7644,2024-07-10,Gina Mitchell,SKU-0076,4176.00,Central
7645,2024-06-27,Frank Wilson,SKU-0020,23106.00,Central
7646,2024-02-12,Rachel Hall,SKU-0141,6280.00,North
7647,2024-01-02,Oscar Edwards,SKU-0136,13503.00,West
7648,2024-10-25,Hugo Roberts,SKU-0040,4289.00,East
7649,2024-04-15,Quinn Walker,SKU-0010,20474.00,East
7650,2024-09-17,Frank Wilson,SKU-0191,12707.00,West
7651,2024-07-08,Gina Mitchell,SKU-0012,6676.00,North
7652,2024-06-30,David Kim,SKU-0100,7978.00,East
7653,2024-09-04,Ursula Rogers,SKU-0008,10965.00,South
7654,2024-09-25,Alice Chen,SKU-0029,14696.00,West
7655,2024-06-03,Ivy Carter,SKU-0079,17300.00,West
7656,2024-05-21,Zach Green,SKU-0110,5118.00,South
7657,2024-03-15,Sam Allen,SKU-0113,27679.00,Central
7658,2024-07-04,Kate Thomas,SKU-0111,3510.00,South
7659,2024-07-19,Henry Taylor,SKU-0183,8624.00,North
7660,2024-12-02,Ursula Rogers,SKU-0115,22114.00,East
7661,2024-04-22,Sofia Sanchez,SKU-0092,13898.00,East
7662,2024-07-31,Wendy Wright,SKU-0059,4724.00,South
7663,2024-06-05,Sam Allen,SKU-0146,5022.00,East
7664,2024-12-09,Zach Green,SKU-0071,2197.00,North
7665,2024-11-20,Victor King,SKU-0149,4626.00,West
7666,2024-02-18,Quinn Walker,SKU-0119,6099.00,West
7667,2024-02-23,Olivia Lewis,SKU-0169,4095.00,North
7668,2024-09-24,Reed Stewart,SKU-0040,4911.00,North
7669,2024-11-20,Xavier Lopez,SKU-0095,26416.00,East
7670,2024-11-28,Kelly Evans,SKU-0011,4371.00,North
7671,2024-06-30,Kate Thomas,SKU-0124,19701.00,South
7672,2024-03-22,Ursula Rogers,SKU-0150,20024.00,East
7673,2024-04-21,Monica Torres,SKU-0004,13861.00,North
7674,2024-06-16,Jack Anderson,SKU-0047,22499.00,North
7675,2024-03-28,Wendy Wright,SKU-0091,16987.00,West
7676,2024-03-16,Yara Scott,SKU-0099,726.00,South
7677,2024-10-27,Amy Adams,SKU-0070,3523.00,West
7678,2024-01-16,Kate Thomas,SKU-0010,26730.00,South
7679,2024-09-27,Gina Mitchell,SKU-0116,7452.00,North
7680,2024-10-04,Henry Taylor,SKU-0095,10596.00,West
7681,2024-07-05,Ivy Carter,SKU-0056,1846.00,East
7682,2024-06-16,Emma Brown,SKU-0016,2685.00,North
7683,2024-12-02,Carol White,SKU-0050,23568.00,East
7684,2024-10-30,Lucas Turner,SKU-0063,19780.00,West
7685,2024-03-02,Paula Collins,SKU-0041,18491.00,East
7686,2024-07-21,Brian Baker,SKU-0153,11729.00,North
7687,2024-07-25,Jack Anderson,SKU-0018,4022.00,South
7688,2024-04-23,Lucas Turner,SKU-0001,15977.00,West
7689,2024-08-22,Gina Mitchell,SKU-0174,5179.00,South
7690,2024-08-03,Sam Allen,SKU-0014,7648.00,North
7691,2024-03-13,Leo Jackson,SKU-0171,29994.00,North
7692,2024-01-14,Brian Baker,SKU-0136,15783.00,East
7693,2024-10-06,Gina Mitchell,SKU-0145,27031.00,North
7694,2024-08-17,Emma Brown,SKU-0067,7345.00,Central
7695,2024-11-20,Kelly Evans,SKU-0098,27001.00,North
7696,2024-01-26,Leo Jackson,SKU-0102,28010.00,East
7697,2024-04-30,Jack Anderson,SKU-0130,16217.00,West
7698,2024-01-01,Monica Torres,SKU-0098,29418.00,East
7699,2024-07-04,Hugo Roberts,SKU-0102,5663.00,Central
7700,2024-08-21,Sam Allen,SKU-0051,7021.00,West
7701,2024-06-23,Olivia Lewis,SKU-0120,27406.00,South
7702,2024-07-09,Sofia Sanchez,SKU-0045,4960.00,West
7703,2024-10-08,Tina Young,SKU-0090,17352.00,Central
7704,2024-03-19,Rachel Hall,SKU-0185,22074.00,South
7705,2024-01-13,Wendy Wright,SKU-0073,12991.00,East
7706,2024-10-31,Xena Morgan,SKU-0071,24621.00,East
7707,2024-08-15,Yara Scott,SKU-0153,3466.00,Central
7708,2024-01-14,Yara Scott,SKU-0170,28770.00,Central
7709,2024-10-26,Sofia Sanchez,SKU-0127,23689.00,North
7710,2024-04-25,Lucas Turner,SKU-0089,22929.00,North
7711,2024-10-14,Leo Jackson,SKU-0098,8724.00,East
7712,2024-07-13,Yara Scott,SKU-0090,4597.00,West
7713,2024-03-22,Emma Brown,SKU-0027,19306.00,South
7714,2024-01-16,Wendy Wright,SKU-0044,22539.00,South
7715,2024-11-06,Leo Jackson,SKU-0094,5188.00,East
7716,2024-01-05,Hugo Roberts,SKU-0161,3795.00,Central
7717,2024-07-10,Xavier Lopez,SKU-0105,7497.00,Central
7718,2024-07-20,Victor King,SKU-0157,4779.00,East
7719,2024-06-06,Wendy Wright,SKU-0034,24667.00,West
7720,2024-12-14,Alice Chen,SKU-0130,28981.00,North
7721,2024-07-21,Kate Thomas,SKU-0134,8071.00,Central
7722,2024-04-10,Maya Harris,SKU-0074,6500.00,North
7723,2024-07-30,Troy Morris,SKU-0038,17524.00,East
7724,2024-07-04,Chloe Nelson,SKU-0055,5131.00,West
7725,2024-08-09,Noah Clark,SKU-0106,10089.00,North
7726,2024-04-08,Iris Patel,SKU-0011,1078.00,South
7727,2024-10-22,Xavier Lopez,SKU-0111,8545.00,Central
7728,2024-05-13,Xena Morgan,SKU-0143,9228.00,North
7729,2024-06-24,David Kim,SKU-0054,25111.00,North
7730,2024-02-01,Zach Green,SKU-0033,8311.00,West
7731,2024-06-24,Brian Baker,SKU-0126,22131.00,West
7732,2024-10-06,Leo Jackson,SKU-0041,11744.00,North
7733,2024-06-03,David Kim,SKU-0094,26815.00,West
7734,2024-10-04,Carol White,SKU-0041,6905.00,Central
7735,2024-12-03,Whitney Cook,SKU-0051,12560.00,South
7736,2024-08-20,Kate Thomas,SKU-0032,10455.00,South
7737,2024-02-17,Brian Baker,SKU-0175,13773.00,East
7738,2024-08-05,Xena Morgan,SKU-0024,8477.00,Central
7739,2024-08-08,Bob Martinez,SKU-0071,11551.00,West
7740,2024-02-08,Henry Taylor,SKU-0005,23844.00,East
7741,2024-01-21,Wendy Wright,SKU-0039,19947.00,South
7742,2024-04-10,Bob Martinez,SKU-0159,2921.00,Central
7743,2024-01-03,Carol White,SKU-0079,13082.00,South
7744,2024-05-11,Noah Clark,SKU-0176,23446.00,Central
7745,2024-09-07,Wendy Wright,SKU-0129,3240.00,South
7746,2024-11-12,Troy Morris,SKU-0087,5247.00,North
7747,2024-05-15,David Kim,SKU-0200,4610.00,South
7748,2024-08-30,Nathan Parker,SKU-0043,7895.00,East
7749,2024-07-28,Reed Stewart,SKU-0008,7514.00,North
7750,2024-02-14,Wendy Wright,SKU-0189,26718.00,West
7751,2024-02-01,Chloe Nelson,SKU-0150,12118.00,South
7752,2024-06-05,Sofia Sanchez,SKU-0183,15737.00,North
7753,2024-08-20,Troy Morris,SKU-0159,9353.00,East
7754,2024-09-07,Felix Campbell,SKU-0062,2918.00,East
7755,2024-05-16,Gina Mitchell,SKU-0052,1477.00,South
7756,2024-06-23,Peter Robinson,SKU-0002,11847.00,East
7757,2024-11-22,Peter Robinson,SKU-0146,10105.00,East
7758,2024-08-06,Gina Mitchell,SKU-0172,7501.00,Central
7759,2024-07-11,Oscar Edwards,SKU-0049,1936.00,West
7760,2024-09-02,Vincent Reed,SKU-0121,4818.00,North
7761,2024-06-04,Quinn Walker,SKU-0171,8241.00,Central
7762,2024-07-08,Jack Anderson,SKU-0053,8561.00,East
7763,2024-04-05,Sofia Sanchez,SKU-0135,3161.00,West
7764,2024-11-14,Lucas Turner,SKU-0030,25807.00,North
7765,2024-02-18,Peter Robinson,SKU-0098,5903.00,Central
7766,2024-07-29,Reed Stewart,SKU-0040,8475.00,South
7767,2024-05-04,Felix Campbell,SKU-0116,22577.00,West
7768,2024-05-18,Olivia Lewis,SKU-0044,7666.00,West
7769,2024-06-20,Maya Harris,SKU-0074,3335.00,Central
7770,2024-06-15,Uma Hernandez,SKU-0068,3906.00,Central
7771,2024-02-27,Victor King,SKU-0140,20901.00,East
7772,2024-05-03,Vincent Reed,SKU-0008,26924.00,North
7773,2024-05-21,Uma Hernandez,SKU-0025,23658.00,West
7774,2024-04-22,Amy Adams,SKU-0192,3351.00,North
7775,2024-06-07,Ivy Carter,SKU-0082,20903.00,North
7776,2024-08-11,Derek Hill,SKU-0008,2884.00,North
7777,2024-10-31,Troy Morris,SKU-0043,27480.00,Central
7778,2024-07-03,Brian Baker,SKU-0005,9434.00,Central
7779,2024-05-13,Kelly Evans,SKU-0156,16588.00,East
7780,2024-11-01,Quinn Walker,SKU-0011,22908.00,South
7781,2024-02-24,Frank Wilson,SKU-0199,26905.00,South
7782,2024-06-01,Kate Thomas,SKU-0196,24700.00,Central
7783,2024-09-13,Vincent Reed,SKU-0188,9498.00,Central
7784,2024-08-25,Nathan Parker,SKU-0092,7852.00,North
7785,2024-01-03,Victor King,SKU-0176,28538.00,South
7786,2024-06-11,Ursula Rogers,SKU-0170,27465.00,West
7787,2024-12-15,David Kim,SKU-0046,22026.00,East
7788,2024-03-03,Alice Chen,SKU-0147,11067.00,East
7789,2024-08-17,Quinn Walker,SKU-0074,2574.00,West
7790,2024-09-11,Hugo Roberts,SKU-0109,7703.00,West
7791,2024-12-07,Henry Taylor,SKU-0178,11868.00,East
7792,2024-04-16,Whitney Cook,SKU-0152,20403.00,South
7793,2024-07-08,Oscar Edwards,SKU-0088,5022.00,West
7794,2024-10-05,Rachel Hall,SKU-0081,24154.00,West
7795,2024-02-17,Xavier Lopez,SKU-0054,18719.00,East
7796,2024-02-01,David Kim,SKU-0109,24471.00,South
7797,2024-10-18,Yusuf Bell,SKU-0111,14743.00,Central
7798,2024-12-14,Rachel Hall,SKU-0060,29183.00,North
7799,2024-12-27,Uma Hernandez,SKU-0180,20856.00,West
7800,2024-06-23,Reed Stewart,SKU-0140,1578.00,North
7801,2024-09-23,Quinn Walker,SKU-0014,4051.00,South
7802,2024-07-01,Amy Adams,SKU-0046,14102.00,Central
7803,2024-01-30,Derek Hill,SKU-0050,24725.00,Central
7804,2024-08-08,Chloe Nelson,SKU-0181,5066.00,West
7805,2024-10-02,Gina Mitchell,SKU-0123,7039.00,West
7806,2024-08-04,Ursula Rogers,SKU-0092,7738.00,East
7807,2024-03-16,Alice Chen,SKU-0192,16077.00,East
7808,2024-09-14,Gina Mitchell,SKU-0171,5607.00,West
7809,2024-07-12,Reed Stewart,SKU-0020,12408.00,South
7810,2024-07-08,Gina Mitchell,SKU-0173,7209.00,Central
7811,2024-04-17,David Kim,SKU-0092,5524.00,South
7812,2024-03-27,Rachel Hall,SKU-0079,15407.00,South
7813,2024-04-30,Lucas Turner,SKU-0080,26235.00,North
7814,2024-10-08,Rachel Hall,SKU-0020,14794.00,South
7815,2024-03-28,Reed Stewart,SKU-0064,22739.00,East
7816,2024-10-04,Peter Robinson,SKU-0022,10095.00,North
7817,2024-07-11,Rachel Hall,SKU-0107,7013.00,West
7818,2024-11-17,Nathan Parker,SKU-0109,14678.00,South
7819,2024-10-28,Leo Jackson,SKU-0106,19574.00,East
7820,2024-10-25,Yusuf Bell,SKU-0061,3037.00,West
7821,2024-08-23,David Kim,SKU-0039,19333.00,North
7822,2024-07-01,Sofia Sanchez,SKU-0200,6601.00,North
7823,2024-02-19,Zach Green,SKU-0104,27822.00,South
7824,2024-04-07,Bob Martinez,SKU-0136,2720.00,Central
7825,2024-02-11,Alice Chen,SKU-0162,4353.00,East
7826,2024-03-14,Leo Jackson,SKU-0082,9770.00,North
7827,2024-04-17,Tina Young,SKU-0055,13359.00,Central
7828,2024-07-30,Frank Wilson,SKU-0122,11312.00,Central
7829,2024-05-27,Xavier Lopez,SKU-0159,6808.00,South
7830,2024-02-16,Xavier Lopez,SKU-0053,24842.00,West
7831,2024-06-06,Iris Patel,SKU-0130,17802.00,North
7832,2024-09-05,Monica Torres,SKU-0005,5932.00,East
7833,2024-11-26,Emma Brown,SKU-0089,25305.00,North
7834,2024-10-26,Ivy Carter,SKU-0189,5055.00,South
7835,2024-05-09,Amy Adams,SKU-0052,25193.00,East
7836,2024-10-08,Alice Chen,SKU-0047,13096.00,East
7837,2024-05-10,Whitney Cook,SKU-0022,14869.00,Central
7838,2024-08-13,Elena Ramirez,SKU-0004,4438.00,North
7839,2024-01-29,Whitney Cook,SKU-0130,20677.00,Central
7840,2024-05-17,Brian Baker,SKU-0014,22646.00,West
7841,2024-07-05,Leo Jackson,SKU-0046,7660.00,Central
7842,2024-07-30,Brian Baker,SKU-0200,10432.00,Central
7843,2024-04-25,Gina Mitchell,SKU-0041,17866.00,South
7844,2024-11-15,Nathan Parker,SKU-0133,7108.00,South
7845,2024-11-06,Noah Clark,SKU-0043,11662.00,West
7846,2024-08-10,Kate Thomas,SKU-0101,4599.00,East
7847,2024-11-09,Hugo Roberts,SKU-0059,5093.00,North
7848,2024-10-02,Nathan Parker,SKU-0059,24905.00,Central
7849,2024-08-14,Quinn Walker,SKU-0180,3107.00,East
7850,2024-07-16,David Kim,SKU-0179,10502.00,South
7851,2024-06-08,Amy Adams,SKU-0111,28234.00,North
7852,2024-01-26,Monica Torres,SKU-0050,18592.00,Central
7853,2024-09-13,Hugo Roberts,SKU-0093,5212.00,South
7854,2024-09-20,Victor King,SKU-0095,4912.00,East
7855,2024-09-19,David Kim,SKU-0122,8801.00,East
7856,2024-12-15,Sofia Sanchez,SKU-0130,13382.00,Central
7857,2024-09-10,Sofia Sanchez,SKU-0157,2350.00,East
7858,2024-04-29,Gina Mitchell,SKU-0107,9829.00,North
7859,2024-11-06,Frank Wilson,SKU-0037,3928.00,East
7860,2024-07-24,Kelly Evans,SKU-0167,3947.00,East
7861,2024-07-14,Victor King,SKU-0005,7382.00,West
7862,2024-10-30,Whitney Cook,SKU-0088,1129.00,North
7863,2024-04-14,Jack Anderson,SKU-0153,12660.00,North
7864,2024-11-16,Xena Morgan,SKU-0047,678.00,Central
7865,2024-03-30,Derek Hill,SKU-0152,19614.00,West
7866,2024-05-03,Sam Allen,SKU-0120,11993.00,Central
7867,2024-03-27,Paula Collins,SKU-0180,7585.00,Central
7868,2024-05-15,Whitney Cook,SKU-0044,3078.00,South
7869,2024-09-19,Paula Collins,SKU-0020,8411.00,West
7870,2024-08-17,Sam Allen,SKU-0183,4014.00,South
7871,2024-06-17,Tina Young,SKU-0159,6279.00,East
7872,2024-05-08,Uma Hernandez,SKU-0097,23559.00,West
7873,2024-08-31,Troy Morris,SKU-0181,10836.00,West
7874,2024-09-06,Alice Chen,SKU-0108,8311.00,North
7875,2024-03-10,Jack Anderson,SKU-0096,22856.00,Central
7876,2024-02-27,Oscar Edwards,SKU-0058,2133.00,West
7877,2024-07-13,Xavier Lopez,SKU-0020,4621.00,Central
7878,2024-08-01,Vincent Reed,SKU-0079,6605.00,North
7879,2024-04-11,Rachel Hall,SKU-0200,24230.00,South
7880,2024-09-02,Alice Chen,SKU-0102,17411.00,West
7881,2024-08-01,Victor King,SKU-0176,9813.00,West
7882,2024-11-20,Reed Stewart,SKU-0001,23449.00,South
7883,2024-02-16,Zach Green,SKU-0055,13658.00,East
7884,2024-11-01,Sofia Sanchez,SKU-0045,24392.00,South
7885,2024-03-30,Brian Baker,SKU-0151,7587.00,West
7886,2024-08-31,Derek Hill,SKU-0185,7288.00,East
7887,2024-06-14,Zach Green,SKU-0179,7310.00,South
7888,2024-07-19,Chloe Nelson,SKU-0012,3736.00,South
7889,2024-08-23,Uma Hernandez,SKU-0147,6745.00,North
7890,2024-08-16,Rachel Hall,SKU-0160,9468.00,North
7891,2024-05-08,Sam Allen,SKU-0023,7116.00,North
7892,2024-02-11,Wendy Wright,SKU-0168,27709.00,West
7893,2024-07-28,Noah Clark,SKU-0145,4318.00,North
7894,2024-09-17,Elena Ramirez,SKU-0106,4410.00,West
7895,2024-08-30,Ivy Carter,SKU-0032,4836.00,South
7896,2024-11-29,Zach Green,SKU-0016,25048.00,South
7897,2024-09-10,Nathan Parker,SKU-0013,6888.00,East
7898,2024-03-05,Ivy Carter,SKU-0121,4158.00,Central
7899,2024-05-19,Henry Taylor,SKU-0172,3594.00,Central
7900,2024-10-02,Ursula Rogers,SKU-0134,1796.00,North
7901,2024-01-02,Kelly Evans,SKU-0112,6532.00,Central
7902,2024-01-10,Sam Allen,SKU-0114,12721.00,West
7903,2024-01-22,Monica Torres,SKU-0139,21482.00,South
7904,2024-12-06,Xavier Lopez,SKU-0093,710.00,Central
7905,2024-12-30,Henry Taylor,SKU-0173,17886.00,East
7906,2024-03-18,Reed Stewart,SKU-0182,7487.00,Central
7907,2024-01-04,Ursula Rogers,SKU-0146,20029.00,South
7908,2024-02-16,Vincent Reed,SKU-0046,26914.00,South
7909,2024-01-17,Felix Campbell,SKU-0043,7508.00,Central
7910,2024-07-12,Hugo Roberts,SKU-0177,3948.00,Central
7911,2024-07-24,Monica Torres,SKU-0116,4633.00,North
7912,2024-04-26,Ivy Carter,SKU-0169,20187.00,East
7913,2024-02-14,Olivia Lewis,SKU-0168,25009.00,Central
7914,2024-09-21,Paula Collins,SKU-0120,6618.00,West
7915,2024-04-06,Carol White,SKU-0134,21208.00,West
7916,2024-07-04,Vincent Reed,SKU-0182,5197.00,South
7917,2024-05-28,Victor King,SKU-0144,28708.00,Central
7918,2024-04-18,Wendy Wright,SKU-0021,16935.00,South
7919,2024-09-16,Sofia Sanchez,SKU-0200,3169.00,West
7920,2024-02-19,Reed Stewart,SKU-0018,5542.00,East
7921,2024-01-12,Uma Hernandez,SKU-0070,28518.00,East
7922,2024-07-23,Yara Scott,SKU-0015,3431.00,North
7923,2024-09-15,Leo Jackson,SKU-0177,7813.00,West
7924,2024-05-12,Paula Collins,SKU-0164,1854.00,North
7925,2024-06-29,Rachel Hall,SKU-0013,15702.00,East
7926,2024-12-21,Monica Torres,SKU-0163,17788.00,East
7927,2024-09-04,Henry Taylor,SKU-0164,10649.00,West
7928,2024-08-29,Alice Chen,SKU-0054,10709.00,Central
7929,2024-01-17,Oscar Edwards,SKU-0034,22000.00,North
7930,2024-06-14,Amy Adams,SKU-0119,6082.00,East
7931,2024-03-24,Gina Mitchell,SKU-0198,2342.00,Central
7932,2024-08-24,Sofia Sanchez,SKU-0046,3624.00,West
7933,2024-07-24,Grace Liu,SKU-0069,13691.00,West
7934,2024-12-06,Ursula Rogers,SKU-0035,18314.00,Central
7935,2024-09-23,Yusuf Bell,SKU-0094,10827.00,East
7936,2024-11-23,Noah Clark,SKU-0013,27430.00,West
7937,2024-03-27,Iris Patel,SKU-0074,4142.00,North
7938,2024-10-04,Frank Wilson,SKU-0047,8349.00,North
7939,2024-10-30,Grace Liu,SKU-0070,24450.00,South
7940,2024-08-11,Gina Mitchell,SKU-0163,7135.00,Central
7941,2024-07-25,Maya Harris,SKU-0151,2798.00,West
7942,2024-12-05,Gina Mitchell,SKU-0138,27961.00,Central
7943,2024-12-28,Lucas Turner,SKU-0153,13239.00,East
7944,2024-04-19,Xavier Lopez,SKU-0049,18649.00,North
7945,2024-05-24,Hugo Roberts,SKU-0112,12753.00,Central
7946,2024-06-11,Felix Campbell,SKU-0141,11539.00,North
7947,2024-02-02,Frank Wilson,SKU-0109,18786.00,South
7948,2024-09-05,Elena Ramirez,SKU-0054,3568.00,West
7949,2024-10-22,Amy Adams,SKU-0038,2908.00,West
7950,2024-10-02,Sofia Sanchez,SKU-0101,8926.00,East
7951,2024-06-09,Ivy Carter,SKU-0148,12006.00,West
7952,2024-08-11,Bob Martinez,SKU-0139,13386.00,South
7953,2024-03-17,Lucas Turner,SKU-0175,25457.00,North
7954,2024-03-16,Troy Morris,SKU-0061,13837.00,Central
7955,2024-05-30,Jack Anderson,SKU-0075,21593.00,South
7956,2024-08-26,Hugo Roberts,SKU-0169,4641.00,East
7957,2024-09-24,Victor King,SKU-0098,1448.00,East
7958,2024-01-06,Jack Anderson,SKU-0089,19358.00,South
7959,2024-07-23,Vincent Reed,SKU-0122,6432.00,West
7960,2024-12-17,Kelly Evans,SKU-0006,13151.00,South
7961,2024-09-24,Xena Morgan,SKU-0191,12615.00,West
7962,2024-05-03,Grace Liu,SKU-0003,26369.00,East
7963,2024-07-20,Noah Clark,SKU-0004,5865.00,Central
7964,2024-06-24,Xavier Lopez,SKU-0150,18776.00,East
7965,2024-10-04,Bob Martinez,SKU-0098,18216.00,North
7966,2024-05-15,Frank Wilson,SKU-0100,28418.00,South
7967,2024-07-30,Henry Taylor,SKU-0158,7899.00,North
7968,2024-12-23,David Kim,SKU-0061,9330.00,North
7969,2024-01-29,Reed Stewart,SKU-0010,24593.00,West
7970,2024-05-15,Iris Patel,SKU-0064,15346.00,South
7971,2024-02-04,Felix Campbell,SKU-0106,4115.00,Central
7972,2024-04-18,Quinn Walker,SKU-0057,12390.00,North
7973,2024-09-18,Quinn Walker,SKU-0112,2950.00,East
7974,2024-08-01,Uma Hernandez,SKU-0113,8843.00,South
7975,2024-04-24,Hugo Roberts,SKU-0071,7081.00,South
7976,2024-07-01,Jack Anderson,SKU-0154,10892.00,North
7977,2024-08-04,Sofia Sanchez,SKU-0166,3826.00,West
7978,2024-05-04,Ursula Rogers,SKU-0183,4030.00,West
7979,2024-02-12,Chloe Nelson,SKU-0022,4245.00,East
7980,2024-08-13,Brian Baker,SKU-0115,3356.00,North
7981,2024-04-29,Alice Chen,SKU-0106,20602.00,North
7982,2024-05-15,Wendy Wright,SKU-0139,4345.00,North
7983,2024-12-21,Wendy Wright,SKU-0191,7032.00,North
7984,2024-11-10,Maya Harris,SKU-0017,19249.00,South
7985,2024-08-23,Olivia Lewis,SKU-0078,1983.00,Central
7986,2024-01-22,Kate Thomas,SKU-0088,18317.00,West
7987,2024-05-08,Grace Liu,SKU-0100,25185.00,South
7988,2024-11-12,Uma Hernandez,SKU-0160,12578.00,East
7989,2024-07-30,Kate Thomas,SKU-0023,2679.00,South
7990,2024-09-20,Uma Hernandez,SKU-0155,4765.00,North
7991,2024-04-13,Iris Patel,SKU-0154,18972.00,West
7992,2024-05-02,Xena Morgan,SKU-0004,1442.00,West
7993,2024-07-31,Iris Patel,SKU-0029,9972.00,East
7994,2024-10-29,Victor King,SKU-0192,11561.00,South
7995,2024-12-07,Lucas Turner,SKU-0104,5045.00,South
7996,2024-05-01,Nathan Parker,SKU-0008,2929.00,West
7997,2024-06-03,Noah Clark,SKU-0050,27717.00,North
7998,2024-02-08,Monica Torres,SKU-0076,25858.00,North
7999,2024-08-21,Troy Morris,SKU-0007,3710.00,Central
8000,2024-03-05,Whitney Cook,SKU-0130,24506.00,North
8001,2024-08-29,Yusuf Bell,SKU-0077,12444.00,North
8002,2024-05-21,Jack Anderson,SKU-0183,27437.00,North
8003,2024-09-17,Carol White,SKU-0013,7104.00,East
8004,2024-08-23,Quinn Walker,SKU-0169,4391.00,West
8005,2024-09-19,Uma Hernandez,SKU-0020,6314.00,Central
8006,2024-10-03,Henry Taylor,SKU-0171,12541.00,South
8007,2024-06-03,Oscar Edwards,SKU-0061,819.00,Central
8008,2024-09-28,Tina Young,SKU-0005,8962.00,East
8009,2024-03-29,Vincent Reed,SKU-0018,24322.00,South
8010,2024-04-19,Hugo Roberts,SKU-0001,10062.00,South
8011,2024-05-09,Wendy Wright,SKU-0132,10168.00,South
8012,2024-10-19,Ursula Rogers,SKU-0081,25456.00,West
8013,2024-02-10,Xena Morgan,SKU-0063,19994.00,North
8014,2024-01-05,Whitney Cook,SKU-0065,17176.00,East
8015,2024-11-27,Troy Morris,SKU-0015,27173.00,South
8016,2024-11-06,Ivy Carter,SKU-0024,28912.00,West
8017,2024-12-07,Kate Thomas,SKU-0062,24539.00,South
8018,2024-02-24,Wendy Wright,SKU-0143,18668.00,South
8019,2024-02-08,Whitney Cook,SKU-0177,16403.00,West
8020,2024-10-15,Alice Chen,SKU-0151,23349.00,Central
8021,2024-01-19,Hugo Roberts,SKU-0060,20367.00,South
8022,2024-10-05,Yara Scott,SKU-0182,18221.00,East
8023,2024-04-04,Noah Clark,SKU-0025,27328.00,South
8024,2024-07-29,Henry Taylor,SKU-0009,14431.00,East
8025,2024-08-16,Hugo Roberts,SKU-0102,10640.00,South
8026,2024-03-05,Victor King,SKU-0118,7077.00,South
8027,2024-08-01,Gina Mitchell,SKU-0141,8573.00,Central
8028,2024-07-24,David Kim,SKU-0122,18570.00,North
8029,2024-08-23,Troy Morris,SKU-0038,8185.00,East
8030,2024-11-30,Tina Young,SKU-0082,3011.00,East
8031,2024-05-07,Yara Scott,SKU-0133,8429.00,South
8032,2024-06-20,Uma Hernandez,SKU-0022,20076.00,South
8033,2024-07-07,Ursula Rogers,SKU-0064,9744.00,East
8034,2024-07-14,Ivy Carter,SKU-0034,7520.00,West
8035,2024-08-20,Chloe Nelson,SKU-0126,5180.00,West
8036,2024-02-05,Emma Brown,SKU-0076,17317.00,North
8037,2024-09-08,Felix Campbell,SKU-0197,2793.00,North
8038,2024-06-17,Sam Allen,SKU-0138,2527.00,South
8039,2024-06-29,Olivia Lewis,SKU-0088,16679.00,West
8040,2024-01-04,Sofia Sanchez,SKU-0121,25854.00,Central
8041,2024-08-31,Yusuf Bell,SKU-0072,7505.00,East
8042,2024-10-16,Jack Anderson,SKU-0184,17763.00,Central
8043,2024-04-04,Rachel Hall,SKU-0057,24460.00,North
8044,2024-07-15,Iris Patel,SKU-0197,13744.00,Central
8045,2024-05-11,Bob Martinez,SKU-0169,17637.00,South
8046,2024-05-22,Leo Jackson,SKU-0018,27778.00,North
8047,2024-10-02,Rachel Hall,SKU-0108,16536.00,East
8048,2024-12-30,Zach Green,SKU-0050,4152.00,South
8049,2024-12-06,Uma Hernandez,SKU-0051,28906.00,East
8050,2024-12-27,Kate Thomas,SKU-0072,3902.00,South
8051,2024-03-02,Troy Morris,SKU-0093,4315.00,Central
8052,2024-04-24,Olivia Lewis,SKU-0023,5338.00,South
8053,2024-02-22,Ursula Rogers,SKU-0168,15918.00,South
8054,2024-02-25,Ivy Carter,SKU-0029,19972.00,North
8055,2024-09-28,Leo Jackson,SKU-0174,5433.00,South
8056,2024-11-09,Oscar Edwards,SKU-0172,2466.00,North
8057,2024-10-12,Kate Thomas,SKU-0046,4879.00,South
8058,2024-01-30,Nathan Parker,SKU-0003,23167.00,North
8059,2024-06-07,Kelly Evans,SKU-0044,29353.00,East
8060,2024-08-08,Zach Green,SKU-0018,6215.00,Central
8061,2024-04-25,Amy Adams,SKU-0165,24456.00,East
8062,2024-05-04,Troy Morris,SKU-0166,4256.00,North
8063,2024-09-28,Frank Wilson,SKU-0126,11727.00,Central
8064,2024-08-03,Lucas Turner,SKU-0049,10784.00,Central
8065,2024-06-07,Yara Scott,SKU-0140,6105.00,Central
8066,2024-09-12,Kelly Evans,SKU-0098,9645.00,West
8067,2024-08-28,Gina Mitchell,SKU-0129,9003.00,South
8068,2024-01-14,Iris Patel,SKU-0108,18550.00,North
8069,2024-02-13,Lucas Turner,SKU-0175,27562.00,South
8070,2024-09-04,Iris Patel,SKU-0036,6841.00,North
8071,2024-12-15,Emma Brown,SKU-0096,18724.00,South
8072,2024-06-09,Chloe Nelson,SKU-0051,19533.00,Central
8073,2024-09-20,Hugo Roberts,SKU-0065,4230.00,North
8074,2024-09-21,Whitney Cook,SKU-0174,4718.00,South
8075,2024-12-02,Whitney Cook,SKU-0107,26356.00,North
8076,2024-11-05,Kate Thomas,SKU-0082,14039.00,North
8077,2024-09-09,Hugo Roberts,SKU-0135,6370.00,West
8078,2024-04-15,Wendy Wright,SKU-0139,5891.00,Central
8079,2024-08-10,Tina Young,SKU-0034,6287.00,Central
8080,2024-03-11,Ivy Carter,SKU-0132,6317.00,South
8081,2024-04-11,Jack Anderson,SKU-0183,19125.00,North
8082,2024-03-12,Ursula Rogers,SKU-0169,28980.00,South
8083,2024-08-06,Noah Clark,SKU-0023,5081.00,North
8084,2024-12-22,Carol White,SKU-0156,17885.00,South
8085,2024-04-30,Henry Taylor,SKU-0051,16774.00,East
8086,2024-01-13,Vincent Reed,SKU-0013,29136.00,Central
8087,2024-11-25,Troy Morris,SKU-0198,18376.00,Central
8088,2024-11-08,Leo Jackson,SKU-0076,26277.00,North
8089,2024-08-24,Felix Campbell,SKU-0073,8247.00,East
8090,2024-02-16,Jack Anderson,SKU-0185,14896.00,North
8091,2024-01-12,Elena Ramirez,SKU-0027,25986.00,East
8092,2024-09-08,Maya Harris,SKU-0039,2647.00,West
8093,2024-01-21,Zach Green,SKU-0042,14704.00,North
8094,2024-05-18,Tina Young,SKU-0098,19328.00,West
8095,2024-11-09,Whitney Cook,SKU-0053,8359.00,North
8096,2024-05-15,Derek Hill,SKU-0055,23039.00,Central
8097,2024-04-30,Nathan Parker,SKU-0031,14125.00,South
8098,2024-07-16,Emma Brown,SKU-0103,10505.00,East
8099,2024-10-05,Monica Torres,SKU-0052,11086.00,South
8100,2024-06-14,Noah Clark,SKU-0172,6625.00,South
8101,2024-03-14,Bob Martinez,SKU-0084,9074.00,North
8102,2024-04-27,Wendy Wright,SKU-0179,7766.00,South
8103,2024-08-31,David Kim,SKU-0175,16899.00,East
8104,2024-08-31,Zach Green,SKU-0032,6461.00,West
8105,2024-02-22,Reed Stewart,SKU-0113,16670.00,West
8106,2024-08-03,Elena Ramirez,SKU-0148,3941.00,North
8107,2024-10-09,Chloe Nelson,SKU-0100,16759.00,West
8108,2024-03-24,Zach Green,SKU-0161,25767.00,North
8109,2024-09-22,Frank Wilson,SKU-0132,14714.00,North
8110,2024-07-02,Olivia Lewis,SKU-0193,8567.00,West
8111,2024-06-28,Iris Patel,SKU-0061,5062.00,Central
8112,2024-12-27,Hugo Roberts,SKU-0013,12312.00,Central
8113,2024-09-26,Monica Torres,SKU-0010,6581.00,East
8114,2024-01-23,Troy Morris,SKU-0196,24399.00,South
8115,2024-09-01,Xena Morgan,SKU-0100,7048.00,Central
8116,2024-02-05,Grace Liu,SKU-0108,22448.00,West
8117,2024-08-16,Leo Jackson,SKU-0006,6791.00,Central
8118,2024-12-13,Felix Campbell,SKU-0092,4122.00,Central
8119,2024-02-03,Paula Collins,SKU-0178,5610.00,West
8120,2024-06-03,Olivia Lewis,SKU-0198,12197.00,East
8121,2024-04-22,Vincent Reed,SKU-0177,22820.00,Central
8122,2024-05-09,Derek Hill,SKU-0176,3065.00,South
8123,2024-10-21,Tina Young,SKU-0068,12733.00,North
8124,2024-07-16,Felix Campbell,SKU-0101,7335.00,South
8125,2024-03-11,David Kim,SKU-0113,8680.00,West
8126,2024-12-23,Leo Jackson,SKU-0158,22036.00,Central
8127,2024-07-14,Grace Liu,SKU-0159,7382.00,South
8128,2024-07-28,Sofia Sanchez,SKU-0169,5481.00,West
8129,2024-09-19,Monica Torres,SKU-0160,4105.00,North
8130,2024-10-18,Xavier Lopez,SKU-0115,17539.00,South
8131,2024-08-21,Frank Wilson,SKU-0150,8378.00,North
8132,2024-09-11,Elena Ramirez,SKU-0050,3270.00,East
8133,2024-11-06,Quinn Walker,SKU-0051,3947.00,East
8134,2024-07-21,Xavier Lopez,SKU-0100,9634.00,South
8135,2024-03-25,Bob Martinez,SKU-0023,18135.00,East
8136,2024-08-24,Zach Green,SKU-0154,3700.00,South
8137,2024-05-31,Monica Torres,SKU-0028,18261.00,East
8138,2024-06-05,Bob Martinez,SKU-0067,15983.00,Central
8139,2024-08-28,Felix Campbell,SKU-0192,4055.00,South
8140,2024-09-26,Hugo Roberts,SKU-0019,7217.00,Central
8141,2024-06-01,Sam Allen,SKU-0043,8488.00,West
8142,2024-02-05,Wendy Wright,SKU-0178,29005.00,East
8143,2024-03-16,Whitney Cook,SKU-0157,29949.00,East
8144,2024-08-22,Derek Hill,SKU-0010,3136.00,East
8145,2024-11-29,Leo Jackson,SKU-0153,12545.00,South
8146,2024-09-13,Jake Phillips,SKU-0042,4752.00,West
8147,2024-01-22,Bob Martinez,SKU-0032,18428.00,South
8148,2024-03-28,Olivia Lewis,SKU-0145,5302.00,South
8149,2024-07-18,Jake Phillips,SKU-0095,6021.00,Central
8150,2024-05-19,Quinn Walker,SKU-0099,7408.00,South
8151,2024-10-29,Quinn Walker,SKU-0170,4510.00,Central
8152,2024-02-29,Wendy Wright,SKU-0153,5083.00,South
8153,2024-04-16,Ivy Carter,SKU-0020,27143.00,South
8154,2024-10-11,Vincent Reed,SKU-0163,7293.00,East
8155,2024-07-28,David Kim,SKU-0176,7416.00,South
8156,2024-12-25,Alice Chen,SKU-0128,12585.00,South
8157,2024-09-16,Whitney Cook,SKU-0033,2041.00,East
8158,2024-02-19,Monica Torres,SKU-0032,5031.00,West
8159,2024-01-09,Quinn Walker,SKU-0085,15962.00,North
8160,2024-01-29,Brian Baker,SKU-0155,23718.00,East
8161,2024-09-02,Ursula Rogers,SKU-0109,8268.00,East
8162,2024-09-18,Reed Stewart,SKU-0094,10421.00,South
8163,2024-02-24,Rachel Hall,SKU-0166,14563.00,Central
8164,2024-05-08,Iris Patel,SKU-0154,4751.00,South
8165,2024-08-23,Chloe Nelson,SKU-0074,3087.00,West
8166,2024-07-29,Monica Torres,SKU-0050,3058.00,East
8167,2024-12-24,Kelly Evans,SKU-0178,7686.00,Central
8168,2024-02-28,Grace Liu,SKU-0041,16405.00,South
8169,2024-09-12,Brian Baker,SKU-0015,10989.00,West
8170,2024-06-23,Monica Torres,SKU-0056,18432.00,South
8171,2024-02-29,Emma Brown,SKU-0076,26831.00,South
8172,2024-05-01,Maya Harris,SKU-0008,8331.00,North
8173,2024-08-26,Rachel Hall,SKU-0138,8283.00,North
8174,2024-02-28,David Kim,SKU-0031,4103.00,Central
8175,2024-05-15,Sofia Sanchez,SKU-0100,25218.00,North
8176,2024-09-28,Lucas Turner,SKU-0167,8404.00,North
8177,2024-03-12,Troy Morris,SKU-0178,24581.00,West
8178,2024-08-23,Sam Allen,SKU-0192,4753.00,East
8179,2024-06-16,Yusuf Bell,SKU-0008,9144.00,North
8180,2024-04-25,Leo Jackson,SKU-0173,1574.00,North
8181,2024-07-26,Xavier Lopez,SKU-0197,5850.00,South
8182,2024-09-11,Brian Baker,SKU-0191,6012.00,North
8183,2024-11-18,Frank Wilson,SKU-0070,17194.00,Central
8184,2024-08-07,Kate Thomas,SKU-0196,8132.00,Central
8185,2024-05-08,Quinn Walker,SKU-0051,6168.00,South
8186,2024-09-28,Chloe Nelson,SKU-0071,4758.00,Central
8187,2024-02-18,Kate Thomas,SKU-0029,533.00,East
8188,2024-03-25,Quinn Walker,SKU-0136,13313.00,Central
8189,2024-07-04,Frank Wilson,SKU-0125,10796.00,South
8190,2024-05-07,Monica Torres,SKU-0039,13081.00,East
8191,2024-08-14,Jake Phillips,SKU-0200,4903.00,Central
8192,2024-05-05,Xena Morgan,SKU-0175,14396.00,North
8193,2024-06-04,Troy Morris,SKU-0081,29854.00,Central
8194,2024-05-24,Derek Hill,SKU-0055,16110.00,North
8195,2024-12-04,Xena Morgan,SKU-0171,13402.00,North
8196,2024-11-09,David Kim,SKU-0057,15483.00,East
8197,2024-09-14,Emma Brown,SKU-0033,12588.00,Central
8198,2024-05-21,David Kim,SKU-0166,4407.00,South
8199,2024-07-31,Henry Taylor,SKU-0081,12249.00,West
8200,2024-08-16,Alice Chen,SKU-0193,10917.00,West
8201,2024-05-02,Bob Martinez,SKU-0132,29277.00,East
8202,2024-04-15,Chloe Nelson,SKU-0087,15295.00,East
8203,2024-03-12,Troy Morris,SKU-0002,13641.00,Central
8204,2024-01-14,Vincent Reed,SKU-0088,19933.00,North
8205,2024-02-28,Quinn Walker,SKU-0109,5942.00,West
8206,2024-11-17,Reed Stewart,SKU-0151,10159.00,East
8207,2024-04-17,Monica Torres,SKU-0119,714.00,North
8208,2024-08-08,Hugo Roberts,SKU-0146,7466.00,North
8209,2024-09-20,Victor King,SKU-0065,8697.00,South
8210,2024-09-13,Jack Anderson,SKU-0168,10259.00,East
8211,2024-09-27,Elena Ramirez,SKU-0147,6187.00,Central
8212,2024-12-31,Noah Clark,SKU-0077,20704.00,West
8213,2024-05-18,Gina Mitchell,SKU-0111,4062.00,East
8214,2024-11-11,Carol White,SKU-0087,16538.00,East
8215,2024-02-27,Emma Brown,SKU-0196,24001.00,East
8216,2024-06-27,Vincent Reed,SKU-0061,14141.00,North
8217,2024-11-10,Frank Wilson,SKU-0020,17170.00,North
8218,2024-12-01,Chloe Nelson,SKU-0072,11416.00,North
8219,2024-05-01,Ursula Rogers,SKU-0159,29582.00,West
8220,2024-07-13,David Kim,SKU-0143,9708.00,North
8221,2024-12-09,Iris Patel,SKU-0113,14120.00,Central
8222,2024-04-17,Grace Liu,SKU-0126,17893.00,East
8223,2024-08-18,Olivia Lewis,SKU-0001,5202.00,West
8224,2024-03-02,Bob Martinez,SKU-0039,6584.00,Central
8225,2024-07-04,Yusuf Bell,SKU-0106,9658.00,West
8226,2024-09-16,Bob Martinez,SKU-0179,14782.00,Central
8227,2024-07-03,Elena Ramirez,SKU-0054,6075.00,West
8228,2024-09-08,Whitney Cook,SKU-0190,5107.00,Central
8229,2024-07-27,Ivy Carter,SKU-0089,8246.00,South
8230,2024-11-12,Frank Wilson,SKU-0189,27858.00,West
8231,2024-10-15,Yara Scott,SKU-0151,9808.00,West
8232,2024-08-31,Elena Ramirez,SKU-0073,4198.00,North
8233,2024-02-02,Ursula Rogers,SKU-0076,13148.00,East
8234,2024-04-21,Bob Martinez,SKU-0071,14887.00,South
8235,2024-03-04,Felix Campbell,SKU-0054,12100.00,Central
8236,2024-02-08,Kate Thomas,SKU-0075,5308.00,West
8237,2024-08-26,Kelly Evans,SKU-0048,9376.00,East
8238,2024-07-07,Grace Liu,SKU-0128,13027.00,North
8239,2024-09-20,Tina Young,SKU-0121,10386.00,South
8240,2024-05-07,Lucas Turner,SKU-0077,2715.00,South
8241,2024-09-23,Peter Robinson,SKU-0002,6052.00,South
8242,2024-03-21,Kelly Evans,SKU-0112,25169.00,North
8243,2024-04-12,Elena Ramirez,SKU-0064,28666.00,South
8244,2024-08-21,Zach Green,SKU-0020,7679.00,South
8245,2024-08-18,Jack Anderson,SKU-0173,13676.00,Central
8246,2024-04-17,Reed Stewart,SKU-0166,9227.00,Central
8247,2024-01-18,Amy Adams,SKU-0124,23507.00,West
8248,2024-07-30,Wendy Wright,SKU-0165,3850.00,South
8249,2024-12-12,Maya Harris,SKU-0140,16589.00,North
8250,2024-02-24,Uma Hernandez,SKU-0036,25842.00,Central
8251,2024-06-24,Emma Brown,SKU-0194,12555.00,South
8252,2024-04-10,Derek Hill,SKU-0199,790.00,North
8253,2024-01-15,Monica Torres,SKU-0136,24080.00,East
8254,2024-12-12,Victor King,SKU-0185,25824.00,West
8255,2024-09-30,Grace Liu,SKU-0087,7871.00,Central
8256,2024-11-04,Xena Morgan,SKU-0061,27733.00,North
8257,2024-09-15,Frank Wilson,SKU-0152,9898.00,East
8258,2024-05-31,Leo Jackson,SKU-0017,5201.00,Central
8259,2024-03-30,Henry Taylor,SKU-0182,29108.00,West
8260,2024-07-08,Ivy Carter,SKU-0137,8199.00,Central
8261,2024-11-10,Zach Green,SKU-0058,4832.00,North
8262,2024-05-07,Reed Stewart,SKU-0186,3994.00,North
8263,2024-10-07,Maya Harris,SKU-0012,11959.00,West
8264,2024-03-11,Nathan Parker,SKU-0056,11600.00,East
8265,2024-04-18,Gina Mitchell,SKU-0058,16092.00,North
8266,2024-03-25,Alice Chen,SKU-0135,21471.00,North
8267,2024-02-13,Gina Mitchell,SKU-0124,29280.00,Central
8268,2024-09-26,Reed Stewart,SKU-0061,11288.00,North
8269,2024-08-21,Hugo Roberts,SKU-0034,4915.00,North
8270,2024-02-01,Troy Morris,SKU-0079,10527.00,West
8271,2024-11-27,Frank Wilson,SKU-0097,10747.00,South
8272,2024-08-01,Bob Martinez,SKU-0144,12075.00,East
8273,2024-07-01,Troy Morris,SKU-0140,6283.00,Central
8274,2024-02-06,Brian Baker,SKU-0070,21055.00,South
8275,2024-05-18,Iris Patel,SKU-0107,6701.00,North
8276,2024-11-05,Jake Phillips,SKU-0076,25505.00,East
8277,2024-01-21,Brian Baker,SKU-0049,14486.00,South
8278,2024-08-08,Nathan Parker,SKU-0091,5469.00,Central
8279,2024-03-12,Chloe Nelson,SKU-0128,21454.00,East
8280,2024-08-02,Wendy Wright,SKU-0104,3828.00,West
8281,2024-06-01,Elena Ramirez,SKU-0137,6291.00,South
8282,2024-12-10,Paula Collins,SKU-0162,8145.00,South
8283,2024-01-12,Sofia Sanchez,SKU-0088,12937.00,Central
8284,2024-07-05,Jake Phillips,SKU-0111,4654.00,North
8285,2024-11-22,Whitney Cook,SKU-0002,8624.00,Central
8286,2024-07-19,Hugo Roberts,SKU-0091,4911.00,North
8287,2024-02-10,Amy Adams,SKU-0053,5694.00,East
8288,2024-09-18,Wendy Wright,SKU-0116,3783.00,Central
8289,2024-01-08,Lucas Turner,SKU-0199,9155.00,West
8290,2024-09-05,Frank Wilson,SKU-0196,6949.00,West
8291,2024-07-25,David Kim,SKU-0017,16297.00,East
8292,2024-07-19,Yara Scott,SKU-0021,4857.00,Central
8293,2024-05-31,David Kim,SKU-0151,1365.00,Central
8294,2024-05-15,Monica Torres,SKU-0022,6469.00,East
8295,2024-01-23,Noah Clark,SKU-0155,2444.00,East
8296,2024-08-15,Xena Morgan,SKU-0180,12047.00,East
8297,2024-07-14,Bob Martinez,SKU-0029,7130.00,West
8298,2024-12-31,Rachel Hall,SKU-0138,3607.00,West
8299,2024-09-03,Sam Allen,SKU-0139,2435.00,North
8300,2024-09-19,Xena Morgan,SKU-0107,9642.00,East
8301,2024-10-03,Alice Chen,SKU-0163,12967.00,South
8302,2024-02-27,Olivia Lewis,SKU-0062,2255.00,West
8303,2024-02-21,Hugo Roberts,SKU-0159,24072.00,South
8304,2024-07-27,Nathan Parker,SKU-0019,6084.00,North
8305,2024-08-21,Grace Liu,SKU-0139,11458.00,Central
8306,2024-03-17,Jack Anderson,SKU-0178,15833.00,North
8307,2024-10-18,Yusuf Bell,SKU-0115,23961.00,Central
8308,2024-09-16,Olivia Lewis,SKU-0087,5281.00,East
8309,2024-07-26,Monica Torres,SKU-0020,2507.00,West
8310,2024-07-30,Paula Collins,SKU-0040,3616.00,North
8311,2024-04-14,Emma Brown,SKU-0162,8957.00,Central
8312,2024-12-19,Sofia Sanchez,SKU-0073,20380.00,North
8313,2024-11-20,Kelly Evans,SKU-0076,26244.00,South
8314,2024-10-12,Derek Hill,SKU-0141,26557.00,West
8315,2024-08-18,Troy Morris,SKU-0045,16523.00,Central
8316,2024-05-07,Vincent Reed,SKU-0046,5522.00,South
8317,2024-08-12,Ursula Rogers,SKU-0106,9158.00,East
8318,2024-10-27,Tina Young,SKU-0016,14369.00,North
8319,2024-02-01,Uma Hernandez,SKU-0161,680.00,West
8320,2024-11-24,Rachel Hall,SKU-0018,6924.00,East
8321,2024-10-28,Ursula Rogers,SKU-0199,25208.00,South
8322,2024-08-22,Kelly Evans,SKU-0011,3109.00,North
8323,2024-10-10,Victor King,SKU-0066,24543.00,North
8324,2024-02-16,Kate Thomas,SKU-0177,1472.00,Central
8325,2024-08-15,Amy Adams,SKU-0151,16836.00,South
8326,2024-02-27,Reed Stewart,SKU-0018,28579.00,South
8327,2024-06-20,Iris Patel,SKU-0017,25063.00,East
8328,2024-03-14,Nathan Parker,SKU-0155,27110.00,North
8329,2024-07-11,Henry Taylor,SKU-0107,13543.00,North
8330,2024-11-24,Yusuf Bell,SKU-0148,8032.00,South
8331,2024-04-13,Quinn Walker,SKU-0009,10504.00,Central
8332,2024-06-01,Grace Liu,SKU-0009,24818.00,East
8333,2024-11-05,Alice Chen,SKU-0126,1844.00,North
8334,2024-04-12,Brian Baker,SKU-0109,16447.00,North
8335,2024-10-12,Rachel Hall,SKU-0190,7340.00,Central
8336,2024-10-21,Noah Clark,SKU-0131,14090.00,West
8337,2024-03-01,Yara Scott,SKU-0012,5673.00,East
8338,2024-01-03,Quinn Walker,SKU-0074,25338.00,North
8339,2024-07-02,Nathan Parker,SKU-0073,7382.00,Central
8340,2024-08-13,Jake Phillips,SKU-0118,5569.00,Central
8341,2024-04-08,Olivia Lewis,SKU-0067,8888.00,West
8342,2024-08-14,Gina Mitchell,SKU-0022,4328.00,Central
8343,2024-04-29,Derek Hill,SKU-0126,1353.00,North
8344,2024-08-14,Sam Allen,SKU-0142,5635.00,West
8345,2024-07-29,Gina Mitchell,SKU-0111,8268.00,South
8346,2024-12-09,Victor King,SKU-0092,1841.00,East
8347,2024-05-03,Yusuf Bell,SKU-0052,21822.00,Central
8348,2024-05-22,Elena Ramirez,SKU-0191,29712.00,East
8349,2024-08-19,Reed Stewart,SKU-0172,9795.00,Central
8350,2024-12-04,Elena Ramirez,SKU-0071,19167.00,West
8351,2024-11-08,Nathan Parker,SKU-0006,29763.00,Central
8352,2024-07-09,Sam Allen,SKU-0163,6544.00,North
8353,2024-10-19,Troy Morris,SKU-0026,10211.00,Central
8354,2024-07-01,Iris Patel,SKU-0008,12349.00,West
8355,2024-03-09,Nathan Parker,SKU-0059,19902.00,North
8356,2024-12-07,Reed Stewart,SKU-0089,22662.00,North
8357,2024-12-14,David Kim,SKU-0151,15280.00,Central
8358,2024-07-27,Reed Stewart,SKU-0050,7464.00,West
8359,2024-06-17,Emma Brown,SKU-0131,18725.00,East
8360,2024-12-30,Yara Scott,SKU-0198,17891.00,East
8361,2024-01-03,Kelly Evans,SKU-0186,18936.00,East
8362,2024-06-26,Xavier Lopez,SKU-0192,22927.00,North
8363,2024-05-12,Maya Harris,SKU-0014,23848.00,East
8364,2024-09-22,Wendy Wright,SKU-0086,4365.00,Central
8365,2024-05-04,Yusuf Bell,SKU-0127,9380.00,East
8366,2024-11-13,Olivia Lewis,SKU-0083,26510.00,North
8367,2024-02-10,Iris Patel,SKU-0103,10341.00,Central
8368,2024-08-09,Gina Mitchell,SKU-0074,5823.00,West
8369,2024-02-09,Oscar Edwards,SKU-0026,28199.00,East
8370,2024-02-23,Rachel Hall,SKU-0111,10975.00,South
8371,2024-09-06,Lucas Turner,SKU-0119,7428.00,Central
8372,2024-01-04,Chloe Nelson,SKU-0197,11684.00,South
8373,2024-10-13,Ursula Rogers,SKU-0046,17119.00,South
8374,2024-05-04,Carol White,SKU-0107,5639.00,West
8375,2024-04-25,Tina Young,SKU-0151,27981.00,South
8376,2024-12-27,Jake Phillips,SKU-0094,18158.00,Central
8377,2024-03-04,Olivia Lewis,SKU-0144,4573.00,West
8378,2024-09-29,Gina Mitchell,SKU-0042,7440.00,North
8379,2024-06-21,Hugo Roberts,SKU-0196,15724.00,South
8380,2024-01-31,Lucas Turner,SKU-0115,20823.00,West
8381,2024-06-13,Uma Hernandez,SKU-0149,8148.00,North
8382,2024-12-19,Grace Liu,SKU-0085,29543.00,West
8383,2024-09-27,Elena Ramirez,SKU-0168,3860.00,North
8384,2024-01-04,Noah Clark,SKU-0105,18607.00,Central
8385,2024-09-10,Reed Stewart,SKU-0167,3837.00,South
8386,2024-05-23,Kate Thomas,SKU-0061,5695.00,Central
8387,2024-01-06,Monica Torres,SKU-0063,24324.00,North
8388,2024-06-27,Alice Chen,SKU-0012,7179.00,North
8389,2024-04-25,Troy Morris,SKU-0120,20433.00,West
8390,2024-02-09,Ursula Rogers,SKU-0145,22961.00,West
8391,2024-07-26,Grace Liu,SKU-0091,9972.00,South
8392,2024-04-09,Brian Baker,SKU-0156,23927.00,North
8393,2024-09-21,Nathan Parker,SKU-0089,6807.00,North
8394,2024-07-05,Xena Morgan,SKU-0163,8901.00,West
8395,2024-04-22,Sofia Sanchez,SKU-0054,2400.00,North
8396,2024-06-04,Jack Anderson,SKU-0003,4165.00,East
8397,2024-12-31,Amy Adams,SKU-0056,23085.00,East
8398,2024-03-24,Rachel Hall,SKU-0174,10934.00,Central
8399,2024-08-29,Carol White,SKU-0140,15791.00,Central
8400,2024-08-08,Monica Torres,SKU-0185,6585.00,West
8401,2024-05-08,Tina Young,SKU-0171,13786.00,South
8402,2024-01-20,Carol White,SKU-0048,15692.00,North
8403,2024-11-11,Gina Mitchell,SKU-0117,15782.00,North
8404,2024-05-20,Sam Allen,SKU-0124,18950.00,North
8405,2024-12-24,Derek Hill,SKU-0021,6041.00,Central
8406,2024-05-19,Sofia Sanchez,SKU-0104,26360.00,Central
8407,2024-03-04,Victor King,SKU-0174,27372.00,West
8408,2024-01-30,Felix Campbell,SKU-0124,23269.00,East
8409,2024-06-21,Xavier Lopez,SKU-0031,22745.00,East
8410,2024-04-08,Amy Adams,SKU-0195,28824.00,North
8411,2024-01-14,Noah Clark,SKU-0160,14787.00,East
8412,2024-10-28,Vincent Reed,SKU-0073,1942.00,East
8413,2024-01-08,Monica Torres,SKU-0102,7569.00,Central
8414,2024-09-29,Noah Clark,SKU-0054,4231.00,East
8415,2024-04-22,Lucas Turner,SKU-0160,16489.00,South
8416,2024-11-28,David Kim,SKU-0003,26154.00,South
8417,2024-09-12,Xavier Lopez,SKU-0096,14887.00,North
8418,2024-05-21,Ivy Carter,SKU-0174,529.00,East
8419,2024-12-19,Brian Baker,SKU-0155,21306.00,East
8420,2024-08-06,Chloe Nelson,SKU-0101,6791.00,North
8421,2024-09-08,Reed Stewart,SKU-0134,9077.00,South
8422,2024-12-05,Hugo Roberts,SKU-0115,23287.00,South
8423,2024-12-09,Troy Morris,SKU-0149,17134.00,North
8424,2024-10-14,Ursula Rogers,SKU-0090,23215.00,North
8425,2024-02-27,Zach Green,SKU-0018,16660.00,South
8426,2024-05-18,Wendy Wright,SKU-0043,26294.00,East
8427,2024-10-30,Noah Clark,SKU-0093,13932.00,West
8428,2024-10-30,Xena Morgan,SKU-0049,20566.00,North
8429,2024-08-11,Chloe Nelson,SKU-0176,4633.00,Central
8430,2024-04-09,Emma Brown,SKU-0079,18885.00,East
8431,2024-08-27,Leo Jackson,SKU-0067,8549.00,West
8432,2024-02-11,Yusuf Bell,SKU-0022,1592.00,West
8433,2024-11-15,Kate Thomas,SKU-0172,18574.00,South
8434,2024-07-21,Iris Patel,SKU-0037,13808.00,North
8435,2024-02-06,Grace Liu,SKU-0059,14867.00,West
8436,2024-06-11,Yusuf Bell,SKU-0107,25140.00,East
8437,2024-07-25,Wendy Wright,SKU-0171,3330.00,North
8438,2024-08-07,Tina Young,SKU-0166,7285.00,South
8439,2024-01-13,Sam Allen,SKU-0144,24066.00,East
8440,2024-12-06,Grace Liu,SKU-0104,29509.00,North
8441,2024-05-19,Frank Wilson,SKU-0012,12822.00,West
8442,2024-10-20,Amy Adams,SKU-0174,18019.00,North
8443,2024-01-03,Iris Patel,SKU-0090,24026.00,West
8444,2024-02-26,Rachel Hall,SKU-0177,28743.00,North
8445,2024-02-24,Jack Anderson,SKU-0069,19482.00,East
8446,2024-04-21,Yara Scott,SKU-0051,10918.00,East
8447,2024-09-14,Maya Harris,SKU-0085,2289.00,East
8448,2024-11-03,Victor King,SKU-0187,5061.00,South
8449,2024-02-27,Amy Adams,SKU-0140,2905.00,North
8450,2024-12-23,Zach Green,SKU-0044,2532.00,North
8451,2024-06-14,Troy Morris,SKU-0091,28543.00,South
8452,2024-03-21,Hugo Roberts,SKU-0043,5158.00,Central
8453,2024-10-02,Leo Jackson,SKU-0072,14909.00,Central
8454,2024-12-22,Troy Morris,SKU-0180,8575.00,North
8455,2024-09-25,Olivia Lewis,SKU-0132,6119.00,South
8456,2024-12-08,Jake Phillips,SKU-0052,22949.00,East
8457,2024-06-05,Victor King,SKU-0143,4288.00,East
8458,2024-03-31,Ursula Rogers,SKU-0063,11303.00,South
8459,2024-11-29,Kelly Evans,SKU-0104,17247.00,South
8460,2024-11-13,Nathan Parker,SKU-0013,20248.00,East
8461,2024-09-06,Kate Thomas,SKU-0138,7594.00,North
8462,2024-07-22,Kate Thomas,SKU-0175,8172.00,East
8463,2024-05-09,Ivy Carter,SKU-0024,17767.00,South
8464,2024-05-09,Iris Patel,SKU-0002,17356.00,Central
8465,2024-07-15,Whitney Cook,SKU-0127,7678.00,East
8466,2024-10-10,Olivia Lewis,SKU-0138,27695.00,North
8467,2024-04-13,Bob Martinez,SKU-0126,8734.00,West
8468,2024-05-05,Felix Campbell,SKU-0120,24023.00,Central
8469,2024-05-06,Paula Collins,SKU-0067,2886.00,Central
8470,2024-12-18,Vincent Reed,SKU-0194,19155.00,South
8471,2024-09-08,Brian Baker,SKU-0154,5384.00,East
8472,2024-10-24,Kelly Evans,SKU-0175,24725.00,Central
8473,2024-12-02,Alice Chen,SKU-0014,23560.00,Central
8474,2024-02-04,Ursula Rogers,SKU-0045,23980.00,East
8475,2024-11-08,David Kim,SKU-0027,11058.00,South
8476,2024-02-17,Paula Collins,SKU-0091,23760.00,West
8477,2024-04-22,Henry Taylor,SKU-0194,20308.00,North
8478,2024-07-02,Quinn Walker,SKU-0174,3792.00,East
8479,2024-12-22,Peter Robinson,SKU-0105,5030.00,West
8480,2024-05-17,Paula Collins,SKU-0083,25264.00,South
8481,2024-05-02,Hugo Roberts,SKU-0046,16058.00,East
8482,2024-09-18,Gina Mitchell,SKU-0147,5288.00,North
8483,2024-08-15,Zach Green,SKU-0061,6305.00,East
8484,2024-08-15,Yara Scott,SKU-0049,5254.00,East
8485,2024-11-27,Chloe Nelson,SKU-0138,3447.00,North
8486,2024-01-27,Victor King,SKU-0060,23700.00,South
8487,2024-08-11,Lucas Turner,SKU-0136,10553.00,West
8488,2024-07-15,Whitney Cook,SKU-0109,7487.00,Central
8489,2024-04-28,Tina Young,SKU-0196,11606.00,North
8490,2024-04-02,Carol White,SKU-0137,6461.00,Central
8491,2024-09-28,Olivia Lewis,SKU-0041,5635.00,East
8492,2024-02-28,Alice Chen,SKU-0094,8438.00,West
8493,2024-05-03,Felix Campbell,SKU-0076,2978.00,West
8494,2024-03-10,Jake Phillips,SKU-0041,10775.00,North
8495,2024-08-13,Xavier Lopez,SKU-0182,10180.00,South
8496,2024-12-08,Iris Patel,SKU-0020,25838.00,South
8497,2024-05-13,Xavier Lopez,SKU-0011,9931.00,Central
8498,2024-03-10,Oscar Edwards,SKU-0032,27706.00,East
8499,2024-06-13,Xavier Lopez,SKU-0078,7831.00,East
8500,2024-12-08,Ivy Carter,SKU-0114,16158.00,South
8501,2024-02-11,Iris Patel,SKU-0037,7325.00,West
8502,2024-03-18,David Kim,SKU-0148,16900.00,West
8503,2024-10-11,Bob Martinez,SKU-0188,27043.00,West
8504,2024-02-17,Alice Chen,SKU-0138,21084.00,East
8505,2024-11-05,Emma Brown,SKU-0049,2778.00,Central
8506,2024-10-18,Lucas Turner,SKU-0067,1216.00,Central
8507,2024-06-08,Peter Robinson,SKU-0092,25366.00,Central
8508,2024-08-01,Nathan Parker,SKU-0166,3958.00,Central
8509,2024-07-27,Bob Martinez,SKU-0052,19409.00,Central
8510,2024-08-09,Jack Anderson,SKU-0156,8717.00,East
8511,2024-08-14,Wendy Wright,SKU-0169,3114.00,East
8512,2024-09-13,Peter Robinson,SKU-0038,5664.00,East
8513,2024-01-29,Maya Harris,SKU-0103,24652.00,Central
8514,2024-06-09,Gina Mitchell,SKU-0049,4924.00,Central
8515,2024-02-23,Ivy Carter,SKU-0098,22337.00,Central
8516,2024-12-04,Tina Young,SKU-0131,15551.00,Central
8517,2024-11-26,Chloe Nelson,SKU-0104,5489.00,East
8518,2024-05-02,Chloe Nelson,SKU-0148,11180.00,South
8519,2024-08-16,David Kim,SKU-0027,17162.00,East
8520,2024-02-22,Noah Clark,SKU-0025,6335.00,East
8521,2024-04-14,Kate Thomas,SKU-0091,19981.00,East
8522,2024-12-13,Uma Hernandez,SKU-0104,5741.00,Central
8523,2024-11-03,Xavier Lopez,SKU-0187,3219.00,West
8524,2024-09-24,Grace Liu,SKU-0083,11243.00,West
8525,2024-09-26,Reed Stewart,SKU-0080,6335.00,South
8526,2024-09-17,Gina Mitchell,SKU-0138,7155.00,Central
8527,2024-09-12,Lucas Turner,SKU-0014,5747.00,North
8528,2024-06-01,Victor King,SKU-0183,20643.00,Central
8529,2024-02-10,Hugo Roberts,SKU-0168,11667.00,East
8530,2024-11-11,Rachel Hall,SKU-0123,17486.00,North
8531,2024-04-06,Troy Morris,SKU-0182,20146.00,North
8532,2024-06-06,Rachel Hall,SKU-0032,22737.00,North
8533,2024-01-12,Kelly Evans,SKU-0170,21433.00,West
8534,2024-05-18,Noah Clark,SKU-0187,12812.00,West
8535,2024-12-28,Carol White,SKU-0136,27997.00,West
8536,2024-03-21,Quinn Walker,SKU-0190,27940.00,South
8537,2024-03-04,Chloe Nelson,SKU-0196,12604.00,Central
8538,2024-04-05,Hugo Roberts,SKU-0084,15281.00,West
8539,2024-03-18,Ivy Carter,SKU-0005,28691.00,North
8540,2024-01-29,Sofia Sanchez,SKU-0173,21622.00,North
8541,2024-07-02,Tina Young,SKU-0164,9794.00,North
8542,2024-02-02,Rachel Hall,SKU-0053,8112.00,North
8543,2024-01-26,Chloe Nelson,SKU-0016,9496.00,West
8544,2024-02-08,Iris Patel,SKU-0097,11006.00,West
8545,2024-01-08,Hugo Roberts,SKU-0197,23159.00,South
8546,2024-08-11,Felix Campbell,SKU-0177,9762.00,South
8547,2024-01-18,Yusuf Bell,SKU-0008,3611.00,North
8548,2024-10-17,Yusuf Bell,SKU-0099,6270.00,North
8549,2024-08-08,Troy Morris,SKU-0079,9193.00,East
8550,2024-05-09,Gina Mitchell,SKU-0038,24512.00,East
8551,2024-08-14,Monica Torres,SKU-0010,3967.00,Central
8552,2024-06-04,Paula Collins,SKU-0036,15903.00,East
8553,2024-06-17,Maya Harris,SKU-0156,14075.00,West
8554,2024-11-29,Troy Morris,SKU-0200,2807.00,South
8555,2024-01-02,Ivy Carter,SKU-0115,25793.00,North
8556,2024-07-21,Chloe Nelson,SKU-0090,5402.00,West
8557,2024-08-16,Kate Thomas,SKU-0087,7146.00,East
8558,2024-12-27,Gina Mitchell,SKU-0041,19792.00,East
8559,2024-01-20,Xavier Lopez,SKU-0071,7234.00,West
8560,2024-06-13,Hugo Roberts,SKU-0141,26423.00,South
8561,2024-03-21,Nathan Parker,SKU-0126,13342.00,Central
8562,2024-03-21,Peter Robinson,SKU-0057,605.00,South
8563,2024-04-06,Brian Baker,SKU-0157,24762.00,Central
8564,2024-03-21,Reed Stewart,SKU-0007,28516.00,North
8565,2024-02-28,Monica Torres,SKU-0138,12105.00,West
8566,2024-01-27,Yara Scott,SKU-0022,21223.00,Central
8567,2024-01-24,Carol White,SKU-0143,18843.00,Central
8568,2024-05-29,Sofia Sanchez,SKU-0157,29610.00,West
8569,2024-09-11,Noah Clark,SKU-0153,9310.00,Central
8570,2024-01-30,Gina Mitchell,SKU-0085,4939.00,West
8571,2024-10-03,Felix Campbell,SKU-0146,14798.00,East
8572,2024-02-03,Sam Allen,SKU-0077,8083.00,South
8573,2024-01-17,Lucas Turner,SKU-0006,23743.00,East
8574,2024-11-28,Reed Stewart,SKU-0025,25622.00,North
8575,2024-07-04,Henry Taylor,SKU-0117,8068.00,West
8576,2024-11-29,Bob Martinez,SKU-0084,29559.00,West
8577,2024-05-13,Zach Green,SKU-0009,9470.00,South
8578,2024-09-15,Sam Allen,SKU-0082,6880.00,South
8579,2024-05-04,Amy Adams,SKU-0180,26012.00,West
8580,2024-11-10,Lucas Turner,SKU-0069,8543.00,South
8581,2024-07-01,Wendy Wright,SKU-0174,4970.00,North
8582,2024-12-11,Henry Taylor,SKU-0134,5904.00,East
8583,2024-06-13,Sam Allen,SKU-0009,10801.00,West
8584,2024-02-28,Lucas Turner,SKU-0069,18547.00,West
8585,2024-02-24,Leo Jackson,SKU-0114,6913.00,Central
8586,2024-11-20,Carol White,SKU-0125,27088.00,North
8587,2024-09-12,Whitney Cook,SKU-0111,8283.00,Central
8588,2024-03-18,Vincent Reed,SKU-0195,8879.00,Central
8589,2024-02-15,Rachel Hall,SKU-0041,3851.00,North
8590,2024-12-05,Rachel Hall,SKU-0032,26720.00,East
8591,2024-12-26,Reed Stewart,SKU-0119,5373.00,West
8592,2024-08-08,Rachel Hall,SKU-0005,4274.00,South
8593,2024-01-06,Zach Green,SKU-0128,10944.00,East
8594,2024-02-06,Wendy Wright,SKU-0188,20672.00,West
8595,2024-06-27,Xena Morgan,SKU-0111,20286.00,South
8596,2024-10-05,Kelly Evans,SKU-0061,27513.00,North
8597,2024-04-29,Ursula Rogers,SKU-0026,5758.00,Central
8598,2024-07-15,Victor King,SKU-0167,8875.00,South
8599,2024-12-10,Paula Collins,SKU-0182,8549.00,East
8600,2024-03-15,Kate Thomas,SKU-0192,29967.00,North
8601,2024-03-10,Rachel Hall,SKU-0095,12387.00,Central
8602,2024-07-22,Frank Wilson,SKU-0163,11887.00,North
8603,2024-07-26,Yusuf Bell,SKU-0124,13284.00,North
8604,2024-01-24,Troy Morris,SKU-0059,29085.00,East
8605,2024-10-17,Brian Baker,SKU-0182,7651.00,North
8606,2024-06-29,Frank Wilson,SKU-0123,4308.00,North
8607,2024-10-23,Henry Taylor,SKU-0084,21057.00,West
8608,2024-01-28,Yusuf Bell,SKU-0164,6479.00,East
8609,2024-05-24,Ivy Carter,SKU-0049,11618.00,South
8610,2024-05-03,Leo Jackson,SKU-0054,15219.00,East
8611,2024-07-30,Xena Morgan,SKU-0070,5196.00,North
8612,2024-03-24,Hugo Roberts,SKU-0038,6019.00,South
8613,2024-07-28,Kate Thomas,SKU-0120,5093.00,North
8614,2024-12-02,Amy Adams,SKU-0011,6872.00,North
8615,2024-04-23,Sofia Sanchez,SKU-0092,14260.00,South
8616,2024-12-24,Iris Patel,SKU-0186,10496.00,West
8617,2024-03-31,Ursula Rogers,SKU-0052,13832.00,North
8618,2024-04-14,Leo Jackson,SKU-0144,13412.00,Central
8619,2024-03-31,Felix Campbell,SKU-0061,21801.00,South
8620,2024-03-02,Quinn Walker,SKU-0036,16395.00,North
8621,2024-11-06,Kelly Evans,SKU-0097,4262.00,North
8622,2024-08-20,Henry Taylor,SKU-0174,8914.00,West
8623,2024-04-04,Chloe Nelson,SKU-0165,1536.00,West
8624,2024-07-16,Hugo Roberts,SKU-0050,4911.00,West
8625,2024-07-19,Yara Scott,SKU-0169,6360.00,Central
8626,2024-10-27,Kate Thomas,SKU-0187,29890.00,East
8627,2024-07-07,Nathan Parker,SKU-0127,4773.00,Central
8628,2024-09-19,Felix Campbell,SKU-0092,7842.00,South
8629,2024-04-10,Alice Chen,SKU-0191,28514.00,Central
8630,2024-08-20,Peter Robinson,SKU-0043,3977.00,Central
8631,2024-08-08,Whitney Cook,SKU-0077,4619.00,South
8632,2024-02-15,Ivy Carter,SKU-0051,25276.00,West
8633,2024-01-06,Zach Green,SKU-0102,25327.00,West
8634,2024-08-17,Monica Torres,SKU-0093,3263.00,West
8635,2024-01-29,Yusuf Bell,SKU-0005,29784.00,North
8636,2024-04-12,Grace Liu,SKU-0071,29893.00,East
8637,2024-11-20,Emma Brown,SKU-0200,4796.00,South
8638,2024-09-02,Olivia Lewis,SKU-0131,6365.00,South
8639,2024-08-03,Whitney Cook,SKU-0010,8408.00,West
8640,2024-04-09,Hugo Roberts,SKU-0091,4953.00,West
8641,2024-02-06,Monica Torres,SKU-0101,23294.00,South
8642,2024-01-17,Reed Stewart,SKU-0029,17255.00,East
8643,2024-01-08,Alice Chen,SKU-0054,5260.00,East
8644,2024-11-16,Kate Thomas,SKU-0132,11360.00,South
8645,2024-06-26,David Kim,SKU-0181,17084.00,East
8646,2024-06-29,Wendy Wright,SKU-0020,8147.00,North
8647,2024-10-23,Ivy Carter,SKU-0056,18980.00,North
8648,2024-12-08,Paula Collins,SKU-0101,1646.00,West
8649,2024-08-31,Iris Patel,SKU-0031,7661.00,Central
8650,2024-05-19,Carol White,SKU-0057,18376.00,East
8651,2024-08-07,Paula Collins,SKU-0193,3382.00,Central
8652,2024-05-05,Noah Clark,SKU-0061,751.00,West
8653,2024-08-21,Xavier Lopez,SKU-0187,8609.00,South
8654,2024-06-26,Frank Wilson,SKU-0031,29183.00,Central
8655,2024-01-08,Olivia Lewis,SKU-0124,2850.00,North
8656,2024-06-07,Lucas Turner,SKU-0095,25350.00,West
8657,2024-07-22,Kate Thomas,SKU-0121,9678.00,South
8658,2024-08-23,Troy Morris,SKU-0080,7430.00,South
8659,2024-07-18,Iris Patel,SKU-0195,10706.00,East
8660,2024-05-04,Derek Hill,SKU-0176,27706.00,East
8661,2024-09-08,Monica Torres,SKU-0125,7615.00,North
8662,2024-08-14,Yara Scott,SKU-0100,4163.00,North
8663,2024-09-11,Gina Mitchell,SKU-0023,7753.00,Central
8664,2024-11-09,Monica Torres,SKU-0136,5407.00,Central
8665,2024-08-13,Jack Anderson,SKU-0087,16727.00,Central
8666,2024-08-02,Bob Martinez,SKU-0022,15186.00,Central
8667,2024-01-13,Bob Martinez,SKU-0045,20134.00,Central
8668,2024-07-05,Iris Patel,SKU-0024,10898.00,East
8669,2024-08-03,Chloe Nelson,SKU-0131,6321.00,North
8670,2024-08-30,Noah Clark,SKU-0085,6109.00,North
8671,2024-08-26,Felix Campbell,SKU-0027,5297.00,East
8672,2024-02-13,Derek Hill,SKU-0038,22048.00,Central
8673,2024-11-06,Bob Martinez,SKU-0101,2730.00,Central
8674,2024-09-22,Gina Mitchell,SKU-0124,8524.00,East
8675,2024-12-30,Jack Anderson,SKU-0181,14629.00,East
8676,2024-01-01,Amy Adams,SKU-0039,15737.00,East
8677,2024-09-27,Carol White,SKU-0162,12234.00,South
8678,2024-08-26,Uma Hernandez,SKU-0185,11887.00,West
8679,2024-10-13,Tina Young,SKU-0198,10095.00,West
8680,2024-11-30,Felix Campbell,SKU-0009,14267.00,Central
8681,2024-05-28,Yara Scott,SKU-0043,21168.00,North
8682,2024-05-31,Yusuf Bell,SKU-0038,4621.00,North
8683,2024-02-28,Kelly Evans,SKU-0124,24295.00,South
8684,2024-10-09,Paula Collins,SKU-0054,21584.00,North
8685,2024-01-17,Vincent Reed,SKU-0066,11337.00,South
8686,2024-07-17,Uma Hernandez,SKU-0158,6885.00,East
8687,2024-05-02,Brian Baker,SKU-0126,29654.00,East
8688,2024-04-28,Xena Morgan,SKU-0183,27693.00,West
8689,2024-09-13,Nathan Parker,SKU-0121,7776.00,Central
8690,2024-01-21,Hugo Roberts,SKU-0060,3647.00,Central
8691,2024-12-03,Nathan Parker,SKU-0006,7642.00,North
8692,2024-03-21,Gina Mitchell,SKU-0009,10103.00,East
8693,2024-03-25,Henry Taylor,SKU-0198,2694.00,East
8694,2024-02-19,Frank Wilson,SKU-0111,13563.00,Central
8695,2024-05-11,Carol White,SKU-0175,3895.00,Central
8696,2024-04-28,Vincent Reed,SKU-0118,25211.00,East
8697,2024-08-21,David Kim,SKU-0004,12784.00,Central
8698,2024-05-20,Alice Chen,SKU-0072,25588.00,North
8699,2024-04-13,Chloe Nelson,SKU-0070,1742.00,Central
8700,2024-02-06,Leo Jackson,SKU-0075,23432.00,East
8701,2024-01-01,Nathan Parker,SKU-0067,26568.00,North
8702,2024-09-10,Frank Wilson,SKU-0051,6552.00,East
8703,2024-01-12,Amy Adams,SKU-0045,4594.00,North
8704,2024-01-04,Rachel Hall,SKU-0124,28103.00,West
8705,2024-07-02,Tina Young,SKU-0072,7608.00,East
8706,2024-03-22,Jake Phillips,SKU-0057,2687.00,South
8707,2024-02-26,Amy Adams,SKU-0110,14883.00,West
8708,2024-07-17,Paula Collins,SKU-0020,4341.00,Central
8709,2024-11-10,Bob Martinez,SKU-0068,23233.00,East
8710,2024-11-09,Carol White,SKU-0172,9663.00,Central
8711,2024-03-28,Elena Ramirez,SKU-0127,29330.00,North
8712,2024-03-10,Henry Taylor,SKU-0150,5597.00,West
8713,2024-05-31,Yusuf Bell,SKU-0076,2450.00,South
8714,2024-06-01,Alice Chen,SKU-0144,21850.00,West
8715,2024-09-06,Reed Stewart,SKU-0017,10081.00,South
8716,2024-04-27,Xena Morgan,SKU-0064,15124.00,West
8717,2024-07-06,Felix Campbell,SKU-0079,3188.00,South
8718,2024-09-10,Hugo Roberts,SKU-0137,5782.00,North
8719,2024-01-29,Quinn Walker,SKU-0081,6739.00,North
8720,2024-01-25,Ivy Carter,SKU-0027,29476.00,West
8721,2024-09-20,Uma Hernandez,SKU-0052,10149.00,West
8722,2024-02-20,Xena Morgan,SKU-0094,24135.00,North
8723,2024-03-24,Tina Young,SKU-0030,7259.00,Central
8724,2024-04-06,David Kim,SKU-0039,10661.00,North
8725,2024-04-11,Olivia Lewis,SKU-0060,12700.00,South
8726,2024-01-24,Jake Phillips,SKU-0115,12035.00,Central
8727,2024-05-22,Tina Young,SKU-0152,28509.00,South
8728,2024-06-19,Rachel Hall,SKU-0132,6759.00,North
8729,2024-10-31,Yusuf Bell,SKU-0110,4389.00,Central
8730,2024-01-16,Leo Jackson,SKU-0190,23239.00,North
8731,2024-07-21,Zach Green,SKU-0154,7481.00,North
8732,2024-10-28,Nathan Parker,SKU-0056,19425.00,East
8733,2024-09-06,Troy Morris,SKU-0030,11775.00,East
8734,2024-09-18,Wendy Wright,SKU-0198,4638.00,North
8735,2024-10-23,Sofia Sanchez,SKU-0109,1389.00,West
8736,2024-10-30,Ivy Carter,SKU-0095,2647.00,North
8737,2024-01-08,Nathan Parker,SKU-0024,27140.00,North
8738,2024-03-21,Zach Green,SKU-0049,20958.00,North
8739,2024-05-27,Sam Allen,SKU-0046,20768.00,South
8740,2024-05-20,Quinn Walker,SKU-0164,9592.00,Central
8741,2024-04-23,Oscar Edwards,SKU-0073,28263.00,South
8742,2024-06-17,Olivia Lewis,SKU-0071,14734.00,South
8743,2024-06-10,Olivia Lewis,SKU-0020,13536.00,South
8744,2024-09-26,Rachel Hall,SKU-0124,8981.00,East
8745,2024-07-13,Gina Mitchell,SKU-0180,5194.00,North
8746,2024-05-18,Lucas Turner,SKU-0083,24681.00,Central
8747,2024-06-21,Maya Harris,SKU-0082,29450.00,East
8748,2024-02-14,Ursula Rogers,SKU-0195,20845.00,South
8749,2024-07-16,David Kim,SKU-0175,9503.00,North
8750,2024-09-10,Noah Clark,SKU-0124,6618.00,North
8751,2024-02-08,Sofia Sanchez,SKU-0125,14269.00,Central
8752,2024-06-17,Vincent Reed,SKU-0045,2344.00,West
8753,2024-06-18,Ursula Rogers,SKU-0092,23327.00,West
8754,2024-11-20,Carol White,SKU-0013,19777.00,West
8755,2024-01-18,Gina Mitchell,SKU-0064,27083.00,West
8756,2024-06-24,Bob Martinez,SKU-0039,1710.00,East
8757,2024-01-14,Grace Liu,SKU-0002,5132.00,Central
8758,2024-07-20,Olivia Lewis,SKU-0136,6575.00,North
8759,2024-08-05,Yusuf Bell,SKU-0143,9846.00,West
8760,2024-11-02,Xavier Lopez,SKU-0185,25407.00,East
8761,2024-11-24,Felix Campbell,SKU-0190,8302.00,South
8762,2024-04-22,Whitney Cook,SKU-0120,15005.00,North
8763,2024-03-17,Frank Wilson,SKU-0150,29309.00,West
8764,2024-08-19,Olivia Lewis,SKU-0005,12344.00,South
8765,2024-08-04,Elena Ramirez,SKU-0089,2883.00,South
8766,2024-03-03,Victor King,SKU-0022,12871.00,West
8767,2024-05-18,Zach Green,SKU-0069,2331.00,North
8768,2024-09-16,Oscar Edwards,SKU-0095,4432.00,West
8769,2024-07-23,Sam Allen,SKU-0021,6372.00,North
8770,2024-08-09,Reed Stewart,SKU-0046,6074.00,West
8771,2024-03-31,Zach Green,SKU-0122,22458.00,North
8772,2024-05-12,Derek Hill,SKU-0165,15234.00,Central
8773,2024-04-02,Troy Morris,SKU-0039,29193.00,South
8774,2024-02-14,Oscar Edwards,SKU-0186,22222.00,Central
8775,2024-12-21,Xena Morgan,SKU-0124,27590.00,Central
8776,2024-06-06,Uma Hernandez,SKU-0112,9647.00,West
8777,2024-03-21,Tina Young,SKU-0101,25456.00,Central
8778,2024-05-26,Monica Torres,SKU-0149,8529.00,North
8779,2024-04-25,Frank Wilson,SKU-0055,629.00,West
8780,2024-07-31,Hugo Roberts,SKU-0193,5444.00,South
8781,2024-10-25,Noah Clark,SKU-0069,29345.00,East
8782,2024-07-03,Yusuf Bell,SKU-0180,10029.00,West
8783,2024-09-03,Bob Martinez,SKU-0026,17043.00,East
8784,2024-03-10,Amy Adams,SKU-0005,7924.00,East
8785,2024-06-19,Brian Baker,SKU-0036,25000.00,Central
8786,2024-12-05,Kelly Evans,SKU-0163,559.00,Central
8787,2024-11-01,Yara Scott,SKU-0114,28424.00,West
8788,2024-02-28,Sofia Sanchez,SKU-0168,1471.00,Central
8789,2024-02-15,Nathan Parker,SKU-0055,6166.00,South
8790,2024-06-29,Alice Chen,SKU-0115,25222.00,East
8791,2024-09-20,Whitney Cook,SKU-0127,9718.00,West
8792,2024-11-24,Derek Hill,SKU-0048,9079.00,West
8793,2024-01-31,Reed Stewart,SKU-0162,22009.00,West
8794,2024-03-16,Olivia Lewis,SKU-0119,7242.00,East
8795,2024-03-08,Paula Collins,SKU-0184,26053.00,North
8796,2024-08-05,Sofia Sanchez,SKU-0071,4975.00,Central
8797,2024-04-04,Whitney Cook,SKU-0075,5006.00,East
8798,2024-09-14,Zach Green,SKU-0086,2697.00,East
8799,2024-03-13,Bob Martinez,SKU-0139,27316.00,Central
8800,2024-08-15,Nathan Parker,SKU-0079,4942.00,Central
8801,2024-01-18,Yusuf Bell,SKU-0036,29821.00,Central
8802,2024-05-26,Uma Hernandez,SKU-0055,22676.00,West
8803,2024-12-26,Sam Allen,SKU-0053,20348.00,South
8804,2024-09-16,Oscar Edwards,SKU-0103,3889.00,South
8805,2024-06-18,Bob Martinez,SKU-0135,13681.00,East
8806,2024-10-29,Lucas Turner,SKU-0112,23532.00,South
8807,2024-09-08,David Kim,SKU-0198,7726.00,West
8808,2024-11-03,Noah Clark,SKU-0087,4796.00,Central
8809,2024-10-07,Xavier Lopez,SKU-0151,12482.00,Central
8810,2024-09-09,Alice Chen,SKU-0193,11247.00,South
8811,2024-04-24,David Kim,SKU-0182,24704.00,North
8812,2024-03-03,Leo Jackson,SKU-0184,11616.00,South
8813,2024-04-20,Quinn Walker,SKU-0042,23266.00,Central
8814,2024-08-26,Maya Harris,SKU-0035,3245.00,Central
8815,2024-01-01,Olivia Lewis,SKU-0111,13551.00,South
8816,2024-09-04,Carol White,SKU-0075,10850.00,East
8817,2024-08-09,David Kim,SKU-0059,16383.00,Central
8818,2024-01-22,Rachel Hall,SKU-0105,27335.00,West
8819,2024-11-06,Leo Jackson,SKU-0101,7249.00,Central
8820,2024-06-11,Tina Young,SKU-0071,15632.00,West
8821,2024-05-24,Quinn Walker,SKU-0149,9868.00,East
8822,2024-06-24,Alice Chen,SKU-0042,4593.00,South
8823,2024-08-07,Emma Brown,SKU-0010,10671.00,East
8824,2024-09-02,Amy Adams,SKU-0022,13421.00,North
8825,2024-12-05,Yusuf Bell,SKU-0105,27656.00,South
8826,2024-03-28,Iris Patel,SKU-0189,26121.00,East
8827,2024-02-16,Jake Phillips,SKU-0071,21608.00,East
8828,2024-01-14,Sam Allen,SKU-0175,22471.00,Central
8829,2024-12-01,Amy Adams,SKU-0016,5248.00,North
8830,2024-09-20,Peter Robinson,SKU-0190,4814.00,South
8831,2024-04-06,Yusuf Bell,SKU-0183,6841.00,East
8832,2024-12-20,Olivia Lewis,SKU-0055,28178.00,North
8833,2024-11-15,Alice Chen,SKU-0014,20559.00,North
8834,2024-04-02,Paula Collins,SKU-0078,5092.00,West
8835,2024-10-15,Ivy Carter,SKU-0093,11733.00,South
8836,2024-08-07,Wendy Wright,SKU-0128,3906.00,East
8837,2024-10-02,Uma Hernandez,SKU-0147,8945.00,North
8838,2024-05-25,Victor King,SKU-0012,8079.00,North
8839,2024-07-28,Maya Harris,SKU-0042,2898.00,South
8840,2024-09-25,Kelly Evans,SKU-0029,4772.00,East
8841,2024-03-01,Peter Robinson,SKU-0014,5036.00,East
8842,2024-08-02,Nathan Parker,SKU-0179,4393.00,West
8843,2024-03-24,Hugo Roberts,SKU-0081,24290.00,Central
8844,2024-12-08,Xena Morgan,SKU-0048,27176.00,East
8845,2024-04-02,Yusuf Bell,SKU-0180,7041.00,South
8846,2024-01-21,Alice Chen,SKU-0039,25190.00,South
8847,2024-05-14,Iris Patel,SKU-0128,16127.00,Central
8848,2024-08-21,Hugo Roberts,SKU-0053,3452.00,South
8849,2024-05-25,Kate Thomas,SKU-0037,21161.00,West
8850,2024-02-03,Tina Young,SKU-0011,22053.00,South
8851,2024-08-22,Sam Allen,SKU-0133,7701.00,Central
8852,2024-08-30,Kate Thomas,SKU-0035,3400.00,North
8853,2024-09-03,Derek Hill,SKU-0124,7307.00,Central
8854,2024-09-14,Yusuf Bell,SKU-0194,9403.00,West
8855,2024-07-05,Troy Morris,SKU-0010,9855.00,East
8856,2024-06-17,Brian Baker,SKU-0123,23303.00,Central
8857,2024-01-29,Kelly Evans,SKU-0122,25032.00,North
8858,2024-04-02,Ursula Rogers,SKU-0141,19650.00,West
8859,2024-09-05,Monica Torres,SKU-0191,5128.00,North
8860,2024-05-05,Amy Adams,SKU-0091,25092.00,West
8861,2024-08-25,Bob Martinez,SKU-0155,15386.00,North
8862,2024-12-05,Nathan Parker,SKU-0172,10528.00,Central
8863,2024-10-28,Jake Phillips,SKU-0072,978.00,North
8864,2024-03-28,Alice Chen,SKU-0103,14783.00,South
8865,2024-01-26,Brian Baker,SKU-0053,8958.00,East
8866,2024-10-31,Henry Taylor,SKU-0122,12280.00,Central
8867,2024-02-22,Alice Chen,SKU-0149,20871.00,North
8868,2024-03-02,Carol White,SKU-0036,5658.00,North
8869,2024-09-26,Lucas Turner,SKU-0008,10882.00,East
8870,2024-06-08,Chloe Nelson,SKU-0185,20476.00,West
8871,2024-05-09,Gina Mitchell,SKU-0180,18948.00,North
8872,2024-07-01,David Kim,SKU-0044,16295.00,West
8873,2024-08-20,Bob Martinez,SKU-0195,5558.00,East
8874,2024-03-06,Oscar Edwards,SKU-0060,9210.00,South
8875,2024-12-10,Noah Clark,SKU-0156,8398.00,East
8876,2024-11-07,Tina Young,SKU-0186,11714.00,North
8877,2024-02-06,Peter Robinson,SKU-0114,17445.00,South
8878,2024-12-14,Jack Anderson,SKU-0047,11570.00,South
8879,2024-10-07,Ivy Carter,SKU-0200,3481.00,East
8880,2024-07-31,Carol White,SKU-0024,9382.00,North
8881,2024-10-14,Paula Collins,SKU-0102,27375.00,West
8882,2024-01-28,Uma Hernandez,SKU-0061,4175.00,East
8883,2024-04-04,Sofia Sanchez,SKU-0049,29502.00,West
8884,2024-09-10,Noah Clark,SKU-0036,8893.00,North
8885,2024-03-25,Nathan Parker,SKU-0093,4553.00,East
8886,2024-09-13,Hugo Roberts,SKU-0123,6715.00,North
8887,2024-04-10,Bob Martinez,SKU-0128,13298.00,West
8888,2024-01-11,Emma Brown,SKU-0152,14879.00,South
8889,2024-01-10,Monica Torres,SKU-0172,8627.00,East
8890,2024-08-31,Gina Mitchell,SKU-0073,8999.00,North
8891,2024-09-19,Iris Patel,SKU-0129,10464.00,East
8892,2024-06-19,David Kim,SKU-0155,9637.00,West
8893,2024-09-14,Maya Harris,SKU-0134,2570.00,North
8894,2024-02-23,Peter Robinson,SKU-0034,6381.00,South
8895,2024-05-29,Derek Hill,SKU-0161,24942.00,North
8896,2024-08-24,Chloe Nelson,SKU-0183,3022.00,West
8897,2024-10-24,Noah Clark,SKU-0176,26952.00,West
8898,2024-11-14,Grace Liu,SKU-0167,1699.00,East
8899,2024-07-08,Uma Hernandez,SKU-0101,7739.00,North
8900,2024-07-08,Grace Liu,SKU-0088,10051.00,Central
8901,2024-12-19,Derek Hill,SKU-0071,28939.00,South
8902,2024-05-12,Sam Allen,SKU-0061,566.00,East
8903,2024-11-16,Gina Mitchell,SKU-0114,12199.00,North
8904,2024-01-22,Zach Green,SKU-0159,13426.00,West
8905,2024-06-21,Carol White,SKU-0130,6475.00,East
8906,2024-12-27,Nathan Parker,SKU-0009,9481.00,West
8907,2024-11-26,Amy Adams,SKU-0044,7752.00,North
8908,2024-03-23,Kate Thomas,SKU-0050,20281.00,North
8909,2024-07-08,Ivy Carter,SKU-0045,5885.00,Central
8910,2024-06-23,Sam Allen,SKU-0187,21956.00,North
8911,2024-04-04,Reed Stewart,SKU-0086,23591.00,West
8912,2024-05-11,Oscar Edwards,SKU-0136,3305.00,East
8913,2024-10-08,Quinn Walker,SKU-0131,20982.00,East
8914,2024-01-18,Maya Harris,SKU-0067,1973.00,East
8915,2024-08-07,Maya Harris,SKU-0071,3064.00,West
8916,2024-11-08,Vincent Reed,SKU-0138,29448.00,West
8917,2024-08-26,Peter Robinson,SKU-0176,5832.00,North
8918,2024-05-03,David Kim,SKU-0191,4237.00,South
8919,2024-09-17,Vincent Reed,SKU-0089,4148.00,North
8920,2024-06-26,Brian Baker,SKU-0124,15289.00,South
8921,2024-11-16,Frank Wilson,SKU-0044,13873.00,North
8922,2024-06-20,Amy Adams,SKU-0006,27593.00,West
8923,2024-02-07,Kate Thomas,SKU-0067,9931.00,Central
8924,2024-10-07,Felix Campbell,SKU-0047,23768.00,South
8925,2024-06-08,Maya Harris,SKU-0133,3933.00,East
8926,2024-08-31,Bob Martinez,SKU-0038,8981.00,Central
8927,2024-08-06,Amy Adams,SKU-0007,8858.00,East
8928,2024-08-17,Sofia Sanchez,SKU-0122,3414.00,Central
8929,2024-05-21,Frank Wilson,SKU-0146,29237.00,West
8930,2024-06-29,Reed Stewart,SKU-0084,15343.00,North
8931,2024-06-22,Xena Morgan,SKU-0003,26988.00,West
8932,2024-03-25,Sam Allen,SKU-0180,1522.00,South
8933,2024-11-15,Vincent Reed,SKU-0012,1109.00,Central
8934,2024-05-25,Alice Chen,SKU-0022,17340.00,South
8935,2024-10-19,Tina Young,SKU-0117,19056.00,South
8936,2024-06-13,Leo Jackson,SKU-0080,1098.00,East
8937,2024-03-20,Ivy Carter,SKU-0036,6666.00,South
8938,2024-09-17,Lucas Turner,SKU-0094,8165.00,Central
8939,2024-05-05,Ursula Rogers,SKU-0019,3083.00,North
8940,2024-09-24,Troy Morris,SKU-0133,4606.00,North
8941,2024-08-06,Sofia Sanchez,SKU-0152,3503.00,East
8942,2024-10-18,Leo Jackson,SKU-0102,21047.00,West
8943,2024-12-31,Grace Liu,SKU-0069,2343.00,South
8944,2024-02-01,Derek Hill,SKU-0157,4907.00,North
8945,2024-09-02,Henry Taylor,SKU-0190,7052.00,East
8946,2024-03-18,Troy Morris,SKU-0028,2998.00,East
8947,2024-09-09,Peter Robinson,SKU-0159,6763.00,North
8948,2024-06-24,Sam Allen,SKU-0160,21587.00,North
8949,2024-03-10,Peter Robinson,SKU-0012,27924.00,East
8950,2024-05-27,Tina Young,SKU-0086,15526.00,North
8951,2024-08-15,Kate Thomas,SKU-0171,3136.00,South
8952,2024-08-17,Xavier Lopez,SKU-0172,7904.00,North
8953,2024-08-21,Uma Hernandez,SKU-0137,8394.00,East
8954,2024-10-29,Vincent Reed,SKU-0124,23945.00,East
8955,2024-01-08,Tina Young,SKU-0002,21603.00,North
8956,2024-09-16,Emma Brown,SKU-0160,12379.00,South
8957,2024-09-09,Victor King,SKU-0019,5621.00,West
8958,2024-04-26,Amy Adams,SKU-0168,13668.00,North
8959,2024-12-09,Kelly Evans,SKU-0186,12953.00,South
8960,2024-03-08,Carol White,SKU-0011,23790.00,Central
8961,2024-10-19,Oscar Edwards,SKU-0011,16052.00,West
8962,2024-10-16,Jack Anderson,SKU-0010,22437.00,East
8963,2024-04-27,Vincent Reed,SKU-0126,15500.00,East
8964,2024-11-07,Nathan Parker,SKU-0190,19277.00,North
8965,2024-11-29,Monica Torres,SKU-0011,22636.00,North
8966,2024-08-08,Derek Hill,SKU-0079,9692.00,West
8967,2024-06-01,Olivia Lewis,SKU-0006,8800.00,North
8968,2024-10-09,Xena Morgan,SKU-0145,8724.00,North
8969,2024-07-07,Hugo Roberts,SKU-0156,4976.00,East
8970,2024-04-18,Ursula Rogers,SKU-0150,4598.00,Central
8971,2024-08-28,Amy Adams,SKU-0045,14004.00,Central
8972,2024-01-05,Alice Chen,SKU-0198,22660.00,South
8973,2024-06-17,Grace Liu,SKU-0015,12895.00,West
8974,2024-10-14,Sofia Sanchez,SKU-0101,27458.00,North
8975,2024-08-07,Bob Martinez,SKU-0172,11998.00,South
8976,2024-11-17,Rachel Hall,SKU-0095,6528.00,East
8977,2024-02-26,Bob Martinez,SKU-0183,21951.00,North
8978,2024-01-02,Derek Hill,SKU-0197,17121.00,East
8979,2024-07-31,Paula Collins,SKU-0021,8218.00,North
8980,2024-09-23,Wendy Wright,SKU-0089,2058.00,East
8981,2024-07-15,Noah Clark,SKU-0085,8003.00,East
8982,2024-11-23,Jake Phillips,SKU-0019,6075.00,North
8983,2024-05-08,Noah Clark,SKU-0176,1037.00,South
8984,2024-01-01,Ivy Carter,SKU-0169,2340.00,North
8985,2024-03-14,Chloe Nelson,SKU-0132,27066.00,South
8986,2024-07-29,Leo Jackson,SKU-0073,2813.00,North
8987,2024-07-16,Reed Stewart,SKU-0014,9664.00,South
8988,2024-02-29,Oscar Edwards,SKU-0085,15929.00,West
8989,2024-12-29,Quinn Walker,SKU-0191,12888.00,West
8990,2024-04-22,Bob Martinez,SKU-0097,12367.00,East
8991,2024-07-10,Jake Phillips,SKU-0090,1575.00,East
8992,2024-02-28,Jack Anderson,SKU-0019,25698.00,Central
8993,2024-04-10,Olivia Lewis,SKU-0062,3907.00,North
8994,2024-04-14,David Kim,SKU-0014,15320.00,North
8995,2024-08-13,Henry Taylor,SKU-0197,17336.00,Central
8996,2024-07-14,Victor King,SKU-0180,9521.00,Central
8997,2024-04-16,Bob Martinez,SKU-0162,11379.00,North
8998,2024-06-23,Derek Hill,SKU-0158,22785.00,North
8999,2024-05-09,Rachel Hall,SKU-0089,16379.00,North
9000,2024-11-20,Bob Martinez,SKU-0170,3764.00,West
9001,2024-01-19,David Kim,SKU-0109,24548.00,South
9002,2024-07-08,Paula Collins,SKU-0011,9520.00,East
9003,2024-08-19,Leo Jackson,SKU-0062,4005.00,South
9004,2024-09-01,Nathan Parker,SKU-0073,5838.00,East
9005,2024-08-23,Oscar Edwards,SKU-0104,2483.00,East
9006,2024-03-23,Sofia Sanchez,SKU-0061,1523.00,Central
9007,2024-02-12,Jack Anderson,SKU-0028,1517.00,West
9008,2024-10-07,Sofia Sanchez,SKU-0180,9218.00,South
9009,2024-04-21,Lucas Turner,SKU-0188,5735.00,Central
9010,2024-03-18,Peter Robinson,SKU-0170,19828.00,East
9011,2024-10-05,Paula Collins,SKU-0046,10788.00,Central
9012,2024-05-30,Hugo Roberts,SKU-0054,21512.00,North
9013,2024-03-10,Nathan Parker,SKU-0028,4195.00,North
9014,2024-09-14,Whitney Cook,SKU-0016,7351.00,North
9015,2024-12-19,Chloe Nelson,SKU-0144,18194.00,North
9016,2024-04-10,Ivy Carter,SKU-0098,5477.00,West
9017,2024-04-01,Sofia Sanchez,SKU-0082,8925.00,South
9018,2024-11-06,Rachel Hall,SKU-0193,14581.00,East
9019,2024-04-18,Xavier Lopez,SKU-0027,13799.00,Central
9020,2024-03-16,Sam Allen,SKU-0070,12776.00,South
9021,2024-06-19,Yara Scott,SKU-0061,15501.00,North
9022,2024-02-07,Frank Wilson,SKU-0048,25298.00,West
9023,2024-06-13,Amy Adams,SKU-0198,8393.00,North
9024,2024-11-25,Monica Torres,SKU-0094,22158.00,North
9025,2024-01-27,Iris Patel,SKU-0080,24103.00,South
9026,2024-03-22,Emma Brown,SKU-0141,5364.00,East
9027,2024-08-13,Brian Baker,SKU-0005,10233.00,West
9028,2024-04-20,Paula Collins,SKU-0182,3359.00,Central
9029,2024-03-07,Carol White,SKU-0077,17157.00,East
9030,2024-07-04,Tina Young,SKU-0064,11572.00,Central
9031,2024-01-16,Ursula Rogers,SKU-0105,18763.00,Central
9032,2024-12-29,Quinn Walker,SKU-0043,28912.00,Central
9033,2024-02-27,Kelly Evans,SKU-0177,23533.00,East
9034,2024-07-18,Vincent Reed,SKU-0152,11581.00,West
9035,2024-04-26,Gina Mitchell,SKU-0119,21172.00,Central
9036,2024-06-12,Gina Mitchell,SKU-0073,4002.00,South
9037,2024-05-26,Sam Allen,SKU-0099,9427.00,Central
9038,2024-08-12,Whitney Cook,SKU-0035,6907.00,East
9039,2024-08-02,Chloe Nelson,SKU-0148,6370.00,West
9040,2024-09-24,Whitney Cook,SKU-0151,4477.00,East
9041,2024-09-16,Lucas Turner,SKU-0014,8007.00,Central
9042,2024-08-16,Zach Green,SKU-0161,4281.00,Central
9043,2024-05-13,Hugo Roberts,SKU-0103,10311.00,South
9044,2024-02-14,Xavier Lopez,SKU-0169,19611.00,Central
9045,2024-07-25,Victor King,SKU-0018,3547.00,West
9046,2024-08-20,Vincent Reed,SKU-0055,6962.00,East
9047,2024-09-20,Nathan Parker,SKU-0011,5674.00,South
9048,2024-03-22,Carol White,SKU-0179,2386.00,Central
9049,2024-08-11,Tina Young,SKU-0054,6581.00,East
9050,2024-08-13,Gina Mitchell,SKU-0040,7053.00,South
9051,2024-12-26,Yusuf Bell,SKU-0042,6276.00,West
9052,2024-01-27,Peter Robinson,SKU-0044,23566.00,East
9053,2024-11-01,Wendy Wright,SKU-0039,26596.00,South
9054,2024-07-18,Gina Mitchell,SKU-0096,6259.00,West
9055,2024-07-12,Iris Patel,SKU-0084,13416.00,West
9056,2024-07-02,Sofia Sanchez,SKU-0155,3568.00,West
9057,2024-02-19,Derek Hill,SKU-0075,12012.00,Central
9058,2024-11-10,Noah Clark,SKU-0173,11843.00,North
9059,2024-01-28,Carol White,SKU-0014,12928.00,North
9060,2024-07-10,Carol White,SKU-0027,14972.00,East
9061,2024-09-19,Alice Chen,SKU-0180,9872.00,East
9062,2024-08-25,Wendy Wright,SKU-0045,5347.00,North
9063,2024-06-17,Kelly Evans,SKU-0133,794.00,South
9064,2024-07-05,Peter Robinson,SKU-0191,7395.00,West
9065,2024-06-03,Hugo Roberts,SKU-0121,28174.00,East
9066,2024-02-22,Sofia Sanchez,SKU-0094,28306.00,South
9067,2024-02-08,Reed Stewart,SKU-0082,24508.00,West
9068,2024-12-23,Brian Baker,SKU-0020,27706.00,South
9069,2024-01-21,Lucas Turner,SKU-0036,18937.00,Central
9070,2024-12-03,Wendy Wright,SKU-0025,17390.00,West
9071,2024-01-16,Reed Stewart,SKU-0126,12205.00,East
9072,2024-01-11,Oscar Edwards,SKU-0137,15801.00,South
9073,2024-07-28,Victor King,SKU-0019,6358.00,West
9074,2024-07-22,Jack Anderson,SKU-0114,7582.00,East
9075,2024-07-21,Felix Campbell,SKU-0062,5029.00,South
9076,2024-08-16,Quinn Walker,SKU-0017,3628.00,North
9077,2024-06-11,Zach Green,SKU-0128,22268.00,North
9078,2024-03-20,Noah Clark,SKU-0073,10055.00,East
9079,2024-09-22,Lucas Turner,SKU-0045,9397.00,Central
9080,2024-06-13,Jack Anderson,SKU-0126,28589.00,Central
9081,2024-10-08,David Kim,SKU-0011,25743.00,Central
9082,2024-08-16,Jack Anderson,SKU-0118,11090.00,South
9083,2024-10-04,Carol White,SKU-0141,11763.00,West
9084,2024-02-17,Quinn Walker,SKU-0137,20383.00,East
9085,2024-03-19,Carol White,SKU-0008,19641.00,Central
9086,2024-08-24,Jake Phillips,SKU-0192,4157.00,South
9087,2024-11-03,Lucas Turner,SKU-0019,27358.00,East
9088,2024-01-22,Brian Baker,SKU-0083,13594.00,West
9089,2024-04-13,Reed Stewart,SKU-0030,18540.00,Central
9090,2024-01-14,Emma Brown,SKU-0048,27345.00,Central
9091,2024-11-01,Wendy Wright,SKU-0163,28743.00,West
9092,2024-04-19,Iris Patel,SKU-0160,24009.00,West
9093,2024-08-22,Gina Mitchell,SKU-0081,7436.00,South
9094,2024-06-18,Wendy Wright,SKU-0103,1280.00,South
9095,2024-01-10,Jake Phillips,SKU-0162,24796.00,West
9096,2024-10-09,Sam Allen,SKU-0137,11065.00,East
9097,2024-02-28,Xena Morgan,SKU-0015,17279.00,North
9098,2024-03-10,Amy Adams,SKU-0072,18184.00,North
9099,2024-01-17,Derek Hill,SKU-0175,1252.00,South
9100,2024-12-06,Peter Robinson,SKU-0019,19680.00,North
9101,2024-12-24,Tina Young,SKU-0136,28149.00,West
9102,2024-12-17,Peter Robinson,SKU-0112,22798.00,North
9103,2024-01-25,Xavier Lopez,SKU-0150,15142.00,Central
9104,2024-07-03,Yusuf Bell,SKU-0033,13625.00,West
9105,2024-07-05,Jake Phillips,SKU-0192,6768.00,South
9106,2024-11-02,Troy Morris,SKU-0140,10134.00,Central
9107,2024-02-06,Troy Morris,SKU-0152,11354.00,West
9108,2024-03-03,Gina Mitchell,SKU-0190,10237.00,East
9109,2024-04-29,Xena Morgan,SKU-0066,15327.00,East
9110,2024-09-19,Ivy Carter,SKU-0124,2696.00,West
9111,2024-07-19,Ivy Carter,SKU-0169,4026.00,West
9112,2024-02-10,Grace Liu,SKU-0135,16735.00,North
9113,2024-08-23,Noah Clark,SKU-0079,10468.00,North
9114,2024-07-02,Wendy Wright,SKU-0173,5079.00,West
9115,2024-09-17,Jake Phillips,SKU-0067,2773.00,East
9116,2024-01-21,Nathan Parker,SKU-0135,1374.00,West
9117,2024-05-18,Wendy Wright,SKU-0022,29461.00,West
9118,2024-05-26,Elena Ramirez,SKU-0032,24275.00,South
9119,2024-09-08,Kate Thomas,SKU-0042,6828.00,Central
9120,2024-12-26,Carol White,SKU-0013,21694.00,South
9121,2024-03-28,Xavier Lopez,SKU-0040,26122.00,West
9122,2024-01-25,Maya Harris,SKU-0049,16287.00,South
9123,2024-12-29,Ursula Rogers,SKU-0031,8104.00,North
9124,2024-12-19,Uma Hernandez,SKU-0058,24099.00,North
9125,2024-01-06,Troy Morris,SKU-0055,5679.00,South
9126,2024-10-01,Maya Harris,SKU-0141,21750.00,South
9127,2024-02-26,Grace Liu,SKU-0160,2419.00,South
9128,2024-03-01,Frank Wilson,SKU-0145,14781.00,North
9129,2024-06-26,Iris Patel,SKU-0168,28456.00,Central
9130,2024-12-05,Bob Martinez,SKU-0047,6635.00,North
9131,2024-02-21,David Kim,SKU-0061,3044.00,West
9132,2024-02-27,Victor King,SKU-0082,18512.00,North
9133,2024-06-04,Wendy Wright,SKU-0011,15191.00,East
9134,2024-03-23,Sofia Sanchez,SKU-0140,28816.00,West
9135,2024-04-30,Chloe Nelson,SKU-0156,12199.00,North
9136,2024-04-09,Gina Mitchell,SKU-0125,10154.00,Central
9137,2024-02-27,Zach Green,SKU-0120,9810.00,North
9138,2024-07-07,Rachel Hall,SKU-0061,8942.00,Central
9139,2024-01-13,Frank Wilson,SKU-0085,16876.00,West
9140,2024-01-10,Ivy Carter,SKU-0199,6927.00,Central
9141,2024-11-17,Oscar Edwards,SKU-0052,22726.00,South
9142,2024-01-29,Xavier Lopez,SKU-0190,21123.00,East
9143,2024-10-25,Iris Patel,SKU-0101,18806.00,Central
9144,2024-01-18,Emma Brown,SKU-0104,8742.00,Central
9145,2024-02-08,Jack Anderson,SKU-0170,28395.00,West
9146,2024-08-14,Vincent Reed,SKU-0123,8408.00,East
9147,2024-11-26,Grace Liu,SKU-0005,16394.00,West
9148,2024-06-19,Lucas Turner,SKU-0184,6201.00,Central
9149,2024-07-27,Ursula Rogers,SKU-0079,6528.00,South
9150,2024-02-15,Emma Brown,SKU-0168,11862.00,North
9151,2024-06-07,Emma Brown,SKU-0033,17298.00,West
9152,2024-08-27,Wendy Wright,SKU-0029,4614.00,West
9153,2024-04-29,Felix Campbell,SKU-0026,21431.00,South
9154,2024-04-16,Noah Clark,SKU-0099,17788.00,Central
9155,2024-03-17,Kelly Evans,SKU-0183,16897.00,North
9156,2024-01-04,Ivy Carter,SKU-0146,12590.00,Central
9157,2024-08-07,Jack Anderson,SKU-0074,6385.00,South
9158,2024-05-29,Paula Collins,SKU-0105,15533.00,North
9159,2024-06-20,Tina Young,SKU-0014,9836.00,East
9160,2024-01-18,Maya Harris,SKU-0067,9851.00,Central
9161,2024-12-21,Ursula Rogers,SKU-0159,10525.00,West
9162,2024-12-14,Nathan Parker,SKU-0047,4189.00,Central
9163,2024-11-05,Leo Jackson,SKU-0008,17677.00,West
9164,2024-08-26,Felix Campbell,SKU-0060,5002.00,South
9165,2024-12-18,Leo Jackson,SKU-0025,7446.00,Central
9166,2024-12-17,Jake Phillips,SKU-0199,14688.00,West
9167,2024-01-28,Troy Morris,SKU-0042,10717.00,North
9168,2024-07-18,Derek Hill,SKU-0117,5521.00,West
9169,2024-10-05,Gina Mitchell,SKU-0003,8683.00,North
9170,2024-01-07,Noah Clark,SKU-0090,14686.00,North
9171,2024-11-25,Xavier Lopez,SKU-0153,29893.00,North
9172,2024-06-15,Noah Clark,SKU-0023,9120.00,West
9173,2024-07-17,Iris Patel,SKU-0086,4412.00,North
9174,2024-10-30,Felix Campbell,SKU-0049,22696.00,South
9175,2024-08-04,Victor King,SKU-0134,9424.00,East
9176,2024-09-29,Ursula Rogers,SKU-0168,9698.00,West
9177,2024-08-02,Brian Baker,SKU-0102,3839.00,West
9178,2024-11-18,Quinn Walker,SKU-0006,29292.00,West
9179,2024-08-28,Troy Morris,SKU-0097,7503.00,Central
9180,2024-06-15,Uma Hernandez,SKU-0033,15166.00,East
9181,2024-09-18,Noah Clark,SKU-0014,10491.00,Central
9182,2024-11-19,Maya Harris,SKU-0007,2058.00,East
9183,2024-04-30,Noah Clark,SKU-0195,11890.00,North
9184,2024-01-11,Grace Liu,SKU-0172,2827.00,East
9185,2024-05-26,Sam Allen,SKU-0085,5437.00,East
9186,2024-03-06,Kelly Evans,SKU-0090,9931.00,West
9187,2024-09-16,Zach Green,SKU-0124,2699.00,South
9188,2024-09-16,Tina Young,SKU-0009,5217.00,West
9189,2024-10-24,Xavier Lopez,SKU-0116,29075.00,North
9190,2024-09-17,Monica Torres,SKU-0096,7321.00,West
9191,2024-04-30,Tina Young,SKU-0103,10307.00,South
9192,2024-01-29,Lucas Turner,SKU-0052,2047.00,North
9193,2024-03-22,Kate Thomas,SKU-0165,15686.00,North
9194,2024-04-12,Zach Green,SKU-0130,18035.00,West
9195,2024-09-15,Vincent Reed,SKU-0047,9185.00,South
9196,2024-05-20,Brian Baker,SKU-0099,17792.00,West
9197,2024-03-14,Wendy Wright,SKU-0052,16955.00,North
9198,2024-02-23,Yusuf Bell,SKU-0002,14173.00,Central
9199,2024-05-15,Jake Phillips,SKU-0115,15262.00,North
9200,2024-10-06,Yusuf Bell,SKU-0047,15858.00,South
9201,2024-03-11,Maya Harris,SKU-0161,17042.00,East
9202,2024-07-21,Zach Green,SKU-0145,7614.00,South
9203,2024-02-12,Yusuf Bell,SKU-0051,2481.00,North
9204,2024-12-29,Jake Phillips,SKU-0107,17664.00,West
9205,2024-04-18,Henry Taylor,SKU-0101,28382.00,West
9206,2024-08-14,Alice Chen,SKU-0075,17419.00,West
9207,2024-09-03,Yusuf Bell,SKU-0082,7192.00,East
9208,2024-03-06,Jake Phillips,SKU-0144,12221.00,South
9209,2024-02-22,Vincent Reed,SKU-0182,29592.00,South
9210,2024-04-29,Zach Green,SKU-0199,29473.00,North
9211,2024-05-02,Xavier Lopez,SKU-0167,11380.00,South
9212,2024-08-21,Paula Collins,SKU-0173,6940.00,West
9213,2024-07-12,Troy Morris,SKU-0087,7782.00,Central
9214,2024-05-27,Frank Wilson,SKU-0096,16861.00,North
9215,2024-09-17,Paula Collins,SKU-0007,9752.00,South
9216,2024-01-20,Xena Morgan,SKU-0158,8659.00,North
9217,2024-01-23,Hugo Roberts,SKU-0133,2123.00,East
9218,2024-10-24,Derek Hill,SKU-0171,29418.00,East
9219,2024-06-04,Reed Stewart,SKU-0194,15542.00,Central
9220,2024-04-13,Ivy Carter,SKU-0106,23340.00,East
9221,2024-06-19,Jake Phillips,SKU-0188,29354.00,South
9222,2024-11-20,Kate Thomas,SKU-0200,12307.00,Central
9223,2024-08-29,Ivy Carter,SKU-0155,4993.00,West
9224,2024-12-09,Maya Harris,SKU-0104,15983.00,West
9225,2024-08-15,Grace Liu,SKU-0015,13054.00,North
9226,2024-05-21,Leo Jackson,SKU-0166,18718.00,South
9227,2024-08-16,Felix Campbell,SKU-0183,5080.00,Central
9228,2024-10-06,Gina Mitchell,SKU-0053,10965.00,North
9229,2024-11-07,Kelly Evans,SKU-0019,2346.00,East
9230,2024-03-23,Rachel Hall,SKU-0086,11985.00,North
9231,2024-09-12,Gina Mitchell,SKU-0050,8293.00,South
9232,2024-04-07,Victor King,SKU-0154,22949.00,West
9233,2024-04-24,Lucas Turner,SKU-0192,25427.00,West
9234,2024-05-02,Yusuf Bell,SKU-0086,8689.00,South
9235,2024-05-06,Nathan Parker,SKU-0049,22643.00,East
9236,2024-01-02,Noah Clark,SKU-0200,2557.00,Central
9237,2024-05-17,Alice Chen,SKU-0079,1952.00,South
9238,2024-09-10,Ursula Rogers,SKU-0027,6543.00,North
9239,2024-09-19,Yusuf Bell,SKU-0175,4611.00,South
9240,2024-04-21,Zach Green,SKU-0057,15595.00,Central
9241,2024-06-03,Felix Campbell,SKU-0164,23073.00,Central
9242,2024-02-16,Kelly Evans,SKU-0197,605.00,East
9243,2024-02-25,Jack Anderson,SKU-0067,28345.00,West
9244,2024-07-07,Reed Stewart,SKU-0008,6806.00,Central
9245,2024-11-17,Rachel Hall,SKU-0171,18752.00,East
9246,2024-02-28,Victor King,SKU-0100,20010.00,North
9247,2024-08-22,Yusuf Bell,SKU-0125,9901.00,West
9248,2024-01-29,Nathan Parker,SKU-0127,21463.00,West
9249,2024-04-23,Jake Phillips,SKU-0144,19124.00,South
9250,2024-02-19,Gina Mitchell,SKU-0184,10982.00,Central
9251,2024-02-09,Leo Jackson,SKU-0156,24836.00,South
9252,2024-04-30,Hugo Roberts,SKU-0191,1994.00,South
9253,2024-08-11,Elena Ramirez,SKU-0145,3483.00,South
9254,2024-04-26,Emma Brown,SKU-0031,23209.00,East
9255,2024-09-04,David Kim,SKU-0174,11951.00,Central
9256,2024-05-05,Brian Baker,SKU-0012,24205.00,West
9257,2024-11-26,Reed Stewart,SKU-0066,4924.00,South
9258,2024-04-02,Vincent Reed,SKU-0047,8292.00,North
9259,2024-05-28,Quinn Walker,SKU-0009,5161.00,Central
9260,2024-10-23,Monica Torres,SKU-0153,21560.00,East
9261,2024-04-08,Rachel Hall,SKU-0128,1380.00,East
9262,2024-05-15,Whitney Cook,SKU-0008,19249.00,South
9263,2024-01-30,Xena Morgan,SKU-0069,28828.00,North
9264,2024-09-30,Ursula Rogers,SKU-0073,12274.00,North
9265,2024-02-06,Rachel Hall,SKU-0169,15755.00,East
9266,2024-08-27,Troy Morris,SKU-0168,9253.00,Central
9267,2024-09-27,Jack Anderson,SKU-0092,8374.00,Central
9268,2024-06-28,Ursula Rogers,SKU-0097,25141.00,South
9269,2024-05-25,Yara Scott,SKU-0121,8536.00,West
9270,2024-03-16,David Kim,SKU-0115,4303.00,South
9271,2024-10-01,Peter Robinson,SKU-0045,14073.00,North
9272,2024-10-11,Amy Adams,SKU-0071,5403.00,West
9273,2024-05-27,Elena Ramirez,SKU-0195,18644.00,East
9274,2024-01-26,David Kim,SKU-0198,11137.00,East
9275,2024-03-03,Ivy Carter,SKU-0004,16219.00,East
9276,2024-05-05,Oscar Edwards,SKU-0135,23751.00,Central
9277,2024-05-25,Noah Clark,SKU-0118,27674.00,South
9278,2024-03-14,Grace Liu,SKU-0018,9112.00,Central
9279,2024-07-05,Jake Phillips,SKU-0067,6046.00,East
9280,2024-07-09,Chloe Nelson,SKU-0138,7104.00,North
9281,2024-10-28,Tina Young,SKU-0043,25524.00,North
9282,2024-01-16,Zach Green,SKU-0103,22975.00,East
9283,2024-12-01,Olivia Lewis,SKU-0182,23612.00,North
9284,2024-07-23,Zach Green,SKU-0123,6268.00,West
9285,2024-12-19,Sofia Sanchez,SKU-0005,26574.00,South
9286,2024-09-04,Xena Morgan,SKU-0023,8666.00,North
9287,2024-08-07,Quinn Walker,SKU-0169,2161.00,East
9288,2024-09-15,Quinn Walker,SKU-0196,6702.00,North
9289,2024-03-13,Derek Hill,SKU-0176,24154.00,South
9290,2024-02-17,Chloe Nelson,SKU-0021,14488.00,West
9291,2024-05-30,Uma Hernandez,SKU-0054,17796.00,West
9292,2024-07-07,Monica Torres,SKU-0095,5436.00,North
9293,2024-06-14,Kelly Evans,SKU-0108,11289.00,South
9294,2024-11-17,David Kim,SKU-0054,7746.00,East
9295,2024-04-22,David Kim,SKU-0120,24165.00,North
9296,2024-08-19,Reed Stewart,SKU-0196,8234.00,South
9297,2024-04-12,Alice Chen,SKU-0049,5523.00,North
9298,2024-05-14,Ivy Carter,SKU-0160,16108.00,East
9299,2024-10-28,David Kim,SKU-0005,9102.00,Central
9300,2024-08-03,Wendy Wright,SKU-0005,4901.00,West
9301,2024-11-06,Amy Adams,SKU-0041,5605.00,West
9302,2024-10-28,Amy Adams,SKU-0064,6534.00,South
9303,2024-11-11,Henry Taylor,SKU-0043,2213.00,South
9304,2024-07-25,Bob Martinez,SKU-0153,17602.00,West
9305,2024-10-01,Reed Stewart,SKU-0123,29422.00,East
9306,2024-05-30,Paula Collins,SKU-0127,8091.00,West
9307,2024-06-05,Derek Hill,SKU-0078,3203.00,North
9308,2024-05-30,Lucas Turner,SKU-0083,3992.00,North
9309,2024-05-23,Sam Allen,SKU-0197,28476.00,West
9310,2024-09-09,Nathan Parker,SKU-0195,5530.00,Central
9311,2024-07-03,Kate Thomas,SKU-0093,6044.00,South
9312,2024-02-25,Jake Phillips,SKU-0036,18026.00,West
9313,2024-04-02,Chloe Nelson,SKU-0176,28997.00,South
9314,2024-10-17,Kelly Evans,SKU-0132,28627.00,North
9315,2024-05-16,Emma Brown,SKU-0089,15265.00,South
9316,2024-06-26,Kelly Evans,SKU-0084,26152.00,South
9317,2024-12-31,Carol White,SKU-0054,11963.00,South
9318,2024-10-28,Sam Allen,SKU-0198,29493.00,Central
9319,2024-05-26,Alice Chen,SKU-0119,21053.00,East
9320,2024-06-10,Carol White,SKU-0168,21643.00,West
9321,2024-06-21,Noah Clark,SKU-0156,20231.00,East
9322,2024-07-14,Olivia Lewis,SKU-0067,7713.00,West
9323,2024-04-27,Chloe Nelson,SKU-0021,5788.00,West
9324,2024-11-07,Troy Morris,SKU-0148,23559.00,East
9325,2024-06-13,Wendy Wright,SKU-0050,7762.00,Central
9326,2024-02-26,Carol White,SKU-0177,26481.00,West
9327,2024-07-21,Quinn Walker,SKU-0029,4469.00,North
9328,2024-05-13,Ursula Rogers,SKU-0014,5632.00,North
9329,2024-08-12,Vincent Reed,SKU-0188,11007.00,North
9330,2024-08-30,Oscar Edwards,SKU-0077,3060.00,West
9331,2024-07-08,Troy Morris,SKU-0091,10760.00,East
9332,2024-03-13,Nathan Parker,SKU-0100,7879.00,Central
9333,2024-02-16,Noah Clark,SKU-0096,19718.00,West
9334,2024-01-02,Wendy Wright,SKU-0043,10025.00,Central
9335,2024-11-05,Henry Taylor,SKU-0175,27193.00,East
9336,2024-06-24,Emma Brown,SKU-0160,17840.00,East
9337,2024-10-27,Tina Young,SKU-0043,4361.00,West
9338,2024-07-24,Oscar Edwards,SKU-0133,4576.00,South
9339,2024-12-26,Derek Hill,SKU-0051,16098.00,East
9340,2024-11-20,Jack Anderson,SKU-0020,16596.00,North
9341,2024-01-22,Wendy Wright,SKU-0002,7038.00,Central
9342,2024-07-07,Yara Scott,SKU-0077,3079.00,West
9343,2024-07-14,Maya Harris,SKU-0043,5240.00,East
9344,2024-06-17,Reed Stewart,SKU-0088,22077.00,East
9345,2024-10-30,Kate Thomas,SKU-0155,1436.00,North
9346,2024-02-07,Felix Campbell,SKU-0117,20780.00,South
9347,2024-04-10,Jake Phillips,SKU-0118,27381.00,West
9348,2024-02-20,Hugo Roberts,SKU-0025,16385.00,North
9349,2024-05-10,Noah Clark,SKU-0050,2844.00,South
9350,2024-11-24,David Kim,SKU-0030,29522.00,East
9351,2024-07-11,Olivia Lewis,SKU-0096,10015.00,Central
9352,2024-04-06,Rachel Hall,SKU-0121,9621.00,North
9353,2024-06-04,Yara Scott,SKU-0059,25463.00,North
9354,2024-05-23,Jake Phillips,SKU-0109,6565.00,North
9355,2024-11-01,Alice Chen,SKU-0088,16786.00,West
9356,2024-01-29,Zach Green,SKU-0143,23188.00,South
9357,2024-03-25,Henry Taylor,SKU-0002,5050.00,East
9358,2024-03-11,Nathan Parker,SKU-0144,1951.00,East
9359,2024-10-16,Ivy Carter,SKU-0091,23160.00,Central
9360,2024-10-14,Felix Campbell,SKU-0070,28723.00,West
9361,2024-10-27,Chloe Nelson,SKU-0038,29878.00,South
9362,2024-09-18,Tina Young,SKU-0103,9041.00,East
9363,2024-07-23,Uma Hernandez,SKU-0163,4786.00,West
9364,2024-08-25,Grace Liu,SKU-0163,13984.00,Central
9365,2024-12-17,Iris Patel,SKU-0071,22373.00,Central
9366,2024-10-12,Ivy Carter,SKU-0061,6254.00,Central
9367,2024-01-18,David Kim,SKU-0103,29750.00,West
9368,2024-09-29,David Kim,SKU-0038,8704.00,North
9369,2024-04-13,Paula Collins,SKU-0145,20215.00,East
9370,2024-09-25,Olivia Lewis,SKU-0086,7789.00,South
9371,2024-02-15,Alice Chen,SKU-0140,9228.00,North
9372,2024-07-21,Whitney Cook,SKU-0198,7078.00,South
9373,2024-08-06,Leo Jackson,SKU-0091,4999.00,East
9374,2024-09-14,Xavier Lopez,SKU-0038,9812.00,South
9375,2024-09-03,Hugo Roberts,SKU-0094,6243.00,South
9376,2024-11-22,Frank Wilson,SKU-0045,8852.00,East
9377,2024-12-28,Leo Jackson,SKU-0133,11107.00,East
9378,2024-03-02,Paula Collins,SKU-0128,27650.00,North
9379,2024-05-28,Victor King,SKU-0197,1445.00,North
9380,2024-07-16,Iris Patel,SKU-0191,5114.00,West
9381,2024-10-11,Troy Morris,SKU-0072,11497.00,West
9382,2024-09-26,Kate Thomas,SKU-0087,8526.00,East
9383,2024-03-24,Troy Morris,SKU-0086,12416.00,East
9384,2024-06-10,Iris Patel,SKU-0058,4730.00,Central
9385,2024-12-15,Reed Stewart,SKU-0041,6215.00,East
9386,2024-11-04,Iris Patel,SKU-0104,15098.00,South
9387,2024-07-21,Kelly Evans,SKU-0124,7504.00,Central
9388,2024-05-04,Brian Baker,SKU-0051,14044.00,West
9389,2024-03-24,Quinn Walker,SKU-0069,9101.00,South
9390,2024-09-04,Ivy Carter,SKU-0107,2795.00,South
9391,2024-01-08,Whitney Cook,SKU-0200,22545.00,West
9392,2024-06-03,Amy Adams,SKU-0191,27963.00,North
9393,2024-08-09,Alice Chen,SKU-0167,17302.00,East
9394,2024-08-04,Monica Torres,SKU-0022,5723.00,East
9395,2024-10-01,Gina Mitchell,SKU-0184,23939.00,West
9396,2024-04-06,Reed Stewart,SKU-0038,14137.00,East
9397,2024-05-15,Yara Scott,SKU-0190,17929.00,South
9398,2024-07-17,Quinn Walker,SKU-0175,4215.00,East
9399,2024-09-07,Victor King,SKU-0156,6925.00,South
9400,2024-10-28,Xavier Lopez,SKU-0156,18738.00,North
9401,2024-11-17,Olivia Lewis,SKU-0008,16244.00,South
9402,2024-10-01,Oscar Edwards,SKU-0147,12981.00,North
9403,2024-12-02,Maya Harris,SKU-0126,24780.00,South
9404,2024-02-14,Xena Morgan,SKU-0088,15941.00,Central
9405,2024-05-15,Chloe Nelson,SKU-0126,22162.00,East
9406,2024-08-28,Grace Liu,SKU-0112,10763.00,North
9407,2024-12-24,Quinn Walker,SKU-0198,6511.00,Central
9408,2024-07-14,Oscar Edwards,SKU-0005,3153.00,East
9409,2024-02-08,Olivia Lewis,SKU-0028,26055.00,Central
9410,2024-12-23,Chloe Nelson,SKU-0198,11408.00,North
9411,2024-04-28,Amy Adams,SKU-0195,25858.00,North
9412,2024-07-22,Yara Scott,SKU-0167,6235.00,West
9413,2024-09-04,Leo Jackson,SKU-0010,5143.00,South
9414,2024-04-26,Derek Hill,SKU-0165,13413.00,North
9415,2024-10-01,Sofia Sanchez,SKU-0109,6091.00,West
9416,2024-08-10,Ursula Rogers,SKU-0194,9891.00,North
9417,2024-12-12,Peter Robinson,SKU-0174,1210.00,South
9418,2024-02-07,Paula Collins,SKU-0109,23238.00,West
9419,2024-07-24,Jake Phillips,SKU-0123,7719.00,East
9420,2024-10-30,Oscar Edwards,SKU-0042,15192.00,Central
9421,2024-04-13,Sam Allen,SKU-0145,6734.00,Central
9422,2024-12-25,Jake Phillips,SKU-0001,21207.00,South
9423,2024-06-07,Noah Clark,SKU-0200,18075.00,Central
9424,2024-07-21,David Kim,SKU-0099,10292.00,West
9425,2024-08-21,Maya Harris,SKU-0109,3848.00,South
9426,2024-05-29,Grace Liu,SKU-0146,1914.00,Central
9427,2024-09-25,Felix Campbell,SKU-0063,5781.00,South
9428,2024-06-25,Monica Torres,SKU-0123,8452.00,West
9429,2024-02-12,Uma Hernandez,SKU-0106,11573.00,South
9430,2024-02-24,Xavier Lopez,SKU-0002,12246.00,North
9431,2024-06-09,Sofia Sanchez,SKU-0190,14428.00,South
9432,2024-10-24,Sam Allen,SKU-0057,3311.00,West
9433,2024-09-25,Iris Patel,SKU-0195,6131.00,East
9434,2024-12-04,Paula Collins,SKU-0116,18056.00,East
9435,2024-10-18,Amy Adams,SKU-0178,11253.00,South
9436,2024-12-23,Gina Mitchell,SKU-0133,23618.00,East
9437,2024-02-01,Tina Young,SKU-0057,18012.00,West
9438,2024-04-01,Derek Hill,SKU-0178,1338.00,East
9439,2024-04-01,Victor King,SKU-0195,15457.00,North
9440,2024-02-11,Maya Harris,SKU-0110,6215.00,North
9441,2024-07-05,Troy Morris,SKU-0200,13315.00,South
9442,2024-04-30,Kate Thomas,SKU-0168,12948.00,Central
9443,2024-01-29,Jack Anderson,SKU-0162,18551.00,West
9444,2024-04-24,Reed Stewart,SKU-0180,2796.00,Central
9445,2024-05-18,Yara Scott,SKU-0015,4134.00,North
9446,2024-05-09,Sofia Sanchez,SKU-0014,16734.00,Central
9447,2024-06-20,Jack Anderson,SKU-0084,12530.00,South
9448,2024-12-13,Jake Phillips,SKU-0122,24874.00,Central
9449,2024-01-23,Vincent Reed,SKU-0115,8207.00,South
9450,2024-02-16,Quinn Walker,SKU-0188,6814.00,East
9451,2024-07-16,Rachel Hall,SKU-0085,10634.00,South
9452,2024-08-26,Wendy Wright,SKU-0140,6756.00,East
9453,2024-02-29,Lucas Turner,SKU-0150,3325.00,East
9454,2024-06-29,Jack Anderson,SKU-0057,27177.00,Central
9455,2024-12-02,Reed Stewart,SKU-0181,20303.00,North
9456,2024-09-02,Noah Clark,SKU-0148,9148.00,East
9457,2024-04-09,Jack Anderson,SKU-0195,4799.00,North
9458,2024-10-29,Amy Adams,SKU-0098,27458.00,East
9459,2024-05-25,Jack Anderson,SKU-0115,12688.00,North
9460,2024-09-22,Whitney Cook,SKU-0144,7249.00,East
9461,2024-09-18,Xavier Lopez,SKU-0056,7016.00,East
9462,2024-08-27,Henry Taylor,SKU-0171,9233.00,North
9463,2024-07-19,Chloe Nelson,SKU-0155,4350.00,Central
9464,2024-04-22,David Kim,SKU-0030,13947.00,West
9465,2024-10-10,Uma Hernandez,SKU-0077,14437.00,South
9466,2024-06-07,Tina Young,SKU-0076,10229.00,South
9467,2024-09-20,Whitney Cook,SKU-0110,7156.00,North
9468,2024-06-22,Rachel Hall,SKU-0187,25605.00,East
9469,2024-05-11,Henry Taylor,SKU-0021,10679.00,South
9470,2024-06-23,Felix Campbell,SKU-0065,19272.00,South
9471,2024-04-02,Paula Collins,SKU-0022,24637.00,North
9472,2024-12-17,Oscar Edwards,SKU-0159,8929.00,West
9473,2024-03-11,Carol White,SKU-0035,13609.00,East
9474,2024-05-23,Nathan Parker,SKU-0190,13782.00,East
9475,2024-06-30,Wendy Wright,SKU-0071,12384.00,Central
9476,2024-06-05,Alice Chen,SKU-0191,15575.00,Central
9477,2024-10-14,Ivy Carter,SKU-0186,15193.00,West
9478,2024-11-21,Whitney Cook,SKU-0019,15209.00,West
9479,2024-10-23,Jack Anderson,SKU-0138,9292.00,East
9480,2024-11-29,Yusuf Bell,SKU-0033,8456.00,South
9481,2024-08-13,Chloe Nelson,SKU-0081,4265.00,West
9482,2024-05-21,Noah Clark,SKU-0127,18528.00,Central
9483,2024-12-12,Ursula Rogers,SKU-0103,11706.00,East
9484,2024-11-07,Frank Wilson,SKU-0001,20484.00,East
9485,2024-09-12,Chloe Nelson,SKU-0127,7576.00,North
9486,2024-04-07,Amy Adams,SKU-0088,29896.00,North
9487,2024-12-30,Zach Green,SKU-0130,22535.00,Central
9488,2024-05-05,Grace Liu,SKU-0033,19122.00,East
9489,2024-11-23,Henry Taylor,SKU-0144,16627.00,South
9490,2024-09-25,Tina Young,SKU-0043,6515.00,South
9491,2024-02-11,Kelly Evans,SKU-0134,23854.00,Central
9492,2024-05-13,Sam Allen,SKU-0122,5424.00,East
9493,2024-04-09,Frank Wilson,SKU-0115,23345.00,Central
9494,2024-09-28,Xavier Lopez,SKU-0039,7578.00,North
9495,2024-09-26,Wendy Wright,SKU-0020,4651.00,West
9496,2024-12-05,Oscar Edwards,SKU-0103,1315.00,East
9497,2024-08-30,Xena Morgan,SKU-0102,9848.00,West
9498,2024-02-13,Felix Campbell,SKU-0094,3502.00,North
9499,2024-02-02,Emma Brown,SKU-0073,23768.00,Central
9500,2024-06-28,Quinn Walker,SKU-0043,11261.00,North
9501,2024-04-05,Bob Martinez,SKU-0119,10223.00,North
9502,2024-05-25,Gina Mitchell,SKU-0117,22498.00,Central
9503,2024-09-27,Bob Martinez,SKU-0163,10301.00,East
9504,2024-04-28,Sam Allen,SKU-0126,3887.00,North
9505,2024-03-25,Ursula Rogers,SKU-0073,17855.00,Central
9506,2024-07-02,Kelly Evans,SKU-0146,4582.00,North
9507,2024-08-04,Vincent Reed,SKU-0136,6530.00,Central
9508,2024-05-25,Paula Collins,SKU-0067,14628.00,South
9509,2024-12-07,Paula Collins,SKU-0118,19993.00,Central
9510,2024-07-14,Tina Young,SKU-0155,9912.00,South
9511,2024-11-03,Grace Liu,SKU-0198,6444.00,Central
9512,2024-06-22,Brian Baker,SKU-0044,8944.00,East
9513,2024-08-11,Derek Hill,SKU-0125,5002.00,North
9514,2024-06-29,Xavier Lopez,SKU-0113,2547.00,North
9515,2024-06-28,Noah Clark,SKU-0165,2769.00,East
9516,2024-11-13,Ivy Carter,SKU-0071,19450.00,West
9517,2024-06-16,Hugo Roberts,SKU-0068,21601.00,East
9518,2024-06-27,Nathan Parker,SKU-0158,10609.00,South
9519,2024-08-18,Grace Liu,SKU-0103,9838.00,West
9520,2024-03-19,Victor King,SKU-0029,10815.00,East
9521,2024-01-12,Carol White,SKU-0141,24070.00,East
9522,2024-09-03,Yara Scott,SKU-0008,5444.00,East
9523,2024-03-29,Derek Hill,SKU-0116,4162.00,East
9524,2024-12-26,Rachel Hall,SKU-0028,1855.00,North
9525,2024-08-23,Hugo Roberts,SKU-0142,7168.00,South
9526,2024-03-09,Maya Harris,SKU-0001,21160.00,North
9527,2024-07-28,Amy Adams,SKU-0098,11411.00,East
9528,2024-09-23,Victor King,SKU-0129,6679.00,North
9529,2024-01-01,Xavier Lopez,SKU-0158,14170.00,Central
9530,2024-12-31,Kate Thomas,SKU-0027,19491.00,Central
9531,2024-04-08,Wendy Wright,SKU-0016,19478.00,East
9532,2024-09-23,Nathan Parker,SKU-0021,5599.00,East
9533,2024-05-30,Jake Phillips,SKU-0001,3070.00,West
9534,2024-07-26,Gina Mitchell,SKU-0076,8715.00,East
9535,2024-07-09,Rachel Hall,SKU-0011,11716.00,East
9536,2024-06-30,David Kim,SKU-0126,19145.00,East
9537,2024-06-02,Iris Patel,SKU-0140,22115.00,East
9538,2024-04-26,Gina Mitchell,SKU-0086,26662.00,Central
9539,2024-09-03,Rachel Hall,SKU-0085,11719.00,East
9540,2024-02-25,Chloe Nelson,SKU-0163,24852.00,West
9541,2024-04-03,Noah Clark,SKU-0062,5753.00,Central
9542,2024-03-12,Vincent Reed,SKU-0047,20047.00,West
9543,2024-07-11,Felix Campbell,SKU-0152,5490.00,North
9544,2024-06-30,Victor King,SKU-0108,15774.00,Central
9545,2024-10-09,Gina Mitchell,SKU-0068,1761.00,West
9546,2024-07-27,Kate Thomas,SKU-0059,11232.00,East
9547,2024-10-27,Henry Taylor,SKU-0063,5117.00,West
9548,2024-11-03,Alice Chen,SKU-0034,25570.00,Central
9549,2024-09-18,Maya Harris,SKU-0155,2731.00,Central
9550,2024-05-22,Iris Patel,SKU-0099,4517.00,South
9551,2024-11-23,Emma Brown,SKU-0095,29259.00,West
9552,2024-07-03,Lucas Turner,SKU-0183,11781.00,South
9553,2024-03-28,Paula Collins,SKU-0082,7627.00,North
9554,2024-02-18,Oscar Edwards,SKU-0169,6285.00,Central
9555,2024-08-22,Felix Campbell,SKU-0056,4398.00,South
9556,2024-04-12,Derek Hill,SKU-0182,14505.00,South
9557,2024-06-11,Noah Clark,SKU-0145,27709.00,Central
9558,2024-02-04,Iris Patel,SKU-0181,9012.00,North
9559,2024-07-27,Zach Green,SKU-0120,5216.00,West
9560,2024-07-09,Felix Campbell,SKU-0173,5368.00,West
9561,2024-12-22,David Kim,SKU-0119,3163.00,West
9562,2024-06-02,Ursula Rogers,SKU-0169,4953.00,West
9563,2024-03-04,Maya Harris,SKU-0018,8625.00,East
9564,2024-05-01,Henry Taylor,SKU-0060,28135.00,Central
9565,2024-07-21,Victor King,SKU-0010,7001.00,East
9566,2024-05-08,Ivy Carter,SKU-0055,16272.00,Central
9567,2024-08-07,Ursula Rogers,SKU-0099,9386.00,South
9568,2024-12-08,Yara Scott,SKU-0074,15622.00,South
9569,2024-12-17,Xavier Lopez,SKU-0007,9376.00,South
9570,2024-08-22,Lucas Turner,SKU-0002,7728.00,South
9571,2024-02-08,Reed Stewart,SKU-0036,13182.00,South
9572,2024-03-29,Sofia Sanchez,SKU-0101,22497.00,East
9573,2024-11-27,Reed Stewart,SKU-0126,6848.00,West
9574,2024-03-18,Elena Ramirez,SKU-0183,26402.00,Central
9575,2024-02-25,Hugo Roberts,SKU-0020,28653.00,South
9576,2024-03-05,Oscar Edwards,SKU-0133,19885.00,East
9577,2024-03-02,Brian Baker,SKU-0186,8434.00,West
9578,2024-04-07,Troy Morris,SKU-0038,22507.00,East
9579,2024-04-04,Monica Torres,SKU-0004,14227.00,East
9580,2024-04-26,Lucas Turner,SKU-0029,5880.00,West
9581,2024-03-01,Henry Taylor,SKU-0074,6661.00,South
9582,2024-03-30,Jack Anderson,SKU-0187,17996.00,South
9583,2024-09-05,Sam Allen,SKU-0189,4936.00,West
9584,2024-11-06,Elena Ramirez,SKU-0029,1656.00,North
9585,2024-10-22,Oscar Edwards,SKU-0060,11218.00,North
9586,2024-11-03,Elena Ramirez,SKU-0011,6431.00,Central
9587,2024-07-30,Sam Allen,SKU-0088,6302.00,Central
9588,2024-09-24,Rachel Hall,SKU-0087,10529.00,East
9589,2024-08-06,Chloe Nelson,SKU-0136,6057.00,North
9590,2024-02-14,Rachel Hall,SKU-0136,12106.00,North
9591,2024-08-07,Rachel Hall,SKU-0032,13272.00,North
9592,2024-07-15,Hugo Roberts,SKU-0035,2412.00,South
9593,2024-01-30,Iris Patel,SKU-0167,8236.00,Central
9594,2024-01-11,Ursula Rogers,SKU-0143,9488.00,West
9595,2024-05-26,Reed Stewart,SKU-0169,5908.00,Central
9596,2024-10-10,Ivy Carter,SKU-0051,21593.00,South
9597,2024-11-15,Sofia Sanchez,SKU-0186,24703.00,South
9598,2024-08-12,Chloe Nelson,SKU-0129,3820.00,West
9599,2024-11-25,Reed Stewart,SKU-0123,22691.00,South
9600,2024-08-26,Gina Mitchell,SKU-0065,8436.00,North
9601,2024-01-22,Amy Adams,SKU-0144,12557.00,West
9602,2024-11-17,Troy Morris,SKU-0181,28698.00,North
9603,2024-01-17,Jake Phillips,SKU-0152,15513.00,Central
9604,2024-01-19,Ursula Rogers,SKU-0014,1275.00,East
9605,2024-04-30,Monica Torres,SKU-0128,25065.00,North
9606,2024-02-13,Nathan Parker,SKU-0102,7084.00,North
9607,2024-04-28,Alice Chen,SKU-0099,4810.00,North
9608,2024-09-09,Frank Wilson,SKU-0142,7676.00,South
9609,2024-03-20,Bob Martinez,SKU-0190,6819.00,East
9610,2024-01-29,Ursula Rogers,SKU-0178,3150.00,Central
9611,2024-08-14,Alice Chen,SKU-0004,16369.00,Central
9612,2024-03-20,Nathan Parker,SKU-0045,26306.00,East
9613,2024-07-12,Xavier Lopez,SKU-0199,13413.00,South
9614,2024-12-31,Hugo Roberts,SKU-0084,685.00,Central
9615,2024-07-03,Bob Martinez,SKU-0087,10940.00,South
9616,2024-09-04,Amy Adams,SKU-0184,11510.00,Central
9617,2024-11-03,Xena Morgan,SKU-0173,4507.00,South
9618,2024-01-04,Peter Robinson,SKU-0038,22599.00,South
9619,2024-03-30,Kate Thomas,SKU-0042,2472.00,North
9620,2024-06-10,Noah Clark,SKU-0031,26593.00,South
9621,2024-04-12,Peter Robinson,SKU-0047,2986.00,South
9622,2024-10-24,Emma Brown,SKU-0127,9751.00,Central
9623,2024-01-14,Henry Taylor,SKU-0176,9542.00,South
9624,2024-05-06,Kelly Evans,SKU-0136,13560.00,West
9625,2024-09-26,Alice Chen,SKU-0073,12652.00,South
9626,2024-09-25,Victor King,SKU-0143,8721.00,East
9627,2024-12-01,Vincent Reed,SKU-0032,14137.00,West
9628,2024-10-09,Gina Mitchell,SKU-0057,6215.00,West
9629,2024-09-08,Paula Collins,SKU-0143,6051.00,North
9630,2024-04-18,Carol White,SKU-0116,6071.00,East
9631,2024-02-24,Chloe Nelson,SKU-0081,25272.00,East
9632,2024-11-10,Victor King,SKU-0076,9005.00,Central
9633,2024-01-24,Lucas Turner,SKU-0140,1151.00,South
9634,2024-05-03,Ursula Rogers,SKU-0086,26081.00,South
9635,2024-11-08,Bob Martinez,SKU-0153,13437.00,North
9636,2024-09-25,Monica Torres,SKU-0179,4621.00,East
9637,2024-12-21,David Kim,SKU-0026,4020.00,South
9638,2024-11-06,Chloe Nelson,SKU-0046,21580.00,East
9639,2024-08-19,Iris Patel,SKU-0045,10592.00,South
9640,2024-08-19,Leo Jackson,SKU-0036,6118.00,East
9641,2024-06-18,Oscar Edwards,SKU-0003,22731.00,West
9642,2024-07-24,Sofia Sanchez,SKU-0048,3965.00,West
9643,2024-06-13,Uma Hernandez,SKU-0195,6621.00,South
9644,2024-03-09,Vincent Reed,SKU-0086,15436.00,West
9645,2024-03-10,Grace Liu,SKU-0078,26248.00,North
9646,2024-02-09,Whitney Cook,SKU-0142,3506.00,Central
9647,2024-09-19,Zach Green,SKU-0058,3597.00,South
9648,2024-10-20,Hugo Roberts,SKU-0152,11656.00,North
9649,2024-09-04,Alice Chen,SKU-0174,15416.00,West
9650,2024-03-02,Emma Brown,SKU-0159,23808.00,North
9651,2024-05-21,Rachel Hall,SKU-0078,22505.00,North
9652,2024-06-20,Olivia Lewis,SKU-0136,8302.00,Central
9653,2024-04-08,Hugo Roberts,SKU-0121,6148.00,East
9654,2024-02-18,Kelly Evans,SKU-0086,5999.00,East
9655,2024-10-17,Henry Taylor,SKU-0105,16763.00,South
9656,2024-12-26,Grace Liu,SKU-0151,23089.00,South
9657,2024-12-18,Emma Brown,SKU-0005,2281.00,Central
9658,2024-01-16,Nathan Parker,SKU-0133,25001.00,East
9659,2024-05-23,Gina Mitchell,SKU-0074,7435.00,Central
9660,2024-07-10,Bob Martinez,SKU-0130,10310.00,West
9661,2024-08-18,Elena Ramirez,SKU-0084,4663.00,South
9662,2024-11-19,Felix Campbell,SKU-0103,25359.00,Central
9663,2024-04-13,Paula Collins,SKU-0160,7782.00,West
9664,2024-02-21,Amy Adams,SKU-0113,23880.00,West
9665,2024-06-24,Maya Harris,SKU-0055,9606.00,North
9666,2024-03-10,Victor King,SKU-0198,6416.00,South
9667,2024-03-12,Tina Young,SKU-0071,20259.00,North
9668,2024-07-03,Xavier Lopez,SKU-0070,8377.00,North
9669,2024-06-11,Bob Martinez,SKU-0142,20471.00,South
9670,2024-07-05,Chloe Nelson,SKU-0081,5591.00,South
9671,2024-04-12,Uma Hernandez,SKU-0185,15609.00,South
9672,2024-09-26,Lucas Turner,SKU-0119,7190.00,East
9673,2024-05-30,Amy Adams,SKU-0142,7385.00,South
9674,2024-07-16,Iris Patel,SKU-0192,7842.00,South
9675,2024-08-29,Jake Phillips,SKU-0019,7260.00,South
9676,2024-04-07,Yusuf Bell,SKU-0072,15313.00,Central
9677,2024-02-17,Brian Baker,SKU-0199,3971.00,South
9678,2024-06-24,Kelly Evans,SKU-0078,23950.00,North
9679,2024-06-24,Alice Chen,SKU-0077,17618.00,East
9680,2024-03-21,Jake Phillips,SKU-0099,15453.00,South
9681,2024-12-09,Maya Harris,SKU-0115,5533.00,South
9682,2024-12-06,Leo Jackson,SKU-0062,11585.00,South
9683,2024-12-21,Yara Scott,SKU-0161,20932.00,East
9684,2024-09-09,Iris Patel,SKU-0031,9914.00,East
9685,2024-02-12,Amy Adams,SKU-0005,20016.00,East
9686,2024-07-17,Alice Chen,SKU-0192,17070.00,West
9687,2024-11-27,Xavier Lopez,SKU-0032,20757.00,South
9688,2024-11-17,Peter Robinson,SKU-0174,26629.00,South
9689,2024-12-14,Emma Brown,SKU-0038,5399.00,Central
9690,2024-02-09,Leo Jackson,SKU-0183,2860.00,West
9691,2024-10-01,Quinn Walker,SKU-0176,13752.00,South
9692,2024-09-07,Felix Campbell,SKU-0084,2393.00,West
9693,2024-08-13,Iris Patel,SKU-0199,8204.00,East
9694,2024-12-24,Henry Taylor,SKU-0071,4856.00,Central
9695,2024-04-25,Xavier Lopez,SKU-0027,23367.00,West
9696,2024-09-07,Oscar Edwards,SKU-0097,3818.00,South
9697,2024-07-03,Ursula Rogers,SKU-0117,8953.00,Central
9698,2024-08-14,Felix Campbell,SKU-0118,7596.00,Central
9699,2024-11-09,Henry Taylor,SKU-0081,3213.00,North
9700,2024-04-12,Nathan Parker,SKU-0024,952.00,East
9701,2024-01-26,Emma Brown,SKU-0172,18358.00,Central
9702,2024-04-27,Lucas Turner,SKU-0104,14485.00,East
9703,2024-05-01,Wendy Wright,SKU-0019,13590.00,Central
9704,2024-11-10,Troy Morris,SKU-0030,17852.00,East
9705,2024-11-02,Derek Hill,SKU-0141,7933.00,West
9706,2024-02-14,Troy Morris,SKU-0044,24650.00,South
9707,2024-07-10,Kelly Evans,SKU-0124,6971.00,West
9708,2024-07-20,Jack Anderson,SKU-0196,14272.00,Central
9709,2024-04-10,Yusuf Bell,SKU-0111,5884.00,East
9710,2024-09-23,Bob Martinez,SKU-0141,18880.00,East
9711,2024-03-15,Ursula Rogers,SKU-0074,5266.00,East
9712,2024-10-05,Alice Chen,SKU-0031,18142.00,South
9713,2024-03-21,Yusuf Bell,SKU-0144,11375.00,Central
9714,2024-12-18,Quinn Walker,SKU-0159,4200.00,East
9715,2024-11-25,Henry Taylor,SKU-0015,5623.00,South
9716,2024-02-27,Whitney Cook,SKU-0182,18080.00,South
9717,2024-01-29,Rachel Hall,SKU-0031,13050.00,West
9718,2024-03-15,Felix Campbell,SKU-0185,27302.00,East
9719,2024-02-12,Jack Anderson,SKU-0079,27874.00,West
9720,2024-02-19,Troy Morris,SKU-0136,4012.00,East
9721,2024-03-07,Amy Adams,SKU-0080,25526.00,East
9722,2024-02-05,Jake Phillips,SKU-0023,25453.00,East
9723,2024-12-06,Xena Morgan,SKU-0010,27846.00,West
9724,2024-12-23,Tina Young,SKU-0177,7958.00,Central
9725,2024-11-05,Gina Mitchell,SKU-0062,7253.00,South
9726,2024-04-11,Derek Hill,SKU-0051,1570.00,South
9727,2024-07-01,Frank Wilson,SKU-0158,11503.00,Central
9728,2024-03-17,Maya Harris,SKU-0104,26302.00,East
9729,2024-07-29,Nathan Parker,SKU-0198,7997.00,Central
9730,2024-01-16,Peter Robinson,SKU-0157,7514.00,East
9731,2024-03-11,Leo Jackson,SKU-0117,27100.00,West
9732,2024-02-16,Nathan Parker,SKU-0057,19414.00,Central
9733,2024-04-17,Jack Anderson,SKU-0126,17609.00,Central
9734,2024-07-05,Lucas Turner,SKU-0120,10168.00,North
9735,2024-06-07,Kate Thomas,SKU-0081,27782.00,East
9736,2024-01-23,Henry Taylor,SKU-0132,23181.00,Central
9737,2024-08-10,Yara Scott,SKU-0182,4890.00,East
9738,2024-03-07,Sam Allen,SKU-0102,29413.00,North
9739,2024-02-16,Amy Adams,SKU-0090,24737.00,North
9740,2024-04-27,Nathan Parker,SKU-0050,27367.00,North
9741,2024-03-07,Felix Campbell,SKU-0041,27467.00,East
9742,2024-07-12,Derek Hill,SKU-0039,3958.00,West
9743,2024-01-29,Victor King,SKU-0127,10356.00,East
9744,2024-11-10,Reed Stewart,SKU-0129,25049.00,North
9745,2024-11-17,Grace Liu,SKU-0099,17186.00,West
9746,2024-11-05,Oscar Edwards,SKU-0067,18169.00,Central
9747,2024-01-07,Jake Phillips,SKU-0027,3885.00,North
9748,2024-07-03,Yara Scott,SKU-0070,4420.00,West
9749,2024-03-21,Ivy Carter,SKU-0005,5538.00,North
9750,2024-01-11,Yusuf Bell,SKU-0040,13974.00,North
9751,2024-05-19,Victor King,SKU-0171,19837.00,South
9752,2024-05-20,Ivy Carter,SKU-0058,17229.00,Central
9753,2024-09-28,Frank Wilson,SKU-0179,12839.00,East
9754,2024-09-11,Victor King,SKU-0012,9030.00,North
9755,2024-09-30,Xavier Lopez,SKU-0148,12462.00,Central
9756,2024-03-22,Ursula Rogers,SKU-0102,29210.00,West
9757,2024-03-21,Yusuf Bell,SKU-0135,23442.00,East
9758,2024-05-12,David Kim,SKU-0142,9890.00,North
9759,2024-05-25,Henry Taylor,SKU-0122,26756.00,Central
9760,2024-01-02,Quinn Walker,SKU-0037,19369.00,Central
9761,2024-12-12,Frank Wilson,SKU-0113,18765.00,West
9762,2024-04-01,Monica Torres,SKU-0120,3783.00,East
9763,2024-11-23,Carol White,SKU-0194,15166.00,East
9764,2024-06-02,Lucas Turner,SKU-0184,27870.00,North
9765,2024-09-18,Victor King,SKU-0115,6495.00,East
9766,2024-07-27,Oscar Edwards,SKU-0096,2350.00,South
9767,2024-04-01,Frank Wilson,SKU-0190,1532.00,East
9768,2024-03-09,Derek Hill,SKU-0126,17126.00,Central
9769,2024-01-09,Carol White,SKU-0024,597.00,South
9770,2024-06-12,Chloe Nelson,SKU-0138,3810.00,South
9771,2024-09-16,Maya Harris,SKU-0025,3928.00,North
9772,2024-02-17,Victor King,SKU-0064,24343.00,East
9773,2024-02-26,Monica Torres,SKU-0002,24111.00,Central
9774,2024-09-03,Tina Young,SKU-0151,4675.00,Central
9775,2024-10-22,Paula Collins,SKU-0119,27508.00,West
9776,2024-04-18,Leo Jackson,SKU-0093,28527.00,East
9777,2024-11-16,Troy Morris,SKU-0192,2087.00,Central
9778,2024-12-01,Whitney Cook,SKU-0195,14970.00,North
9779,2024-12-24,Reed Stewart,SKU-0076,21577.00,North
9780,2024-09-14,Jake Phillips,SKU-0155,7290.00,Central
9781,2024-05-02,Peter Robinson,SKU-0191,16583.00,Central
9782,2024-07-16,Kate Thomas,SKU-0047,6384.00,East
9783,2024-01-25,Olivia Lewis,SKU-0128,24331.00,South
9784,2024-05-10,Jake Phillips,SKU-0132,17678.00,East
9785,2024-08-02,Frank Wilson,SKU-0051,11161.00,North
9786,2024-09-26,Troy Morris,SKU-0014,8102.00,South
9787,2024-06-06,Maya Harris,SKU-0011,22013.00,North
9788,2024-07-11,Gina Mitchell,SKU-0050,10327.00,Central
9789,2024-02-18,Henry Taylor,SKU-0040,16920.00,South
9790,2024-03-21,Jake Phillips,SKU-0053,16782.00,East
9791,2024-05-29,Iris Patel,SKU-0014,28306.00,West
9792,2024-07-01,Felix Campbell,SKU-0117,2027.00,West
9793,2024-11-02,Sam Allen,SKU-0057,7815.00,North
9794,2024-03-01,Quinn Walker,SKU-0069,28636.00,North
9795,2024-03-11,Tina Young,SKU-0126,2905.00,South
9796,2024-07-30,Iris Patel,SKU-0052,10447.00,East
9797,2024-01-03,Vincent Reed,SKU-0005,16715.00,East
9798,2024-12-13,Jake Phillips,SKU-0179,15205.00,North
9799,2024-06-06,Bob Martinez,SKU-0186,9813.00,Central
9800,2024-07-03,Brian Baker,SKU-0112,7931.00,North
9801,2024-07-04,Ivy Carter,SKU-0033,3257.00,Central
9802,2024-02-07,Felix Campbell,SKU-0053,2676.00,Central
9803,2024-07-11,Emma Brown,SKU-0118,5594.00,North
9804,2024-06-30,Quinn Walker,SKU-0189,15190.00,East
9805,2024-06-06,Lucas Turner,SKU-0173,17421.00,East
9806,2024-05-25,Elena Ramirez,SKU-0033,5718.00,East
9807,2024-04-05,Derek Hill,SKU-0136,905.00,North
9808,2024-03-24,Grace Liu,SKU-0108,12876.00,South
9809,2024-03-12,Bob Martinez,SKU-0188,769.00,West
9810,2024-11-05,Paula Collins,SKU-0140,9707.00,Central
9811,2024-08-15,Elena Ramirez,SKU-0105,2311.00,West
9812,2024-02-21,Paula Collins,SKU-0100,28657.00,East
9813,2024-02-10,Vincent Reed,SKU-0049,3179.00,South
9814,2024-08-18,Kelly Evans,SKU-0055,4015.00,East
9815,2024-06-16,Sofia Sanchez,SKU-0151,9040.00,East
9816,2024-03-05,Noah Clark,SKU-0110,16250.00,Central
9817,2024-09-04,Felix Campbell,SKU-0041,2889.00,West
9818,2024-05-27,Yara Scott,SKU-0121,27896.00,East
9819,2024-10-08,Tina Young,SKU-0135,2978.00,West
9820,2024-12-20,Frank Wilson,SKU-0139,24840.00,South
9821,2024-01-15,Noah Clark,SKU-0082,15901.00,East
9822,2024-01-08,Alice Chen,SKU-0086,4008.00,South
9823,2024-09-24,Kelly Evans,SKU-0040,8376.00,East
9824,2024-07-03,Jake Phillips,SKU-0160,6448.00,South
9825,2024-06-14,Ursula Rogers,SKU-0056,21368.00,East
9826,2024-03-24,Wendy Wright,SKU-0182,1419.00,West
9827,2024-06-27,Uma Hernandez,SKU-0098,12892.00,Central
9828,2024-03-03,Paula Collins,SKU-0185,27512.00,North
9829,2024-05-16,Bob Martinez,SKU-0014,13870.00,East
9830,2024-10-14,Whitney Cook,SKU-0131,1608.00,East
9831,2024-11-02,Iris Patel,SKU-0033,25141.00,West
9832,2024-08-09,Jack Anderson,SKU-0027,8714.00,East
9833,2024-04-18,Chloe Nelson,SKU-0080,4026.00,Central
9834,2024-06-16,Yara Scott,SKU-0168,19258.00,South
9835,2024-05-20,Lucas Turner,SKU-0013,21923.00,South
9836,2024-05-26,Emma Brown,SKU-0066,27638.00,West
9837,2024-04-01,Uma Hernandez,SKU-0084,4766.00,West
9838,2024-04-23,Grace Liu,SKU-0050,17882.00,North
9839,2024-04-08,Kelly Evans,SKU-0010,2131.00,Central
9840,2024-05-05,Frank Wilson,SKU-0026,8277.00,Central
9841,2024-04-28,Henry Taylor,SKU-0085,10806.00,South
9842,2024-05-16,David Kim,SKU-0126,1289.00,Central
9843,2024-01-11,Xavier Lopez,SKU-0180,9134.00,East
9844,2024-06-01,Leo Jackson,SKU-0145,5793.00,Central
9845,2024-05-17,Victor King,SKU-0126,20978.00,East
9846,2024-02-08,Wendy Wright,SKU-0130,23769.00,South
9847,2024-06-20,Kate Thomas,SKU-0163,8629.00,Central
9848,2024-08-13,Vincent Reed,SKU-0166,9066.00,East
9849,2024-02-27,Hugo Roberts,SKU-0167,27800.00,East
9850,2024-12-22,Bob Martinez,SKU-0193,11076.00,Central
9851,2024-03-21,Frank Wilson,SKU-0103,26499.00,North
9852,2024-01-28,Ivy Carter,SKU-0139,6243.00,East
9853,2024-02-28,Henry Taylor,SKU-0193,18656.00,Central
9854,2024-08-05,Kelly Evans,SKU-0048,7638.00,West
9855,2024-06-20,Monica Torres,SKU-0123,15976.00,North
9856,2024-07-28,Chloe Nelson,SKU-0151,5530.00,West
9857,2024-08-14,Felix Campbell,SKU-0057,5666.00,East
9858,2024-07-30,Carol White,SKU-0032,12232.00,South
9859,2024-12-14,Leo Jackson,SKU-0078,4339.00,South
9860,2024-01-15,Reed Stewart,SKU-0111,27613.00,West
9861,2024-04-20,Reed Stewart,SKU-0199,20710.00,West
9862,2024-02-03,Maya Harris,SKU-0086,15685.00,North
9863,2024-09-21,Monica Torres,SKU-0147,3900.00,East
9864,2024-01-06,Chloe Nelson,SKU-0120,16646.00,Central
9865,2024-03-30,Frank Wilson,SKU-0058,23326.00,South
9866,2024-02-02,Frank Wilson,SKU-0121,27247.00,Central
9867,2024-12-21,Reed Stewart,SKU-0181,4704.00,Central
9868,2024-03-18,Noah Clark,SKU-0069,20919.00,West
9869,2024-02-22,Quinn Walker,SKU-0091,26550.00,East
9870,2024-01-28,Jake Phillips,SKU-0164,2337.00,Central
9871,2024-10-24,Iris Patel,SKU-0078,2060.00,East
9872,2024-10-22,Sofia Sanchez,SKU-0162,12352.00,North
9873,2024-06-30,Hugo Roberts,SKU-0042,2441.00,East
9874,2024-04-06,Uma Hernandez,SKU-0123,20287.00,West
9875,2024-04-25,Whitney Cook,SKU-0117,10098.00,East
9876,2024-03-02,Zach Green,SKU-0076,17015.00,Central
9877,2024-01-16,Bob Martinez,SKU-0184,17865.00,Central
9878,2024-07-25,Kate Thomas,SKU-0028,5465.00,North
9879,2024-10-25,Yara Scott,SKU-0151,19234.00,Central
9880,2024-08-04,David Kim,SKU-0198,8495.00,East
9881,2024-04-21,Gina Mitchell,SKU-0150,2898.00,South
9882,2024-12-18,Maya Harris,SKU-0142,26764.00,West
9883,2024-03-24,Peter Robinson,SKU-0176,21030.00,North
9884,2024-08-06,Uma Hernandez,SKU-0098,3828.00,West
9885,2024-12-29,Carol White,SKU-0065,7482.00,North
9886,2024-05-15,Nathan Parker,SKU-0154,790.00,North
9887,2024-09-24,Henry Taylor,SKU-0167,9152.00,South
9888,2024-02-02,Ivy Carter,SKU-0143,10263.00,West
9889,2024-08-22,Vincent Reed,SKU-0141,8682.00,East
9890,2024-05-15,Xena Morgan,SKU-0049,23664.00,East
9891,2024-07-26,Zach Green,SKU-0087,7100.00,South
