order_id,customer_id,amount,date,category
1,200,,2024-12-08,Books
2,195,,2024-07-20,Electronics
3,91,,2024-08-27,Electronics
4,43,,2024-08-11,Home
5,34,,2024-12-09,Clothing
6,62,,2024-12-13,Food
7,126,,2024-12-14,Clothing
8,171,,2024-04-26,Food
9,118,,2024-01-21,Clothing
10,174,,2024-03-14,Books
11,119,,2024-12-20,Books
12,52,,2024-10-01,Electronics
13,120,,2024-10-05,Clothing
14,46,,2024-05-09,Electronics
15,42,,2024-02-17,Food
16,1,,2024-01-09,Food
17,163,,2024-05-29,Food
18,133,,2024-03-01,Home
19,50,,2024-07-14,Food
20,82,,2024-04-28,Clothing
21,92,,2024-09-05,Home
22,31,,2024-07-11,Food
23,118,,2024-09-05,Food
24,153,,2024-08-29,Food
25,85,,2024-01-28,Electronics
26,37,,2024-11-29,Books
27,183,,2024-04-26,Electronics
28,75,,2024-07-08,Electronics
29,33,,2024-03-10,Clothing
30,162,,2024-06-18,Home
31,89,,2024-05-29,Food
32,195,,2024-12-17,Books
33,52,,2024-02-07,Books
34,58,,2024-06-03,Clothing
35,77,,2024-06-14,Books
36,2,,2024-10-29,Home
37,181,,2024-02-20,Clothing
38,125,,2024-11-11,Books
39,120,,2024-07-22,Books
40,133,,2024-06-01,Electronics
41,13,,2024-04-13,Electronics
42,52,,2024-06-24,Electronics
43,52,,2024-02-20,Clothing
44,20,,2024-10-08,Clothing
45,69,,2024-10-12,Clothing
46,88,,2024-04-17,Electronics
47,162,,2024-03-22,Electronics
48,40,,2024-10-29,Food
49,44,,2024-09-07,Electronics
50,72,,2024-04-20,Clothing
51,70,,2024-01-09,Home
52,159,,2024-05-01,Electronics
53,193,,2024-11-08,Clothing
54,136,,2024-08-12,Home
55,60,,2024-03-26,Books
56,68,,2024-07-27,Home
57,181,,2024-11-30,Electronics
58,9,,2024-11-06,Books
59,16,,2024-02-05,Books
60,180,,2024-05-22,Books
61,184,,2024-01-13,Clothing
62,109,,2024-05-29,Electronics
63,55,,2024-04-27,Food
64,87,,2024-01-05,Clothing
65,58,,2024-11-05,Home
66,36,,2024-10-06,Electronics
67,128,,2024-03-18,Books
68,167,,2024-03-19,Home
69,186,,2024-08-05,Books
70,51,,2024-11-04,Home
71,61,,2024-02-25,Food
72,66,,2024-07-24,Food
73,83,,2024-08-10,Books
74,158,,2024-04-02,Clothing
75,37,,2024-11-26,Food
76,109,,2024-03-04,Food
77,196,,2024-03-07,Food
78,116,,2024-03-27,Books
79,123,,2024-05-14,Clothing
80,67,,2024-02-08,Home
81,89,,2024-09-24,Home
82,24,,2024-03-15,Clothing
83,191,,2024-08-12,Books
84,180,,2024-12-19,Home
85,181,,2024-12-18,Home
86,40,,2024-03-05,Clothing
87,199,,2024-08-05,Books
88,3,,2024-12-26,Food
89,175,,2024-02-15,Electronics
90,104,,2024-10-03,Home
91,55,,2024-07-10,Books
92,99,,2024-12-07,Home
93,134,,2024-08-24,Books
94,179,,2024-11-16,Electronics
95,115,,2024-08-17,Food
96,74,,2024-05-05,Clothing
97,193,,2024-12-30,Electronics
98,149,,2024-01-31,Electronics
99,68,,2024-01-16,Clothing
100,9,,2024-08-23,Clothing
101,167,,2024-04-22,Home
102,128,,2024-06-08,Food
103,62,,2024-11-22,Electronics
104,127,,2024-11-16,Books
105,93,,2024-03-05,Clothing
106,163,,2024-04-16,Electronics
107,52,,2024-08-21,Books
108,107,,2024-06-10,Electronics
109,169,,2024-04-23,Food
110,49,,2024-03-03,Food
111,139,,2024-08-10,Clothing
112,130,,2024-09-08,Electronics
113,40,,2024-11-20,Food
114,30,,2024-08-23,Books
115,50,,2024-12-15,Clothing
116,66,,2024-01-06,Electronics
117,114,,2024-09-06,Food
118,190,,2024-06-29,Electronics
119,125,,2024-03-22,Electronics
120,171,,2024-08-01,Books
121,57,,2024-09-21,Clothing
122,139,,2024-03-01,Clothing
123,184,,2024-07-07,Food
124,164,,2024-10-20,Electronics
125,177,,2024-06-20,Food
126,60,,2024-10-10,Electronics
127,112,,2024-08-21,Home
128,119,,2024-11-02,Home
129,89,,2024-01-19,Home
130,97,,2024-01-26,Clothing
131,160,,2024-06-09,Clothing
132,129,,2024-01-18,Clothing
133,148,,2024-07-14,Food
134,92,,2024-11-30,Clothing
135,185,,2024-05-07,Home
136,166,,2024-03-27,Food
137,123,,2024-01-30,Home
138,87,,2024-03-26,Clothing
139,57,,2024-04-02,Food
140,72,,2024-08-09,Clothing
141,58,,2024-04-23,Home
142,156,,2024-07-02,Food
143,69,,2024-04-14,Home
144,159,,2024-02-10,Books
145,182,,2024-11-16,Food
146,189,,2024-03-15,Food
147,189,,2024-06-14,Home
148,95,,2024-09-22,Home
149,50,,2024-09-26,Home
150,168,,2024-10-28,Food
151,45,,2024-11-02,Home
152,81,,2024-06-07,Books
153,187,,2024-02-25,Home
154,193,,2024-02-19,Home
155,163,,2024-04-09,Food
156,147,,2024-04-26,Food
157,197,,2024-03-31,Books
158,124,,2024-10-22,Home
159,86,,2024-05-30,Clothing
160,143,,2024-04-03,Home
161,160,,2024-06-01,Clothing
162,195,,2024-02-18,Clothing
163,88,,2024-04-07,Electronics
164,39,,2024-02-22,Home
165,178,,2024-11-15,Books
166,77,,2024-01-20,Electronics
167,109,,2024-10-01,Books
168,176,,2024-03-06,Electronics
169,56,,2024-11-17,Electronics
170,109,,2024-02-17,Clothing
171,104,,2024-08-26,Electronics
172,58,,2024-09-14,Books
173,89,,2024-04-28,Books
174,86,,2024-06-22,Home
175,11,,2024-08-25,Electronics
176,132,,2024-07-18,Electronics
177,86,,2024-05-30,Books
178,122,,2024-08-19,Clothing
179,51,,2024-01-26,Clothing
180,37,,2024-11-21,Home
181,55,,2024-11-22,Electronics
182,126,,2024-01-31,Clothing
183,179,,2024-08-10,Books
184,50,,2024-12-20,Books
185,73,,2024-03-30,Food
186,44,,2024-04-16,Home
187,184,,2024-04-25,Electronics
188,34,,2024-09-15,Books
189,73,,2024-03-08,Food
190,63,,2024-05-17,Home
191,185,,2024-12-09,Electronics
192,118,,2024-12-01,Electronics
193,126,,2024-08-14,Food
194,171,,2024-12-13,Clothing
195,76,,2024-08-24,Books
196,29,,2024-01-23,Books
197,25,,2024-01-25,Electronics
198,142,,2024-02-19,Electronics
199,29,,2024-07-05,Food
200,53,,2024-08-23,Electronics
201,178,69.3,2024-01-03,Electronics
202,47,71.21,2024-08-06,Books
203,195,137.24,2024-10-09,Food
204,70,139.09,2024-07-04,Electronics
205,174,78.15,2024-08-16,Food
206,131,132.67,2024-12-01,Food
207,13,95.85,2024-03-15,Books
208,101,149.8,2024-09-27,Clothing
209,27,159.83,2024-03-24,Clothing
210,76,81.85,2024-02-22,Electronics
211,177,50.11,2024-03-02,Books
212,87,136.47,2024-01-11,Electronics
213,107,37.31,2024-12-15,Books
214,139,93.55,2024-04-12,Food
215,199,92.24,2024-03-01,Food
216,141,80.16,2024-12-02,Clothing
217,116,72.2,2024-09-20,Home
218,114,88.12,2024-01-14,Home
219,6,117.81,2024-06-19,Electronics
220,84,106.95,2024-11-14,Clothing
221,144,137.9,2024-01-20,Home
222,130,103.13,2024-10-23,Home
223,141,112.49,2024-10-19,Clothing
224,124,95.7,2024-06-05,Electronics
225,128,96.53,2024-08-29,Electronics
226,163,150.46,2024-06-28,Clothing
227,46,99.84,2024-02-09,Clothing
228,154,127.61,2024-10-23,Food
229,148,110.39,2024-06-14,Home
230,161,50.09,2024-10-24,Food
231,187,93.3,2024-06-15,Food
232,183,75.08,2024-08-07,Books
233,171,121.09,2024-01-07,Books
234,121,90.82,2024-08-04,Electronics
235,79,106.05,2024-10-15,Home
236,59,100.39,2024-12-28,Clothing
237,72,143.12,2024-09-27,Food
238,65,111.41,2024-03-06,Clothing
239,32,116.96,2024-06-21,Clothing
240,194,135.25,2024-09-25,Clothing
241,186,94.88,2024-08-16,Electronics
242,144,130.95,2024-01-09,Food
243,72,83.21,2024-12-28,Home
244,75,117.64,2024-04-29,Food
245,110,77.26,2024-04-21,Home
246,96,41.83,2024-01-17,Food
247,169,112.75,2024-09-03,Books
248,81,85.79,2024-08-20,Books
249,138,108.73,2024-12-08,Clothing
250,56,64.26,2024-05-09,Clothing
251,25,113.23,2024-12-27,Electronics
252,178,126.28,2024-10-01,Home
253,65,106.71,2024-11-12,Books
254,167,71.01,2024-11-08,Electronics
255,20,166.93,2024-04-28,Clothing
256,131,85.52,2024-10-01,Home
257,47,66.93,2024-11-27,Electronics
258,155,92.3,2024-08-25,Books
259,199,59.72,2024-03-02,Home
260,64,154.68,2024-04-25,Electronics
261,115,86.28,2024-07-04,Electronics
262,125,147.69,2024-11-07,Electronics
263,53,141.93,2024-02-16,Books
264,186,135.81,2024-06-19,Electronics
265,30,20.48,2024-10-31,Food
266,60,107.95,2024-01-08,Home
267,146,106.36,2024-04-25,Electronics
268,89,40.41,2024-05-31,Home
269,82,39.41,2024-06-01,Electronics
270,6,61.79,2024-12-09,Home
271,123,103.36,2024-05-04,Clothing
272,32,117.46,2024-09-13,Food
273,122,82.4,2024-12-26,Electronics
274,125,64.98,2024-02-08,Home
275,109,116.15,2024-05-15,Electronics
276,36,129.56,2024-08-04,Home
277,197,68.02,2024-04-22,Electronics
278,146,85.45,2024-06-24,Home
279,90,47.69,2024-04-16,Electronics
280,7,103.62,2024-11-30,Home
281,200,90.74,2024-03-08,Books
282,180,78.3,2024-12-19,Books
283,11,105.05,2024-01-10,Electronics
284,118,133.25,2024-06-24,Electronics
285,172,87.05,2024-07-09,Electronics
286,122,103.5,2024-03-15,Clothing
287,50,110.31,2024-03-06,Home
288,27,102.65,2024-12-14,Books
289,99,138.2,2024-04-16,Electronics
290,67,75.38,2024-12-25,Home
291,24,77.76,2024-08-01,Home
292,54,156.31,2024-06-11,Electronics
293,181,145.84,2024-07-09,Home
294,163,96.34,2024-07-01,Food
295,158,111.72,2024-06-15,Clothing
296,158,105.26,2024-04-04,Home
297,68,116.95,2024-01-27,Electronics
298,48,30.64,2024-09-24,Food
299,99,136.27,2024-12-26,Electronics
300,97,68.18,2024-07-04,Clothing
301,129,119.88,2024-12-09,Food
302,85,130.61,2024-06-07,Home
303,98,119.89,2024-07-02,Food
304,166,107.17,2024-07-11,Electronics
305,73,57.0,2024-03-30,Books
306,102,114.41,2024-05-22,Home
307,151,106.06,2024-06-13,Food
308,194,118.05,2024-04-28,Books
309,151,89.0,2024-02-12,Books
310,179,81.5,2024-01-31,Electronics
311,120,117.78,2024-01-27,Clothing
312,81,90.8,2024-02-09,Books
313,56,160.0,2024-09-27,Books
314,67,141.7,2024-08-07,Home
315,148,143.12,2024-07-08,Books
316,172,99.28,2024-02-05,Electronics
317,5,104.91,2024-01-26,Food
318,141,72.1,2024-07-01,Food
319,101,104.26,2024-10-13,Books
320,67,92.36,2024-09-30,Books
321,152,98.09,2024-04-11,Electronics
322,48,109.41,2024-07-22,Home
323,97,102.6,2024-07-28,Electronics
324,19,107.64,2024-07-28,Books
325,30,93.93,2024-11-26,Clothing
326,16,77.93,2024-04-23,Clothing
327,171,119.54,2024-09-01,Electronics
328,190,85.14,2024-05-05,Electronics
329,94,152.32,2024-01-01,Food
330,76,120.99,2024-12-13,Books
331,86,102.6,2024-05-24,Electronics
332,153,150.78,2024-06-25,Electronics
333,32,108.5,2024-05-09,Home
334,63,98.11,2024-06-21,Clothing
335,107,122.3,2024-06-11,Food
336,163,129.26,2024-08-08,Electronics
337,56,122.0,2024-03-30,Food
338,190,83.41,2024-06-22,Books
339,85,112.7,2024-04-06,Home
340,90,84.04,2024-08-05,Electronics
341,81,119.44,2024-07-23,Books
342,106,175.18,2024-05-16,Books
343,100,107.05,2024-10-17,Electronics
344,22,67.46,2024-10-09,Books
345,45,80.82,2024-06-16,Books
346,91,57.34,2024-11-05,Home
347,138,65.99,2024-07-31,Home
348,104,116.64,2024-04-03,Home
349,84,44.32,2024-02-14,Books
350,31,157.55,2024-04-27,Food
351,2,92.46,2024-05-25,Electronics
352,135,42.88,2024-04-25,Home
353,81,109.3,2024-04-09,Home
354,105,103.8,2024-11-05,Clothing
355,200,99.73,2024-02-20,Books
356,102,137.56,2024-12-22,Home
357,150,93.64,2024-02-27,Clothing
358,151,98.51,2024-07-16,Food
359,27,102.22,2024-12-01,Electronics
360,67,68.0,2024-05-09,Food
361,19,100.04,2024-11-19,Home
362,185,68.32,2024-09-06,Clothing
363,69,69.68,2024-04-23,Food
364,80,157.58,2024-11-22,Home
365,40,100.71,2024-05-01,Home
366,56,163.63,2024-02-02,Home
367,183,93.53,2024-11-30,Home
368,51,137.75,2024-02-05,Electronics
369,185,109.99,2024-04-06,Clothing
370,71,102.66,2024-11-12,Food
371,133,154.15,2024-12-01,Books
372,103,134.18,2024-03-02,Home
373,44,73.25,2024-08-11,Home
374,109,137.2,2024-09-15,Home
375,145,131.01,2024-08-10,Clothing
376,10,81.93,2024-11-26,Food
377,69,96.32,2024-08-05,Home
378,99,59.5,2024-12-11,Books
379,178,90.65,2024-03-18,Food
380,13,58.26,2024-02-08,Books
381,95,135.5,2024-05-08,Food
382,105,118.2,2024-09-18,Books
383,11,91.61,2024-09-27,Electronics
384,107,107.0,2024-04-28,Books
385,162,92.69,2024-03-08,Electronics
386,21,82.14,2024-09-22,Books
387,53,133.14,2024-09-11,Clothing
388,199,80.32,2024-02-05,Home
389,120,123.52,2024-07-17,Food
390,187,68.01,2024-02-19,Electronics
391,83,112.04,2024-12-05,Home
392,26,105.82,2024-09-28,Food
393,143,53.4,2024-04-12,Food
394,60,85.28,2024-07-17,Electronics
395,77,104.67,2024-03-23,Electronics
396,70,127.43,2024-05-01,Clothing
397,123,125.01,2024-08-07,Electronics
398,194,91.88,2024-03-03,Home
399,50,134.08,2024-03-16,Home
400,22,115.82,2024-09-13,Food
401,16,83.46,2024-03-21,Electronics
402,140,69.72,2024-05-24,Clothing
403,79,69.95,2024-01-09,Clothing
404,133,74.46,2024-06-29,Books
405,4,141.28,2024-11-14,Electronics
406,76,75.13,2024-04-20,Electronics
407,176,63.08,2024-07-14,Home
408,18,52.3,2024-09-12,Clothing
409,68,91.05,2024-06-01,Food
410,119,109.72,2024-04-05,Books
411,188,77.04,2024-03-13,Electronics
412,130,77.94,2024-09-25,Clothing
413,117,119.5,2024-08-05,Clothing
414,144,115.36,2024-02-05,Electronics
415,58,69.65,2024-04-09,Books
416,19,98.76,2024-10-05,Home
417,143,49.38,2024-01-22,Books
418,15,135.26,2024-08-15,Home
419,157,100.29,2024-08-24,Food
420,185,107.97,2024-01-07,Books
421,8,80.83,2024-11-27,Food
422,75,69.77,2024-07-10,Clothing
423,57,74.27,2024-07-30,Clothing
424,3,67.33,2024-03-13,Home
425,112,45.71,2024-03-16,Books
426,132,101.92,2024-03-15,Home
427,27,58.79,2024-12-07,Books
428,2,61.64,2024-08-24,Electronics
429,36,86.53,2024-12-18,Clothing
430,28,120.29,2024-02-01,Books
431,11,69.21,2024-09-20,Food
432,198,49.83,2024-09-18,Books
433,198,38.56,2024-04-16,Clothing
434,9,114.18,2024-08-16,Food
435,177,88.47,2024-05-19,Electronics
436,25,104.88,2024-08-01,Books
437,153,82.73,2024-04-06,Food
438,63,113.96,2024-04-28,Electronics
439,79,70.45,2024-10-01,Food
440,25,92.29,2024-11-27,Home
441,170,91.72,2024-11-21,Books
442,126,93.8,2024-09-21,Electronics
443,99,24.15,2024-08-09,Electronics
444,168,54.65,2024-02-08,Clothing
445,74,106.79,2024-12-19,Food
446,103,98.49,2024-02-03,Books
447,83,106.0,2024-12-14,Electronics
448,176,209.6,2024-08-19,Clothing
449,113,57.83,2024-08-14,Clothing
450,59,109.04,2024-10-31,Electronics
451,33,113.9,2024-06-10,Clothing
452,109,171.96,2024-10-04,Food
453,14,62.44,2024-08-28,Books
454,195,107.27,2024-03-29,Clothing
455,16,93.48,2024-01-23,Home
456,32,94.69,2024-12-12,Books
457,26,73.03,2024-06-19,Books
458,39,162.19,2024-05-24,Food
459,44,75.79,2024-04-29,Clothing
460,126,76.67,2024-05-15,Books
461,65,134.28,2024-11-25,Electronics
462,127,61.73,2024-10-08,Food
463,105,99.8,2024-01-30,Clothing
464,26,61.18,2024-07-16,Food
465,82,111.47,2024-06-26,Clothing
466,91,103.04,2024-03-24,Clothing
467,145,108.64,2024-10-12,Home
468,26,128.44,2024-09-15,Clothing
469,90,74.96,2024-04-10,Electronics
470,34,132.23,2024-11-20,Books
471,53,84.02,2024-11-29,Electronics
472,195,83.22,2024-03-16,Electronics
473,73,62.25,2024-10-21,Home
474,180,111.65,2024-03-12,Books
475,189,105.24,2024-01-12,Home
476,153,123.51,2024-07-11,Food
477,38,100.31,2024-04-21,Clothing
478,116,21.63,2024-12-19,Electronics
479,178,148.68,2024-03-27,Books
480,138,141.52,2024-05-07,Clothing
481,57,38.01,2024-03-25,Clothing
482,94,65.57,2024-02-12,Books
483,142,104.45,2024-08-24,Electronics
484,83,91.61,2024-09-05,Clothing
485,3,84.56,2024-10-22,Books
486,27,74.88,2024-05-26,Home
487,57,112.93,2024-09-30,Books
488,3,60.97,2024-01-10,Electronics
489,184,144.54,2024-06-17,Clothing
490,183,66.87,2024-09-11,Electronics
491,39,41.74,2024-07-17,Home
492,182,126.63,2024-04-18,Electronics
493,68,106.19,2024-07-16,Clothing
494,20,87.8,2024-01-25,Clothing
495,72,63.38,2024-05-20,Food
496,34,51.7,2024-08-21,Electronics
497,121,88.8,2024-06-06,Books
498,65,20.35,2024-04-22,Home
499,35,79.94,2024-01-11,Electronics
500,188,52.52,2024-01-20,Books
501,70,98.73,2024-12-28,Clothing
502,77,73.9,2024-07-12,Electronics
503,139,127.3,2024-08-06,Electronics
504,118,76.81,2024-11-18,Food
505,89,164.49,2024-10-13,Clothing
506,200,67.14,2024-07-22,Home
507,85,123.93,2024-01-19,Food
508,155,104.14,2024-03-06,Books
509,192,103.04,2024-03-11,Home
510,55,136.94,2024-12-02,Home
511,155,115.21,2024-05-22,Books
512,92,148.59,2024-09-06,Electronics
513,143,73.36,2024-09-13,Home
514,175,76.02,2024-09-25,Books
515,33,112.02,2024-02-12,Clothing
516,149,130.9,2024-11-11,Clothing
517,47,77.67,2024-05-06,Home
518,163,66.64,2024-03-16,Food
519,19,135.05,2024-10-03,Food
520,144,127.43,2024-08-18,Clothing
521,39,160.59,2024-02-04,Clothing
522,54,69.06,2024-03-13,Books
523,24,39.29,2024-12-19,Home
524,123,98.59,2024-01-01,Food
525,72,105.82,2024-08-04,Clothing
526,22,139.05,2024-11-08,Food
527,24,86.79,2024-09-14,Food
528,76,169.38,2024-05-02,Electronics
529,104,104.19,2024-08-29,Books
530,107,142.56,2024-10-09,Food
531,190,111.29,2024-12-09,Books
532,52,82.23,2024-10-03,Books
533,125,72.36,2024-03-30,Home
534,9,98.31,2024-02-07,Food
535,2,104.73,2024-03-06,Clothing
536,193,133.9,2024-02-09,Home
537,164,153.98,2024-05-05,Clothing
538,104,76.09,2024-09-18,Home
539,17,149.07,2024-11-06,Clothing
540,90,147.07,2024-05-28,Clothing
541,122,103.7,2024-11-13,Electronics
542,181,111.57,2024-12-12,Electronics
543,96,146.36,2024-11-17,Books
544,102,118.74,2024-02-09,Food
545,127,113.9,2024-10-15,Books
546,46,90.15,2024-05-17,Home
547,52,50.88,2024-05-07,Home
548,131,108.62,2024-07-23,Books
549,122,82.48,2024-06-02,Clothing
550,36,92.07,2024-06-02,Food
551,5,124.85,2024-05-07,Home
552,109,69.54,2024-03-29,Electronics
553,23,159.15,2024-12-23,Clothing
554,39,104.39,2024-02-23,Books
555,50,103.58,2024-09-15,Electronics
556,114,128.43,2024-12-22,Food
557,163,60.17,2024-10-22,Clothing
558,177,50.38,2024-08-11,Food
559,77,109.53,2024-06-08,Home
560,5,51.34,2024-07-13,Food
561,126,95.84,2024-07-09,Books
562,104,115.95,2024-03-28,Books
563,49,91.89,2024-05-31,Clothing
564,53,89.96,2024-07-03,Clothing
565,104,158.03,2024-01-17,Clothing
566,125,98.4,2024-10-16,Books
567,194,82.1,2024-03-29,Books
568,129,117.04,2024-03-22,Electronics
569,53,104.4,2024-05-26,Clothing
570,166,106.21,2024-05-10,Books
571,186,92.89,2024-01-31,Electronics
572,32,152.07,2024-11-22,Clothing
573,3,39.15,2024-08-14,Food
574,64,118.78,2024-05-30,Food
575,200,131.68,2024-04-17,Home
576,60,81.74,2024-03-05,Clothing
577,103,111.25,2024-08-18,Electronics
578,99,85.39,2024-08-13,Clothing
579,119,94.5,2024-10-10,Food
580,178,103.7,2024-06-17,Food
581,82,98.49,2024-02-06,Books
582,27,55.7,2024-09-24,Clothing
583,42,156.34,2024-01-11,Electronics
584,124,44.52,2024-08-11,Electronics
585,82,116.78,2024-03-18,Clothing
586,194,79.26,2024-07-28,Electronics
587,7,128.81,2024-02-25,Books
588,100,45.2,2024-07-06,Food
589,49,99.01,2024-09-11,Electronics
590,31,92.42,2024-05-24,Food
591,143,113.43,2024-01-30,Electronics
592,45,114.29,2024-08-27,Food
593,115,98.22,2024-03-27,Clothing
594,197,69.95,2024-03-02,Books
595,10,79.63,2024-01-27,Food
596,11,39.97,2024-09-11,Clothing
597,80,110.64,2024-03-08,Home
598,46,131.86,2024-01-02,Home
599,71,109.36,2024-08-29,Home
600,116,123.57,2024-05-20,Food
601,138,99.42,2024-10-03,Food
602,118,110.25,2024-04-10,Electronics
603,70,151.46,2024-09-11,Books
604,111,157.9,2024-03-26,Electronics
605,63,50.54,2024-05-22,Books
606,77,79.49,2024-04-20,Electronics
607,16,37.89,2024-01-11,Food
608,143,84.55,2024-11-16,Food
609,46,84.97,2024-07-21,Electronics
610,107,112.49,2024-07-25,Electronics
611,104,53.8,2024-04-28,Food
612,71,136.62,2024-10-19,Food
613,23,125.05,2024-06-17,Home
614,140,127.99,2024-11-06,Home
615,2,115.62,2024-03-04,Clothing
616,109,64.25,2024-02-03,Books
617,163,57.84,2024-07-14,Books
618,93,114.69,2024-12-15,Home
619,57,133.61,2024-12-04,Electronics
620,11,62.53,2024-02-15,Books
621,42,89.03,2024-08-22,Clothing
622,71,68.92,2024-05-05,Clothing
623,41,65.43,2024-09-29,Home
624,170,147.82,2024-04-30,Home
625,123,99.67,2024-09-08,Electronics
626,116,41.28,2024-03-17,Electronics
627,20,71.68,2024-03-24,Food
628,101,64.95,2024-12-22,Home
629,198,74.19,2024-11-10,Electronics
630,19,133.11,2024-07-08,Electronics
631,18,44.75,2024-05-11,Electronics
632,44,136.25,2024-03-01,Home
633,108,78.28,2024-08-10,Clothing
634,32,170.66,2024-07-11,Food
635,32,98.17,2024-07-30,Food
636,17,151.07,2024-03-04,Food
637,22,99.01,2024-02-05,Electronics
638,52,126.34,2024-07-11,Home
639,23,63.17,2024-09-18,Books
640,91,136.38,2024-06-09,Books
641,116,149.05,2024-01-06,Clothing
642,49,77.93,2024-05-27,Electronics
643,196,91.15,2024-07-31,Food
644,75,167.25,2024-11-24,Electronics
645,6,106.04,2024-06-14,Food
646,149,91.41,2024-06-19,Food
647,169,136.51,2024-02-26,Books
648,198,58.04,2024-04-03,Food
649,120,132.34,2024-08-13,Home
650,137,115.8,2024-12-10,Home
651,158,79.79,2024-07-20,Electronics
652,175,98.79,2024-02-16,Clothing
653,148,81.42,2024-05-24,Home
654,50,51.29,2024-06-30,Clothing
655,64,74.58,2024-02-28,Clothing
656,56,104.31,2024-06-29,Books
657,143,70.04,2024-02-03,Clothing
658,174,98.4,2024-05-22,Clothing
659,151,62.56,2024-04-17,Clothing
660,27,92.81,2024-11-09,Clothing
661,39,89.12,2024-01-26,Electronics
662,131,112.82,2024-12-08,Books
663,189,111.53,2024-02-19,Books
664,76,118.19,2024-11-07,Books
665,21,125.75,2024-07-04,Home
666,16,89.52,2024-03-04,Home
667,110,82.42,2024-03-23,Clothing
668,1,90.31,2024-12-05,Books
669,138,85.85,2024-06-02,Food
670,55,116.62,2024-10-05,Electronics
671,50,82.84,2024-11-30,Books
672,76,84.45,2024-03-17,Food
673,25,97.33,2024-07-11,Books
674,19,77.7,2024-08-12,Clothing
675,70,98.1,2024-09-11,Clothing
676,98,96.62,2024-07-31,Home
677,25,170.65,2024-06-12,Home
678,184,123.0,2024-08-20,Food
679,123,63.55,2024-11-19,Clothing
680,16,127.61,2024-03-27,Books
681,13,67.57,2024-05-20,Clothing
682,118,145.29,2024-11-16,Clothing
683,191,91.64,2024-07-29,Books
684,182,85.05,2024-07-16,Food
685,180,105.67,2024-04-12,Clothing
686,90,46.92,2024-11-21,Electronics
687,120,100.78,2024-04-16,Home
688,66,48.95,2024-10-19,Clothing
689,188,129.96,2024-11-18,Electronics
690,149,137.24,2024-05-12,Clothing
691,52,103.42,2024-01-25,Food
692,130,121.3,2024-03-30,Electronics
693,91,86.87,2024-09-07,Clothing
694,178,78.63,2024-08-29,Books
695,45,130.03,2024-08-11,Books
696,102,90.7,2024-07-28,Clothing
697,25,86.34,2024-03-05,Food
698,109,105.71,2024-07-31,Clothing
699,89,62.53,2024-02-10,Clothing
700,100,53.41,2024-11-09,Food
701,71,106.86,2024-03-19,Clothing
702,104,126.79,2024-10-09,Electronics
703,137,81.74,2024-02-24,Electronics
704,89,102.83,2024-10-16,Home
705,13,121.88,2024-04-07,Home
706,44,56.67,2024-01-13,Home
707,195,64.11,2024-01-21,Food
708,181,87.13,2024-09-13,Food
709,55,142.78,2024-05-06,Books
710,34,92.38,2024-08-02,Electronics
711,127,116.99,2024-09-15,Clothing
712,3,45.39,2024-07-24,Clothing
713,172,73.36,2024-11-19,Food
714,108,62.72,2024-07-22,Electronics
715,17,135.53,2024-06-07,Clothing
716,72,107.07,2024-03-10,Food
717,70,145.0,2024-07-01,Food
718,105,136.61,2024-05-17,Books
719,153,87.61,2024-01-20,Food
720,110,114.8,2024-01-15,Electronics
721,33,51.13,2024-11-11,Food
722,193,47.9,2024-12-07,Electronics
723,73,85.18,2024-03-26,Clothing
724,110,116.45,2024-04-17,Electronics
725,173,101.28,2024-08-22,Clothing
726,46,108.68,2024-03-05,Home
727,105,95.74,2024-09-10,Clothing
728,192,135.19,2024-10-14,Books
729,23,68.89,2024-11-30,Clothing
730,173,117.31,2024-02-20,Electronics
731,3,92.59,2024-04-15,Home
732,88,72.47,2024-01-24,Books
733,199,101.25,2024-12-08,Clothing
734,113,98.58,2024-08-11,Food
735,48,100.93,2024-07-21,Books
736,37,113.35,2024-04-09,Food
737,147,28.01,2024-08-30,Food
738,23,129.48,2024-08-22,Books
739,108,131.23,2024-07-27,Food
740,194,56.48,2024-05-11,Books
741,55,71.15,2024-10-03,Clothing
742,75,88.52,2024-11-06,Clothing
743,64,73.15,2024-03-20,Home
744,1,85.39,2024-05-11,Electronics
745,150,90.19,2024-09-20,Books
746,149,129.26,2024-06-05,Books
747,79,120.67,2024-03-25,Books
748,167,88.78,2024-05-17,Electronics
749,156,80.59,2024-10-02,Food
750,8,101.29,2024-01-10,Clothing
751,72,81.75,2024-05-09,Home
752,73,76.39,2024-05-27,Books
753,48,105.63,2024-08-02,Electronics
754,16,96.49,2024-01-01,Home
755,71,102.6,2024-09-08,Electronics
756,15,67.71,2024-10-28,Food
757,182,84.59,2024-10-04,Electronics
758,47,90.9,2024-08-19,Home
759,40,45.51,2024-01-09,Clothing
760,53,96.62,2024-06-04,Home
761,57,100.35,2024-01-22,Books
762,49,69.09,2024-07-01,Home
763,151,110.89,2024-08-19,Food
764,171,94.17,2024-06-17,Electronics
765,20,122.75,2024-12-10,Books
766,4,110.01,2024-08-21,Food
767,51,97.01,2024-05-12,Food
768,84,77.03,2024-11-20,Food
769,143,113.97,2024-03-17,Clothing
770,14,109.99,2024-01-22,Electronics
771,62,110.16,2024-06-15,Clothing
772,53,123.62,2024-12-06,Clothing
773,16,53.25,2024-06-08,Home
774,188,97.27,2024-09-18,Home
775,115,55.17,2024-09-20,Home
776,118,104.14,2024-07-28,Electronics
777,86,43.18,2024-08-05,Clothing
778,81,129.16,2024-04-11,Electronics
779,182,116.46,2024-01-08,Books
780,44,67.27,2024-10-19,Food
781,43,107.67,2024-05-15,Books
782,190,73.86,2024-06-27,Books
783,137,70.68,2024-01-03,Food
784,63,123.34,2024-05-16,Electronics
785,28,66.94,2024-10-25,Electronics
786,188,74.62,2024-04-04,Food
787,37,90.71,2024-02-21,Clothing
788,115,116.81,2024-08-08,Books
789,168,158.66,2024-12-08,Books
790,112,94.83,2024-09-16,Electronics
791,58,83.43,2024-02-06,Food
792,10,95.1,2024-05-16,Electronics
793,20,116.4,2024-11-03,Home
794,72,83.22,2024-01-08,Food
795,23,124.28,2024-07-03,Clothing
796,146,84.3,2024-04-28,Clothing
797,22,153.05,2024-08-17,Books
798,28,71.44,2024-09-07,Food
799,79,81.66,2024-11-08,Books
800,112,124.51,2024-07-18,Home
801,128,116.1,2024-01-17,Books
802,85,206.52,2024-04-28,Electronics
803,56,102.48,2024-09-28,Books
804,40,80.41,2024-11-19,Clothing
805,135,161.27,2024-01-03,Books
806,6,97.18,2024-03-05,Books
807,84,74.55,2024-09-15,Home
808,34,105.47,2024-04-28,Books
809,58,109.42,2024-08-10,Books
810,116,23.78,2024-07-22,Books
811,30,92.66,2024-07-28,Electronics
812,27,101.37,2024-03-21,Books
813,12,134.31,2024-03-16,Books
814,112,119.34,2024-08-10,Food
815,198,94.13,2024-08-05,Electronics
816,49,146.49,2024-05-15,Clothing
817,44,110.88,2024-05-13,Food
818,171,91.08,2024-09-06,Books
819,31,154.52,2024-12-29,Home
820,30,105.39,2024-06-09,Clothing
821,131,101.44,2024-10-14,Food
822,125,91.51,2024-06-09,Books
823,8,142.48,2024-11-24,Home
824,123,116.64,2024-11-24,Books
825,104,124.27,2024-09-07,Electronics
826,94,100.81,2024-07-10,Clothing
827,149,86.46,2024-09-06,Home
828,104,144.5,2024-06-23,Food
829,18,69.46,2024-06-04,Home
830,51,104.99,2024-01-13,Home
831,24,95.34,2024-08-26,Food
832,68,100.52,2024-05-02,Books
833,129,47.54,2024-06-27,Home
834,109,133.35,2024-06-14,Clothing
835,38,104.55,2024-11-17,Electronics
836,194,62.26,2024-02-13,Food
837,83,93.87,2024-02-29,Books
838,71,83.98,2024-12-16,Home
839,118,158.75,2024-06-08,Food
840,177,111.5,2024-01-03,Electronics
841,147,117.55,2024-06-11,Clothing
842,22,81.92,2024-01-30,Food
843,11,71.58,2024-11-20,Home
844,188,95.15,2024-10-09,Books
845,179,94.87,2024-02-08,Food
846,167,79.64,2024-03-26,Food
847,94,81.49,2024-04-07,Books
848,187,81.84,2024-01-04,Books
849,175,66.66,2024-06-07,Home
850,10,95.37,2024-04-27,Books
851,21,87.73,2024-11-19,Books
852,135,114.14,2024-01-10,Books
853,44,110.77,2024-04-10,Electronics
854,187,61.43,2024-03-27,Clothing
855,23,40.52,2024-12-13,Clothing
856,112,83.69,2024-01-06,Food
857,77,44.85,2024-06-28,Electronics
858,80,105.32,2024-12-18,Books
859,10,49.06,2024-10-22,Clothing
860,24,55.9,2024-07-03,Food
861,194,119.89,2024-10-21,Home
862,114,145.38,2024-07-25,Food
863,66,108.17,2024-12-27,Food
864,60,103.86,2024-02-22,Food
865,103,108.96,2024-11-30,Electronics
866,62,111.33,2024-06-10,Books
867,96,112.16,2024-06-21,Books
868,119,77.18,2024-09-16,Home
869,199,107.77,2024-07-30,Books
870,183,81.52,2024-06-06,Home
871,119,85.48,2024-01-29,Home
872,69,126.71,2024-03-24,Food
873,79,78.2,2024-08-15,Books
874,191,66.17,2024-10-14,Electronics
875,39,140.69,2024-09-17,Electronics
876,24,69.04,2024-02-26,Clothing
877,186,60.15,2024-06-26,Electronics
878,127,122.84,2024-07-28,Books
879,60,94.26,2024-12-19,Clothing
880,200,69.1,2024-12-04,Food
881,170,131.56,2024-05-02,Home
882,1,56.42,2024-07-06,Electronics
883,133,133.2,2024-10-06,Home
884,2,96.79,2024-10-17,Food
885,112,129.22,2024-04-16,Books
886,171,89.11,2024-09-07,Electronics
887,35,107.11,2024-04-18,Home
888,188,119.51,2024-05-10,Home
889,63,94.87,2024-11-13,Home
890,196,111.01,2024-03-27,Electronics
891,66,68.95,2024-04-12,Home
892,81,98.41,2024-02-08,Food
893,41,64.39,2024-06-27,Home
894,83,87.15,2024-12-01,Food
895,83,135.59,2024-10-03,Home
896,169,70.28,2024-12-30,Electronics
897,181,105.58,2024-07-13,Food
898,199,135.65,2024-12-04,Food
899,25,94.49,2024-04-23,Clothing
900,200,78.62,2024-07-25,Food
901,119,79.36,2024-03-13,Clothing
902,14,66.59,2024-02-18,Food
903,110,110.1,2024-02-28,Home
904,132,109.17,2024-08-27,Home
905,2,129.28,2024-11-11,Books
906,26,44.07,2024-03-26,Books
907,103,47.84,2024-02-22,Food
908,54,50.49,2024-04-06,Home
909,46,65.54,2024-06-18,Home
910,58,67.72,2024-07-12,Clothing
911,114,53.63,2024-08-04,Food
912,135,119.14,2024-01-09,Electronics
913,54,101.02,2024-01-11,Electronics
914,91,103.89,2024-11-18,Clothing
915,120,126.54,2024-02-02,Clothing
916,90,100.36,2024-07-02,Clothing
917,122,23.36,2024-03-21,Food
918,43,58.53,2024-12-11,Home
919,174,42.62,2024-07-30,Home
920,6,131.68,2024-08-10,Clothing
921,119,84.61,2024-03-28,Clothing
922,189,148.39,2024-07-12,Electronics
923,38,114.32,2024-05-31,Home
924,165,123.52,2024-05-03,Clothing
925,93,43.12,2024-12-27,Clothing
926,28,128.72,2024-06-24,Food
927,24,85.3,2024-08-22,Electronics
928,22,109.97,2024-02-03,Clothing
929,58,66.72,2024-09-21,Home
930,192,113.62,2024-04-23,Home
931,113,121.83,2024-05-01,Food
932,149,49.12,2024-05-13,Food
933,21,79.75,2024-01-27,Clothing
934,57,120.69,2024-09-01,Food
935,100,103.21,2024-01-25,Food
936,29,87.62,2024-06-06,Home
937,30,76.67,2024-07-27,Electronics
938,57,78.94,2024-06-23,Clothing
939,91,99.73,2024-11-21,Books
940,85,89.86,2024-12-26,Clothing
941,191,142.96,2024-11-04,Books
942,67,160.89,2024-05-27,Food
943,53,101.0,2024-12-06,Home
944,3,156.15,2024-07-23,Clothing
945,116,167.95,2024-08-13,Clothing
946,175,115.95,2024-04-22,Food
947,55,131.37,2024-03-11,Books
948,102,135.02,2024-03-20,Home
949,172,130.2,2024-11-11,Clothing
950,122,125.31,2024-01-05,Home
951,79,90.63,2024-10-25,Clothing
952,200,106.92,2024-09-06,Books
953,63,72.39,2024-06-04,Electronics
954,191,82.62,2024-10-20,Electronics
955,58,86.92,2024-11-28,Home
956,22,129.7,2024-02-17,Electronics
957,7,102.83,2024-03-25,Electronics
958,17,82.56,2024-02-11,Books
959,188,122.67,2024-06-27,Home
960,189,142.59,2024-02-18,Electronics
961,84,108.95,2024-04-20,Electronics
962,171,138.69,2024-04-11,Books
963,38,111.71,2024-04-12,Books
964,104,129.64,2024-01-02,Electronics
965,55,112.13,2024-09-21,Home
966,115,87.42,2024-04-08,Books
967,151,101.95,2024-12-08,Books
968,162,102.85,2024-05-02,Books
969,123,83.65,2024-02-07,Electronics
970,30,119.51,2024-02-17,Clothing
971,170,134.26,2024-10-18,Food
972,71,82.41,2024-07-13,Books
973,56,127.6,2024-04-28,Home
974,115,32.53,2024-06-05,Books
975,172,79.01,2024-02-04,Books
976,89,84.64,2024-12-19,Food
977,41,166.2,2024-10-05,Food
978,91,106.18,2024-04-14,Books
979,75,203.27,2024-08-18,Electronics
980,145,83.23,2024-07-17,Food
981,79,92.2,2024-02-16,Books
982,128,85.14,2024-09-06,Books
983,160,71.03,2024-09-26,Books
984,58,76.79,2024-09-25,Electronics
985,26,109.94,2024-04-30,Books
986,88,58.9,2024-01-07,Books
987,88,120.97,2024-12-21,Home
988,143,110.45,2024-01-29,Food
989,80,78.91,2024-04-27,Electronics
990,152,83.34,2024-11-10,Books
991,123,56.9,2024-06-05,Food
992,90,109.64,2024-03-24,Home
993,59,109.04,2024-10-04,Clothing
994,195,117.45,2024-01-06,Food
995,160,72.26,2024-10-16,Home
996,146,107.17,2024-06-06,Home
997,179,134.43,2024-11-01,Electronics
998,62,70.81,2024-07-07,Home
999,192,128.76,2024-05-28,Electronics
1000,104,61.06,2024-07-15,Home
1001,141,145.05,2024-07-04,Books
1002,31,96.33,2024-05-05,Electronics
1003,10,85.38,2024-06-24,Clothing
1004,200,115.82,2024-07-28,Clothing
1005,35,107.38,2024-02-01,Clothing
1006,178,66.99,2024-09-13,Electronics
1007,69,81.55,2024-12-23,Electronics
1008,163,130.66,2024-02-24,Food
1009,171,120.97,2024-10-09,Books
1010,80,56.55,2024-08-08,Food
1011,109,114.33,2024-02-28,Clothing
1012,34,132.36,2024-02-15,Clothing
1013,46,65.94,2024-09-16,Electronics
1014,140,135.88,2024-03-09,Home
1015,57,45.78,2024-04-07,Food
1016,1,16.45,2024-12-12,Books
1017,165,135.23,2024-10-27,Food
1018,139,80.3,2024-07-23,Food
1019,99,43.38,2024-06-16,Electronics
1020,145,87.0,2024-05-26,Books
1021,66,148.35,2024-10-01,Electronics
1022,186,114.47,2024-12-01,Books
1023,128,45.4,2024-11-05,Clothing
1024,58,108.45,2024-03-15,Books
1025,3,93.16,2024-09-02,Clothing
1026,181,109.84,2024-01-13,Books
1027,165,104.49,2024-10-14,Books
1028,87,94.53,2024-11-10,Books
1029,116,48.04,2024-05-15,Books
1030,152,19.87,2024-07-17,Home
1031,79,97.25,2024-10-28,Home
1032,171,40.3,2024-10-17,Food
1033,190,55.91,2024-01-11,Home
1034,15,124.49,2024-06-16,Clothing
1035,51,144.5,2024-12-03,Clothing
1036,80,138.79,2024-07-01,Clothing
1037,63,134.74,2024-09-09,Home
1038,125,113.14,2024-04-07,Electronics
1039,75,96.94,2024-01-06,Clothing
1040,188,138.97,2024-12-01,Food
1041,71,135.73,2024-04-24,Food
1042,169,136.38,2024-04-17,Clothing
1043,166,76.08,2024-12-04,Food
1044,8,108.06,2024-02-10,Home
1045,112,71.53,2024-06-18,Food
1046,81,145.24,2024-01-28,Clothing
1047,29,137.34,2024-11-14,Clothing
1048,16,94.2,2024-01-06,Electronics
1049,161,63.56,2024-07-05,Clothing
1050,158,77.84,2024-10-14,Clothing
1051,174,125.39,2024-01-12,Food
1052,1,40.1,2024-05-31,Home
1053,21,92.26,2024-11-29,Clothing
1054,176,110.93,2024-01-03,Home
1055,68,126.27,2024-03-18,Electronics
1056,155,115.89,2024-04-28,Clothing
1057,129,94.23,2024-08-28,Clothing
1058,137,75.22,2024-10-11,Electronics
1059,46,137.62,2024-12-26,Home
1060,105,77.46,2024-02-28,Books
1061,52,108.61,2024-09-28,Food
1062,18,125.34,2024-06-23,Books
1063,8,111.53,2024-10-10,Electronics
1064,89,65.72,2024-06-05,Home
1065,173,123.69,2024-07-02,Electronics
1066,188,96.96,2024-09-19,Home
1067,109,58.12,2024-11-06,Home
1068,40,102.79,2024-10-08,Clothing
1069,95,121.46,2024-05-03,Home
1070,92,66.42,2024-11-09,Food
1071,98,124.09,2024-04-27,Home
1072,29,109.12,2024-07-18,Clothing
1073,18,103.91,2024-06-16,Home
1074,196,60.81,2024-08-24,Clothing
1075,76,97.95,2024-10-22,Clothing
1076,86,69.97,2024-11-28,Clothing
1077,173,138.21,2024-07-30,Books
1078,21,107.16,2024-08-15,Electronics
1079,67,130.83,2024-03-28,Food
1080,90,91.31,2024-01-07,Food
1081,183,89.83,2024-10-28,Home
1082,6,122.17,2024-04-09,Home
1083,30,92.52,2024-04-13,Food
1084,184,98.58,2024-11-02,Food
1085,91,82.28,2024-06-04,Electronics
1086,63,70.19,2024-01-10,Books
1087,166,110.7,2024-04-30,Electronics
1088,66,90.18,2024-12-11,Books
1089,189,76.21,2024-10-16,Books
1090,76,105.54,2024-08-19,Electronics
1091,71,119.92,2024-07-27,Clothing
1092,19,84.33,2024-06-11,Electronics
1093,57,71.48,2024-08-21,Home
1094,179,84.25,2024-05-21,Electronics
1095,108,120.51,2024-10-12,Food
1096,122,104.65,2024-05-22,Clothing
1097,182,44.28,2024-04-01,Clothing
1098,76,71.99,2024-10-26,Home
1099,95,83.57,2024-02-08,Clothing
1100,81,118.44,2024-11-19,Food
1101,1,69.77,2024-03-23,Electronics
1102,149,95.92,2024-03-03,Clothing
1103,110,146.27,2024-01-17,Books
1104,37,156.44,2024-07-19,Food
1105,59,80.78,2024-09-06,Electronics
1106,96,110.63,2024-09-15,Clothing
1107,14,47.92,2024-10-27,Clothing
1108,10,84.08,2024-08-28,Food
1109,76,106.18,2024-08-10,Food
1110,113,109.09,2024-01-10,Clothing
1111,102,132.97,2024-01-24,Clothing
1112,128,29.59,2024-03-02,Home
1113,4,131.72,2024-08-07,Home
1114,123,81.62,2024-11-28,Books
1115,84,57.49,2024-11-11,Electronics
1116,1,89.68,2024-10-07,Electronics
1117,134,91.97,2024-02-24,Electronics
1118,29,78.1,2024-09-04,Electronics
1119,120,126.43,2024-09-03,Books
1120,24,92.03,2024-05-06,Food
1121,150,92.41,2024-12-10,Clothing
1122,94,35.85,2024-05-15,Books
1123,34,97.8,2024-12-20,Electronics
1124,84,85.87,2024-08-10,Clothing
1125,109,82.25,2024-09-28,Home
1126,130,106.2,2024-11-08,Home
1127,15,110.55,2024-01-08,Books
1128,91,141.88,2024-05-21,Books
1129,97,77.75,2024-03-12,Books
1130,20,78.06,2024-05-01,Books
1131,139,171.19,2024-08-15,Food
1132,143,98.68,2024-06-01,Food
1133,123,99.65,2024-11-04,Electronics
1134,31,120.36,2024-03-28,Home
1135,17,111.72,2024-04-07,Home
1136,63,123.45,2024-03-05,Clothing
1137,75,97.67,2024-03-26,Food
1138,94,71.52,2024-12-10,Clothing
1139,115,105.78,2024-10-31,Food
1140,115,69.0,2024-01-10,Electronics
1141,147,72.43,2024-07-11,Books
1142,118,106.52,2024-11-10,Home
1143,172,96.61,2024-01-09,Food
1144,4,131.24,2024-04-03,Electronics
1145,64,142.25,2024-03-22,Electronics
1146,179,62.5,2024-12-28,Clothing
1147,7,111.41,2024-03-30,Food
1148,197,122.04,2024-07-20,Food
1149,188,33.92,2024-11-07,Home
1150,18,114.62,2024-05-02,Electronics
1151,3,99.72,2024-07-12,Books
1152,184,133.85,2024-06-13,Books
1153,140,107.54,2024-06-16,Food
1154,39,105.09,2024-01-07,Clothing
1155,193,163.3,2024-08-26,Clothing
1156,157,131.83,2024-12-09,Books
1157,51,41.95,2024-01-24,Home
1158,179,104.2,2024-09-05,Clothing
1159,81,134.78,2024-01-19,Electronics
1160,23,119.91,2024-02-27,Books
1161,153,25.66,2024-07-27,Clothing
1162,116,133.17,2024-12-28,Food
1163,85,110.01,2024-12-26,Books
1164,103,110.31,2024-02-26,Home
1165,80,43.86,2024-05-07,Clothing
1166,21,94.2,2024-07-18,Books
1167,167,120.25,2024-01-27,Books
1168,102,116.79,2024-09-12,Electronics
1169,179,85.62,2024-10-12,Electronics
1170,83,69.01,2024-12-07,Clothing
1171,67,137.23,2024-02-29,Home
1172,174,130.15,2024-08-31,Electronics
1173,158,113.2,2024-01-14,Home
1174,30,142.86,2024-12-12,Books
1175,167,130.68,2024-09-20,Home
1176,132,76.42,2024-07-14,Electronics
1177,33,105.22,2024-04-22,Home
1178,25,87.58,2024-02-24,Home
1179,81,117.24,2024-02-27,Electronics
1180,61,134.63,2024-02-07,Electronics
1181,54,102.45,2024-08-28,Home
1182,99,94.04,2024-07-02,Food
1183,125,75.26,2024-12-12,Home
1184,91,131.65,2024-11-21,Clothing
1185,66,131.69,2024-05-31,Clothing
1186,79,126.22,2024-10-08,Electronics
1187,60,105.51,2024-06-07,Food
1188,49,34.0,2024-02-15,Electronics
1189,53,88.49,2024-10-10,Home
1190,94,96.23,2024-02-11,Food
1191,62,67.22,2024-12-07,Books
1192,83,87.92,2024-12-11,Clothing
1193,200,81.59,2024-09-23,Food
1194,110,102.81,2024-09-29,Food
1195,26,122.1,2024-04-17,Home
1196,175,85.79,2024-10-25,Food
1197,44,88.95,2024-04-20,Clothing
1198,145,10.39,2024-07-21,Books
1199,180,84.61,2024-10-20,Home
1200,166,140.9,2024-12-03,Clothing
1201,1,79.52,2024-02-12,Electronics
1202,170,57.62,2024-01-31,Books
1203,76,63.24,2024-09-09,Electronics
1204,75,86.7,2024-07-28,Books
1205,157,104.63,2024-10-22,Books
1206,177,121.86,2024-04-21,Clothing
1207,181,138.81,2024-02-25,Electronics
1208,7,100.29,2024-12-29,Food
1209,186,47.53,2024-02-14,Home
1210,53,37.77,2024-08-12,Home
1211,25,117.23,2024-08-25,Food
1212,2,119.02,2024-03-01,Clothing
1213,169,118.16,2024-10-21,Electronics
1214,38,168.99,2024-02-26,Food
1215,30,33.47,2024-02-08,Home
1216,92,125.64,2024-02-18,Books
1217,49,119.84,2024-01-28,Electronics
1218,78,86.14,2024-12-27,Books
1219,134,94.02,2024-01-02,Home
1220,129,80.66,2024-03-08,Books
1221,8,78.6,2024-05-30,Food
1222,64,111.74,2024-02-13,Electronics
1223,141,75.05,2024-12-02,Books
1224,118,105.89,2024-02-14,Home
1225,181,101.37,2024-02-04,Clothing
1226,147,147.28,2024-03-01,Books
1227,79,84.87,2024-06-06,Home
1228,166,85.01,2024-05-09,Books
1229,68,87.24,2024-08-24,Home
1230,197,142.78,2024-11-14,Clothing
1231,154,71.22,2024-02-28,Clothing
1232,197,95.01,2024-07-14,Home
1233,146,139.19,2024-06-03,Home
1234,48,86.19,2024-05-04,Food
1235,9,95.23,2024-02-13,Books
1236,142,142.81,2024-07-22,Food
1237,178,97.57,2024-02-18,Food
1238,53,56.25,2024-03-27,Electronics
1239,94,83.64,2024-02-17,Home
1240,69,85.34,2024-06-09,Clothing
1241,171,112.34,2024-07-25,Electronics
1242,149,58.2,2024-08-06,Food
1243,27,141.34,2024-01-31,Home
1244,62,73.45,2024-09-02,Home
1245,111,103.96,2024-10-09,Clothing
1246,195,89.37,2024-04-26,Clothing
1247,120,76.44,2024-11-10,Food
1248,161,80.88,2024-05-23,Home
1249,119,148.82,2024-03-14,Food
1250,191,133.57,2024-01-13,Clothing
1251,100,46.61,2024-10-02,Food
1252,25,73.93,2024-03-29,Food
1253,31,83.01,2024-10-06,Food
1254,46,141.61,2024-05-09,Food
1255,145,101.05,2024-08-13,Books
1256,12,126.64,2024-03-30,Food
1257,86,57.6,2024-03-08,Books
1258,16,121.98,2024-03-11,Food
1259,24,113.7,2024-06-03,Books
1260,63,168.63,2024-06-07,Books
1261,152,37.43,2024-05-08,Home
1262,187,141.69,2024-12-10,Food
1263,134,84.05,2024-10-11,Clothing
1264,75,84.5,2024-04-30,Food
1265,151,105.13,2024-01-18,Home
1266,129,119.06,2024-05-09,Clothing
1267,184,86.5,2024-04-23,Electronics
1268,131,107.41,2024-08-22,Electronics
1269,145,97.99,2024-04-01,Books
1270,38,149.2,2024-01-08,Home
1271,135,61.15,2024-01-02,Clothing
1272,159,78.87,2024-11-29,Books
1273,9,91.76,2024-04-13,Home
1274,85,91.7,2024-03-27,Clothing
1275,179,85.07,2024-12-05,Food
1276,14,70.88,2024-09-28,Home
1277,39,118.6,2024-07-24,Clothing
1278,106,100.78,2024-02-19,Clothing
1279,65,41.85,2024-03-30,Food
1280,20,125.18,2024-12-29,Electronics
1281,74,99.38,2024-10-12,Home
1282,8,107.19,2024-06-04,Food
1283,122,136.23,2024-04-09,Electronics
1284,147,143.49,2024-02-24,Clothing
1285,113,84.16,2024-11-26,Electronics
1286,86,90.14,2024-11-17,Home
1287,108,76.92,2024-08-01,Home
1288,5,90.58,2024-10-25,Home
1289,116,166.9,2024-02-24,Food
1290,113,140.21,2024-07-29,Clothing
1291,167,148.03,2024-10-26,Home
1292,176,82.71,2024-06-21,Home
1293,197,111.88,2024-01-23,Electronics
1294,111,116.59,2024-07-27,Electronics
1295,66,86.18,2024-12-08,Home
1296,155,77.21,2024-03-02,Electronics
1297,35,112.44,2024-08-18,Clothing
1298,144,129.02,2024-05-16,Books
1299,147,38.15,2024-12-07,Clothing
1300,192,51.96,2024-07-22,Clothing
1301,95,125.75,2024-01-24,Books
1302,12,58.37,2024-09-02,Electronics
1303,51,99.4,2024-04-29,Electronics
1304,85,134.89,2024-11-16,Electronics
1305,26,47.3,2024-08-22,Electronics
1306,63,115.02,2024-07-12,Home
1307,23,74.75,2024-04-06,Electronics
1308,5,44.6,2024-05-25,Electronics
1309,165,105.05,2024-09-18,Books
1310,183,93.47,2024-07-09,Electronics
1311,152,175.51,2024-12-13,Home
1312,55,126.36,2024-02-20,Clothing
1313,83,128.11,2024-03-31,Food
1314,171,52.2,2024-03-08,Clothing
1315,109,85.7,2024-02-09,Electronics
1316,97,80.01,2024-08-22,Electronics
1317,150,46.43,2024-09-17,Electronics
1318,14,110.12,2024-05-05,Home
1319,74,64.79,2024-03-11,Home
1320,18,67.75,2024-07-16,Books
1321,182,80.24,2024-07-06,Food
1322,9,117.12,2024-02-15,Food
1323,17,103.04,2024-07-07,Home
1324,102,77.91,2024-12-11,Electronics
1325,17,145.1,2024-02-18,Clothing
1326,119,94.03,2024-08-19,Home
1327,162,83.14,2024-10-24,Clothing
1328,88,58.33,2024-12-12,Books
1329,5,62.41,2024-10-13,Food
1330,2,76.49,2024-04-26,Books
1331,151,110.6,2024-07-13,Home
1332,114,93.59,2024-06-25,Food
1333,62,103.03,2024-11-11,Books
1334,100,32.88,2024-06-14,Clothing
1335,103,103.88,2024-12-10,Clothing
1336,169,170.24,2024-06-27,Food
1337,107,104.66,2024-10-14,Clothing
1338,153,100.93,2024-11-21,Electronics
1339,120,94.39,2024-04-14,Home
1340,78,59.43,2024-11-15,Electronics
1341,14,41.89,2024-10-21,Clothing
1342,135,70.98,2024-03-28,Books
1343,179,48.23,2024-06-26,Home
1344,186,98.16,2024-11-04,Books
1345,35,77.22,2024-07-04,Home
1346,73,88.62,2024-01-24,Home
1347,131,72.59,2024-04-10,Clothing
1348,120,119.19,2024-03-05,Books
1349,118,45.24,2024-08-21,Clothing
1350,7,77.09,2024-10-11,Home
1351,80,91.37,2024-08-17,Food
1352,106,99.96,2024-05-07,Clothing
1353,147,93.01,2024-12-08,Home
1354,6,82.53,2024-12-22,Food
1355,113,107.71,2024-06-01,Electronics
1356,139,112.82,2024-08-21,Electronics
1357,79,108.22,2024-04-02,Home
1358,90,167.64,2024-02-12,Electronics
1359,85,102.95,2024-01-26,Food
1360,96,94.42,2024-04-10,Clothing
1361,171,89.69,2024-01-24,Books
1362,47,88.18,2024-09-10,Books
1363,96,107.47,2024-02-12,Electronics
1364,39,47.55,2024-02-23,Books
1365,16,122.14,2024-07-08,Books
1366,99,110.59,2024-09-16,Books
1367,57,61.25,2024-05-18,Food
1368,185,129.75,2024-10-21,Home
1369,123,40.36,2024-01-25,Food
1370,148,104.13,2024-05-15,Food
1371,191,65.45,2024-04-22,Electronics
1372,89,144.43,2024-09-05,Home
1373,50,64.56,2024-07-15,Books
1374,93,92.03,2024-03-19,Clothing
1375,16,108.85,2024-12-26,Home
1376,6,103.34,2024-08-04,Clothing
1377,158,122.43,2024-06-15,Books
1378,97,89.74,2024-08-15,Home
1379,93,87.32,2024-09-28,Home
1380,86,143.23,2024-04-25,Home
1381,144,67.01,2024-12-11,Clothing
1382,35,114.26,2024-01-27,Electronics
1383,147,82.75,2024-07-14,Food
1384,102,95.25,2024-07-16,Home
1385,167,66.62,2024-04-02,Books
1386,38,133.9,2024-01-02,Food
1387,73,110.61,2024-04-26,Books
1388,13,110.06,2024-10-28,Books
1389,67,93.89,2024-02-03,Books
1390,133,72.25,2024-09-12,Books
1391,175,120.13,2024-01-21,Clothing
1392,92,107.57,2024-07-14,Books
1393,190,107.93,2024-11-17,Electronics
1394,95,116.51,2024-06-16,Home
1395,68,72.27,2024-02-28,Electronics
1396,56,92.53,2024-04-07,Home
1397,34,71.29,2024-09-26,Clothing
1398,129,122.93,2024-10-14,Home
1399,188,104.32,2024-05-07,Food
1400,89,149.53,2024-06-16,Clothing
1401,183,109.17,2024-07-04,Books
1402,92,89.79,2024-01-22,Books
1403,123,94.02,2024-10-29,Electronics
1404,9,108.16,2024-06-28,Books
1405,150,95.73,2024-06-04,Clothing
1406,105,77.74,2024-05-27,Electronics
1407,13,92.76,2024-09-14,Clothing
1408,72,72.13,2024-10-24,Home
1409,57,106.51,2024-12-03,Electronics
1410,93,125.15,2024-05-31,Electronics
1411,110,45.27,2024-09-19,Books
1412,79,98.13,2024-01-22,Home
1413,193,105.9,2024-03-20,Books
1414,103,161.96,2024-11-28,Books
1415,192,94.52,2024-02-15,Home
1416,37,140.19,2024-07-08,Food
1417,112,147.08,2024-11-27,Home
1418,78,129.65,2024-08-17,Food
1419,110,119.91,2024-04-18,Clothing
1420,122,109.94,2024-07-06,Home
1421,119,133.23,2024-11-04,Food
1422,193,131.11,2024-09-22,Books
1423,73,137.25,2024-08-11,Home
1424,128,59.73,2024-06-27,Electronics
1425,150,134.59,2024-01-31,Books
1426,140,105.1,2024-08-07,Food
1427,24,128.79,2024-07-10,Electronics
1428,120,52.02,2024-05-30,Food
1429,32,88.99,2024-05-05,Home
1430,121,51.78,2024-04-10,Food
1431,150,169.9,2024-01-15,Clothing
1432,25,121.98,2024-05-11,Electronics
1433,144,118.97,2024-03-19,Books
1434,191,103.88,2024-12-24,Food
1435,100,140.82,2024-08-03,Home
1436,152,58.56,2024-12-07,Electronics
1437,101,83.27,2024-08-07,Books
1438,193,80.55,2024-09-21,Books
1439,9,131.37,2024-02-10,Home
1440,195,96.37,2024-02-09,Food
1441,8,110.04,2024-04-22,Clothing
1442,22,70.65,2024-09-01,Books
1443,148,45.64,2024-09-21,Food
1444,176,112.66,2024-05-02,Clothing
1445,60,131.34,2024-10-10,Books
1446,142,98.6,2024-12-11,Food
1447,172,61.53,2024-08-19,Clothing
1448,184,70.82,2024-12-09,Clothing
1449,93,102.37,2024-09-27,Home
1450,3,50.38,2024-02-08,Food
1451,73,123.45,2024-02-20,Electronics
1452,119,91.37,2024-07-15,Books
1453,180,110.99,2024-03-14,Books
1454,138,99.64,2024-06-03,Clothing
1455,31,131.37,2024-12-30,Books
1456,186,68.51,2024-11-27,Books
1457,32,143.29,2024-01-03,Books
1458,200,135.85,2024-03-06,Clothing
1459,74,138.33,2024-08-19,Food
1460,26,132.82,2024-06-04,Electronics
1461,127,77.45,2024-04-14,Food
1462,1,123.81,2024-03-18,Home
1463,66,114.14,2024-04-30,Electronics
1464,21,59.33,2024-07-30,Home
1465,167,113.39,2024-11-05,Clothing
1466,45,96.37,2024-02-02,Clothing
1467,174,86.07,2024-07-23,Home
1468,77,90.91,2024-03-30,Electronics
1469,64,98.61,2024-11-24,Clothing
1470,89,129.5,2024-04-15,Books
1471,161,111.75,2024-02-11,Home
1472,54,115.09,2024-06-22,Books
1473,96,36.45,2024-11-07,Books
1474,28,98.88,2024-06-26,Clothing
1475,153,85.03,2024-12-23,Home
1476,12,110.18,2024-03-20,Electronics
1477,58,143.87,2024-01-10,Home
1478,176,77.41,2024-09-10,Home
1479,102,106.97,2024-04-24,Books
1480,115,116.41,2024-04-03,Electronics
1481,148,25.83,2024-12-20,Food
1482,176,34.73,2024-08-05,Electronics
1483,138,103.27,2024-03-18,Home
1484,58,99.89,2024-01-18,Books
1485,132,75.28,2024-01-08,Food
1486,10,95.8,2024-04-04,Books
1487,3,51.0,2024-10-07,Home
1488,37,101.95,2024-04-11,Food
1489,39,88.25,2024-04-17,Electronics
1490,32,64.38,2024-05-21,Home
1491,110,49.55,2024-08-11,Clothing
1492,77,129.21,2024-05-14,Clothing
1493,196,98.81,2024-12-26,Electronics
1494,146,114.1,2024-07-27,Clothing
1495,71,138.68,2024-10-12,Electronics
1496,200,86.27,2024-01-23,Home
1497,174,63.66,2024-11-23,Home
1498,51,138.79,2024-11-13,Food
1499,26,69.04,2024-04-24,Books
1500,126,95.32,2024-09-23,Food
1501,121,79.25,2024-10-12,Food
1502,27,67.48,2024-06-13,Clothing
1503,93,94.27,2024-12-22,Home
1504,113,72.66,2024-02-03,Books
1505,75,120.04,2024-12-13,Food
1506,10,77.39,2024-09-04,Electronics
1507,37,83.33,2024-11-09,Food
1508,145,150.61,2024-06-06,Electronics
1509,83,135.57,2024-10-21,Food
1510,87,89.27,2024-06-13,Home
1511,46,133.68,2024-06-24,Home
1512,70,168.03,2024-09-20,Books
1513,146,101.63,2024-02-10,Food
1514,100,68.49,2024-08-22,Electronics
1515,29,83.22,2024-07-20,Clothing
1516,135,85.63,2024-11-02,Electronics
1517,164,58.22,2024-09-21,Clothing
1518,91,99.86,2024-08-13,Home
1519,181,124.68,2024-03-16,Food
1520,87,90.24,2024-07-26,Home
1521,20,111.63,2024-07-04,Electronics
1522,75,67.06,2024-12-14,Electronics
1523,148,95.57,2024-04-26,Books
1524,75,76.36,2024-08-22,Electronics
1525,105,92.33,2024-04-16,Books
1526,198,129.71,2024-01-14,Electronics
1527,75,99.41,2024-02-04,Home
1528,35,146.65,2024-03-31,Food
1529,19,110.57,2024-04-10,Clothing
1530,169,101.4,2024-12-19,Books
1531,31,88.5,2024-12-23,Electronics
1532,113,156.91,2024-04-03,Books
1533,152,104.57,2024-12-05,Home
1534,67,73.33,2024-11-01,Electronics
1535,68,111.07,2024-12-10,Clothing
1536,27,77.2,2024-04-05,Electronics
1537,37,90.78,2024-09-16,Food
1538,167,94.32,2024-09-30,Home
1539,179,104.37,2024-05-23,Clothing
1540,106,126.13,2024-08-11,Clothing
1541,137,87.01,2024-08-07,Books
1542,71,94.04,2024-08-26,Electronics
1543,104,133.17,2024-03-14,Electronics
1544,156,97.59,2024-10-01,Electronics
1545,194,73.67,2024-09-19,Electronics
1546,84,86.11,2024-05-21,Clothing
1547,101,56.11,2024-12-27,Clothing
1548,17,91.56,2024-05-30,Books
1549,19,118.4,2024-09-28,Books
1550,165,64.21,2024-04-27,Food
1551,132,181.18,2024-06-07,Food
1552,82,194.71,2024-01-26,Books
1553,99,108.1,2024-02-22,Home
1554,184,128.42,2024-07-08,Food
1555,133,62.23,2024-05-06,Electronics
1556,148,54.81,2024-02-10,Clothing
1557,115,102.26,2024-10-16,Home
1558,28,122.87,2024-08-13,Home
1559,53,104.86,2024-05-24,Clothing
1560,4,85.98,2024-03-27,Books
1561,105,93.83,2024-09-04,Food
1562,79,128.64,2024-02-18,Home
1563,46,74.74,2024-07-25,Food
1564,155,72.09,2024-02-27,Books
1565,188,116.06,2024-08-16,Food
1566,146,139.3,2024-09-15,Clothing
1567,91,47.58,2024-11-04,Food
1568,16,118.07,2024-06-06,Clothing
1569,89,88.49,2024-07-07,Home
1570,101,132.41,2024-12-25,Electronics
1571,157,80.31,2024-07-08,Electronics
1572,5,122.54,2024-07-27,Food
1573,14,89.92,2024-10-13,Books
1574,8,124.4,2024-09-10,Books
1575,12,161.69,2024-06-10,Electronics
1576,16,139.62,2024-01-19,Food
1577,96,97.85,2024-04-24,Food
1578,163,18.9,2024-03-07,Clothing
1579,146,85.25,2024-02-24,Books
1580,92,90.2,2024-01-31,Books
1581,119,68.01,2024-02-20,Books
1582,102,63.65,2024-05-31,Electronics
1583,92,109.78,2024-08-31,Home
1584,6,108.18,2024-05-20,Home
1585,185,111.12,2024-12-05,Clothing
1586,176,61.57,2024-12-16,Food
1587,122,99.97,2024-07-12,Books
1588,168,119.61,2024-09-03,Clothing
1589,125,36.6,2024-04-09,Books
1590,115,83.6,2024-11-02,Books
1591,137,34.59,2024-12-21,Food
1592,174,98.89,2024-03-30,Home
1593,195,104.97,2024-12-12,Electronics
1594,21,101.88,2024-01-20,Food
1595,136,123.32,2024-09-27,Books
1596,155,67.82,2024-06-23,Food
1597,19,120.24,2024-02-10,Clothing
1598,38,53.54,2024-06-29,Clothing
1599,156,133.22,2024-12-05,Food
1600,191,117.8,2024-03-28,Electronics
1601,14,106.32,2024-09-05,Food
1602,125,67.03,2024-07-23,Food
1603,190,92.25,2024-04-24,Clothing
1604,58,143.91,2024-03-24,Books
1605,181,147.26,2024-12-09,Home
1606,69,133.82,2024-05-13,Home
1607,50,84.51,2024-09-12,Books
1608,23,118.1,2024-09-17,Home
1609,174,131.05,2024-03-01,Clothing
1610,9,94.49,2024-05-17,Electronics
1611,96,108.21,2024-10-04,Food
1612,7,139.17,2024-08-29,Clothing
1613,135,96.72,2024-03-13,Electronics
1614,187,149.4,2024-12-02,Books
1615,2,54.67,2024-08-11,Electronics
1616,28,171.16,2024-08-24,Books
1617,181,79.81,2024-05-30,Electronics
1618,103,74.51,2024-11-24,Food
1619,56,113.58,2024-01-08,Home
1620,166,80.46,2024-09-11,Home
1621,21,121.13,2024-10-02,Home
1622,104,96.17,2024-05-11,Food
1623,57,117.7,2024-04-20,Clothing
1624,171,141.83,2024-11-14,Books
1625,80,92.6,2024-01-02,Food
1626,15,102.65,2024-03-23,Books
1627,153,90.47,2024-05-31,Clothing
1628,13,124.49,2024-12-16,Home
1629,150,113.04,2024-04-14,Home
1630,157,100.69,2024-04-21,Clothing
1631,22,46.44,2024-06-10,Electronics
1632,8,77.16,2024-08-04,Home
1633,109,96.97,2024-04-19,Food
1634,72,86.94,2024-01-22,Food
1635,163,69.93,2024-10-02,Books
1636,34,119.92,2024-01-26,Clothing
1637,13,90.82,2024-01-15,Electronics
1638,129,116.93,2024-07-26,Electronics
1639,105,73.72,2024-01-27,Books
1640,187,76.9,2024-05-31,Books
1641,55,88.63,2024-10-26,Clothing
1642,125,50.65,2024-10-22,Books
1643,2,71.0,2024-08-26,Books
1644,13,27.5,2024-05-16,Books
1645,158,89.64,2024-03-14,Books
1646,45,107.41,2024-07-27,Home
1647,67,42.87,2024-05-11,Clothing
1648,87,93.42,2024-01-20,Food
1649,37,32.44,2024-04-13,Electronics
1650,38,85.69,2024-12-13,Clothing
1651,152,66.63,2024-05-05,Food
1652,171,94.75,2024-11-29,Home
1653,26,100.13,2024-12-25,Home
1654,192,27.14,2024-03-17,Electronics
1655,73,129.22,2024-10-08,Home
1656,93,146.78,2024-09-09,Home
1657,183,152.97,2024-09-17,Home
1658,157,141.18,2024-05-04,Clothing
1659,88,82.85,2024-10-04,Electronics
1660,33,115.64,2024-07-11,Electronics
1661,101,98.42,2024-08-28,Books
1662,190,130.39,2024-04-01,Books
1663,190,66.19,2024-02-13,Clothing
1664,93,100.39,2024-08-06,Electronics
1665,174,37.74,2024-03-06,Home
1666,121,104.65,2024-10-01,Food
1667,99,76.36,2024-01-08,Electronics
1668,39,108.07,2024-06-03,Food
1669,186,132.56,2024-07-25,Food
1670,41,100.48,2024-05-22,Home
1671,154,99.99,2024-07-01,Home
1672,92,125.14,2024-01-26,Books
1673,30,26.36,2024-06-20,Books
1674,97,48.44,2024-02-25,Books
1675,98,130.65,2024-01-13,Food
1676,106,79.37,2024-01-06,Home
1677,50,85.76,2024-06-24,Clothing
1678,101,134.88,2024-09-21,Home
1679,179,62.87,2024-01-11,Clothing
1680,192,133.13,2024-08-18,Food
1681,58,102.97,2024-02-04,Food
1682,2,93.52,2024-03-09,Clothing
1683,83,64.71,2024-09-26,Clothing
1684,136,99.84,2024-11-10,Clothing
1685,111,132.07,2024-12-09,Home
1686,128,150.85,2024-03-10,Clothing
1687,26,109.72,2024-04-19,Electronics
1688,105,65.42,2024-08-11,Clothing
1689,90,87.03,2024-11-01,Home
1690,120,155.48,2024-01-16,Home
1691,37,141.42,2024-01-23,Clothing
1692,10,55.64,2024-10-18,Clothing
1693,82,132.5,2024-11-11,Electronics
1694,194,116.68,2024-03-30,Books
1695,7,103.98,2024-02-25,Clothing
1696,106,34.82,2024-04-07,Clothing
1697,154,81.3,2024-07-28,Clothing
1698,66,147.1,2024-03-02,Clothing
1699,108,96.16,2024-08-26,Food
1700,53,83.91,2024-11-05,Home
1701,74,131.1,2024-06-13,Electronics
1702,186,67.56,2024-06-14,Home
1703,8,147.88,2024-06-17,Electronics
1704,184,118.02,2024-01-24,Food
1705,64,93.87,2024-01-14,Books
1706,156,105.99,2024-08-14,Books
1707,25,133.9,2024-06-14,Clothing
1708,78,47.46,2024-10-14,Home
1709,92,102.14,2024-02-23,Clothing
1710,120,122.58,2024-03-11,Books
1711,148,145.07,2024-03-27,Food
1712,16,33.14,2024-01-11,Electronics
1713,122,109.53,2024-10-30,Home
1714,155,115.91,2024-08-03,Food
1715,21,99.11,2024-06-03,Home
1716,143,111.0,2024-10-18,Clothing
1717,52,148.09,2024-01-22,Electronics
1718,133,116.37,2024-10-09,Food
1719,76,156.14,2024-04-13,Food
1720,167,107.6,2024-07-20,Food
1721,17,77.08,2024-01-18,Books
1722,55,146.16,2024-11-27,Books
1723,45,114.06,2024-11-26,Electronics
1724,136,84.38,2024-08-24,Home
1725,146,119.94,2024-11-16,Books
1726,141,111.67,2024-02-24,Clothing
1727,56,85.14,2024-09-05,Clothing
1728,62,127.23,2024-01-11,Food
1729,104,49.47,2024-07-04,Home
1730,79,119.43,2024-07-30,Books
1731,80,90.34,2024-09-08,Electronics
1732,82,107.43,2024-01-26,Books
1733,28,44.81,2024-12-16,Clothing
1734,154,141.8,2024-12-15,Books
1735,105,108.45,2024-10-22,Electronics
1736,165,88.74,2024-07-09,Home
1737,22,101.52,2024-07-17,Electronics
1738,185,34.36,2024-05-13,Electronics
1739,123,73.66,2024-08-22,Clothing
1740,35,110.19,2024-12-19,Clothing
1741,151,136.06,2024-09-17,Food
1742,35,116.37,2024-12-09,Clothing
1743,121,73.58,2024-12-10,Electronics
1744,172,127.2,2024-04-15,Food
1745,154,97.77,2024-07-09,Books
1746,155,104.59,2024-06-06,Home
1747,124,99.54,2024-06-15,Food
1748,55,42.11,2024-03-26,Food
1749,107,94.87,2024-06-18,Home
1750,190,125.03,2024-03-28,Electronics
1751,197,104.73,2024-06-03,Clothing
1752,191,122.81,2024-07-13,Clothing
1753,19,83.66,2024-08-09,Clothing
1754,98,110.84,2024-05-21,Food
1755,40,97.23,2024-12-06,Books
1756,97,47.39,2024-10-31,Books
1757,86,79.45,2024-12-14,Books
1758,179,123.27,2024-01-03,Home
1759,140,84.52,2024-04-17,Home
1760,133,71.82,2024-12-24,Books
1761,141,106.71,2024-07-18,Food
1762,180,116.89,2024-11-13,Electronics
1763,102,110.74,2024-07-03,Clothing
1764,33,127.81,2024-01-11,Books
1765,71,108.01,2024-07-01,Clothing
1766,135,105.5,2024-03-23,Food
1767,38,104.05,2024-04-02,Books
1768,86,42.92,2024-10-18,Food
1769,186,58.45,2024-07-21,Clothing
1770,174,90.97,2024-09-27,Clothing
1771,95,119.17,2024-05-16,Books
1772,88,48.69,2024-11-22,Books
1773,90,138.84,2024-11-01,Home
1774,151,96.53,2024-07-14,Electronics
1775,96,94.25,2024-10-23,Home
1776,102,96.7,2024-02-10,Home
1777,118,79.73,2024-06-01,Electronics
1778,39,22.16,2024-05-11,Food
1779,54,44.97,2024-02-24,Home
1780,39,131.05,2024-06-19,Food
1781,183,87.75,2024-09-10,Books
1782,6,41.07,2024-11-11,Electronics
1783,197,115.38,2024-05-29,Clothing
1784,99,110.78,2024-10-31,Home
1785,49,129.63,2024-08-27,Books
1786,108,118.37,2024-12-17,Home
1787,42,123.14,2024-02-24,Clothing
1788,147,150.28,2024-08-14,Food
1789,27,105.94,2024-04-08,Food
1790,119,130.04,2024-10-09,Electronics
1791,84,68.49,2024-03-22,Food
1792,44,69.39,2024-10-31,Clothing
1793,25,133.65,2024-07-22,Electronics
1794,43,138.67,2024-09-02,Books
1795,106,121.42,2024-03-22,Books
1796,5,125.23,2024-09-23,Food
1797,56,100.88,2024-09-10,Clothing
1798,18,93.55,2024-07-18,Electronics
1799,74,54.64,2024-05-23,Home
1800,141,84.27,2024-12-09,Food
1801,169,59.65,2024-01-24,Books
1802,118,89.97,2024-01-19,Clothing
1803,107,79.97,2024-11-17,Clothing
1804,155,89.56,2024-07-22,Food
1805,198,93.95,2024-03-09,Home
1806,147,63.94,2024-04-15,Home
1807,127,79.1,2024-02-05,Electronics
1808,148,77.74,2024-04-03,Food
1809,120,100.0,2024-12-08,Clothing
1810,19,117.09,2024-09-06,Food
1811,141,71.7,2024-05-15,Food
1812,55,98.67,2024-07-07,Electronics
1813,163,161.69,2024-04-18,Electronics
1814,67,105.9,2024-06-30,Home
1815,34,57.07,2024-08-30,Food
1816,97,89.76,2024-07-27,Electronics
1817,48,78.93,2024-12-13,Clothing
1818,44,95.02,2024-10-09,Electronics
1819,152,75.29,2024-08-21,Books
1820,72,96.1,2024-11-24,Books
1821,100,84.07,2024-05-06,Electronics
1822,99,73.25,2024-11-17,Electronics
1823,189,129.93,2024-03-26,Food
1824,193,72.2,2024-08-23,Electronics
1825,101,154.43,2024-07-17,Clothing
1826,52,157.83,2024-01-24,Books
1827,154,94.57,2024-02-06,Clothing
1828,45,97.05,2024-07-26,Home
1829,39,107.73,2024-09-05,Food
1830,137,118.19,2024-03-30,Home
1831,175,121.08,2024-09-02,Books
1832,92,83.69,2024-07-29,Books
1833,48,73.15,2024-02-12,Books
1834,38,128.52,2024-02-06,Home
1835,34,111.78,2024-08-09,Clothing
1836,116,46.27,2024-05-29,Books
1837,104,39.2,2024-08-07,Home
1838,70,168.47,2024-10-03,Clothing
1839,112,176.74,2024-03-22,Home
1840,127,111.72,2024-11-02,Food
1841,39,75.47,2024-09-09,Books
1842,177,143.29,2024-03-01,Food
1843,27,85.67,2024-06-06,Clothing
1844,14,112.55,2024-01-18,Books
1845,42,103.06,2024-03-19,Food
1846,179,89.57,2024-03-10,Books
1847,6,129.66,2024-12-18,Books
1848,71,83.4,2024-02-01,Home
1849,55,123.49,2024-12-14,Books
1850,156,98.63,2024-08-15,Clothing
1851,37,92.8,2024-09-20,Food
1852,189,117.61,2024-07-04,Electronics
1853,153,85.65,2024-05-24,Books
1854,38,104.3,2024-04-07,Books
1855,115,53.39,2024-03-10,Home
1856,154,83.96,2024-01-23,Home
1857,50,80.94,2024-03-01,Electronics
1858,66,50.64,2024-05-22,Food
1859,154,72.99,2024-01-12,Books
1860,80,109.84,2024-06-10,Food
1861,87,82.38,2024-01-12,Home
1862,176,101.23,2024-05-18,Home
1863,92,102.56,2024-02-28,Books
1864,129,39.21,2024-08-20,Clothing
1865,76,125.7,2024-11-09,Home
1866,119,114.83,2024-03-17,Electronics
1867,67,130.38,2024-06-29,Home
1868,30,85.82,2024-12-23,Books
1869,86,92.73,2024-10-14,Books
1870,160,137.05,2024-03-02,Food
1871,161,106.37,2024-08-04,Home
1872,106,55.07,2024-02-09,Electronics
1873,126,33.92,2024-03-12,Electronics
1874,129,114.35,2024-02-29,Electronics
1875,162,93.21,2024-06-30,Books
1876,55,94.81,2024-11-26,Food
1877,83,129.81,2024-11-06,Clothing
1878,134,100.13,2024-02-20,Food
1879,106,135.76,2024-09-03,Home
1880,86,106.73,2024-07-19,Clothing
1881,62,130.84,2024-09-20,Books
1882,3,140.01,2024-04-08,Home
1883,152,135.43,2024-06-30,Home
1884,18,104.65,2024-11-20,Books
1885,153,116.42,2024-06-29,Home
1886,184,155.08,2024-05-04,Clothing
1887,49,27.18,2024-12-29,Home
1888,112,113.5,2024-01-14,Books
1889,166,83.99,2024-04-06,Food
1890,134,113.15,2024-10-25,Books
1891,95,136.84,2024-06-17,Clothing
1892,86,133.62,2024-01-09,Books
1893,79,126.5,2024-12-06,Electronics
1894,45,96.44,2024-10-11,Books
1895,200,86.48,2024-02-06,Books
1896,1,118.12,2024-11-21,Home
1897,96,129.38,2024-07-30,Books
1898,192,63.49,2024-06-17,Electronics
1899,181,116.04,2024-03-04,Home
1900,98,141.27,2024-11-15,Books
1901,77,105.28,2024-12-10,Food
1902,122,97.46,2024-02-26,Home
1903,82,145.84,2024-02-25,Home
1904,108,59.69,2024-01-01,Electronics
1905,131,128.92,2024-05-04,Clothing
1906,79,128.81,2024-07-21,Home
1907,56,155.74,2024-08-26,Electronics
1908,65,125.61,2024-06-08,Books
1909,15,137.07,2024-07-17,Food
1910,134,109.48,2024-12-04,Home
1911,177,147.1,2024-12-05,Electronics
1912,96,120.36,2024-12-17,Food
1913,147,67.5,2024-06-19,Electronics
1914,37,74.6,2024-06-29,Books
1915,24,100.95,2024-10-05,Books
1916,52,82.82,2024-10-12,Electronics
1917,10,62.87,2024-07-20,Clothing
1918,137,118.08,2024-07-02,Electronics
1919,66,35.69,2024-12-27,Clothing
1920,161,66.55,2024-02-12,Home
1921,73,79.85,2024-01-13,Food
1922,136,132.82,2024-06-27,Electronics
1923,194,166.1,2024-06-28,Food
1924,120,117.79,2024-12-06,Home
1925,147,124.5,2024-09-29,Home
1926,149,78.42,2024-07-19,Home
1927,170,80.15,2024-12-06,Food
1928,145,78.29,2024-03-23,Books
1929,60,147.96,2024-06-01,Food
1930,190,129.88,2024-04-15,Food
1931,144,124.35,2024-01-04,Books
1932,28,141.91,2024-08-19,Food
1933,80,110.12,2024-10-12,Food
1934,182,127.65,2024-10-09,Clothing
1935,116,141.25,2024-06-13,Clothing
1936,65,102.42,2024-03-04,Electronics
1937,188,87.2,2024-04-27,Books
1938,144,126.44,2024-11-11,Home
1939,98,137.07,2024-10-22,Electronics
1940,137,40.37,2024-04-07,Home
1941,49,126.53,2024-02-15,Home
1942,38,107.16,2024-07-29,Food
1943,32,106.68,2024-06-25,Home
1944,57,82.04,2024-04-21,Clothing
1945,29,101.71,2024-07-27,Food
1946,19,58.36,2024-08-03,Books
1947,198,124.66,2024-03-03,Home
1948,174,41.13,2024-10-26,Food
1949,63,101.08,2024-03-19,Home
1950,133,96.86,2024-02-14,Food
1951,109,97.33,2024-08-08,Home
1952,10,67.32,2024-09-20,Clothing
1953,30,99.77,2024-12-21,Electronics
1954,189,75.93,2024-08-24,Clothing
1955,148,87.58,2024-08-16,Home
1956,85,149.6,2024-01-06,Electronics
1957,130,50.06,2024-05-18,Books
1958,182,100.88,2024-05-03,Food
1959,3,131.88,2024-07-15,Electronics
1960,30,107.96,2024-12-24,Clothing
1961,157,42.6,2024-02-25,Home
1962,30,115.77,2024-10-21,Books
1963,101,106.16,2024-09-20,Clothing
1964,170,45.38,2024-03-05,Food
1965,38,115.55,2024-03-27,Clothing
1966,169,121.63,2024-07-07,Books
1967,43,89.49,2024-02-11,Food
1968,122,134.43,2024-03-03,Home
1969,184,106.73,2024-07-01,Clothing
1970,110,90.03,2024-12-12,Home
1971,19,87.21,2024-10-08,Food
1972,179,124.32,2024-05-31,Food
1973,75,101.99,2024-08-01,Home
1974,36,83.05,2024-09-19,Food
1975,72,87.88,2024-10-26,Clothing
1976,108,96.47,2024-10-08,Books
1977,169,74.24,2024-06-20,Books
1978,36,72.65,2024-12-08,Books
1979,181,105.01,2024-10-21,Books
1980,76,124.43,2024-07-15,Food
1981,116,117.11,2024-02-01,Electronics
1982,70,44.22,2024-02-15,Clothing
1983,12,88.63,2024-04-06,Books
1984,103,83.09,2024-02-21,Clothing
1985,100,87.06,2024-05-17,Clothing
1986,48,125.98,2024-07-06,Electronics
1987,122,157.78,2024-09-13,Electronics
1988,92,121.85,2024-04-08,Home
1989,115,97.04,2024-06-04,Clothing
1990,169,88.46,2024-09-21,Food
1991,142,94.84,2024-09-04,Clothing
1992,182,46.26,2024-12-04,Clothing
1993,75,27.51,2024-09-13,Home
1994,193,152.34,2024-03-16,Electronics
1995,166,119.35,2024-10-16,Food
1996,193,88.9,2024-10-09,Clothing
1997,69,47.12,2024-04-04,Books
1998,65,109.1,2024-11-16,Home
1999,77,84.53,2024-01-09,Books
2000,105,134.98,2024-03-01,Clothing
2001,2,98.64,2024-05-23,Electronics
2002,61,69.36,2024-12-06,Books
2003,44,123.03,2024-01-22,Books
2004,85,94.68,2024-05-08,Food
2005,126,102.29,2024-03-07,Electronics
2006,106,68.79,2024-02-09,Home
2007,127,82.85,2024-04-09,Books
2008,193,132.04,2024-04-11,Food
2009,174,89.71,2024-10-09,Electronics
2010,178,83.13,2024-03-25,Home
2011,189,72.88,2024-10-30,Food
2012,161,70.97,2024-02-16,Electronics
2013,136,55.03,2024-01-30,Books
2014,150,99.24,2024-03-23,Electronics
2015,48,78.77,2024-01-30,Clothing
2016,180,111.79,2024-02-29,Clothing
2017,100,117.07,2024-02-02,Electronics
2018,49,30.06,2024-02-03,Electronics
2019,74,79.32,2024-06-14,Clothing
2020,122,134.88,2024-10-03,Books
2021,89,88.45,2024-02-01,Home
2022,36,83.55,2024-03-03,Home
2023,78,113.59,2024-05-04,Food
2024,120,115.36,2024-09-08,Electronics
2025,152,132.84,2024-05-02,Food
2026,65,92.99,2024-10-11,Books
2027,89,101.32,2024-02-10,Home
2028,120,85.92,2024-09-28,Books
2029,187,88.85,2024-06-23,Home
2030,21,78.13,2024-07-03,Clothing
2031,2,85.86,2024-01-09,Clothing
2032,180,131.59,2024-09-26,Food
2033,52,129.58,2024-08-11,Home
2034,193,87.19,2024-08-12,Food
2035,159,126.27,2024-05-06,Food
2036,74,137.32,2024-08-30,Clothing
2037,22,126.86,2024-04-21,Books
2038,34,89.19,2024-11-27,Food
2039,119,130.39,2024-11-07,Home
2040,129,144.55,2024-01-21,Electronics
2041,28,113.26,2024-09-08,Clothing
2042,131,113.88,2024-07-04,Home
2043,96,91.48,2024-11-18,Home
2044,142,75.97,2024-07-01,Electronics
2045,7,81.55,2024-12-07,Home
2046,68,148.33,2024-08-30,Electronics
2047,178,95.91,2024-08-27,Clothing
2048,138,56.81,2024-09-04,Electronics
2049,119,106.95,2024-06-23,Electronics
2050,38,73.58,2024-03-25,Electronics
2051,108,110.61,2024-10-14,Home
2052,195,60.89,2024-05-04,Home
2053,158,111.11,2024-05-07,Clothing
2054,128,136.92,2024-02-15,Clothing
2055,1,61.66,2024-06-03,Clothing
2056,23,79.54,2024-01-06,Clothing
2057,99,112.55,2024-02-07,Clothing
2058,179,84.54,2024-01-02,Books
2059,115,149.07,2024-06-22,Clothing
2060,11,96.73,2024-03-30,Books
2061,69,129.25,2024-04-01,Books
2062,56,73.63,2024-08-14,Home
2063,62,96.67,2024-11-21,Food
2064,108,77.73,2024-09-10,Electronics
2065,53,165.93,2024-04-22,Electronics
2066,60,55.95,2024-01-15,Books
2067,109,117.56,2024-04-22,Home
2068,150,89.74,2024-03-25,Home
2069,118,85.48,2024-05-27,Home
2070,35,81.44,2024-04-16,Clothing
2071,13,148.29,2024-12-14,Food
2072,47,124.3,2024-09-15,Home
2073,133,100.54,2024-12-20,Home
2074,56,36.86,2024-11-11,Home
2075,7,107.81,2024-01-15,Home
2076,111,112.63,2024-02-26,Food
2077,196,134.83,2024-08-29,Food
2078,187,110.49,2024-02-23,Food
2079,167,99.76,2024-04-21,Food
2080,55,119.35,2024-05-18,Books
2081,170,69.41,2024-05-12,Electronics
2082,118,108.68,2024-01-12,Electronics
2083,33,56.18,2024-08-16,Clothing
2084,33,108.58,2024-04-25,Books
2085,120,95.95,2024-07-14,Food
2086,196,65.72,2024-05-24,Home
2087,63,104.02,2024-10-06,Food
2088,16,111.04,2024-11-19,Clothing
2089,10,135.9,2024-12-27,Books
2090,16,136.37,2024-08-04,Food
2091,97,109.03,2024-09-19,Food
2092,199,68.64,2024-10-10,Home
2093,79,91.34,2024-06-11,Home
2094,1,84.62,2024-08-01,Home
2095,132,136.06,2024-09-30,Food
2096,126,67.2,2024-06-22,Food
2097,140,78.02,2024-12-11,Food
2098,24,107.16,2024-01-09,Electronics
2099,3,70.3,2024-09-23,Food
2100,161,89.11,2024-11-02,Home
2101,74,121.54,2024-05-12,Books
2102,170,179.23,2024-09-04,Electronics
2103,16,111.44,2024-07-22,Books
2104,181,116.2,2024-01-18,Home
2105,177,83.55,2024-11-22,Food
2106,47,47.35,2024-09-20,Electronics
2107,131,144.26,2024-04-15,Books
2108,150,128.66,2024-09-10,Food
2109,136,119.45,2024-06-11,Clothing
2110,186,116.09,2024-08-14,Clothing
2111,99,55.07,2024-01-20,Clothing
2112,104,53.61,2024-04-29,Electronics
2113,108,93.35,2024-07-04,Food
2114,7,89.31,2024-10-03,Food
2115,122,100.65,2024-01-14,Home
2116,3,72.95,2024-04-03,Clothing
2117,178,133.51,2024-05-25,Home
2118,200,139.57,2024-04-30,Clothing
2119,177,106.55,2024-09-20,Electronics
2120,1,170.12,2024-01-11,Clothing
2121,89,122.73,2024-06-06,Books
2122,76,109.72,2024-08-10,Electronics
2123,183,68.99,2024-08-14,Electronics
2124,145,127.93,2024-02-18,Electronics
2125,34,111.45,2024-05-10,Food
2126,145,69.28,2024-07-22,Books
2127,2,77.39,2024-10-19,Home
2128,188,98.42,2024-02-07,Books
2129,77,114.36,2024-09-18,Books
2130,82,55.24,2024-03-09,Books
2131,199,83.99,2024-08-20,Home
2132,48,71.67,2024-05-13,Home
2133,85,72.79,2024-06-24,Clothing
2134,119,88.97,2024-11-24,Clothing
2135,12,162.99,2024-11-29,Clothing
2136,102,54.53,2024-07-12,Electronics
2137,144,50.72,2024-04-17,Home
2138,82,130.55,2024-08-13,Books
2139,167,60.44,2024-10-03,Electronics
2140,178,125.9,2024-03-03,Food
2141,119,72.45,2024-08-17,Food
2142,78,115.82,2024-05-27,Home
2143,78,30.56,2024-11-29,Books
2144,121,80.69,2024-04-23,Food
2145,11,109.03,2024-12-12,Books
2146,37,138.33,2024-04-30,Food
2147,67,138.82,2024-03-08,Books
2148,113,94.92,2024-06-12,Home
2149,118,81.75,2024-11-25,Clothing
2150,74,114.81,2024-09-13,Clothing
2151,33,108.05,2024-05-22,Electronics
2152,93,132.54,2024-06-09,Clothing
2153,7,85.97,2024-02-08,Electronics
2154,99,131.84,2024-11-18,Food
2155,167,76.95,2024-02-23,Home
2156,41,114.16,2024-01-03,Food
2157,191,129.45,2024-04-29,Home
2158,104,64.64,2024-01-12,Books
2159,43,61.01,2024-06-14,Books
2160,182,94.98,2024-06-29,Food
2161,25,126.77,2024-06-21,Clothing
2162,139,94.67,2024-10-01,Books
2163,198,65.2,2024-07-23,Food
2164,81,103.57,2024-02-22,Electronics
2165,141,103.01,2024-03-31,Clothing
2166,124,98.35,2024-06-19,Electronics
2167,49,66.99,2024-07-30,Home
2168,7,85.09,2024-04-29,Clothing
2169,133,81.72,2024-04-02,Electronics
2170,180,134.95,2024-11-28,Books
2171,92,116.79,2024-09-08,Clothing
2172,132,106.62,2024-10-17,Electronics
2173,107,116.89,2024-08-22,Books
2174,85,93.2,2024-01-27,Food
2175,95,85.82,2024-01-11,Electronics
2176,133,70.36,2024-04-06,Home
2177,52,91.89,2024-09-24,Clothing
2178,125,71.61,2024-05-24,Books
2179,59,72.13,2024-06-12,Books
2180,70,98.44,2024-07-28,Books
2181,168,98.01,2024-12-07,Electronics
2182,142,119.82,2024-04-27,Food
2183,51,111.33,2024-08-18,Clothing
2184,127,76.55,2024-11-14,Food
2185,31,124.11,2024-01-22,Home
2186,10,182.43,2024-09-27,Books
2187,147,122.9,2024-03-14,Home
2188,194,49.73,2024-05-17,Books
2189,162,91.13,2024-06-26,Home
2190,63,127.01,2024-10-13,Home
2191,62,98.22,2024-03-16,Electronics
2192,33,109.47,2024-05-23,Books
2193,140,142.41,2024-04-08,Home
2194,107,71.91,2024-07-03,Clothing
2195,157,97.53,2024-10-01,Home
2196,86,108.04,2024-02-16,Food
2197,124,111.45,2024-03-12,Food
2198,191,74.91,2024-01-23,Books
2199,158,116.62,2024-04-07,Clothing
2200,17,73.43,2024-10-22,Clothing
2201,142,114.5,2024-05-27,Books
2202,115,110.87,2024-10-04,Books
2203,68,163.15,2024-02-08,Home
2204,134,162.48,2024-11-25,Food
2205,77,105.24,2024-09-01,Food
2206,87,56.62,2024-07-04,Clothing
2207,152,121.5,2024-09-07,Food
2208,7,141.81,2024-04-13,Books
2209,24,54.44,2024-09-09,Home
2210,114,96.64,2024-04-19,Electronics
2211,73,155.62,2024-03-15,Clothing
2212,6,68.12,2024-03-11,Books
2213,66,94.16,2024-07-11,Books
2214,141,116.83,2024-01-25,Food
2215,124,51.03,2024-09-04,Books
2216,118,63.19,2024-03-05,Books
2217,98,95.35,2024-01-29,Electronics
2218,106,12.83,2024-03-21,Clothing
2219,128,92.24,2024-08-31,Electronics
2220,136,109.29,2024-05-30,Food
2221,68,54.34,2024-08-30,Clothing
2222,112,57.04,2024-03-07,Electronics
2223,194,149.29,2024-08-15,Home
2224,95,143.65,2024-11-26,Books
2225,86,69.13,2024-10-26,Books
2226,23,61.42,2024-06-14,Food
2227,142,65.58,2024-09-28,Clothing
2228,178,103.67,2024-10-20,Electronics
2229,174,124.1,2024-01-17,Home
2230,157,75.75,2024-07-24,Clothing
2231,185,74.75,2024-03-27,Food
2232,197,59.18,2024-11-28,Home
2233,4,123.46,2024-09-24,Electronics
2234,109,84.75,2024-03-22,Clothing
2235,102,92.09,2024-08-21,Books
2236,137,95.94,2024-08-27,Books
2237,139,139.61,2024-07-08,Books
2238,160,73.75,2024-09-11,Books
2239,108,76.17,2024-11-17,Food
2240,186,98.17,2024-06-27,Books
2241,63,170.63,2024-12-24,Home
2242,11,78.94,2024-07-12,Food
2243,185,104.41,2024-04-26,Home
2244,198,75.31,2024-01-03,Electronics
2245,138,110.89,2024-12-14,Books
2246,190,99.27,2024-05-18,Clothing
2247,9,122.41,2024-12-21,Clothing
2248,13,126.02,2024-03-30,Home
2249,86,80.79,2024-12-29,Electronics
2250,10,120.61,2024-09-03,Food
2251,19,123.95,2024-02-09,Clothing
2252,155,70.06,2024-03-26,Home
2253,1,49.38,2024-05-28,Food
2254,29,87.41,2024-09-19,Clothing
2255,146,5.0,2024-02-26,Home
2256,57,95.79,2024-08-31,Books
2257,77,161.73,2024-05-08,Home
2258,23,130.61,2024-12-10,Books
2259,19,73.59,2024-03-17,Clothing
2260,135,82.28,2024-12-16,Books
2261,186,110.05,2024-02-12,Home
2262,59,121.83,2024-07-09,Books
2263,92,81.08,2024-06-15,Clothing
2264,167,95.22,2024-07-25,Food
2265,8,140.96,2024-03-14,Books
2266,86,175.38,2024-09-08,Electronics
2267,34,120.86,2024-09-24,Home
2268,170,78.37,2024-11-04,Food
2269,92,104.12,2024-06-23,Books
2270,60,106.05,2024-08-28,Books
2271,22,141.62,2024-06-28,Electronics
2272,79,91.43,2024-07-13,Home
2273,161,120.96,2024-08-21,Food
2274,127,34.68,2024-11-27,Clothing
2275,111,69.18,2024-06-25,Clothing
2276,101,90.28,2024-09-22,Books
2277,90,98.09,2024-05-07,Clothing
2278,41,91.84,2024-04-01,Food
2279,64,95.55,2024-03-15,Electronics
2280,113,143.44,2024-10-06,Clothing
2281,184,71.69,2024-05-03,Food
2282,68,131.18,2024-12-30,Electronics
2283,169,60.88,2024-07-13,Electronics
2284,156,43.1,2024-02-09,Electronics
2285,174,153.53,2024-09-19,Electronics
2286,9,130.09,2024-11-17,Books
2287,160,88.7,2024-01-13,Home
2288,167,99.7,2024-02-14,Clothing
2289,32,63.69,2024-03-30,Books
2290,11,144.51,2024-10-17,Electronics
2291,21,125.67,2024-10-27,Clothing
2292,95,167.47,2024-01-01,Food
2293,44,107.76,2024-09-30,Home
2294,102,78.75,2024-01-29,Books
2295,79,68.19,2024-11-08,Home
2296,27,90.16,2024-05-07,Books
2297,15,136.3,2024-10-31,Home
2298,55,87.9,2024-01-19,Home
2299,86,74.16,2024-06-22,Clothing
2300,158,109.37,2024-02-03,Books
2301,80,116.8,2024-02-08,Clothing
2302,171,99.68,2024-09-29,Food
2303,80,62.28,2024-02-28,Food
2304,121,84.41,2024-02-26,Electronics
2305,77,107.68,2024-06-16,Books
2306,103,132.12,2024-04-08,Books
2307,22,78.76,2024-11-30,Books
2308,12,121.04,2024-10-02,Books
2309,94,124.06,2024-03-03,Food
2310,158,90.84,2024-01-17,Clothing
2311,74,83.4,2024-10-30,Food
2312,168,103.08,2024-04-19,Home
2313,43,151.57,2024-12-10,Clothing
2314,156,120.25,2024-01-24,Electronics
2315,49,107.8,2024-07-03,Electronics
2316,129,188.63,2024-10-17,Electronics
2317,70,125.8,2024-05-27,Clothing
2318,110,145.44,2024-11-28,Home
2319,3,134.49,2024-09-02,Books
2320,34,73.76,2024-11-08,Books
2321,195,101.55,2024-10-19,Electronics
2322,61,127.23,2024-05-02,Electronics
2323,76,69.6,2024-01-15,Food
2324,12,139.08,2024-09-26,Electronics
2325,68,99.15,2024-12-24,Electronics
2326,25,114.23,2024-12-19,Clothing
2327,62,73.19,2024-02-16,Home
2328,152,107.05,2024-09-09,Electronics
2329,99,95.22,2024-06-28,Clothing
2330,144,74.78,2024-10-24,Home
2331,66,66.93,2024-10-25,Food
2332,155,44.95,2024-05-30,Books
2333,69,100.13,2024-06-14,Food
2334,5,65.64,2024-12-29,Clothing
2335,13,54.46,2024-04-11,Clothing
2336,131,86.54,2024-06-21,Home
2337,98,91.51,2024-07-15,Food
2338,158,49.35,2024-05-10,Home
2339,164,101.88,2024-03-21,Clothing
2340,67,77.86,2024-02-17,Food
2341,193,121.63,2024-04-09,Food
2342,45,60.72,2024-07-08,Books
2343,190,69.18,2024-11-22,Electronics
2344,8,99.06,2024-12-06,Books
2345,53,158.32,2024-05-14,Home
2346,163,87.1,2024-07-26,Books
2347,4,85.4,2024-02-22,Electronics
2348,185,108.14,2024-09-01,Clothing
2349,56,87.34,2024-02-24,Home
2350,3,119.17,2024-10-20,Clothing
2351,111,88.85,2024-05-21,Electronics
2352,166,70.87,2024-07-22,Electronics
2353,90,62.91,2024-03-27,Clothing
2354,191,141.85,2024-03-17,Books
2355,112,118.59,2024-05-09,Home
2356,51,128.91,2024-05-19,Clothing
2357,78,112.23,2024-09-12,Home
2358,125,83.9,2024-03-22,Clothing
2359,162,152.49,2024-01-09,Home
2360,11,95.6,2024-11-04,Home
2361,18,84.33,2024-03-30,Electronics
2362,182,73.48,2024-10-11,Books
2363,7,55.65,2024-08-26,Home
2364,110,99.88,2024-10-04,Books
2365,65,48.46,2024-07-07,Home
2366,42,154.88,2024-06-29,Food
2367,109,100.76,2024-01-08,Books
2368,66,93.11,2024-06-16,Food
2369,50,86.32,2024-06-17,Home
2370,32,125.18,2024-02-10,Books
2371,182,98.41,2024-10-25,Home
2372,106,94.61,2024-02-03,Home
2373,169,117.73,2024-08-27,Books
2374,147,99.94,2024-07-10,Clothing
2375,103,135.5,2024-06-14,Books
2376,24,51.86,2024-05-10,Home
2377,130,124.12,2024-02-23,Electronics
2378,69,103.86,2024-01-19,Electronics
2379,12,81.92,2024-10-14,Books
2380,94,104.91,2024-03-03,Electronics
2381,173,85.49,2024-03-16,Clothing
2382,14,101.88,2024-12-03,Books
2383,58,137.25,2024-08-06,Books
2384,129,55.55,2024-03-01,Books
2385,156,64.16,2024-07-25,Clothing
2386,72,143.38,2024-09-02,Books
2387,143,122.89,2024-10-31,Home
2388,154,154.32,2024-07-01,Books
2389,147,100.42,2024-09-23,Books
2390,9,63.2,2024-02-01,Home
2391,91,120.3,2024-01-26,Books
2392,139,141.71,2024-12-28,Clothing
2393,193,67.75,2024-05-27,Electronics
2394,97,44.48,2024-08-30,Clothing
2395,163,91.11,2024-12-21,Food
2396,142,51.04,2024-10-29,Clothing
2397,147,105.33,2024-03-17,Clothing
2398,116,105.03,2024-07-03,Electronics
2399,193,103.19,2024-04-05,Clothing
2400,87,93.06,2024-08-29,Electronics
2401,107,103.18,2024-03-28,Food
2402,74,153.07,2024-08-09,Clothing
2403,46,110.46,2024-05-23,Food
2404,186,94.1,2024-02-14,Home
2405,100,63.24,2024-10-17,Books
2406,84,155.02,2024-01-06,Electronics
2407,19,47.17,2024-06-29,Electronics
2408,13,88.95,2024-08-20,Home
2409,171,134.52,2024-03-09,Electronics
2410,165,81.42,2024-04-06,Clothing
2411,144,103.11,2024-05-14,Home
2412,80,137.86,2024-05-22,Home
2413,81,124.89,2024-05-11,Food
2414,77,125.51,2024-11-21,Food
2415,130,92.06,2024-04-13,Electronics
2416,90,129.04,2024-04-08,Food
2417,195,118.63,2024-06-24,Clothing
2418,19,102.65,2024-03-13,Home
2419,173,125.45,2024-07-27,Books
2420,30,138.78,2024-11-16,Clothing
2421,116,161.13,2024-06-12,Home
2422,15,143.27,2024-07-19,Electronics
2423,115,69.35,2024-04-10,Electronics
2424,51,124.95,2024-05-15,Clothing
2425,77,125.38,2024-09-30,Clothing
2426,45,59.82,2024-07-31,Electronics
2427,104,72.86,2024-12-25,Home
2428,75,70.27,2024-10-16,Books
2429,181,77.25,2024-08-14,Electronics
2430,26,37.78,2024-01-19,Books
2431,96,169.66,2024-11-19,Home
2432,175,66.8,2024-06-21,Books
2433,91,60.65,2024-04-26,Home
2434,83,140.72,2024-08-22,Clothing
2435,172,184.49,2024-11-18,Home
2436,108,79.32,2024-08-26,Electronics
2437,90,74.16,2024-03-26,Electronics
2438,161,36.06,2024-07-30,Home
2439,31,71.17,2024-01-15,Food
2440,91,124.83,2024-02-23,Food
2441,169,126.04,2024-05-22,Home
2442,21,62.9,2024-10-17,Food
2443,81,112.35,2024-05-01,Books
2444,82,153.64,2024-10-21,Electronics
2445,190,73.96,2024-10-02,Books
2446,111,127.19,2024-02-15,Electronics
2447,99,77.19,2024-06-07,Home
2448,79,61.93,2024-10-14,Clothing
2449,64,116.44,2024-01-15,Clothing
2450,163,91.79,2024-02-18,Clothing
2451,157,78.48,2024-10-06,Food
2452,43,109.96,2024-02-12,Food
2453,21,145.39,2024-03-13,Home
2454,96,106.78,2024-08-11,Electronics
2455,5,49.17,2024-04-05,Electronics
2456,127,126.88,2024-03-25,Books
2457,71,140.57,2024-09-15,Food
2458,86,113.47,2024-09-20,Books
2459,184,85.1,2024-12-01,Home
2460,76,100.6,2024-01-27,Food
2461,108,96.96,2024-05-15,Books
2462,188,96.59,2024-07-26,Electronics
2463,185,109.84,2024-09-18,Food
2464,94,118.43,2024-06-13,Books
2465,105,118.24,2024-08-15,Food
2466,166,124.68,2024-02-14,Books
2467,74,95.06,2024-06-17,Home
2468,117,139.75,2024-01-29,Electronics
2469,189,89.33,2024-01-24,Books
2470,137,81.16,2024-04-07,Electronics
2471,132,119.93,2024-04-04,Electronics
2472,142,70.74,2024-02-12,Clothing
2473,81,143.06,2024-06-20,Electronics
2474,113,106.55,2024-07-11,Books
2475,72,92.51,2024-06-30,Clothing
2476,50,93.14,2024-06-17,Electronics
2477,33,130.43,2024-09-11,Clothing
2478,10,57.42,2024-12-09,Electronics
2479,139,95.92,2024-07-27,Home
2480,32,98.95,2024-12-25,Books
2481,148,97.79,2024-07-03,Food
2482,152,124.32,2024-02-12,Clothing
2483,133,113.52,2024-08-18,Food
2484,160,94.69,2024-06-30,Food
2485,176,87.34,2024-05-15,Electronics
2486,67,56.01,2024-11-04,Electronics
2487,60,94.76,2024-07-29,Home
2488,89,101.25,2024-08-26,Home
2489,131,72.29,2024-03-26,Clothing
2490,140,105.97,2024-11-06,Electronics
2491,163,120.83,2024-11-09,Electronics
2492,5,111.45,2024-10-29,Books
2493,101,140.94,2024-11-17,Electronics
2494,69,43.55,2024-12-08,Home
2495,22,66.82,2024-08-27,Electronics
2496,92,123.84,2024-06-14,Electronics
2497,102,100.86,2024-10-14,Books
2498,101,124.44,2024-03-22,Home
2499,22,133.95,2024-11-15,Food
2500,167,127.04,2024-08-19,Electronics
2501,50,108.69,2024-05-24,Electronics
2502,197,55.36,2024-06-01,Electronics
2503,62,70.83,2024-11-11,Clothing
2504,69,76.58,2024-10-15,Food
2505,101,44.75,2024-07-09,Food
2506,186,121.92,2024-05-01,Electronics
2507,5,99.45,2024-08-02,Clothing
2508,98,49.63,2024-03-30,Clothing
2509,196,122.45,2024-12-05,Electronics
2510,103,86.39,2024-11-27,Food
2511,189,88.01,2024-04-24,Books
2512,71,85.81,2024-09-13,Clothing
2513,142,124.01,2024-02-10,Electronics
2514,93,50.92,2024-02-27,Clothing
2515,66,93.44,2024-12-29,Books
2516,12,124.56,2024-01-06,Books
2517,111,177.54,2024-12-24,Home
2518,164,114.82,2024-03-07,Food
2519,186,58.69,2024-09-23,Books
2520,26,88.56,2024-09-02,Clothing
2521,48,100.98,2024-01-31,Books
2522,48,97.91,2024-10-30,Books
2523,75,106.76,2024-10-12,Books
2524,3,63.36,2024-11-24,Home
2525,78,79.08,2024-03-29,Electronics
2526,99,106.59,2024-09-21,Home
2527,186,131.83,2024-11-04,Electronics
2528,123,119.16,2024-08-06,Books
2529,174,134.44,2024-10-20,Books
2530,78,102.83,2024-04-18,Books
2531,124,152.07,2024-09-20,Home
2532,55,117.8,2024-12-10,Books
2533,57,62.73,2024-05-30,Food
2534,102,112.91,2024-12-17,Food
2535,84,100.26,2024-07-18,Food
2536,174,85.67,2024-09-16,Home
2537,46,65.86,2024-02-25,Books
2538,127,102.76,2024-06-10,Home
2539,172,94.9,2024-01-17,Clothing
2540,137,76.06,2024-03-31,Home
2541,148,58.21,2024-04-18,Books
2542,195,106.19,2024-10-27,Clothing
2543,121,54.46,2024-05-03,Food
2544,75,99.44,2024-08-29,Books
2545,100,103.6,2024-06-05,Food
2546,44,100.74,2024-04-03,Books
2547,4,68.45,2024-02-28,Books
2548,38,169.34,2024-04-02,Books
2549,85,87.3,2024-04-09,Electronics
2550,161,81.68,2024-05-14,Clothing
2551,14,102.56,2024-04-07,Home
2552,154,79.07,2024-12-05,Home
2553,45,114.47,2024-05-30,Books
2554,167,110.92,2024-01-08,Food
2555,47,130.49,2024-11-01,Home
2556,153,117.67,2024-03-10,Food
2557,35,121.88,2024-10-28,Food
2558,33,115.4,2024-06-05,Food
2559,144,146.51,2024-01-02,Books
2560,105,153.66,2024-12-28,Electronics
2561,95,62.54,2024-02-05,Food
2562,93,74.91,2024-07-17,Books
2563,120,155.45,2024-04-18,Electronics
2564,163,100.88,2024-12-30,Food
2565,147,123.67,2024-03-08,Home
2566,161,94.7,2024-11-06,Home
2567,145,39.54,2024-01-20,Books
2568,33,73.03,2024-12-01,Home
2569,92,91.01,2024-08-06,Electronics
2570,1,133.83,2024-02-22,Food
2571,5,113.28,2024-12-21,Home
2572,58,121.6,2024-12-03,Books
2573,116,121.39,2024-02-21,Food
2574,100,107.0,2024-02-09,Electronics
2575,179,130.79,2024-09-27,Home
2576,42,103.5,2024-10-26,Books
2577,176,121.1,2024-02-02,Food
2578,118,151.09,2024-06-27,Clothing
2579,42,111.5,2024-03-25,Books
2580,189,67.91,2024-10-01,Home
2581,89,60.31,2024-08-28,Clothing
2582,119,102.57,2024-10-02,Food
2583,194,71.97,2024-07-21,Books
2584,121,124.46,2024-10-21,Electronics
2585,166,119.2,2024-05-03,Books
2586,88,96.04,2024-04-06,Books
2587,113,111.23,2024-01-25,Clothing
2588,110,104.92,2024-04-27,Home
2589,101,142.97,2024-08-07,Books
2590,101,142.4,2024-08-29,Home
2591,1,83.52,2024-08-13,Home
2592,36,136.62,2024-07-05,Electronics
2593,62,100.19,2024-08-19,Home
2594,14,109.28,2024-10-16,Clothing
2595,4,93.03,2024-03-19,Home
2596,113,36.47,2024-05-31,Books
2597,55,103.77,2024-08-09,Books
2598,2,106.27,2024-02-26,Electronics
2599,24,115.66,2024-10-07,Food
2600,30,118.15,2024-08-11,Clothing
2601,32,95.76,2024-11-23,Electronics
2602,171,105.18,2024-03-12,Clothing
2603,51,128.57,2024-10-29,Food
2604,163,111.59,2024-02-02,Home
2605,161,48.68,2024-08-16,Home
2606,28,73.28,2024-11-25,Electronics
2607,169,85.08,2024-01-08,Books
2608,55,150.56,2024-06-11,Home
2609,84,123.7,2024-08-19,Clothing
2610,84,139.26,2024-03-06,Clothing
2611,42,84.08,2024-11-23,Food
2612,52,118.04,2024-02-29,Clothing
2613,41,153.37,2024-03-13,Clothing
2614,75,64.72,2024-05-10,Clothing
2615,125,136.29,2024-03-09,Food
2616,112,115.93,2024-10-23,Books
2617,191,19.89,2024-09-20,Books
2618,13,64.09,2024-03-11,Electronics
2619,143,93.84,2024-05-10,Home
2620,200,80.01,2024-08-09,Clothing
2621,3,78.12,2024-06-20,Books
2622,126,156.54,2024-11-21,Electronics
2623,196,71.8,2024-09-24,Home
2624,23,120.21,2024-04-28,Food
2625,168,57.76,2024-12-05,Clothing
2626,118,103.76,2024-05-07,Food
2627,179,122.3,2024-10-20,Electronics
2628,76,129.23,2024-01-28,Home
2629,140,143.13,2024-02-28,Clothing
2630,95,76.86,2024-01-20,Clothing
2631,186,103.86,2024-04-29,Clothing
2632,126,70.84,2024-07-02,Home
2633,81,109.78,2024-12-26,Home
2634,171,112.67,2024-05-21,Clothing
2635,12,107.47,2024-05-13,Clothing
2636,174,88.54,2024-05-25,Electronics
2637,114,62.12,2024-02-18,Food
2638,1,73.89,2024-10-28,Home
2639,107,119.53,2024-12-12,Clothing
2640,197,104.4,2024-10-11,Food
2641,160,74.56,2024-06-10,Clothing
2642,138,97.9,2024-09-05,Books
2643,123,94.58,2024-04-27,Home
2644,4,97.18,2024-03-12,Clothing
2645,85,112.11,2024-12-18,Food
2646,109,105.37,2024-02-21,Books
2647,187,70.64,2024-10-25,Books
2648,90,84.24,2024-01-09,Books
2649,99,128.94,2024-10-29,Clothing
2650,181,151.42,2024-02-28,Home
2651,45,52.9,2024-07-24,Clothing
2652,37,147.47,2024-05-29,Books
2653,28,132.58,2024-01-08,Books
2654,32,62.33,2024-01-22,Clothing
2655,115,167.12,2024-10-03,Home
2656,40,148.48,2024-05-24,Books
2657,159,103.44,2024-02-21,Electronics
2658,163,61.77,2024-11-10,Clothing
2659,18,55.88,2024-04-13,Home
2660,36,113.44,2024-07-04,Electronics
2661,16,142.11,2024-07-20,Books
2662,188,83.7,2024-10-15,Clothing
2663,69,94.94,2024-03-01,Books
2664,104,108.2,2024-07-30,Home
2665,183,120.86,2024-12-17,Home
2666,62,141.23,2024-01-10,Food
2667,145,118.17,2024-01-31,Food
2668,20,169.55,2024-01-14,Clothing
2669,193,100.89,2024-01-23,Food
2670,79,124.23,2024-09-16,Home
2671,82,114.94,2024-07-25,Electronics
2672,191,115.4,2024-03-06,Books
2673,179,70.95,2024-03-22,Electronics
2674,137,102.99,2024-01-07,Books
2675,97,79.79,2024-06-13,Food
2676,163,161.66,2024-08-28,Books
2677,147,59.21,2024-05-14,Books
2678,41,113.24,2024-01-19,Clothing
2679,104,125.43,2024-08-26,Books
2680,51,86.72,2024-10-31,Electronics
2681,45,111.21,2024-03-14,Home
2682,71,123.68,2024-11-05,Clothing
2683,19,120.64,2024-08-04,Home
2684,54,99.24,2024-10-08,Home
2685,105,109.7,2024-09-23,Clothing
2686,180,120.59,2024-01-08,Electronics
2687,18,154.83,2024-07-07,Electronics
2688,2,114.24,2024-09-15,Home
2689,98,87.63,2024-11-14,Electronics
2690,127,87.56,2024-01-02,Home
2691,82,121.44,2024-02-11,Food
2692,81,56.29,2024-05-13,Electronics
2693,153,136.83,2024-09-28,Food
2694,20,86.26,2024-11-21,Food
2695,86,57.29,2024-11-14,Food
2696,177,89.93,2024-03-03,Home
2697,7,103.09,2024-01-25,Food
2698,26,88.14,2024-03-18,Home
2699,196,106.77,2024-04-22,Home
2700,149,99.75,2024-03-19,Electronics
2701,55,80.99,2024-01-31,Food
2702,129,79.87,2024-04-25,Home
2703,117,124.55,2024-07-17,Clothing
2704,19,74.98,2024-05-24,Home
2705,174,88.58,2024-05-07,Electronics
2706,135,118.45,2024-08-02,Home
2707,116,123.7,2024-11-02,Books
2708,127,102.26,2024-02-08,Books
2709,87,115.61,2024-11-08,Home
2710,74,97.2,2024-01-30,Books
2711,135,86.43,2024-10-19,Food
2712,81,88.92,2024-06-01,Home
2713,142,110.91,2024-12-07,Electronics
2714,200,105.75,2024-11-05,Clothing
2715,191,72.54,2024-09-10,Clothing
2716,176,113.59,2024-03-23,Clothing
2717,178,124.21,2024-11-15,Food
2718,168,68.0,2024-12-19,Electronics
2719,169,72.26,2024-12-03,Books
2720,96,110.16,2024-09-15,Electronics
2721,103,95.29,2024-06-15,Electronics
2722,44,120.96,2024-03-04,Electronics
2723,162,75.7,2024-08-01,Home
2724,42,112.74,2024-04-29,Food
2725,14,90.71,2024-03-08,Books
2726,149,134.33,2024-08-18,Clothing
2727,133,110.93,2024-05-01,Books
2728,188,119.08,2024-12-24,Food
2729,104,64.55,2024-08-15,Clothing
2730,155,92.77,2024-04-19,Home
2731,123,78.48,2024-02-27,Food
2732,74,92.65,2024-10-30,Food
2733,136,126.26,2024-02-19,Clothing
2734,28,58.37,2024-12-04,Electronics
2735,32,92.2,2024-04-09,Home
2736,177,14.96,2024-09-06,Electronics
2737,5,70.57,2024-04-28,Home
2738,186,83.91,2024-11-23,Electronics
2739,67,105.94,2024-02-08,Clothing
2740,121,57.87,2024-03-17,Books
2741,3,53.88,2024-09-07,Home
2742,79,122.79,2024-07-16,Food
2743,72,108.43,2024-04-22,Food
2744,5,136.28,2024-03-23,Home
2745,166,108.06,2024-01-24,Home
2746,175,129.41,2024-09-11,Books
2747,94,112.89,2024-09-26,Books
2748,184,73.06,2024-07-13,Home
2749,17,85.97,2024-08-03,Books
2750,176,139.02,2024-03-10,Electronics
2751,62,76.47,2024-04-18,Food
2752,199,119.1,2024-09-15,Books
2753,53,118.35,2024-04-19,Books
2754,200,112.14,2024-08-10,Electronics
2755,63,98.96,2024-10-13,Clothing
2756,9,53.37,2024-10-18,Clothing
2757,64,99.66,2024-05-17,Clothing
2758,117,129.9,2024-12-13,Electronics
2759,95,102.97,2024-09-17,Clothing
2760,17,115.37,2024-05-30,Food
2761,135,145.43,2024-12-10,Books
2762,32,126.15,2024-10-17,Books
2763,144,89.48,2024-05-09,Books
2764,100,91.2,2024-08-21,Home
2765,14,103.34,2024-02-26,Electronics
2766,44,145.82,2024-07-13,Clothing
2767,27,123.02,2024-06-11,Electronics
2768,137,120.15,2024-08-20,Electronics
2769,115,121.81,2024-01-16,Books
2770,155,89.43,2024-07-02,Electronics
2771,22,88.47,2024-03-01,Clothing
2772,1,128.6,2024-07-03,Home
2773,121,56.79,2024-12-03,Home
2774,23,112.17,2024-04-02,Home
2775,162,115.77,2024-08-31,Books
2776,168,131.83,2024-03-04,Books
2777,191,87.67,2024-06-13,Books
2778,168,123.87,2024-07-02,Clothing
2779,23,147.0,2024-06-17,Food
2780,111,129.56,2024-03-29,Electronics
2781,85,105.67,2024-02-18,Books
2782,70,97.69,2024-06-08,Books
2783,3,154.57,2024-10-16,Clothing
2784,71,101.17,2024-12-11,Clothing
2785,48,123.85,2024-01-10,Clothing
2786,84,108.66,2024-02-10,Home
2787,92,116.06,2024-08-28,Electronics
2788,19,85.9,2024-07-28,Clothing
2789,71,91.58,2024-09-21,Books
2790,128,94.98,2024-03-01,Home
2791,42,62.25,2024-12-19,Electronics
2792,64,150.27,2024-12-18,Electronics
2793,178,155.04,2024-06-23,Electronics
2794,96,73.29,2024-04-24,Electronics
2795,200,147.35,2024-01-17,Food
2796,50,97.75,2024-06-10,Clothing
2797,2,83.99,2024-03-01,Food
2798,73,49.84,2024-10-01,Books
2799,12,109.86,2024-01-26,Home
2800,176,95.91,2024-07-23,Electronics
2801,78,32.45,2024-07-13,Books
2802,29,83.88,2024-04-14,Food
2803,148,133.39,2024-07-23,Food
2804,68,75.47,2024-03-09,Food
2805,113,92.99,2024-10-08,Home
2806,72,104.47,2024-07-30,Clothing
2807,94,68.31,2024-03-24,Food
2808,74,124.44,2024-12-28,Food
2809,44,64.73,2024-11-17,Home
2810,137,165.81,2024-10-13,Home
2811,194,169.07,2024-09-04,Clothing
2812,180,153.47,2024-09-29,Food
2813,124,157.58,2024-02-20,Food
2814,113,96.29,2024-08-09,Home
2815,113,88.69,2024-11-21,Food
2816,85,92.76,2024-09-14,Home
2817,134,130.29,2024-04-15,Food
2818,175,83.4,2024-07-13,Books
2819,131,144.51,2024-05-20,Books
2820,99,59.05,2024-08-23,Electronics
2821,200,116.73,2024-02-22,Food
2822,71,163.75,2024-01-06,Electronics
2823,188,164.35,2024-11-22,Books
2824,97,128.05,2024-08-05,Home
2825,128,91.57,2024-10-05,Clothing
2826,200,86.63,2024-01-30,Clothing
2827,24,110.64,2024-01-16,Home
2828,182,110.29,2024-10-23,Home
2829,128,127.12,2024-11-11,Food
2830,161,72.83,2024-07-21,Books
2831,124,75.35,2024-04-08,Food
2832,187,122.09,2024-10-09,Clothing
2833,112,73.83,2024-11-01,Food
2834,72,85.02,2024-08-24,Home
2835,7,69.05,2024-09-24,Electronics
2836,84,106.42,2024-01-27,Electronics
2837,111,125.84,2024-01-19,Food
2838,86,122.31,2024-04-29,Electronics
2839,65,131.66,2024-04-01,Books
2840,18,158.63,2024-03-12,Books
2841,99,54.39,2024-09-30,Food
2842,161,82.43,2024-07-13,Clothing
2843,163,61.67,2024-01-01,Books
2844,115,104.54,2024-05-17,Books
2845,26,133.06,2024-01-26,Clothing
2846,116,34.05,2024-12-17,Clothing
2847,132,96.29,2024-12-24,Home
2848,199,91.07,2024-03-28,Electronics
2849,134,94.9,2024-09-18,Electronics
2850,15,133.8,2024-10-24,Clothing
2851,171,78.74,2024-01-19,Books
2852,11,74.09,2024-04-01,Clothing
2853,149,134.23,2024-07-30,Clothing
2854,62,58.25,2024-06-24,Food
2855,105,55.2,2024-11-15,Food
2856,145,94.96,2024-09-04,Home
2857,53,86.36,2024-08-25,Books
2858,124,148.42,2024-01-19,Books
2859,35,92.51,2024-03-27,Food
2860,181,112.31,2024-02-05,Food
2861,96,168.49,2024-03-13,Books
2862,43,91.74,2024-04-03,Electronics
2863,176,109.58,2024-08-05,Food
2864,79,136.17,2024-07-25,Clothing
2865,18,95.98,2024-04-15,Electronics
2866,196,101.79,2024-08-29,Home
2867,41,64.3,2024-12-18,Books
2868,130,52.25,2024-11-22,Home
2869,153,107.79,2024-08-11,Clothing
2870,169,94.32,2024-03-12,Home
2871,179,36.99,2024-08-25,Food
2872,84,79.1,2024-02-27,Electronics
2873,135,85.9,2024-02-01,Clothing
2874,57,72.19,2024-04-06,Books
2875,139,85.14,2024-11-05,Home
2876,199,111.52,2024-08-09,Electronics
2877,93,82.81,2024-03-03,Books
2878,5,84.52,2024-01-28,Home
2879,41,76.06,2024-09-25,Clothing
2880,42,125.85,2024-06-09,Electronics
2881,94,119.38,2024-11-16,Clothing
2882,120,145.71,2024-04-12,Books
2883,111,45.85,2024-04-04,Books
2884,19,161.02,2024-01-25,Electronics
2885,21,164.93,2024-05-18,Electronics
2886,186,85.54,2024-01-25,Food
2887,65,97.32,2024-05-16,Electronics
2888,19,36.76,2024-11-17,Home
2889,28,126.78,2024-10-25,Books
2890,144,110.86,2024-08-05,Food
2891,44,125.22,2024-06-04,Clothing
2892,21,142.56,2024-03-27,Electronics
2893,3,118.34,2024-02-16,Food
2894,106,144.89,2024-02-27,Food
2895,193,115.61,2024-04-28,Food
2896,121,106.55,2024-04-30,Electronics
2897,96,120.49,2024-03-28,Clothing
2898,50,110.43,2024-11-06,Home
2899,108,149.68,2024-05-02,Books
2900,134,66.79,2024-06-29,Food
2901,66,86.91,2024-04-24,Electronics
2902,2,172.75,2024-09-19,Books
2903,34,146.61,2024-03-26,Clothing
2904,13,92.09,2024-06-27,Food
2905,56,91.05,2024-01-05,Clothing
2906,93,108.17,2024-05-06,Food
2907,100,113.76,2024-03-23,Clothing
2908,7,118.53,2024-04-11,Home
2909,110,56.78,2024-02-11,Food
2910,21,93.66,2024-05-28,Clothing
2911,127,89.28,2024-01-21,Electronics
2912,18,86.19,2024-08-06,Electronics
2913,150,101.33,2024-12-17,Food
2914,68,91.73,2024-01-14,Food
2915,152,124.47,2024-04-17,Home
2916,167,68.98,2024-08-06,Clothing
2917,138,116.42,2024-03-14,Clothing
2918,56,94.41,2024-09-30,Food
2919,134,117.8,2024-08-15,Books
2920,14,80.03,2024-04-03,Home
2921,147,68.5,2024-05-31,Electronics
2922,44,114.07,2024-11-26,Food
2923,160,57.07,2024-04-25,Home
2924,151,43.15,2024-08-19,Home
2925,111,106.6,2024-07-28,Electronics
2926,23,143.59,2024-01-31,Books
2927,19,72.39,2024-09-05,Electronics
2928,90,142.55,2024-02-10,Clothing
2929,25,90.17,2024-04-28,Food
2930,87,78.43,2024-03-05,Electronics
2931,63,140.45,2024-08-27,Books
2932,180,77.77,2024-03-25,Books
2933,114,52.07,2024-06-06,Home
2934,73,124.35,2024-12-04,Home
2935,87,130.93,2024-10-23,Books
2936,67,65.59,2024-04-10,Home
2937,83,93.42,2024-03-03,Clothing
2938,44,115.91,2024-12-18,Food
2939,118,121.41,2024-08-28,Books
2940,81,115.1,2024-04-05,Food
2941,19,113.12,2024-08-06,Clothing
2942,42,94.24,2024-09-25,Home
2943,115,91.18,2024-08-19,Electronics
2944,199,113.14,2024-11-25,Home
2945,127,128.62,2024-08-16,Books
2946,23,100.85,2024-10-05,Home
2947,128,88.39,2024-05-13,Books
2948,78,66.66,2024-08-02,Books
2949,22,113.56,2024-01-18,Home
2950,83,137.84,2024-02-15,Electronics
2951,161,78.5,2024-09-11,Electronics
2952,133,130.88,2024-04-01,Electronics
2953,70,70.74,2024-12-05,Books
2954,130,98.91,2024-12-17,Electronics
2955,49,102.6,2024-02-11,Electronics
2956,193,75.52,2024-11-16,Electronics
2957,137,85.05,2024-02-03,Books
2958,149,82.09,2024-04-29,Food
2959,113,114.69,2024-09-03,Clothing
2960,200,96.67,2024-10-06,Clothing
2961,17,116.18,2024-02-28,Clothing
2962,8,60.24,2024-05-15,Books
2963,82,79.68,2024-11-01,Food
2964,82,117.88,2024-01-07,Books
2965,21,108.82,2024-12-28,Electronics
2966,179,122.78,2024-02-27,Books
2967,179,140.22,2024-05-02,Electronics
2968,63,76.94,2024-09-14,Books
2969,84,51.41,2024-07-13,Home
2970,34,87.44,2024-02-13,Food
2971,45,132.13,2024-05-06,Books
2972,186,53.19,2024-05-14,Food
2973,56,64.27,2024-04-08,Home
2974,27,56.12,2024-10-05,Food
2975,77,87.42,2024-01-16,Books
2976,55,99.39,2024-06-14,Home
2977,91,138.37,2024-07-31,Clothing
2978,155,101.63,2024-03-07,Food
2979,13,97.27,2024-02-07,Books
2980,9,76.72,2024-06-15,Electronics
2981,95,104.69,2024-08-29,Clothing
2982,172,122.59,2024-11-11,Food
2983,183,114.57,2024-06-11,Clothing
2984,171,118.51,2024-04-09,Books
2985,5,107.48,2024-12-19,Clothing
2986,44,108.04,2024-12-14,Books
2987,190,96.16,2024-10-05,Food
2988,109,93.52,2024-12-10,Home
2989,153,153.6,2024-07-18,Electronics
2990,147,123.47,2024-07-23,Home
2991,193,97.23,2024-05-18,Electronics
2992,104,84.78,2024-05-12,Books
2993,169,78.66,2024-05-01,Books
2994,153,163.51,2024-06-29,Books
2995,183,77.54,2024-05-11,Clothing
2996,73,66.67,2024-08-28,Books
2997,22,77.23,2024-03-23,Clothing
2998,159,108.6,2024-10-19,Books
2999,13,95.4,2024-06-01,Clothing
3000,59,91.86,2024-05-06,Books
3001,77,172.78,2024-07-05,Food
3002,152,113.41,2024-09-26,Books
3003,96,116.66,2024-11-05,Food
3004,171,106.99,2024-08-23,Clothing
3005,97,86.85,2024-02-06,Home
3006,27,103.38,2024-10-04,Home
3007,22,167.63,2024-05-05,Food
3008,122,133.17,2024-09-18,Clothing
3009,140,92.75,2024-08-28,Books
3010,67,165.48,2024-03-19,Food
3011,72,78.18,2024-10-31,Food
3012,136,83.2,2024-07-03,Home
3013,3,119.34,2024-07-04,Food
3014,134,151.27,2024-12-22,Food
3015,65,70.37,2024-05-06,Clothing
3016,60,87.12,2024-05-31,Books
3017,61,100.41,2024-07-27,Electronics
3018,132,67.53,2024-03-09,Clothing
3019,9,66.81,2024-11-30,Food
3020,97,118.91,2024-07-27,Home
3021,80,101.26,2024-07-14,Electronics
3022,174,6.9,2024-10-03,Books
3023,36,96.01,2024-09-14,Books
3024,147,103.74,2024-03-08,Home
3025,60,46.14,2024-08-14,Food
3026,3,81.54,2024-02-06,Food
3027,15,167.91,2024-07-24,Electronics
3028,163,126.3,2024-09-13,Books
3029,199,79.63,2024-04-16,Books
3030,83,108.62,2024-11-25,Home
3031,72,129.97,2024-11-09,Clothing
3032,132,60.24,2024-06-30,Home
3033,7,140.92,2024-06-11,Clothing
3034,132,69.28,2024-07-17,Food
3035,173,89.8,2024-09-02,Home
3036,121,116.67,2024-05-19,Electronics
3037,200,62.94,2024-11-26,Books
3038,46,84.2,2024-01-27,Books
3039,88,143.56,2024-03-29,Home
3040,90,88.73,2024-08-22,Books
3041,48,131.66,2024-01-03,Home
3042,97,104.29,2024-01-30,Books
3043,153,125.54,2024-01-07,Clothing
3044,166,73.67,2024-01-04,Clothing
3045,108,123.45,2024-12-14,Home
3046,123,117.19,2024-02-23,Food
3047,99,55.98,2024-10-31,Electronics
3048,50,98.67,2024-08-24,Food
3049,171,105.85,2024-05-18,Clothing
3050,138,117.31,2024-02-14,Electronics
3051,139,75.2,2024-11-23,Food
3052,109,102.97,2024-12-30,Food
3053,118,68.13,2024-03-31,Home
3054,59,103.73,2024-09-05,Food
3055,82,87.28,2024-07-15,Electronics
3056,56,105.14,2024-10-14,Clothing
3057,51,129.44,2024-06-12,Electronics
3058,127,100.66,2024-10-11,Books
3059,167,105.18,2024-12-22,Home
3060,149,97.01,2024-03-11,Home
3061,62,33.91,2024-05-08,Home
3062,155,101.98,2024-12-27,Food
3063,189,90.49,2024-12-09,Food
3064,68,52.92,2024-01-12,Home
3065,160,79.33,2024-10-16,Home
3066,188,81.21,2024-07-31,Electronics
3067,25,105.29,2024-01-28,Books
3068,12,103.71,2024-05-14,Clothing
3069,96,114.31,2024-04-20,Books
3070,67,80.96,2024-05-20,Home
3071,166,142.18,2024-12-16,Books
3072,185,100.95,2024-05-20,Electronics
3073,115,136.63,2024-01-19,Food
3074,99,77.52,2024-01-26,Books
3075,104,83.49,2024-02-11,Electronics
3076,50,124.32,2024-02-18,Clothing
3077,73,109.0,2024-03-05,Home
3078,165,55.11,2024-10-31,Home
3079,6,55.37,2024-02-18,Books
3080,119,95.8,2024-06-07,Electronics
3081,37,114.97,2024-11-05,Electronics
3082,148,95.47,2024-08-24,Electronics
3083,98,38.38,2024-03-08,Food
3084,120,92.04,2024-07-04,Home
3085,118,126.61,2024-05-04,Food
3086,150,9.4,2024-06-15,Electronics
3087,26,76.11,2024-09-04,Electronics
3088,112,90.86,2024-12-05,Electronics
3089,47,44.19,2024-02-27,Home
3090,131,149.66,2024-04-12,Electronics
3091,4,116.65,2024-02-03,Clothing
3092,171,74.85,2024-04-23,Home
3093,127,75.95,2024-10-08,Electronics
3094,103,65.34,2024-12-30,Electronics
3095,95,73.62,2024-01-12,Food
3096,185,81.06,2024-02-14,Clothing
3097,145,129.39,2024-10-01,Books
3098,63,70.35,2024-09-19,Books
3099,150,107.74,2024-06-04,Home
3100,65,43.17,2024-08-28,Books
3101,58,119.99,2024-07-29,Food
3102,31,43.49,2024-09-24,Home
3103,194,112.32,2024-12-19,Clothing
3104,104,145.78,2024-06-17,Home
3105,39,83.39,2024-09-03,Food
3106,96,51.41,2024-12-07,Books
3107,101,140.79,2024-04-23,Food
3108,10,121.96,2024-11-17,Books
3109,86,88.93,2024-02-10,Clothing
3110,125,123.41,2024-10-30,Electronics
3111,123,102.42,2024-10-27,Home
3112,167,101.19,2024-07-30,Home
3113,55,148.22,2024-11-10,Books
3114,104,108.31,2024-03-09,Home
3115,7,116.17,2024-12-21,Books
3116,166,120.68,2024-09-08,Food
3117,190,94.17,2024-08-07,Food
3118,91,105.04,2024-04-17,Home
3119,59,155.46,2024-04-03,Home
3120,19,121.17,2024-02-22,Clothing
3121,199,112.43,2024-07-31,Electronics
3122,1,114.99,2024-11-26,Home
3123,136,160.18,2024-01-17,Home
3124,49,120.25,2024-07-17,Electronics
3125,55,99.35,2024-11-01,Food
3126,179,137.93,2024-10-05,Electronics
3127,148,119.01,2024-07-12,Electronics
3128,44,64.76,2024-02-28,Home
3129,173,66.61,2024-07-27,Electronics
3130,43,119.56,2024-06-01,Books
3131,49,116.24,2024-01-17,Home
3132,38,62.06,2024-02-27,Clothing
3133,139,90.95,2024-05-12,Home
3134,147,150.53,2024-03-25,Home
3135,183,127.73,2024-10-31,Home
3136,131,40.3,2024-11-22,Home
3137,58,102.15,2024-12-06,Home
3138,54,157.56,2024-06-01,Clothing
3139,94,148.52,2024-02-15,Electronics
3140,29,86.64,2024-02-13,Books
3141,111,62.36,2024-12-02,Home
3142,86,108.42,2024-07-28,Food
3143,185,115.61,2024-10-23,Food
3144,13,143.15,2024-04-26,Food
3145,155,80.19,2024-04-09,Food
3146,106,82.06,2024-02-09,Electronics
3147,126,100.11,2024-06-24,Food
3148,137,172.8,2024-06-30,Books
3149,78,210.82,2024-01-06,Food
3150,129,120.5,2024-07-18,Books
3151,33,98.25,2024-11-02,Food
3152,122,154.6,2024-06-13,Home
3153,87,83.02,2024-02-17,Home
3154,183,111.81,2024-08-11,Food
3155,38,127.08,2024-08-25,Home
3156,92,100.09,2024-02-17,Home
3157,15,77.17,2024-02-24,Clothing
3158,130,132.43,2024-03-22,Electronics
3159,9,187.19,2024-10-18,Electronics
3160,138,98.44,2024-05-16,Home
3161,106,115.89,2024-05-27,Home
3162,109,54.46,2024-10-23,Electronics
3163,65,126.13,2024-11-20,Home
3164,64,73.44,2024-03-19,Food
3165,97,64.15,2024-01-05,Books
3166,175,98.67,2024-07-28,Clothing
3167,8,56.51,2024-12-21,Electronics
3168,38,100.28,2024-02-25,Electronics
3169,82,98.0,2024-08-24,Books
3170,151,131.45,2024-02-02,Books
3171,37,72.05,2024-09-10,Electronics
3172,40,32.24,2024-05-22,Food
3173,53,112.64,2024-11-25,Food
3174,14,71.01,2024-10-07,Books
3175,158,106.62,2024-04-09,Books
3176,79,74.97,2024-09-25,Clothing
3177,12,111.33,2024-01-01,Food
3178,187,102.37,2024-03-24,Electronics
3179,166,117.39,2024-11-07,Clothing
3180,143,106.16,2024-05-02,Electronics
3181,55,165.88,2024-12-19,Electronics
3182,19,45.96,2024-06-28,Food
3183,68,124.85,2024-06-20,Food
3184,45,117.49,2024-06-06,Books
3185,135,101.5,2024-12-10,Electronics
3186,149,80.23,2024-05-01,Home
3187,13,112.1,2024-08-01,Electronics
3188,83,147.09,2024-09-13,Food
3189,99,133.15,2024-07-04,Clothing
3190,115,126.81,2024-09-30,Food
3191,147,159.27,2024-04-29,Electronics
3192,72,133.36,2024-08-28,Books
3193,149,89.79,2024-01-08,Home
3194,98,123.71,2024-12-24,Electronics
3195,14,101.87,2024-09-05,Electronics
3196,136,84.78,2024-10-09,Clothing
3197,163,126.28,2024-07-26,Electronics
3198,170,72.71,2024-03-19,Home
3199,135,101.96,2024-10-18,Electronics
3200,84,117.98,2024-05-20,Clothing
3201,79,80.57,2024-10-27,Home
3202,63,104.18,2024-12-20,Books
3203,96,80.07,2024-04-18,Books
3204,82,162.47,2024-06-02,Home
3205,124,94.95,2024-03-10,Clothing
3206,75,117.36,2024-08-23,Electronics
3207,161,126.56,2024-10-08,Home
3208,179,103.2,2024-09-01,Clothing
3209,76,100.91,2024-04-01,Food
3210,2,110.3,2024-05-26,Electronics
3211,119,188.32,2024-10-03,Electronics
3212,107,116.29,2024-12-09,Food
3213,173,111.49,2024-11-16,Food
3214,18,94.15,2024-10-27,Home
3215,104,100.26,2024-12-01,Clothing
3216,78,123.69,2024-02-15,Food
3217,103,88.24,2024-10-11,Food
3218,123,143.22,2024-04-13,Books
3219,40,96.45,2024-01-07,Food
3220,80,141.4,2024-08-11,Clothing
3221,93,121.4,2024-04-18,Food
3222,94,85.8,2024-08-07,Clothing
3223,91,122.97,2024-07-17,Clothing
3224,80,134.46,2024-05-01,Food
3225,6,92.2,2024-12-10,Food
3226,14,85.56,2024-03-31,Clothing
3227,199,81.16,2024-07-03,Clothing
3228,48,105.19,2024-09-18,Clothing
3229,51,118.62,2024-05-30,Food
3230,146,119.01,2024-05-02,Books
3231,34,96.5,2024-10-11,Food
3232,102,79.41,2024-06-23,Books
3233,106,76.84,2024-12-05,Books
3234,25,149.86,2024-01-09,Food
3235,158,95.86,2024-04-13,Books
3236,156,119.09,2024-12-12,Food
3237,15,126.98,2024-02-16,Food
3238,188,106.44,2024-12-26,Electronics
3239,16,77.61,2024-07-27,Clothing
3240,47,70.95,2024-10-16,Books
3241,14,140.88,2024-01-04,Electronics
3242,123,116.79,2024-06-14,Electronics
3243,63,161.39,2024-08-15,Clothing
3244,187,50.56,2024-06-20,Electronics
3245,65,77.84,2024-01-14,Electronics
3246,74,98.95,2024-02-15,Clothing
3247,137,48.15,2024-11-03,Clothing
3248,18,84.65,2024-02-25,Clothing
3249,103,114.59,2024-08-19,Clothing
3250,23,88.97,2024-01-02,Clothing
3251,9,64.76,2024-12-06,Home
3252,127,96.17,2024-10-06,Electronics
3253,65,103.49,2024-03-24,Electronics
3254,196,112.15,2024-02-18,Home
3255,38,114.24,2024-11-09,Books
3256,125,76.64,2024-08-29,Food
3257,191,96.9,2024-09-13,Clothing
3258,73,126.77,2024-12-08,Clothing
3259,109,99.01,2024-09-23,Books
3260,113,148.5,2024-04-11,Home
3261,168,44.15,2024-09-02,Electronics
3262,152,98.0,2024-09-12,Food
3263,60,147.31,2024-02-03,Home
3264,133,59.85,2024-02-20,Clothing
3265,26,113.05,2024-10-08,Books
3266,131,121.1,2024-09-30,Clothing
3267,41,93.73,2024-05-13,Food
3268,66,73.01,2024-08-02,Clothing
3269,49,94.21,2024-10-13,Electronics
3270,28,132.09,2024-02-28,Books
3271,178,74.45,2024-06-02,Clothing
3272,102,86.98,2024-12-02,Food
3273,36,133.69,2024-01-26,Home
3274,86,108.43,2024-02-12,Clothing
3275,129,93.1,2024-09-02,Food
3276,31,77.53,2024-11-11,Food
3277,81,109.69,2024-04-22,Food
3278,132,154.9,2024-07-09,Electronics
3279,167,127.84,2024-01-14,Clothing
3280,14,61.11,2024-01-06,Food
3281,147,114.76,2024-09-03,Books
3282,140,140.4,2024-02-06,Clothing
3283,83,107.49,2024-09-16,Clothing
3284,172,90.94,2024-03-17,Food
3285,177,69.03,2024-01-08,Clothing
3286,152,93.81,2024-06-28,Books
3287,189,116.17,2024-05-27,Clothing
3288,126,87.37,2024-01-21,Home
3289,141,92.73,2024-12-19,Clothing
3290,163,139.55,2024-08-07,Home
3291,114,59.56,2024-09-27,Clothing
3292,112,59.49,2024-12-04,Home
3293,117,56.37,2024-06-01,Clothing
3294,29,108.74,2024-04-14,Food
3295,98,98.8,2024-11-13,Books
3296,146,64.99,2024-11-28,Clothing
3297,71,136.2,2024-07-09,Books
3298,161,102.92,2024-03-31,Clothing
3299,75,94.89,2024-01-27,Food
3300,188,100.08,2024-10-19,Clothing
3301,191,88.05,2024-04-04,Clothing
3302,145,113.15,2024-11-21,Electronics
3303,196,117.0,2024-11-18,Electronics
3304,157,96.22,2024-07-13,Food
3305,188,153.18,2024-06-24,Electronics
3306,175,83.02,2024-01-20,Electronics
3307,141,115.82,2024-06-25,Electronics
3308,25,144.09,2024-02-17,Home
3309,4,104.34,2024-03-25,Books
3310,149,111.08,2024-08-02,Home
3311,193,122.89,2024-08-23,Home
3312,161,93.6,2024-02-25,Books
3313,146,21.37,2024-10-21,Clothing
3314,68,65.49,2024-03-12,Home
3315,192,112.17,2024-01-15,Food
3316,168,106.96,2024-06-04,Books
3317,40,96.9,2024-02-10,Electronics
3318,144,88.16,2024-05-14,Home
3319,159,123.04,2024-06-20,Electronics
3320,71,140.17,2024-04-07,Clothing
3321,88,75.47,2024-05-05,Electronics
3322,111,91.05,2024-09-22,Books
3323,25,79.11,2024-04-19,Home
3324,55,154.13,2024-10-07,Books
3325,57,54.03,2024-05-24,Home
3326,175,105.94,2024-01-25,Food
3327,26,102.25,2024-10-30,Books
3328,161,96.05,2024-11-23,Food
3329,104,129.63,2024-02-23,Home
3330,57,112.29,2024-04-26,Food
3331,60,124.92,2024-02-07,Books
3332,47,84.82,2024-12-17,Clothing
3333,59,53.29,2024-01-14,Food
3334,88,111.13,2024-08-26,Clothing
3335,80,94.09,2024-12-22,Food
3336,125,105.15,2024-10-21,Clothing
3337,73,116.23,2024-02-09,Electronics
3338,198,117.21,2024-03-02,Home
3339,82,110.15,2024-11-22,Electronics
3340,190,87.25,2024-03-01,Electronics
3341,69,74.97,2024-06-20,Books
3342,189,79.01,2024-09-05,Books
3343,199,51.33,2024-11-27,Clothing
3344,186,88.16,2024-11-15,Electronics
3345,50,133.49,2024-12-12,Food
3346,87,117.94,2024-08-18,Food
3347,47,81.73,2024-07-27,Home
3348,73,85.38,2024-12-21,Food
3349,81,155.12,2024-07-01,Clothing
3350,39,114.11,2024-05-27,Books
3351,97,141.27,2024-02-17,Home
3352,86,107.28,2024-07-26,Clothing
3353,56,108.8,2024-06-16,Clothing
3354,194,35.74,2024-11-15,Home
3355,75,97.44,2024-11-15,Food
3356,23,75.12,2024-02-11,Home
3357,146,131.52,2024-02-27,Electronics
3358,167,108.62,2024-12-29,Books
3359,8,108.9,2024-04-08,Home
3360,25,56.64,2024-03-22,Books
3361,106,93.15,2024-11-08,Clothing
3362,37,101.95,2024-12-07,Food
3363,84,81.97,2024-09-04,Home
3364,53,114.93,2024-03-01,Books
3365,75,93.27,2024-07-12,Food
3366,129,69.57,2024-07-07,Books
3367,116,47.0,2024-06-16,Food
3368,113,154.5,2024-08-20,Books
3369,188,120.7,2024-09-20,Food
3370,184,81.06,2024-08-14,Electronics
3371,149,66.48,2024-03-16,Electronics
3372,72,157.93,2024-11-28,Clothing
3373,193,91.2,2024-08-31,Food
3374,11,73.15,2024-10-17,Books
3375,61,161.37,2024-04-15,Clothing
3376,25,74.48,2024-10-18,Food
3377,37,96.11,2024-04-11,Food
3378,162,97.31,2024-12-30,Books
3379,172,127.59,2024-04-06,Food
3380,180,138.18,2024-08-26,Electronics
3381,171,106.95,2024-06-10,Home
3382,26,123.14,2024-03-19,Electronics
3383,168,107.4,2024-07-16,Home
3384,48,86.42,2024-04-13,Clothing
3385,22,137.62,2024-11-21,Clothing
3386,29,112.6,2024-06-01,Home
3387,55,57.77,2024-09-24,Food
3388,51,109.05,2024-02-08,Books
3389,196,112.26,2024-11-16,Electronics
3390,6,124.19,2024-03-29,Clothing
3391,200,125.31,2024-07-27,Food
3392,33,70.17,2024-07-30,Books
3393,3,56.36,2024-02-06,Clothing
3394,123,100.03,2024-06-14,Electronics
3395,31,70.05,2024-07-01,Clothing
3396,15,87.37,2024-02-24,Clothing
3397,150,65.21,2024-10-23,Electronics
3398,106,93.31,2024-09-18,Books
3399,124,101.22,2024-06-10,Electronics
3400,166,90.84,2024-04-22,Home
3401,116,121.51,2024-06-17,Home
3402,45,51.05,2024-03-20,Books
3403,86,81.08,2024-01-20,Electronics
3404,47,79.1,2024-09-18,Books
3405,128,101.03,2024-07-10,Home
3406,176,133.44,2024-08-20,Electronics
3407,165,169.85,2024-11-05,Clothing
3408,132,40.78,2024-06-19,Books
3409,158,77.86,2024-06-05,Food
3410,111,75.84,2024-07-11,Clothing
3411,167,127.25,2024-04-24,Food
3412,48,64.9,2024-10-28,Books
3413,135,52.57,2024-02-03,Clothing
3414,21,117.12,2024-01-18,Electronics
3415,150,108.66,2024-02-15,Clothing
3416,177,73.52,2024-11-09,Food
3417,69,68.29,2024-11-07,Home
3418,143,116.62,2024-04-25,Books
3419,42,104.99,2024-07-24,Food
3420,49,129.71,2024-01-14,Home
3421,66,94.21,2024-03-01,Clothing
3422,46,49.76,2024-02-16,Food
3423,180,105.74,2024-09-16,Clothing
3424,134,99.89,2024-05-29,Electronics
3425,37,59.36,2024-01-21,Home
3426,55,106.58,2024-02-19,Clothing
3427,83,96.79,2024-02-24,Clothing
3428,118,47.33,2024-11-26,Books
3429,126,103.61,2024-07-28,Home
3430,67,130.19,2024-06-29,Electronics
3431,158,151.18,2024-08-22,Books
3432,39,129.4,2024-10-16,Clothing
3433,145,100.67,2024-01-07,Home
3434,96,99.23,2024-06-11,Electronics
3435,33,67.35,2024-11-09,Clothing
3436,169,103.97,2024-09-11,Clothing
3437,76,111.75,2024-11-03,Food
3438,81,128.95,2024-01-15,Electronics
3439,104,134.77,2024-10-25,Books
3440,158,36.49,2024-10-18,Books
3441,188,154.38,2024-03-17,Food
3442,154,85.49,2024-09-06,Food
3443,17,95.76,2024-12-29,Books
3444,174,128.24,2024-09-10,Home
3445,159,112.61,2024-12-20,Electronics
3446,145,187.88,2024-03-20,Food
3447,12,133.62,2024-11-19,Home
3448,46,107.32,2024-03-28,Food
3449,139,119.44,2024-12-29,Food
3450,184,93.05,2024-07-10,Electronics
3451,4,118.8,2024-07-11,Electronics
3452,96,125.72,2024-07-24,Clothing
3453,11,115.84,2024-02-01,Clothing
3454,97,103.67,2024-09-15,Books
3455,18,119.74,2024-06-14,Electronics
3456,38,152.62,2024-08-10,Books
3457,103,104.77,2024-09-25,Books
3458,26,111.27,2024-08-27,Books
3459,74,87.7,2024-03-20,Electronics
3460,157,76.28,2024-08-20,Home
3461,148,58.26,2024-06-06,Clothing
3462,58,105.28,2024-09-09,Electronics
3463,175,120.99,2024-03-28,Books
3464,182,75.32,2024-01-11,Electronics
3465,69,116.75,2024-06-04,Electronics
3466,17,126.95,2024-02-19,Electronics
3467,94,99.72,2024-03-30,Home
3468,32,130.21,2024-04-23,Clothing
3469,190,50.8,2024-12-09,Food
3470,193,105.68,2024-09-25,Electronics
3471,65,123.46,2024-11-19,Food
3472,55,101.62,2024-04-21,Books
3473,36,98.62,2024-06-19,Home
3474,182,105.28,2024-11-11,Home
3475,28,111.73,2024-10-04,Food
3476,63,76.95,2024-03-19,Food
3477,24,115.69,2024-04-26,Clothing
3478,73,79.35,2024-07-04,Home
3479,52,128.98,2024-04-21,Home
3480,78,87.91,2024-05-06,Food
3481,171,79.97,2024-11-25,Home
3482,126,98.28,2024-08-18,Books
3483,169,74.41,2024-09-30,Home
3484,92,105.59,2024-07-20,Electronics
3485,27,49.0,2024-03-21,Food
3486,115,61.65,2024-06-16,Food
3487,53,110.17,2024-12-18,Books
3488,41,116.7,2024-07-07,Books
3489,173,90.41,2024-03-29,Electronics
3490,163,124.74,2024-06-19,Electronics
3491,15,68.67,2024-08-31,Home
3492,195,125.57,2024-07-10,Books
3493,3,126.52,2024-05-10,Clothing
3494,53,92.18,2024-04-20,Books
3495,142,67.58,2024-10-14,Food
3496,79,65.23,2024-04-10,Food
3497,147,92.19,2024-04-16,Food
3498,63,149.29,2024-08-08,Electronics
3499,33,49.23,2024-10-21,Electronics
3500,48,68.88,2024-03-08,Electronics
3501,198,111.8,2024-11-24,Clothing
3502,55,85.53,2024-01-08,Food
3503,159,107.61,2024-05-19,Books
3504,14,115.25,2024-08-10,Electronics
3505,112,74.32,2024-03-22,Home
3506,186,123.99,2024-09-24,Electronics
3507,24,95.53,2024-09-29,Food
3508,60,83.26,2024-05-20,Books
3509,49,54.15,2024-06-12,Clothing
3510,67,111.88,2024-12-11,Home
3511,154,97.22,2024-04-21,Books
3512,74,142.33,2024-11-03,Home
3513,172,118.77,2024-07-23,Home
3514,84,100.69,2024-05-05,Books
3515,38,169.3,2024-06-10,Clothing
3516,89,114.03,2024-10-01,Home
3517,179,79.54,2024-11-30,Food
3518,184,110.38,2024-08-17,Home
3519,29,72.69,2024-03-29,Electronics
3520,196,101.33,2024-08-04,Electronics
3521,64,73.35,2024-04-21,Electronics
3522,138,86.4,2024-02-12,Clothing
3523,190,179.69,2024-12-27,Books
3524,81,119.63,2024-06-04,Food
3525,108,149.87,2024-08-25,Books
3526,177,140.44,2024-11-13,Electronics
3527,184,87.15,2024-03-06,Food
3528,133,9.96,2024-12-12,Books
3529,78,136.88,2024-09-05,Clothing
3530,83,69.74,2024-10-14,Electronics
3531,122,112.59,2024-10-12,Electronics
3532,191,101.58,2024-09-04,Food
3533,95,62.32,2024-07-29,Home
3534,148,130.96,2024-01-19,Home
3535,151,118.21,2024-10-27,Home
3536,33,106.01,2024-01-09,Home
3537,6,94.96,2024-12-28,Clothing
3538,1,112.18,2024-11-10,Food
3539,149,77.32,2024-01-15,Books
3540,7,116.83,2024-08-09,Food
3541,150,62.69,2024-07-24,Books
3542,161,104.98,2024-04-05,Books
3543,172,151.64,2024-02-29,Books
3544,188,95.49,2024-11-29,Clothing
3545,143,122.27,2024-07-08,Books
3546,99,121.21,2024-04-12,Electronics
3547,58,129.32,2024-10-06,Food
3548,133,129.87,2024-11-04,Electronics
3549,60,124.0,2024-07-27,Electronics
3550,116,109.82,2024-06-11,Books
3551,42,128.73,2024-02-05,Books
3552,102,107.82,2024-04-07,Clothing
3553,75,102.62,2024-02-29,Electronics
3554,183,93.21,2024-06-18,Books
3555,53,133.87,2024-08-24,Home
3556,162,108.12,2024-05-27,Food
3557,137,105.52,2024-07-29,Clothing
3558,53,101.33,2024-06-30,Electronics
3559,13,99.17,2024-09-29,Clothing
3560,116,76.41,2024-07-14,Home
3561,96,92.54,2024-05-16,Clothing
3562,119,75.3,2024-01-16,Books
3563,100,96.97,2024-10-07,Food
3564,31,60.1,2024-05-28,Home
3565,161,101.56,2024-02-01,Books
3566,82,122.07,2024-08-09,Electronics
3567,66,68.66,2024-05-28,Food
3568,193,68.17,2024-09-24,Food
3569,139,51.34,2024-03-26,Food
3570,40,138.02,2024-08-16,Food
3571,7,61.28,2024-06-01,Books
3572,62,99.56,2024-06-07,Books
3573,126,64.93,2024-04-11,Clothing
3574,98,86.55,2024-12-03,Home
3575,198,114.59,2024-03-06,Food
3576,189,112.33,2024-01-30,Food
3577,37,106.82,2024-10-18,Food
3578,5,119.73,2024-11-25,Food
3579,146,110.82,2024-05-17,Home
3580,15,97.72,2024-03-18,Clothing
3581,189,118.7,2024-01-15,Home
3582,27,80.81,2024-09-05,Home
3583,66,89.54,2024-07-10,Home
3584,131,137.5,2024-03-23,Clothing
3585,20,83.89,2024-02-17,Clothing
3586,167,102.55,2024-03-21,Clothing
3587,23,95.72,2024-08-19,Food
3588,48,55.49,2024-11-19,Clothing
3589,107,134.34,2024-07-31,Books
3590,197,111.84,2024-03-14,Electronics
3591,71,89.41,2024-04-01,Electronics
3592,10,60.57,2024-10-23,Clothing
3593,174,134.96,2024-12-17,Home
3594,26,97.12,2024-09-19,Books
3595,199,108.94,2024-09-27,Food
3596,57,99.69,2024-01-25,Books
3597,109,133.12,2024-12-23,Home
3598,15,81.61,2024-06-15,Electronics
3599,105,185.45,2024-12-22,Clothing
3600,31,131.69,2024-02-19,Food
3601,94,108.14,2024-05-06,Electronics
3602,173,82.68,2024-10-23,Food
3603,199,128.03,2024-09-18,Food
3604,54,98.56,2024-05-18,Electronics
3605,12,94.76,2024-10-28,Clothing
3606,15,87.53,2024-01-08,Food
3607,152,134.83,2024-04-16,Home
3608,74,111.26,2024-04-28,Electronics
3609,179,106.78,2024-11-20,Clothing
3610,179,127.81,2024-08-23,Books
3611,167,111.42,2024-05-22,Books
3612,18,110.45,2024-11-28,Books
3613,123,98.9,2024-04-14,Electronics
3614,114,129.04,2024-08-28,Electronics
3615,126,116.91,2024-04-06,Home
3616,129,68.77,2024-10-23,Electronics
3617,60,107.43,2024-11-10,Food
3618,93,89.7,2024-11-23,Electronics
3619,74,74.19,2024-10-17,Food
3620,28,153.0,2024-12-14,Electronics
3621,128,153.1,2024-06-28,Food
3622,149,151.26,2024-05-04,Electronics
3623,150,98.0,2024-08-31,Clothing
3624,138,118.63,2024-07-21,Books
3625,98,64.18,2024-01-04,Food
3626,165,79.6,2024-05-22,Electronics
3627,149,102.69,2024-07-04,Clothing
3628,48,69.41,2024-03-15,Books
3629,119,102.85,2024-06-09,Clothing
3630,5,146.77,2024-04-23,Electronics
3631,102,101.61,2024-04-20,Books
3632,101,113.11,2024-04-29,Books
3633,140,67.62,2024-05-25,Books
3634,180,83.57,2024-12-25,Clothing
3635,185,5.0,2024-12-07,Home
3636,129,108.73,2024-05-22,Food
3637,54,69.44,2024-09-01,Electronics
3638,87,143.32,2024-10-09,Clothing
3639,165,199.05,2024-03-01,Clothing
3640,177,71.66,2024-11-26,Home
3641,136,72.13,2024-04-25,Food
3642,19,114.58,2024-09-01,Books
3643,93,118.01,2024-01-10,Electronics
3644,190,89.52,2024-05-13,Food
3645,147,63.58,2024-06-04,Food
3646,121,101.83,2024-04-08,Home
3647,113,69.3,2024-09-21,Home
3648,183,98.73,2024-09-20,Food
3649,122,104.48,2024-12-22,Food
3650,183,55.48,2024-07-11,Clothing
3651,82,135.03,2024-02-08,Clothing
3652,106,105.25,2024-01-27,Food
3653,18,118.2,2024-08-17,Books
3654,163,79.02,2024-04-20,Home
3655,70,72.65,2024-05-30,Books
3656,194,74.73,2024-08-23,Electronics
3657,141,139.53,2024-09-14,Clothing
3658,153,125.12,2024-08-02,Home
3659,193,111.8,2024-12-17,Electronics
3660,8,103.31,2024-06-13,Home
3661,76,62.42,2024-11-09,Books
3662,1,146.54,2024-01-30,Food
3663,46,90.67,2024-10-22,Clothing
3664,122,111.95,2024-08-08,Electronics
3665,42,31.69,2024-11-05,Electronics
3666,144,80.17,2024-10-09,Clothing
3667,45,93.82,2024-10-26,Food
3668,177,88.02,2024-07-09,Food
3669,198,53.68,2024-12-26,Food
3670,150,64.21,2024-01-07,Clothing
3671,117,82.26,2024-11-14,Food
3672,123,82.96,2024-10-17,Clothing
3673,82,91.67,2024-06-14,Home
3674,54,57.31,2024-03-12,Clothing
3675,78,135.54,2024-10-20,Clothing
3676,24,121.11,2024-11-12,Electronics
3677,160,39.42,2024-05-18,Clothing
3678,121,130.0,2024-06-10,Clothing
3679,173,127.52,2024-09-18,Clothing
3680,70,113.95,2024-01-23,Home
3681,72,89.07,2024-05-17,Clothing
3682,46,80.37,2024-02-05,Electronics
3683,185,120.83,2024-04-11,Clothing
3684,101,155.12,2024-06-09,Home
3685,24,123.66,2024-12-29,Home
3686,182,53.81,2024-08-20,Books
3687,160,148.07,2024-12-15,Clothing
3688,187,108.22,2024-05-24,Home
3689,41,98.04,2024-09-30,Home
3690,164,36.86,2024-08-24,Electronics
3691,92,93.21,2024-09-17,Food
3692,155,116.11,2024-05-30,Clothing
3693,89,64.52,2024-12-17,Books
3694,150,14.32,2024-03-12,Clothing
3695,148,123.85,2024-11-06,Books
3696,113,113.21,2024-01-23,Books
3697,95,102.08,2024-02-20,Electronics
3698,98,125.56,2024-05-13,Home
3699,10,103.72,2024-03-28,Electronics
3700,180,98.83,2024-06-27,Clothing
3701,94,121.34,2024-02-03,Books
3702,164,107.34,2024-09-29,Clothing
3703,33,59.63,2024-06-07,Books
3704,114,81.11,2024-07-15,Food
3705,101,130.71,2024-02-17,Electronics
3706,4,133.31,2024-03-16,Electronics
3707,66,77.6,2024-12-16,Electronics
3708,39,97.12,2024-10-26,Books
3709,87,102.37,2024-05-12,Clothing
3710,48,111.88,2024-05-16,Books
3711,166,99.55,2024-02-08,Clothing
3712,163,119.7,2024-05-22,Clothing
3713,28,116.14,2024-05-04,Home
3714,12,110.06,2024-01-29,Electronics
3715,127,117.09,2024-04-30,Clothing
3716,120,121.93,2024-12-06,Clothing
3717,175,119.75,2024-11-05,Home
3718,124,78.8,2024-12-23,Books
3719,77,119.14,2024-03-19,Books
3720,149,84.05,2024-03-30,Clothing
3721,145,103.32,2024-10-25,Home
3722,187,71.3,2024-07-15,Food
3723,83,119.53,2024-11-24,Books
3724,2,130.34,2024-12-20,Home
3725,1,138.25,2024-09-25,Clothing
3726,173,110.05,2024-12-18,Electronics
3727,111,111.34,2024-01-04,Food
3728,95,134.5,2024-05-27,Home
3729,40,91.06,2024-09-29,Home
3730,70,73.02,2024-07-19,Clothing
3731,191,19.43,2024-10-29,Electronics
3732,25,66.36,2024-08-21,Electronics
3733,110,161.39,2024-09-02,Food
3734,172,121.63,2024-03-30,Electronics
3735,190,71.19,2024-06-08,Home
3736,151,89.37,2024-02-26,Food
3737,71,97.87,2024-09-02,Clothing
3738,127,164.83,2024-10-30,Clothing
3739,2,74.51,2024-07-08,Food
3740,145,80.29,2024-11-14,Electronics
3741,141,98.76,2024-06-24,Clothing
3742,106,71.92,2024-03-10,Clothing
3743,40,142.17,2024-11-17,Home
3744,62,96.85,2024-03-18,Clothing
3745,63,97.18,2024-03-30,Clothing
3746,29,47.48,2024-01-08,Books
3747,132,124.77,2024-07-07,Clothing
3748,161,87.57,2024-06-30,Electronics
3749,40,114.35,2024-10-26,Electronics
3750,146,93.01,2024-07-15,Clothing
3751,20,111.57,2024-02-02,Food
3752,103,95.92,2024-09-05,Clothing
3753,82,78.46,2024-04-29,Clothing
3754,48,162.95,2024-07-14,Food
3755,1,27.9,2024-10-06,Electronics
3756,192,91.57,2024-03-19,Food
3757,174,25.8,2024-04-12,Books
3758,35,88.07,2024-04-10,Electronics
3759,24,67.25,2024-08-22,Food
3760,81,106.97,2024-05-17,Clothing
3761,141,131.13,2024-05-19,Books
3762,110,91.85,2024-10-01,Books
3763,106,170.96,2024-10-01,Clothing
3764,125,60.35,2024-10-05,Books
3765,193,43.9,2024-07-30,Electronics
3766,98,127.06,2024-05-31,Food
3767,165,133.03,2024-12-10,Home
3768,193,141.45,2024-07-26,Books
3769,87,112.81,2024-01-17,Home
3770,100,83.61,2024-06-07,Food
3771,3,106.64,2024-10-07,Food
3772,34,131.06,2024-10-07,Clothing
3773,14,50.17,2024-08-01,Books
3774,96,91.8,2024-11-29,Electronics
3775,26,98.22,2024-10-05,Clothing
3776,190,91.0,2024-04-18,Home
3777,5,107.53,2024-10-19,Clothing
3778,64,90.39,2024-09-07,Food
3779,28,102.35,2024-09-29,Food
3780,115,92.7,2024-09-18,Books
3781,27,115.06,2024-09-06,Clothing
3782,120,92.53,2024-04-28,Books
3783,98,85.0,2024-11-19,Electronics
3784,173,123.76,2024-03-02,Home
3785,54,126.02,2024-06-25,Clothing
3786,163,83.74,2024-10-20,Home
3787,198,147.09,2024-06-12,Electronics
3788,87,66.32,2024-04-26,Clothing
3789,96,98.34,2024-06-05,Food
3790,131,118.0,2024-06-04,Food
3791,96,135.26,2024-11-06,Clothing
3792,127,94.36,2024-12-11,Electronics
3793,145,134.24,2024-09-12,Food
3794,182,95.97,2024-03-14,Food
3795,28,87.46,2024-03-01,Food
3796,98,133.06,2024-09-21,Home
3797,60,93.21,2024-08-14,Clothing
3798,102,70.63,2024-12-21,Clothing
3799,10,97.4,2024-01-24,Home
3800,67,80.15,2024-04-25,Clothing
3801,176,63.19,2024-08-06,Books
3802,179,126.7,2024-10-27,Electronics
3803,16,64.85,2024-12-26,Home
3804,47,128.01,2024-06-11,Books
3805,182,95.34,2024-03-13,Books
3806,194,50.64,2024-09-02,Electronics
3807,200,100.2,2024-03-26,Home
3808,10,83.81,2024-10-25,Books
3809,91,110.92,2024-01-31,Food
3810,184,94.22,2024-01-21,Clothing
3811,91,107.96,2024-12-15,Clothing
3812,112,96.34,2024-07-13,Electronics
3813,78,57.94,2024-06-25,Books
3814,137,97.66,2024-10-14,Food
3815,64,124.09,2024-01-15,Home
3816,73,110.82,2024-11-25,Books
3817,101,84.41,2024-10-22,Food
3818,1,68.19,2024-10-25,Electronics
3819,144,47.22,2024-10-22,Clothing
3820,97,99.92,2024-05-08,Books
3821,47,122.91,2024-09-29,Home
3822,132,118.85,2024-07-22,Home
3823,142,128.72,2024-07-26,Clothing
3824,142,152.94,2024-12-18,Books
3825,186,71.95,2024-06-26,Clothing
3826,158,103.96,2024-01-07,Home
3827,190,84.22,2024-10-01,Home
3828,179,65.56,2024-05-30,Food
3829,143,62.11,2024-05-04,Clothing
3830,146,125.61,2024-04-14,Home
3831,105,164.07,2024-11-13,Food
3832,28,127.52,2024-12-17,Food
3833,199,66.74,2024-05-03,Books
3834,12,104.1,2024-04-27,Home
3835,111,76.03,2024-03-30,Clothing
3836,118,80.87,2024-10-19,Books
3837,90,93.28,2024-05-14,Books
3838,7,96.43,2024-11-14,Home
3839,171,124.24,2024-08-05,Clothing
3840,162,138.72,2024-06-19,Home
3841,9,126.26,2024-11-18,Home
3842,195,112.89,2024-03-17,Clothing
3843,116,66.66,2024-07-10,Food
3844,84,98.46,2024-10-28,Electronics
3845,86,65.75,2024-08-05,Books
3846,169,96.99,2024-09-16,Home
3847,123,61.26,2024-12-03,Electronics
3848,79,101.72,2024-11-14,Books
3849,147,104.81,2024-12-02,Clothing
3850,77,46.52,2024-12-14,Home
3851,7,97.2,2024-05-13,Food
3852,148,122.54,2024-10-26,Clothing
3853,139,60.84,2024-04-26,Food
3854,122,161.51,2024-12-26,Electronics
3855,108,83.07,2024-02-28,Food
3856,84,47.11,2024-12-29,Home
3857,87,81.85,2024-10-16,Books
3858,108,105.27,2024-10-08,Books
3859,133,89.03,2024-03-16,Books
3860,9,152.66,2024-06-01,Clothing
3861,95,143.9,2024-04-12,Home
3862,120,89.08,2024-01-24,Home
3863,22,84.26,2024-09-03,Electronics
3864,38,122.29,2024-12-05,Home
3865,4,98.74,2024-02-07,Electronics
3866,117,120.39,2024-12-17,Food
3867,168,53.46,2024-05-10,Home
3868,58,98.51,2024-06-02,Electronics
3869,86,77.2,2024-07-23,Home
3870,96,129.74,2024-02-14,Home
3871,188,116.63,2024-08-20,Clothing
3872,188,72.7,2024-03-22,Food
3873,87,60.46,2024-09-26,Books
3874,184,75.27,2024-02-09,Home
3875,167,165.73,2024-06-15,Home
3876,106,109.8,2024-05-28,Clothing
3877,134,132.25,2024-08-20,Books
3878,125,65.86,2024-09-12,Clothing
3879,195,84.18,2024-06-17,Electronics
3880,44,72.74,2024-12-19,Electronics
3881,30,160.26,2024-11-15,Clothing
3882,9,106.86,2024-09-23,Books
3883,89,78.95,2024-04-02,Books
3884,44,132.28,2024-02-21,Food
3885,155,60.49,2024-05-08,Food
3886,163,59.8,2024-09-14,Electronics
3887,18,83.98,2024-03-26,Electronics
3888,48,99.76,2024-03-24,Food
3889,82,84.81,2024-04-08,Books
3890,157,106.88,2024-03-03,Clothing
3891,133,123.65,2024-01-09,Home
3892,77,70.64,2024-10-08,Home
3893,135,71.72,2024-05-24,Clothing
3894,90,117.46,2024-06-21,Electronics
3895,31,57.76,2024-01-20,Food
3896,170,55.02,2024-03-01,Clothing
3897,168,98.69,2024-08-11,Electronics
3898,139,45.98,2024-03-19,Home
3899,111,104.96,2024-02-04,Electronics
3900,22,99.92,2024-04-29,Clothing
3901,98,141.9,2024-02-19,Clothing
3902,37,89.83,2024-10-22,Food
3903,92,91.92,2024-12-12,Books
3904,90,110.34,2024-10-16,Books
3905,175,97.9,2024-11-16,Home
3906,3,52.21,2024-06-04,Food
3907,91,127.17,2024-04-07,Home
3908,2,28.46,2024-11-17,Clothing
3909,61,57.07,2024-07-27,Clothing
3910,64,135.47,2024-01-24,Books
3911,153,36.87,2024-08-01,Electronics
3912,56,49.34,2024-10-22,Home
3913,53,112.2,2024-03-25,Clothing
3914,177,130.67,2024-02-19,Home
3915,124,91.3,2024-02-03,Electronics
3916,131,67.3,2024-11-12,Home
3917,153,111.17,2024-12-26,Clothing
3918,182,58.87,2024-01-02,Books
3919,14,168.08,2024-08-24,Food
3920,154,79.6,2024-04-21,Food
3921,136,87.73,2024-04-01,Food
3922,166,56.72,2024-12-07,Home
3923,4,130.18,2024-02-16,Home
3924,157,86.26,2024-04-09,Electronics
3925,175,62.98,2024-10-11,Books
3926,173,104.04,2024-05-30,Clothing
3927,47,99.64,2024-10-07,Books
3928,122,55.21,2024-07-29,Food
3929,159,146.76,2024-07-30,Books
3930,42,133.92,2024-04-01,Books
3931,97,97.16,2024-04-03,Clothing
3932,33,49.37,2024-06-15,Clothing
3933,134,60.92,2024-03-22,Books
3934,131,89.07,2024-01-31,Books
3935,183,139.34,2024-11-28,Books
3936,11,108.05,2024-10-16,Home
3937,141,80.43,2024-04-12,Food
3938,135,84.1,2024-03-06,Home
3939,115,115.42,2024-09-12,Home
3940,113,66.15,2024-02-08,Food
3941,128,51.3,2024-05-31,Clothing
3942,143,84.41,2024-06-13,Food
3943,139,117.63,2024-08-26,Clothing
3944,45,65.19,2024-10-21,Food
3945,85,130.3,2024-02-01,Books
3946,31,122.01,2024-12-07,Food
3947,77,37.71,2024-08-31,Home
3948,106,82.29,2024-09-24,Food
3949,59,54.58,2024-07-17,Electronics
3950,101,124.48,2024-02-20,Books
3951,33,142.79,2024-07-04,Electronics
3952,196,122.6,2024-09-27,Clothing
3953,193,88.83,2024-09-21,Books
3954,82,85.87,2024-05-06,Clothing
3955,149,84.24,2024-08-30,Clothing
3956,169,72.78,2024-06-21,Food
3957,61,90.27,2024-08-06,Electronics
3958,11,106.31,2024-04-20,Books
3959,164,75.58,2024-05-02,Food
3960,107,107.45,2024-04-21,Clothing
3961,132,119.56,2024-10-03,Home
3962,48,128.52,2024-10-30,Home
3963,151,144.1,2024-08-09,Clothing
3964,24,80.67,2024-05-27,Food
3965,127,104.9,2024-10-25,Electronics
3966,149,112.66,2024-07-07,Books
3967,42,101.25,2024-11-25,Home
3968,176,120.56,2024-05-05,Electronics
3969,29,72.62,2024-07-18,Clothing
3970,138,119.11,2024-07-24,Home
3971,182,115.88,2024-01-21,Electronics
3972,62,117.73,2024-11-14,Food
3973,81,96.33,2024-03-01,Clothing
3974,144,69.23,2024-02-09,Home
3975,198,168.54,2024-05-22,Home
3976,182,94.28,2024-10-24,Food
3977,56,84.65,2024-04-27,Electronics
3978,80,121.09,2024-09-10,Books
3979,106,79.18,2024-06-12,Food
3980,43,76.79,2024-02-15,Food
3981,15,130.48,2024-01-02,Electronics
3982,143,161.24,2024-06-18,Clothing
3983,162,64.11,2024-06-13,Food
3984,130,77.21,2024-03-03,Clothing
3985,142,109.44,2024-12-01,Home
3986,44,71.13,2024-09-11,Home
3987,18,115.93,2024-11-12,Food
3988,142,153.12,2024-10-30,Food
3989,167,91.04,2024-10-31,Home
3990,91,163.61,2024-12-23,Food
3991,60,63.76,2024-12-17,Home
3992,103,59.29,2024-10-10,Food
3993,94,131.05,2024-01-25,Electronics
3994,42,159.27,2024-03-20,Electronics
3995,85,125.07,2024-07-19,Electronics
3996,40,93.99,2024-07-19,Home
3997,123,97.57,2024-04-06,Food
3998,57,106.31,2024-06-02,Books
3999,170,144.1,2024-03-24,Electronics
4000,6,131.33,2024-04-14,Home
4001,86,130.49,2024-06-16,Clothing
4002,78,106.78,2024-04-08,Electronics
4003,136,128.36,2024-08-23,Food
4004,21,96.78,2024-11-26,Books
4005,1,129.63,2024-08-07,Clothing
4006,53,81.66,2024-07-27,Electronics
4007,173,99.61,2024-02-04,Electronics
4008,146,69.9,2024-02-03,Clothing
4009,3,142.24,2024-02-17,Food
4010,175,129.15,2024-08-30,Books
4011,33,117.64,2024-01-02,Home
4012,54,131.0,2024-10-25,Books
4013,197,153.24,2024-12-13,Clothing
4014,19,123.19,2024-11-04,Home
4015,80,81.68,2024-10-10,Food
4016,33,90.97,2024-12-19,Electronics
4017,9,68.55,2024-11-02,Books
4018,11,85.78,2024-06-21,Clothing
4019,99,70.82,2024-09-11,Clothing
4020,105,101.18,2024-09-28,Books
4021,9,96.26,2024-09-12,Home
4022,115,111.32,2024-11-06,Clothing
4023,31,78.8,2024-06-28,Clothing
4024,65,135.5,2024-10-25,Books
4025,134,150.45,2024-03-27,Electronics
4026,30,67.26,2024-10-12,Books
4027,129,100.29,2024-05-30,Electronics
4028,174,126.97,2024-02-09,Books
4029,61,76.84,2024-04-04,Books
4030,66,86.2,2024-07-05,Home
4031,150,118.9,2024-08-10,Clothing
4032,71,130.38,2024-02-04,Electronics
4033,39,104.15,2024-08-03,Clothing
4034,89,84.03,2024-07-10,Books
4035,14,110.36,2024-03-18,Clothing
4036,153,76.97,2024-10-08,Food
4037,97,76.55,2024-06-13,Electronics
4038,30,115.63,2024-12-28,Electronics
4039,47,115.31,2024-01-21,Electronics
4040,71,104.29,2024-11-15,Home
4041,131,110.79,2024-10-26,Clothing
4042,119,113.2,2024-07-24,Books
4043,82,60.71,2024-05-15,Clothing
4044,149,62.95,2024-06-27,Food
4045,13,184.77,2024-07-16,Clothing
4046,115,109.55,2024-09-03,Electronics
4047,161,134.23,2024-02-06,Food
4048,53,89.85,2024-01-01,Food
4049,4,102.19,2024-02-09,Electronics
4050,78,79.85,2024-02-29,Clothing
4051,134,150.48,2024-02-24,Food
4052,17,117.53,2024-07-26,Clothing
4053,59,89.68,2024-04-07,Home
4054,120,69.21,2024-05-03,Clothing
4055,76,159.65,2024-04-06,Food
4056,160,100.85,2024-08-04,Books
4057,195,124.85,2024-08-28,Books
4058,53,127.5,2024-12-08,Home
4059,4,130.88,2024-02-28,Home
4060,17,124.08,2024-05-18,Home
4061,174,52.97,2024-11-03,Electronics
4062,75,105.94,2024-08-28,Home
4063,42,100.08,2024-07-29,Electronics
4064,187,111.29,2024-09-14,Home
4065,148,119.47,2024-03-13,Clothing
4066,113,41.59,2024-11-08,Books
4067,5,133.47,2024-11-16,Home
4068,77,121.28,2024-01-16,Clothing
4069,53,53.28,2024-02-16,Clothing
4070,9,93.0,2024-07-26,Books
4071,121,51.64,2024-10-04,Food
4072,32,109.59,2024-08-18,Books
4073,166,77.11,2024-01-26,Clothing
4074,28,137.97,2024-05-09,Home
4075,134,81.84,2024-07-22,Food
4076,80,90.83,2024-04-27,Clothing
4077,70,79.16,2024-08-17,Clothing
4078,54,78.4,2024-08-25,Clothing
4079,178,103.04,2024-01-25,Books
4080,102,89.44,2024-08-30,Food
4081,119,143.5,2024-09-11,Electronics
4082,7,100.68,2024-05-31,Food
4083,81,85.64,2024-09-18,Clothing
4084,154,110.24,2024-08-17,Electronics
4085,16,120.71,2024-08-10,Books
4086,80,93.93,2024-10-05,Home
4087,18,108.99,2024-07-08,Electronics
4088,5,146.44,2024-04-28,Electronics
4089,171,82.82,2024-10-14,Clothing
4090,101,68.82,2024-03-06,Food
4091,43,106.53,2024-10-06,Electronics
4092,193,124.52,2024-02-07,Clothing
4093,61,142.17,2024-06-19,Food
4094,117,83.8,2024-10-10,Electronics
4095,120,138.44,2024-07-09,Food
4096,131,142.13,2024-03-30,Food
4097,88,108.01,2024-08-01,Books
4098,24,111.89,2024-06-06,Electronics
4099,120,104.05,2024-04-19,Food
4100,93,78.08,2024-03-16,Books
4101,88,100.89,2024-03-07,Clothing
4102,188,83.79,2024-01-05,Books
4103,81,131.66,2024-02-18,Clothing
4104,194,147.74,2024-08-19,Electronics
4105,199,90.22,2024-09-05,Clothing
4106,83,160.25,2024-03-05,Clothing
4107,86,87.71,2024-04-23,Books
4108,86,99.37,2024-02-18,Books
4109,129,113.96,2024-03-20,Food
4110,161,90.54,2024-08-26,Food
4111,134,96.08,2024-07-23,Clothing
4112,125,119.42,2024-10-10,Food
4113,21,111.1,2024-05-31,Books
4114,156,38.78,2024-07-06,Clothing
4115,96,113.32,2024-07-19,Food
4116,182,113.74,2024-10-02,Books
4117,28,34.45,2024-03-17,Books
4118,15,126.28,2024-02-21,Electronics
4119,183,29.85,2024-12-13,Electronics
4120,133,80.85,2024-04-27,Food
4121,131,42.6,2024-04-16,Home
4122,104,125.52,2024-11-14,Food
4123,164,141.29,2024-06-20,Clothing
4124,36,125.34,2024-04-17,Books
4125,171,165.86,2024-02-17,Home
4126,90,43.92,2024-08-23,Books
4127,29,81.91,2024-12-11,Clothing
4128,21,84.23,2024-01-05,Home
4129,72,52.8,2024-07-21,Clothing
4130,181,66.47,2024-12-07,Home
4131,137,59.32,2024-08-06,Home
4132,6,34.41,2024-06-26,Books
4133,156,112.76,2024-05-20,Home
4134,163,103.39,2024-10-19,Electronics
4135,142,104.64,2024-09-22,Home
4136,153,109.65,2024-07-05,Home
4137,36,74.66,2024-05-16,Electronics
4138,25,65.35,2024-02-08,Food
4139,155,93.75,2024-09-01,Home
4140,22,124.99,2024-12-08,Home
4141,37,118.24,2024-05-11,Electronics
4142,196,25.06,2024-08-23,Books
4143,57,153.74,2024-10-24,Electronics
4144,159,111.31,2024-03-24,Food
4145,105,104.9,2024-02-14,Books
4146,162,72.66,2024-06-11,Home
4147,177,84.41,2024-12-06,Electronics
4148,195,30.26,2024-12-16,Food
4149,160,63.61,2024-12-08,Books
4150,82,49.44,2024-11-30,Clothing
4151,68,121.91,2024-02-13,Clothing
4152,2,107.24,2024-12-15,Electronics
4153,194,73.26,2024-07-06,Food
4154,143,94.67,2024-11-11,Electronics
4155,45,192.07,2024-04-09,Food
4156,184,90.28,2024-09-14,Books
4157,50,169.66,2024-09-10,Electronics
4158,47,91.09,2024-12-07,Clothing
4159,86,97.12,2024-01-03,Home
4160,28,93.71,2024-02-08,Food
4161,199,108.06,2024-05-05,Books
4162,92,77.8,2024-10-19,Home
4163,101,115.13,2024-01-03,Books
4164,68,85.61,2024-03-13,Clothing
4165,126,137.16,2024-12-23,Clothing
4166,190,113.64,2024-11-14,Clothing
4167,182,73.96,2024-12-27,Books
4168,2,100.92,2024-07-29,Electronics
4169,63,143.75,2024-06-25,Clothing
4170,31,123.34,2024-03-01,Food
4171,85,98.57,2024-11-28,Electronics
4172,88,98.94,2024-05-01,Home
4173,1,62.23,2024-07-09,Home
4174,21,111.77,2024-03-07,Electronics
4175,58,147.29,2024-04-20,Food
4176,185,60.57,2024-09-19,Home
4177,91,118.44,2024-07-03,Books
4178,176,99.09,2024-11-17,Books
4179,41,121.69,2024-08-29,Clothing
4180,95,117.16,2024-02-06,Clothing
4181,103,84.09,2024-12-23,Food
4182,48,114.28,2024-02-13,Electronics
4183,47,101.38,2024-02-28,Home
4184,27,94.9,2024-05-20,Electronics
4185,45,103.21,2024-05-11,Clothing
4186,183,95.35,2024-11-28,Electronics
4187,115,44.07,2024-07-04,Books
4188,125,107.75,2024-04-16,Books
4189,122,142.66,2024-08-07,Food
4190,151,10.99,2024-08-09,Electronics
4191,182,103.76,2024-12-14,Food
4192,93,91.0,2024-03-15,Food
4193,146,56.27,2024-07-09,Books
4194,29,82.69,2024-11-10,Electronics
4195,197,57.86,2024-11-21,Food
4196,83,67.89,2024-03-12,Food
4197,50,123.91,2024-01-26,Home
4198,15,116.45,2024-07-01,Books
4199,6,97.13,2024-06-20,Books
4200,138,123.09,2024-07-05,Clothing
4201,84,61.75,2024-12-16,Electronics
4202,36,115.88,2024-01-29,Clothing
4203,41,142.63,2024-04-17,Books
4204,108,84.08,2024-09-14,Food
4205,42,83.87,2024-12-13,Books
4206,129,87.27,2024-06-21,Books
4207,103,60.09,2024-03-03,Home
4208,89,107.14,2024-11-27,Books
4209,199,107.78,2024-01-11,Electronics
4210,14,60.96,2024-02-07,Clothing
4211,122,148.87,2024-11-26,Food
4212,180,92.82,2024-04-07,Clothing
4213,12,52.98,2024-03-25,Electronics
4214,96,128.25,2024-10-30,Books
4215,13,112.87,2024-06-01,Clothing
4216,119,79.48,2024-07-19,Clothing
4217,148,87.98,2024-01-02,Home
4218,138,96.92,2024-07-10,Books
4219,21,123.65,2024-10-17,Books
4220,125,98.56,2024-06-16,Electronics
4221,101,140.63,2024-02-21,Home
4222,15,92.44,2024-05-12,Food
4223,186,115.66,2024-05-04,Books
4224,133,112.95,2024-02-26,Clothing
4225,10,125.5,2024-07-27,Home
4226,73,85.0,2024-01-09,Food
4227,140,77.21,2024-10-31,Books
4228,165,84.83,2024-10-31,Clothing
4229,24,88.56,2024-07-31,Books
4230,93,101.83,2024-05-09,Clothing
4231,6,84.78,2024-02-26,Electronics
4232,176,72.77,2024-12-04,Clothing
4233,14,118.85,2024-09-04,Home
4234,8,83.62,2024-03-01,Clothing
4235,196,84.75,2024-12-13,Books
4236,7,105.83,2024-08-05,Clothing
4237,128,57.88,2024-09-01,Home
4238,9,84.68,2024-08-07,Clothing
4239,121,95.5,2024-01-07,Clothing
4240,136,99.1,2024-05-18,Books
4241,69,17.87,2024-06-04,Books
4242,33,81.17,2024-03-21,Food
4243,64,111.33,2024-11-14,Home
4244,140,98.44,2024-12-10,Clothing
4245,172,122.47,2024-12-04,Books
4246,91,145.7,2024-04-09,Electronics
4247,61,130.58,2024-03-18,Books
4248,123,100.6,2024-10-11,Food
4249,69,67.12,2024-03-04,Home
4250,8,107.47,2024-01-23,Electronics
4251,25,60.48,2024-10-01,Home
4252,2,88.09,2024-06-07,Clothing
4253,136,83.82,2024-07-19,Books
4254,145,54.23,2024-10-24,Clothing
4255,92,81.92,2024-06-25,Electronics
4256,200,152.67,2024-07-21,Books
4257,75,143.71,2024-12-03,Books
4258,22,97.18,2024-12-16,Books
4259,130,132.23,2024-12-07,Electronics
4260,60,60.83,2024-02-22,Books
4261,59,41.03,2024-09-09,Electronics
4262,186,98.84,2024-04-10,Home
4263,51,112.57,2024-12-20,Clothing
4264,54,119.41,2024-11-05,Books
4265,118,47.67,2024-12-10,Food
4266,45,72.07,2024-04-02,Clothing
4267,152,82.08,2024-11-06,Home
4268,11,129.89,2024-07-11,Food
4269,52,64.14,2024-02-25,Books
4270,24,47.81,2024-08-19,Food
4271,29,137.19,2024-07-06,Food
4272,87,57.73,2024-03-22,Clothing
4273,158,155.21,2024-07-21,Food
4274,94,143.41,2024-08-16,Food
4275,154,58.94,2024-12-17,Books
4276,114,138.95,2024-10-13,Food
4277,163,75.49,2024-09-08,Books
4278,30,112.26,2024-08-08,Clothing
4279,25,116.2,2024-07-24,Clothing
4280,3,136.75,2024-07-02,Electronics
4281,102,89.51,2024-12-18,Electronics
4282,163,73.53,2024-08-25,Food
4283,161,95.52,2024-12-18,Books
4284,172,105.07,2024-05-01,Books
4285,47,132.93,2024-08-16,Electronics
4286,121,102.08,2024-05-09,Books
4287,36,81.0,2024-07-25,Home
4288,123,89.63,2024-11-24,Books
4289,15,86.55,2024-02-14,Clothing
4290,5,112.81,2024-09-08,Books
4291,89,97.92,2024-07-13,Electronics
4292,142,92.83,2024-05-14,Electronics
4293,65,79.85,2024-07-08,Electronics
4294,39,81.98,2024-05-20,Electronics
4295,95,88.01,2024-03-16,Electronics
4296,14,99.69,2024-07-05,Clothing
4297,91,30.97,2024-01-31,Home
4298,180,97.2,2024-05-04,Books
4299,166,158.56,2024-09-21,Clothing
4300,159,37.2,2024-05-27,Home
4301,159,89.55,2024-02-05,Electronics
4302,73,104.38,2024-05-06,Food
4303,143,112.06,2024-11-06,Food
4304,67,100.97,2024-03-01,Home
4305,24,108.28,2024-03-28,Food
4306,27,112.0,2024-01-12,Books
4307,37,150.94,2024-11-25,Clothing
4308,41,94.16,2024-10-28,Electronics
4309,13,95.17,2024-05-11,Clothing
4310,100,80.51,2024-08-30,Food
4311,16,109.57,2024-12-12,Food
4312,76,85.14,2024-08-14,Electronics
4313,80,141.49,2024-11-05,Books
4314,156,129.72,2024-05-18,Food
4315,55,104.93,2024-05-29,Food
4316,189,68.35,2024-01-08,Electronics
4317,169,81.1,2024-07-08,Electronics
4318,62,144.99,2024-11-30,Electronics
4319,38,105.23,2024-01-15,Electronics
4320,180,59.13,2024-11-07,Books
4321,9,119.77,2024-09-23,Books
4322,167,123.02,2024-03-17,Electronics
4323,200,82.12,2024-08-17,Clothing
4324,18,130.97,2024-03-05,Home
4325,111,128.74,2024-07-10,Food
4326,188,126.59,2024-04-03,Clothing
4327,165,106.81,2024-01-12,Food
4328,141,115.93,2024-11-24,Electronics
4329,32,110.17,2024-11-20,Books
4330,42,64.96,2024-09-01,Home
4331,145,109.17,2024-03-01,Clothing
4332,32,108.96,2024-05-04,Electronics
4333,32,49.56,2024-11-23,Electronics
4334,40,141.06,2024-08-16,Clothing
4335,114,48.44,2024-05-03,Home
4336,35,88.26,2024-03-28,Electronics
4337,83,108.68,2024-09-20,Clothing
4338,121,132.9,2024-02-22,Electronics
4339,92,111.4,2024-08-12,Clothing
4340,40,133.42,2024-12-05,Clothing
4341,18,77.14,2024-07-05,Home
4342,97,127.18,2024-10-06,Books
4343,89,111.16,2024-01-11,Clothing
4344,107,78.24,2024-07-03,Electronics
4345,101,94.14,2024-09-13,Home
4346,95,107.57,2024-03-09,Food
4347,135,88.65,2024-07-14,Home
4348,114,114.41,2024-08-30,Home
4349,131,80.08,2024-01-11,Home
4350,14,129.83,2024-04-03,Books
4351,61,118.39,2024-02-22,Books
4352,102,123.2,2024-06-06,Books
4353,153,90.61,2024-03-06,Food
4354,105,33.8,2024-02-24,Clothing
4355,104,150.48,2024-12-24,Books
4356,22,73.9,2024-09-14,Food
4357,79,112.47,2024-01-12,Food
4358,99,88.87,2024-03-27,Books
4359,164,155.78,2024-07-14,Food
4360,78,45.36,2024-08-12,Clothing
4361,129,78.41,2024-06-30,Home
4362,163,93.34,2024-10-18,Food
4363,171,92.44,2024-03-09,Books
4364,68,80.22,2024-11-15,Home
4365,15,106.8,2024-03-11,Clothing
4366,135,76.11,2024-10-10,Clothing
4367,44,57.45,2024-10-01,Books
4368,30,134.41,2024-05-05,Home
4369,25,106.42,2024-03-21,Books
4370,187,91.28,2024-06-13,Electronics
4371,7,154.24,2024-08-29,Electronics
4372,34,66.32,2024-11-03,Clothing
4373,100,102.55,2024-08-12,Books
4374,55,138.25,2024-07-13,Food
4375,80,78.27,2024-06-03,Clothing
4376,84,107.18,2024-02-19,Clothing
4377,193,113.26,2024-07-31,Food
4378,97,74.74,2024-07-31,Home
4379,27,115.76,2024-02-18,Electronics
4380,56,112.36,2024-06-10,Clothing
4381,179,55.5,2024-01-16,Food
4382,113,62.05,2024-05-28,Books
4383,10,72.06,2024-09-24,Food
4384,183,61.97,2024-05-05,Clothing
4385,181,86.03,2024-10-14,Home
4386,170,39.72,2024-10-02,Books
4387,72,98.67,2024-10-23,Clothing
4388,122,108.93,2024-06-15,Books
4389,132,119.85,2024-01-21,Electronics
4390,22,93.66,2024-10-02,Clothing
4391,113,56.87,2024-05-29,Books
4392,150,163.23,2024-12-21,Books
4393,176,81.12,2024-04-14,Home
4394,53,102.11,2024-11-02,Food
4395,83,96.23,2024-04-18,Electronics
4396,146,67.69,2024-08-22,Clothing
4397,7,52.77,2024-06-22,Electronics
4398,195,130.91,2024-05-06,Clothing
4399,94,77.5,2024-06-26,Clothing
4400,81,92.62,2024-07-02,Food
4401,32,125.73,2024-07-26,Home
4402,144,94.33,2024-06-15,Food
4403,61,135.45,2024-03-04,Food
4404,25,99.13,2024-01-12,Electronics
4405,159,131.82,2024-01-08,Food
4406,93,122.47,2024-07-31,Home
4407,59,62.0,2024-09-20,Food
4408,133,102.57,2024-09-18,Electronics
4409,11,22.99,2024-02-07,Books
4410,123,129.34,2024-02-11,Clothing
4411,8,103.07,2024-10-09,Electronics
4412,1,127.12,2024-07-17,Food
4413,30,111.13,2024-01-07,Food
4414,44,76.88,2024-02-28,Home
4415,147,79.97,2024-06-10,Food
4416,26,83.56,2024-04-23,Electronics
4417,80,73.69,2024-04-25,Clothing
4418,15,85.1,2024-08-27,Books
4419,70,89.18,2024-03-18,Food
4420,89,129.52,2024-09-19,Clothing
4421,61,104.75,2024-11-23,Clothing
4422,14,155.98,2024-12-13,Electronics
4423,27,44.86,2024-07-18,Home
4424,33,100.54,2024-10-14,Home
4425,139,132.61,2024-11-09,Electronics
4426,73,60.23,2024-05-14,Electronics
4427,43,125.75,2024-07-23,Food
4428,185,119.34,2024-02-11,Books
4429,142,102.65,2024-07-15,Food
4430,195,98.24,2024-02-04,Books
4431,158,68.63,2024-12-06,Food
4432,188,110.97,2024-02-22,Electronics
4433,110,129.8,2024-02-22,Books
4434,176,89.9,2024-05-18,Home
4435,158,86.99,2024-10-28,Electronics
4436,115,93.43,2024-09-02,Clothing
4437,77,156.94,2024-05-08,Books
4438,42,53.01,2024-06-27,Books
4439,189,137.1,2024-11-27,Electronics
4440,146,72.6,2024-04-23,Clothing
4441,96,127.14,2024-07-17,Clothing
4442,22,78.39,2024-08-12,Food
4443,99,76.06,2024-08-22,Clothing
4444,128,71.0,2024-01-03,Electronics
4445,62,76.31,2024-07-07,Food
4446,45,120.05,2024-08-02,Clothing
4447,147,96.69,2024-01-07,Clothing
4448,98,133.55,2024-10-06,Clothing
4449,106,94.25,2024-02-09,Home
4450,181,112.41,2024-04-04,Clothing
4451,79,82.3,2024-03-08,Clothing
4452,54,110.43,2024-12-21,Clothing
4453,122,79.29,2024-05-09,Books
4454,60,93.84,2024-06-02,Electronics
4455,147,92.31,2024-02-04,Clothing
4456,26,162.3,2024-11-19,Home
4457,116,136.11,2024-10-21,Food
4458,187,102.09,2024-08-06,Food
4459,146,169.72,2024-04-24,Food
4460,103,122.61,2024-04-01,Electronics
4461,53,162.69,2024-04-05,Food
4462,60,103.81,2024-10-07,Books
4463,155,81.22,2024-06-17,Books
4464,19,133.98,2024-02-03,Food
4465,7,118.08,2024-06-20,Electronics
4466,132,118.6,2024-12-11,Books
4467,81,61.32,2024-08-07,Food
4468,65,48.56,2024-10-01,Food
4469,149,99.14,2024-06-15,Books
4470,183,62.61,2024-11-28,Home
4471,52,111.35,2024-02-14,Electronics
4472,76,148.38,2024-09-16,Clothing
4473,29,120.78,2024-05-04,Books
4474,95,151.24,2024-09-14,Food
4475,198,61.42,2024-08-23,Books
4476,25,130.99,2024-12-22,Clothing
4477,122,116.84,2024-05-30,Electronics
4478,92,83.34,2024-11-15,Food
4479,113,66.79,2024-07-14,Electronics
4480,77,62.2,2024-02-20,Clothing
4481,161,80.84,2024-03-19,Books
4482,121,141.58,2024-11-18,Electronics
4483,89,52.8,2024-03-27,Home
4484,177,115.74,2024-09-08,Home
4485,167,57.3,2024-12-13,Clothing
4486,95,105.34,2024-06-20,Food
4487,135,64.7,2024-12-29,Food
4488,49,120.64,2024-05-21,Home
4489,55,105.35,2024-12-29,Electronics
4490,9,87.47,2024-02-25,Electronics
4491,71,71.9,2024-06-11,Clothing
4492,103,40.29,2024-11-23,Home
4493,121,55.14,2024-10-14,Books
4494,96,131.42,2024-12-11,Home
4495,191,148.88,2024-07-30,Books
4496,89,92.87,2024-09-05,Food
4497,179,87.85,2024-04-29,Books
4498,185,141.97,2024-08-20,Books
4499,197,107.04,2024-12-27,Food
4500,189,100.53,2024-09-01,Home
4501,192,84.72,2024-01-04,Home
4502,148,109.47,2024-04-18,Electronics
4503,70,105.42,2024-07-09,Books
4504,123,105.3,2024-12-12,Home
4505,130,67.82,2024-09-07,Food
4506,195,79.57,2024-07-16,Clothing
4507,7,153.15,2024-02-02,Clothing
4508,163,133.57,2024-07-22,Electronics
4509,180,83.93,2024-09-27,Home
4510,85,126.79,2024-07-04,Electronics
4511,162,127.41,2024-06-11,Electronics
4512,99,126.91,2024-12-23,Home
4513,152,55.58,2024-02-24,Clothing
4514,50,33.54,2024-09-27,Home
4515,195,100.64,2024-12-23,Food
4516,31,110.23,2024-05-27,Clothing
4517,35,67.66,2024-03-21,Home
4518,171,9.55,2024-02-14,Food
4519,79,104.16,2024-02-10,Clothing
4520,15,76.95,2024-02-14,Electronics
4521,57,123.54,2024-06-01,Books
4522,153,101.36,2024-02-26,Home
4523,90,38.29,2024-09-19,Food
4524,182,72.86,2024-08-17,Clothing
4525,175,136.39,2024-11-25,Books
4526,96,126.42,2024-01-30,Books
4527,185,81.83,2024-12-13,Food
4528,124,112.62,2024-05-01,Clothing
4529,16,93.39,2024-10-19,Books
4530,47,119.81,2024-04-09,Home
4531,142,132.82,2024-08-11,Electronics
4532,132,111.57,2024-02-02,Books
4533,66,114.71,2024-08-23,Books
4534,180,89.84,2024-11-03,Home
4535,176,76.91,2024-09-16,Home
4536,146,87.4,2024-03-08,Books
4537,51,93.91,2024-05-06,Clothing
4538,41,61.91,2024-09-22,Home
4539,153,131.77,2024-06-13,Electronics
4540,87,151.58,2024-02-01,Home
4541,32,91.51,2024-12-16,Home
4542,24,82.71,2024-03-25,Books
4543,180,63.91,2024-04-26,Electronics
4544,174,73.23,2024-04-14,Home
4545,88,56.1,2024-07-08,Home
4546,78,45.87,2024-05-15,Books
4547,99,103.84,2024-09-13,Food
4548,123,100.66,2024-05-17,Food
4549,19,63.2,2024-01-08,Clothing
4550,61,119.88,2024-10-15,Food
4551,31,83.69,2024-09-01,Electronics
4552,150,108.45,2024-02-03,Books
4553,118,73.13,2024-10-20,Books
4554,51,44.76,2024-01-27,Electronics
4555,77,73.25,2024-07-03,Home
4556,184,118.03,2024-03-27,Clothing
4557,86,111.12,2024-03-14,Food
4558,37,102.38,2024-06-13,Books
4559,51,59.76,2024-10-15,Food
4560,63,112.86,2024-01-08,Books
4561,40,61.97,2024-05-01,Books
4562,90,138.72,2024-10-16,Clothing
4563,175,96.02,2024-01-21,Clothing
4564,24,133.49,2024-08-17,Electronics
4565,32,95.57,2024-08-10,Electronics
4566,156,97.89,2024-03-28,Clothing
4567,161,126.41,2024-04-20,Food
4568,176,98.83,2024-04-19,Food
4569,142,98.44,2024-06-23,Food
4570,79,76.39,2024-11-10,Clothing
4571,50,83.71,2024-02-03,Clothing
4572,7,98.57,2024-08-24,Books
4573,75,98.91,2024-01-31,Books
4574,46,126.18,2024-12-04,Electronics
4575,1,132.22,2024-10-17,Books
4576,198,56.85,2024-03-24,Electronics
4577,36,78.59,2024-07-08,Home
4578,71,99.79,2024-02-27,Home
4579,12,140.2,2024-09-08,Home
4580,56,85.29,2024-04-27,Electronics
4581,199,146.24,2024-09-05,Books
4582,86,116.18,2024-11-16,Home
4583,11,77.47,2024-08-17,Books
4584,85,123.85,2024-09-09,Books
4585,45,82.72,2024-05-10,Home
4586,164,116.19,2024-02-23,Home
4587,199,116.91,2024-02-01,Home
4588,98,97.69,2024-11-26,Home
4589,153,62.59,2024-09-20,Home
4590,5,116.67,2024-05-05,Books
4591,77,117.15,2024-05-04,Home
4592,57,71.03,2024-11-28,Food
4593,179,144.59,2024-01-08,Electronics
4594,150,79.3,2024-07-29,Food
4595,94,126.82,2024-03-03,Clothing
4596,130,171.89,2024-04-19,Books
4597,167,73.69,2024-10-08,Clothing
4598,95,114.2,2024-01-30,Food
4599,149,133.41,2024-12-06,Books
4600,187,83.86,2024-06-29,Clothing
4601,23,116.09,2024-06-12,Clothing
4602,52,132.54,2024-12-02,Food
4603,121,77.1,2024-07-20,Electronics
4604,147,95.73,2024-09-11,Books
4605,188,100.38,2024-12-14,Books
4606,94,153.99,2024-10-02,Electronics
4607,3,125.64,2024-01-02,Clothing
4608,187,93.33,2024-03-13,Electronics
4609,120,55.71,2024-07-19,Food
4610,2,71.69,2024-08-09,Food
4611,87,127.9,2024-04-12,Electronics
4612,164,86.93,2024-03-11,Home
4613,191,76.27,2024-05-24,Food
4614,49,110.48,2024-01-28,Home
4615,24,91.2,2024-03-14,Food
4616,169,109.43,2024-03-21,Electronics
4617,25,91.22,2024-07-01,Home
4618,55,126.89,2024-10-05,Clothing
4619,112,81.3,2024-02-23,Clothing
4620,10,135.9,2024-09-01,Food
4621,188,80.89,2024-08-06,Food
4622,37,99.15,2024-02-01,Food
4623,1,137.67,2024-12-10,Food
4624,135,85.61,2024-07-11,Food
4625,126,120.01,2024-03-26,Home
4626,171,57.11,2024-10-15,Books
4627,116,34.79,2024-06-26,Books
4628,184,67.19,2024-04-23,Clothing
4629,30,95.59,2024-06-11,Books
4630,169,108.8,2024-05-09,Books
4631,154,93.05,2024-12-22,Food
4632,49,75.48,2024-11-18,Food
4633,82,105.61,2024-08-19,Home
4634,63,96.29,2024-06-26,Books
4635,174,63.85,2024-12-20,Clothing
4636,140,152.51,2024-05-04,Food
4637,129,14.91,2024-06-26,Clothing
4638,100,99.94,2024-09-22,Home
4639,131,82.71,2024-08-25,Home
4640,41,118.47,2024-09-17,Clothing
4641,168,148.21,2024-07-04,Clothing
4642,118,131.81,2024-08-10,Electronics
4643,61,112.98,2024-09-07,Books
4644,82,157.01,2024-10-12,Clothing
4645,94,118.84,2024-12-12,Food
4646,86,92.16,2024-01-27,Food
4647,125,155.69,2024-06-12,Food
4648,74,148.61,2024-05-13,Clothing
4649,34,75.97,2024-09-30,Home
4650,60,116.88,2024-03-24,Clothing
4651,130,133.1,2024-08-01,Books
4652,174,107.55,2024-02-02,Books
4653,97,117.09,2024-08-08,Food
4654,100,138.59,2024-01-21,Clothing
4655,151,116.84,2024-05-29,Home
4656,25,82.99,2024-02-07,Home
4657,194,94.72,2024-07-27,Electronics
4658,190,90.93,2024-01-18,Electronics
4659,48,92.03,2024-01-06,Electronics
4660,69,107.75,2024-02-28,Books
4661,12,108.48,2024-02-27,Electronics
4662,89,110.07,2024-07-31,Books
4663,175,88.22,2024-06-11,Books
4664,33,71.49,2024-04-03,Electronics
4665,63,77.84,2024-09-30,Electronics
4666,158,97.04,2024-06-27,Clothing
4667,200,126.9,2024-10-04,Books
4668,117,142.0,2024-11-02,Home
4669,171,69.36,2024-03-09,Books
4670,82,131.33,2024-11-14,Books
4671,199,61.74,2024-07-11,Clothing
4672,49,85.27,2024-03-06,Clothing
4673,73,135.99,2024-08-10,Home
4674,130,91.38,2024-12-02,Electronics
4675,138,57.46,2024-02-14,Home
4676,107,72.77,2024-02-27,Clothing
4677,65,113.11,2024-05-14,Electronics
4678,97,98.57,2024-10-13,Books
4679,121,113.29,2024-05-22,Electronics
4680,88,113.95,2024-08-30,Books
4681,37,59.96,2024-08-03,Electronics
4682,39,49.21,2024-03-21,Electronics
4683,95,118.17,2024-04-10,Home
4684,27,133.48,2024-01-26,Clothing
4685,145,174.44,2024-08-12,Clothing
4686,16,105.3,2024-12-11,Clothing
4687,178,160.77,2024-09-15,Clothing
4688,35,86.11,2024-05-18,Electronics
4689,36,95.23,2024-01-16,Home
4690,184,87.62,2024-07-10,Home
4691,30,127.73,2024-09-06,Books
4692,156,140.64,2024-07-03,Books
4693,91,100.22,2024-07-16,Books
4694,38,122.78,2024-12-10,Clothing
4695,114,163.3,2024-10-23,Food
4696,37,141.96,2024-11-21,Electronics
4697,64,96.62,2024-03-16,Home
4698,183,48.24,2024-11-08,Food
4699,28,118.63,2024-01-27,Clothing
4700,35,79.97,2024-04-27,Electronics
4701,87,86.12,2024-04-23,Food
4702,128,81.09,2024-07-20,Books
4703,144,93.2,2024-10-18,Electronics
4704,88,63.77,2024-11-05,Books
4705,135,84.84,2024-09-25,Books
4706,50,142.02,2024-12-06,Clothing
4707,48,111.36,2024-10-01,Food
4708,75,185.52,2024-09-06,Food
4709,181,78.96,2024-03-25,Electronics
4710,185,82.18,2024-05-24,Clothing
4711,125,132.37,2024-03-18,Clothing
4712,159,98.51,2024-11-16,Food
4713,43,137.33,2024-03-30,Electronics
4714,5,87.69,2024-06-23,Food
4715,37,106.36,2024-02-25,Food
4716,82,53.2,2024-08-24,Home
4717,93,147.98,2024-03-09,Food
4718,67,123.75,2024-04-28,Books
4719,62,96.43,2024-09-06,Books
4720,72,73.02,2024-12-23,Electronics
4721,164,81.04,2024-03-09,Clothing
4722,165,163.32,2024-07-05,Clothing
4723,16,105.99,2024-10-05,Books
4724,138,101.29,2024-09-22,Home
4725,111,45.79,2024-05-27,Books
4726,18,60.1,2024-01-07,Home
4727,90,59.03,2024-09-15,Home
4728,48,127.87,2024-01-31,Home
4729,123,81.36,2024-06-17,Home
4730,100,111.19,2024-04-28,Home
4731,74,100.32,2024-10-31,Electronics
4732,105,89.01,2024-09-26,Electronics
4733,22,96.69,2024-10-08,Clothing
4734,184,70.14,2024-07-08,Home
4735,193,116.23,2024-06-12,Electronics
4736,146,80.26,2024-01-06,Home
4737,96,63.86,2024-01-28,Clothing
4738,19,146.03,2024-11-10,Food
4739,121,78.61,2024-03-28,Clothing
4740,124,148.6,2024-01-07,Books
4741,5,48.44,2024-01-03,Food
4742,164,94.79,2024-10-01,Electronics
4743,132,104.28,2024-10-10,Clothing
4744,46,48.5,2024-10-25,Clothing
4745,197,125.08,2024-03-19,Food
4746,30,53.78,2024-10-10,Clothing
4747,173,102.94,2024-07-20,Electronics
4748,44,142.32,2024-04-05,Clothing
4749,60,53.12,2024-02-18,Books
4750,58,95.95,2024-10-02,Home
4751,75,170.49,2024-05-24,Food
4752,73,95.15,2024-02-10,Clothing
4753,19,89.19,2024-08-31,Clothing
4754,133,128.62,2024-11-02,Electronics
4755,86,143.99,2024-04-20,Books
4756,14,112.64,2024-07-18,Electronics
4757,18,56.32,2024-11-02,Food
4758,121,134.31,2024-11-03,Clothing
4759,95,87.84,2024-07-07,Electronics
4760,148,125.05,2024-02-07,Electronics
4761,17,105.53,2024-08-24,Electronics
4762,113,171.15,2024-02-07,Clothing
4763,97,112.53,2024-08-02,Books
4764,126,125.08,2024-03-12,Electronics
4765,95,85.44,2024-12-10,Home
4766,76,69.03,2024-09-10,Books
4767,48,83.38,2024-09-05,Electronics
4768,46,80.25,2024-02-19,Home
4769,192,87.01,2024-11-24,Home
4770,144,115.18,2024-09-09,Food
4771,14,123.32,2024-03-28,Electronics
4772,30,112.48,2024-01-08,Electronics
4773,21,99.52,2024-01-11,Food
4774,149,74.75,2024-01-30,Food
4775,196,67.06,2024-03-16,Clothing
4776,8,116.92,2024-10-25,Home
4777,48,150.97,2024-08-02,Clothing
4778,181,51.98,2024-01-31,Home
4779,46,60.42,2024-07-17,Food
4780,4,55.71,2024-03-10,Books
4781,59,110.41,2024-02-03,Electronics
4782,162,129.33,2024-01-11,Books
4783,52,89.47,2024-10-16,Food
4784,160,116.1,2024-07-31,Food
4785,164,78.78,2024-03-09,Home
4786,130,104.61,2024-11-05,Books
4787,83,44.45,2024-08-21,Food
4788,137,120.83,2024-01-13,Electronics
4789,27,144.61,2024-11-29,Electronics
4790,131,143.5,2024-11-19,Electronics
4791,114,115.41,2024-08-05,Food
4792,100,97.87,2024-02-28,Electronics
4793,83,64.21,2024-04-24,Books
4794,195,56.64,2024-02-21,Books
4795,168,131.71,2024-11-26,Books
4796,33,67.2,2024-05-29,Clothing
4797,189,110.19,2024-10-23,Clothing
4798,84,96.52,2024-10-22,Books
4799,136,105.36,2024-05-31,Home
4800,141,136.52,2024-04-30,Books
4801,161,50.09,2024-11-25,Books
4802,148,106.25,2024-11-18,Books
4803,37,137.98,2024-02-23,Electronics
4804,157,84.25,2024-12-15,Electronics
4805,17,107.22,2024-01-12,Electronics
4806,66,140.78,2024-09-30,Home
4807,168,92.99,2024-04-27,Home
4808,76,106.59,2024-03-04,Home
4809,33,72.52,2024-11-07,Food
4810,18,60.97,2024-09-29,Food
4811,121,114.5,2024-10-08,Clothing
4812,176,80.45,2024-03-20,Books
4813,131,150.03,2024-04-16,Home
4814,150,104.12,2024-03-22,Food
4815,158,146.36,2024-06-11,Electronics
4816,154,74.1,2024-09-25,Food
4817,154,163.76,2024-05-24,Books
4818,40,44.19,2024-08-01,Clothing
4819,58,50.09,2024-09-24,Home
4820,145,144.42,2024-03-14,Food
4821,184,92.8,2024-11-07,Food
4822,185,78.08,2024-12-06,Clothing
4823,120,97.77,2024-11-29,Home
4824,130,127.63,2024-04-13,Books
4825,170,140.02,2024-04-11,Books
4826,50,106.56,2024-06-11,Books
4827,84,104.52,2024-06-11,Food
4828,195,90.95,2024-11-08,Books
4829,180,83.85,2024-11-22,Books
4830,67,96.61,2024-06-11,Food
4831,70,107.65,2024-01-09,Home
4832,179,119.57,2024-03-23,Clothing
4833,57,129.6,2024-03-13,Home
4834,71,119.78,2024-11-08,Food
4835,114,129.6,2024-08-22,Clothing
4836,56,90.4,2024-06-18,Electronics
4837,148,105.1,2024-06-20,Clothing
4838,164,64.18,2024-09-26,Books
4839,76,62.75,2024-02-15,Books
4840,112,84.94,2024-08-11,Books
4841,105,111.08,2024-10-18,Home
4842,129,114.24,2024-08-26,Home
4843,55,108.08,2024-04-18,Electronics
4844,155,72.84,2024-07-09,Home
4845,32,118.01,2024-07-22,Food
4846,133,119.29,2024-04-08,Home
4847,176,116.3,2024-08-05,Electronics
4848,21,149.02,2024-10-19,Home
4849,88,107.35,2024-04-02,Books
4850,88,59.26,2024-08-09,Books
4851,22,97.55,2024-10-15,Home
4852,146,77.7,2024-12-14,Food
4853,181,123.85,2024-12-19,Electronics
4854,166,112.17,2024-11-03,Clothing
4855,178,74.46,2024-12-30,Electronics
4856,25,99.67,2024-02-22,Books
4857,41,136.64,2024-09-01,Home
4858,52,91.22,2024-08-16,Food
4859,29,98.02,2024-04-02,Clothing
4860,8,131.71,2024-12-15,Food
4861,186,127.52,2024-08-12,Food
4862,196,88.14,2024-08-15,Books
4863,173,105.1,2024-05-27,Food
4864,168,103.87,2024-12-01,Home
4865,86,87.74,2024-02-04,Home
4866,31,103.73,2024-02-18,Electronics
4867,54,105.57,2024-08-18,Home
4868,107,113.91,2024-02-29,Home
4869,59,106.35,2024-04-19,Food
4870,183,73.99,2024-11-23,Clothing
4871,170,86.5,2024-11-28,Food
4872,86,138.28,2024-12-22,Food
4873,51,89.18,2024-08-07,Food
4874,152,99.98,2024-10-30,Books
4875,27,53.65,2024-06-23,Clothing
4876,161,92.73,2024-06-18,Home
4877,155,107.49,2024-08-10,Electronics
4878,183,136.83,2024-09-13,Electronics
4879,55,57.17,2024-04-05,Electronics
4880,199,109.44,2024-07-27,Clothing
4881,163,107.14,2024-03-10,Clothing
4882,54,109.59,2024-09-30,Food
4883,156,153.51,2024-03-10,Food
4884,198,85.34,2024-12-19,Clothing
4885,67,123.6,2024-03-02,Home
4886,137,104.14,2024-08-15,Electronics
4887,88,68.05,2024-01-22,Electronics
4888,80,163.88,2024-02-19,Food
4889,92,99.99,2024-05-05,Food
4890,27,71.42,2024-04-27,Electronics
4891,20,51.13,2024-02-13,Books
4892,129,121.78,2024-08-22,Food
4893,8,93.48,2024-08-21,Home
4894,112,81.61,2024-03-11,Clothing
4895,91,54.94,2024-07-06,Books
4896,93,47.15,2024-10-26,Home
4897,150,99.98,2024-06-14,Clothing
4898,8,141.87,2024-02-05,Books
4899,192,60.28,2024-07-07,Books
4900,24,131.29,2024-04-23,Books
4901,111,112.35,2024-05-26,Books
4902,171,95.19,2024-07-29,Clothing
4903,72,101.61,2024-08-15,Food
4904,95,97.7,2024-12-22,Clothing
4905,56,119.35,2024-10-05,Clothing
4906,83,88.33,2024-01-31,Home
4907,36,115.27,2024-06-04,Electronics
4908,90,60.33,2024-05-07,Food
4909,103,92.97,2024-12-08,Home
4910,29,124.92,2024-01-16,Food
4911,190,99.48,2024-05-01,Clothing
4912,80,73.15,2024-02-29,Food
4913,183,83.02,2024-09-02,Home
4914,70,111.41,2024-09-12,Clothing
4915,145,66.14,2024-02-15,Electronics
4916,80,71.69,2024-02-21,Books
4917,98,129.77,2024-02-13,Home
4918,195,85.53,2024-08-07,Food
4919,167,90.98,2024-06-09,Electronics
4920,176,73.21,2024-01-08,Clothing
4921,112,136.12,2024-02-12,Clothing
4922,29,120.47,2024-09-21,Home
4923,155,109.29,2024-12-10,Home
4924,7,82.88,2024-10-01,Electronics
4925,189,114.94,2024-04-19,Books
4926,61,103.18,2024-07-09,Clothing
4927,139,58.55,2024-09-24,Clothing
4928,163,100.4,2024-04-30,Electronics
4929,140,40.67,2024-07-14,Electronics
4930,17,110.16,2024-05-04,Food
4931,137,52.91,2024-11-28,Food
4932,8,112.25,2024-02-14,Electronics
4933,19,78.43,2024-12-29,Home
4934,94,60.46,2024-08-20,Clothing
4935,42,70.89,2024-05-19,Books
4936,114,49.3,2024-12-13,Books
4937,140,61.27,2024-06-27,Food
4938,40,123.5,2024-05-08,Electronics
4939,151,66.93,2024-09-21,Clothing
4940,145,133.57,2024-06-20,Clothing
4941,4,116.71,2024-11-20,Electronics
4942,79,94.92,2024-07-08,Electronics
4943,98,54.49,2024-08-25,Clothing
4944,152,119.78,2024-04-28,Books
4945,156,117.87,2024-10-31,Clothing
4946,75,76.14,2024-01-05,Electronics
4947,34,82.68,2024-09-27,Food
4948,165,151.36,2024-03-29,Home
4949,113,99.02,2024-07-31,Electronics
4950,178,74.26,2024-11-22,Food
4951,50,89.31,2024-09-15,Home
4952,146,91.55,2024-10-17,Food
4953,68,116.39,2024-06-19,Electronics
4954,34,131.86,2024-01-07,Food
4955,137,85.69,2024-01-17,Clothing
4956,49,116.55,2024-11-26,Food
4957,65,106.5,2024-06-06,Books
4958,175,114.13,2024-01-23,Books
4959,155,61.39,2024-01-04,Home
4960,101,84.32,2024-08-08,Home
4961,16,100.76,2024-06-24,Books
4962,69,105.92,2024-09-18,Food
4963,45,87.04,2024-03-08,Electronics
4964,69,100.63,2024-04-04,Home
4965,100,85.25,2024-08-04,Books
4966,21,72.87,2024-04-02,Books
4967,148,86.25,2024-04-04,Clothing
4968,11,136.24,2024-03-16,Food
4969,137,159.73,2024-01-03,Clothing
4970,60,145.28,2024-01-09,Food
4971,143,66.82,2024-05-16,Books
4972,98,93.58,2024-03-28,Home
4973,34,110.02,2024-12-16,Electronics
4974,25,135.68,2024-10-06,Clothing
4975,106,62.95,2024-08-23,Home
4976,93,126.15,2024-04-10,Home
4977,117,14.81,2024-06-30,Food
4978,1,116.23,2024-07-10,Food
4979,195,107.23,2024-03-06,Clothing
4980,166,111.59,2024-02-24,Electronics
4981,190,85.18,2024-10-22,Food
4982,161,86.41,2024-03-15,Books
4983,165,50.55,2024-01-09,Books
4984,93,95.22,2024-10-21,Food
4985,36,53.72,2024-12-22,Electronics
4986,55,103.93,2024-02-03,Electronics
4987,68,119.06,2024-01-19,Home
4988,172,78.17,2024-01-05,Electronics
4989,88,104.59,2024-07-20,Clothing
4990,198,103.93,2024-07-05,Books
4991,88,83.05,2024-10-13,Books
4992,16,72.07,2024-04-01,Books
4993,189,67.15,2024-02-21,Home
4994,89,163.73,2024-03-30,Food
4995,83,123.66,2024-09-04,Books
4996,102,111.4,2024-08-12,Electronics
4997,1,153.93,2024-02-12,Food
4998,133,99.15,2024-03-18,Food
4999,156,73.4,2024-03-22,Food
5000,198,85.9,2024-05-26,Books
